record_type	current_question_id	current_answer_id	audit_answer_id	stage	current_wording	current_answer_title	current_answer_copy	current_scoring_effects	audit_question_disposition	audit_answer_disposition	abstraction_burden	double_barrel_status	mood_roleplay_dependence	desirability_bias	attempted_constructs	salvageable_observation	proposed_disposition	evidence_boundary
current_answer_effect	gate_v2_locus_of_trust	gate_v2_trust_self_claim	gate_v2_trust_self_claim	gate	When the ground shifts, what do you trust first?	The claim no one can make for me	I start with agency: the private decision, the necessary edge, the first motion I can own.	strong=B,R,BR,GRIXIS,JUND,MARDU,YORE,GLINT,UB,UR,PRISMARI;positive=B,R,WR,BR,ESPER,GRIXIS,JUND,SULTAI,MARDU,YORE,GLINT,DUNE,BG,RG,UB,UR,LOREHOLD,WB,PRISMARI,SILVERQUILL,WITHERBLOOM;suppressed=W,G,WU,BANT,NAYA,INK,COLORLESS,WUBRG,QUANDRIX,WG,UG	REPLACE	REPLACE	HIGH	NO	mood=PRESENT;lore=NOT-EXPLICIT	HIGH	Broad Gate routing; authored signals: self-authored agency | personal threshold | integrated whole | communal continuity | outside boundary | ["social-behavior","psychographic-or-motivational-inference-risk","aesthetic-or-narrative-preference"]	Concept only: self-authored agency. No current scoring effect is retained.	retire	Descriptive inventory only; answer-level evidence authority remains absent.
current_answer_effect	gate_v2_locus_of_trust	gate_v2_trust_personal_threshold	gate_v2_trust_personal_threshold	gate	When the ground shifts, what do you trust first?	The threshold in the self	I listen for the moment where desire, danger, and choice become too clear to outsource.	strong=B,R,BR,GRIXIS;positive=B,R,WR,BR,ESPER,GRIXIS,JUND,TEMUR,SULTAI,MARDU,JESKAI,YORE,GLINT,DUNE,BG,RG,UB,UR,LOREHOLD,WB,PRISMARI,SILVERQUILL,WITHERBLOOM;suppressed=W,G,WU,BANT,COLORLESS,WUBRG,QUANDRIX,WG,UG	REPLACE	REPLACE	HIGH	NO	mood=PRESENT;lore=NOT-EXPLICIT	HIGH	Broad Gate routing; authored signals: self-authored agency | personal threshold | integrated whole | communal continuity | outside boundary | ["social-behavior","psychographic-or-motivational-inference-risk","aesthetic-or-narrative-preference"]	Concept only: personal threshold. No current scoring effect is retained.	retire	Descriptive inventory only; answer-level evidence authority remains absent.
current_answer_effect	gate_v2_locus_of_trust	gate_v2_trust_braided_witness	gate_v2_trust_braided_witness	gate	When the ground shifts, what do you trust first?	A braided witness	I want each part of the situation named, given weight, and brought into one accountable center.	strong=WUBRG;positive=W,U,B,R,G,WU,BANT,WR,BR,ESPER,GRIXIS,JUND,NAYA,ABZAN,TEMUR,SULTAI,MARDU,JESKAI,YORE,GLINT,DUNE,INK,WITCH,WUBRG,BG,RG,UB,UR,LOREHOLD,WB,PRISMARI,QUANDRIX,WG,SILVERQUILL,UG,WITHERBLOOM;suppressed=COLORLESS	REPLACE	REPLACE	HIGH	NO	mood=PRESENT;lore=NOT-EXPLICIT	HIGH	Broad Gate routing; authored signals: self-authored agency | personal threshold | integrated whole | communal continuity | outside boundary | ["social-behavior","psychographic-or-motivational-inference-risk","aesthetic-or-narrative-preference"]	Concept only: integrated whole. No current scoring effect is retained.	retire	Descriptive inventory only; answer-level evidence authority remains absent.
current_answer_effect	gate_v2_locus_of_trust	gate_v2_trust_common_root	gate_v2_trust_common_root	gate	When the ground shifts, what do you trust first?	The common root	I trust the pattern that keeps people, place, and continuity from splintering under strain.	strong=W,U,G,WU,BANT,WR,NAYA,ABZAN,TEMUR,JESKAI,DUNE,INK,WITCH,RG,LOREHOLD,QUANDRIX,WG,UG;positive=W,U,G,WU,BANT,WR,ESPER,NAYA,ABZAN,TEMUR,SULTAI,JESKAI,YORE,GLINT,DUNE,INK,WITCH,RG,UR,LOREHOLD,PRISMARI,QUANDRIX,WG,UG;suppressed=B,BR,GRIXIS,COLORLESS,WUBRG,UB	REPLACE	REPLACE	HIGH	NO	mood=PRESENT;lore=NOT-EXPLICIT	HIGH	Broad Gate routing; authored signals: self-authored agency | personal threshold | integrated whole | communal continuity | outside boundary | ["social-behavior","psychographic-or-motivational-inference-risk","aesthetic-or-narrative-preference"]	Concept only: communal continuity. No current scoring effect is retained.	retire	Descriptive inventory only; answer-level evidence authority remains absent.
current_answer_effect	gate_v2_locus_of_trust	gate_v2_trust_outside_measure	gate_v2_trust_outside_measure	gate	When the ground shifts, what do you trust first?	The measure outside the map	I trust the constraint that does not ask the old language for permission before it becomes real.	strong=COLORLESS;positive=COLORLESS;suppressed=W,U,B,R,G,WU,BANT,WR,BR,ESPER,GRIXIS,JUND,NAYA,ABZAN,TEMUR,SULTAI,MARDU,JESKAI,YORE,GLINT,DUNE,INK,WITCH,WUBRG,BG,RG,UB,UR,LOREHOLD,WB,PRISMARI,QUANDRIX,WG,SILVERQUILL,UG,WITHERBLOOM	REPLACE	REPLACE	HIGH	NO	mood=PRESENT;lore=NOT-EXPLICIT	HIGH	Broad Gate routing; authored signals: self-authored agency | personal threshold | integrated whole | communal continuity | outside boundary | ["social-behavior","psychographic-or-motivational-inference-risk","aesthetic-or-narrative-preference"]	Concept only: outside boundary. No current scoring effect is retained.	retire	Descriptive inventory only; answer-level evidence authority remains absent.
current_answer_effect	gate_v2_pressure_becomes	gate_v2_pressure_form	gate_v2_pressure_form	gate	When pressure gathers, what should it become?	A form that can hold	Pressure should become structure: named, testable, and steady enough to keep harm from spreading.	strong=W,U,WU,ESPER,JESKAI,UB;positive=W,U,WU,BANT,ESPER,GRIXIS,JESKAI,YORE,UB,UR,WB,PRISMARI,SILVERQUILL;suppressed=B,R,G,BR,JUND,NAYA,ABZAN,TEMUR,SULTAI,GLINT,DUNE,COLORLESS,WUBRG,BG,RG,WG,WITHERBLOOM	REPLACE	REPLACE	HIGH	NO	mood=PRESENT;lore=NOT-EXPLICIT	HIGH	Broad Gate routing; authored signals: ordered containment | bounded action | balanced convergence | adaptive release | outside boundary | ["social-behavior","psychographic-or-motivational-inference-risk","philosophical-preference"]	Concept only: ordered containment. No current scoring effect is retained.	retire	Descriptive inventory only; answer-level evidence authority remains absent.
current_answer_effect	gate_v2_pressure_becomes	gate_v2_pressure_answerable_motion	gate_v2_pressure_answerable_motion	gate	When pressure gathers, what should it become?	Answerable motion	It should move, but with a visible thread back to responsibility, memory, and consequence.	strong=U,WU,BANT,ESPER,JESKAI;positive=W,U,WU,BANT,WR,ESPER,GRIXIS,NAYA,ABZAN,TEMUR,SULTAI,MARDU,JESKAI,YORE,GLINT,DUNE,INK,WITCH,UB,UR,LOREHOLD,WB,PRISMARI,QUANDRIX,WG,SILVERQUILL,UG;suppressed=COLORLESS,WUBRG	REPLACE	REPLACE	HIGH	NO	mood=PRESENT;lore=NOT-EXPLICIT	HIGH	Broad Gate routing; authored signals: ordered containment | bounded action | balanced convergence | adaptive release | outside boundary | ["social-behavior","psychographic-or-motivational-inference-risk","philosophical-preference"]	Concept only: bounded action. No current scoring effect is retained.	retire	Descriptive inventory only; answer-level evidence authority remains absent.
current_answer_effect	gate_v2_pressure_becomes	gate_v2_pressure_many_currents	gate_v2_pressure_many_currents	gate	When pressure gathers, what should it become?	Many currents, one course	It should become a working convergence: different forces kept distinct, then aimed together.	strong=WUBRG;positive=W,U,B,R,G,WU,BANT,WR,BR,ESPER,GRIXIS,JUND,NAYA,ABZAN,TEMUR,SULTAI,MARDU,JESKAI,YORE,GLINT,DUNE,INK,WITCH,WUBRG,BG,RG,UB,UR,LOREHOLD,WB,PRISMARI,QUANDRIX,WG,SILVERQUILL,UG,WITHERBLOOM;suppressed=COLORLESS	REPLACE	REPLACE	HIGH	NO	mood=PRESENT;lore=NOT-EXPLICIT	HIGH	Broad Gate routing; authored signals: ordered containment | bounded action | balanced convergence | adaptive release | outside boundary | ["social-behavior","psychographic-or-motivational-inference-risk","philosophical-preference"]	Concept only: balanced convergence. No current scoring effect is retained.	retire	Descriptive inventory only; answer-level evidence authority remains absent.
current_answer_effect	gate_v2_pressure_becomes	gate_v2_pressure_wild_release	gate_v2_pressure_wild_release	gate	When pressure gathers, what should it become?	A wild release	It should become adaptation, appetite, heat, and movement before a brittle answer snaps shut.	strong=B,R,G,BR,GRIXIS,JUND,NAYA,ABZAN,TEMUR,SULTAI,MARDU,GLINT,DUNE,INK,WITCH,BG,RG,QUANDRIX,WG,UG,WITHERBLOOM;positive=B,R,G,BANT,WR,BR,GRIXIS,JUND,NAYA,ABZAN,TEMUR,SULTAI,MARDU,YORE,GLINT,DUNE,INK,WITCH,BG,RG,UB,UR,LOREHOLD,WB,PRISMARI,QUANDRIX,WG,SILVERQUILL,UG,WITHERBLOOM;suppressed=W,U,WU,COLORLESS,WUBRG	REPLACE	REPLACE	HIGH	NO	mood=PRESENT;lore=NOT-EXPLICIT	HIGH	Broad Gate routing; authored signals: ordered containment | bounded action | balanced convergence | adaptive release | outside boundary | ["social-behavior","psychographic-or-motivational-inference-risk","philosophical-preference"]	Concept only: adaptive release. No current scoring effect is retained.	retire	Descriptive inventory only; answer-level evidence authority remains absent.
current_answer_effect	gate_v2_pressure_becomes	gate_v2_pressure_silent_axis	gate_v2_pressure_silent_axis	gate	When pressure gathers, what should it become?	A silent axis	It should become a hard boundary: not loud, not ornamental, simply outside the usual bargain.	strong=COLORLESS;positive=COLORLESS;suppressed=W,U,B,R,G,WU,BANT,WR,BR,ESPER,GRIXIS,JUND,NAYA,ABZAN,TEMUR,SULTAI,MARDU,JESKAI,YORE,GLINT,DUNE,INK,WITCH,WUBRG,BG,RG,UB,UR,LOREHOLD,WB,PRISMARI,QUANDRIX,WG,SILVERQUILL,UG,WITHERBLOOM	REPLACE	REPLACE	HIGH	NO	mood=PRESENT;lore=NOT-EXPLICIT	HIGH	Broad Gate routing; authored signals: ordered containment | bounded action | balanced convergence | adaptive release | outside boundary | ["social-behavior","psychographic-or-motivational-inference-risk","philosophical-preference"]	Concept only: outside boundary. No current scoring effect is retained.	retire	Descriptive inventory only; answer-level evidence authority remains absent.
current_answer_effect	gate_v2_first_signal	gate_v2_signal_cold_pattern	gate_v2_signal_cold_pattern	gate	What signal reaches you first?	The cold pattern	Before the room gets loud, I notice leverage, implication, and what the facts are already costing.	strong=B,ESPER,ABZAN,SULTAI,WITCH,BG,UB,WB,SILVERQUILL,WITHERBLOOM;positive=U,B,G,BANT,ESPER,ABZAN,SULTAI,GLINT,WITCH,BG,UB,WB,QUANDRIX,SILVERQUILL,UG,WITHERBLOOM;suppressed=R,WR,NAYA,TEMUR,JESKAI,INK,COLORLESS,WUBRG,RG,UR,LOREHOLD,PRISMARI	REPLACE	REPLACE	HIGH	NO	mood=PRESENT;lore=NOT-EXPLICIT	HIGH	Broad Gate routing; authored signals: calculated implication | measured inference | balanced chord | felt ignition | outside boundary | ["social-behavior","psychographic-or-motivational-inference-risk","aesthetic-or-narrative-preference"]	Concept only: calculated implication. No current scoring effect is retained.	retire	Descriptive inventory only; answer-level evidence authority remains absent.
current_answer_effect	gate_v2_first_signal	gate_v2_signal_measured_trace	gate_v2_signal_measured_trace	gate	What signal reaches you first?	The measured trace	I look for the thread beneath the feeling: the sign that tells me what kind of change is possible.	strong=B,ESPER,ABZAN,SULTAI,WITCH,BG,UB,WB,SILVERQUILL,WITHERBLOOM;positive=U,B,G,BANT,BR,ESPER,GRIXIS,JUND,ABZAN,SULTAI,YORE,GLINT,DUNE,WITCH,BG,UB,WB,QUANDRIX,SILVERQUILL,UG,WITHERBLOOM;suppressed=R,WR,NAYA,JESKAI,COLORLESS,WUBRG,RG,UR,LOREHOLD,PRISMARI	REPLACE	REPLACE	HIGH	NO	mood=PRESENT;lore=NOT-EXPLICIT	HIGH	Broad Gate routing; authored signals: calculated implication | measured inference | balanced chord | felt ignition | outside boundary | ["social-behavior","psychographic-or-motivational-inference-risk","aesthetic-or-narrative-preference"]	Concept only: measured inference. No current scoring effect is retained.	retire	Descriptive inventory only; answer-level evidence authority remains absent.
current_answer_effect	gate_v2_first_signal	gate_v2_signal_whole_chord	gate_v2_signal_whole_chord	gate	What signal reaches you first?	The whole chord	The signal arrives as a chord: thought, hunger, duty, feeling, and life all audible at once.	strong=WUBRG;positive=W,U,B,R,G,WU,BANT,WR,BR,ESPER,GRIXIS,JUND,NAYA,ABZAN,TEMUR,SULTAI,MARDU,JESKAI,YORE,GLINT,DUNE,INK,WITCH,WUBRG,BG,RG,UB,UR,LOREHOLD,WB,PRISMARI,QUANDRIX,WG,SILVERQUILL,UG,WITHERBLOOM;suppressed=COLORLESS	REPLACE	REPLACE	HIGH	NO	mood=PRESENT;lore=NOT-EXPLICIT	HIGH	Broad Gate routing; authored signals: calculated implication | measured inference | balanced chord | felt ignition | outside boundary | ["social-behavior","psychographic-or-motivational-inference-risk","aesthetic-or-narrative-preference"]	Concept only: balanced chord. No current scoring effect is retained.	retire	Descriptive inventory only; answer-level evidence authority remains absent.
current_answer_effect	gate_v2_first_signal	gate_v2_signal_live_spark	gate_v2_signal_live_spark	gate	What signal reaches you first?	The live spark	I hear what wants to move: the heat, the honesty, the flash before it gets explained away.	strong=R,WR,NAYA,TEMUR,JESKAI,INK,RG,UR,LOREHOLD,PRISMARI;positive=W,R,WR,NAYA,TEMUR,JESKAI,INK,RG,UR,LOREHOLD,PRISMARI;suppressed=B,ESPER,ABZAN,SULTAI,WITCH,COLORLESS,WUBRG,BG,UB,WB,SILVERQUILL,WITHERBLOOM	REPLACE	REPLACE	HIGH	NO	mood=PRESENT;lore=NOT-EXPLICIT	HIGH	Broad Gate routing; authored signals: calculated implication | measured inference | balanced chord | felt ignition | outside boundary | ["social-behavior","psychographic-or-motivational-inference-risk","aesthetic-or-narrative-preference"]	Concept only: felt ignition. No current scoring effect is retained.	retire	Descriptive inventory only; answer-level evidence authority remains absent.
current_answer_effect	gate_v2_first_signal	gate_v2_signal_unlit_edge	gate_v2_signal_unlit_edge	gate	What signal reaches you first?	The unlit edge	The first signal is absence: a clean edge where the usual symbols stop being useful.	strong=COLORLESS;positive=COLORLESS;suppressed=W,U,B,R,G,WU,BANT,WR,BR,ESPER,GRIXIS,JUND,NAYA,ABZAN,TEMUR,SULTAI,MARDU,JESKAI,YORE,GLINT,DUNE,INK,WITCH,WUBRG,BG,RG,UB,UR,LOREHOLD,WB,PRISMARI,QUANDRIX,WG,SILVERQUILL,UG,WITHERBLOOM	REPLACE	REPLACE	HIGH	NO	mood=PRESENT;lore=NOT-EXPLICIT	HIGH	Broad Gate routing; authored signals: calculated implication | measured inference | balanced chord | felt ignition | outside boundary | ["social-behavior","psychographic-or-motivational-inference-risk","aesthetic-or-narrative-preference"]	Concept only: outside boundary. No current scoring effect is retained.	retire	Descriptive inventory only; answer-level evidence authority remains absent.
current_answer_effect	gate_v2_cost_of_oath	gate_v2_oath_preserve	gate_v2_oath_preserve	gate	What cost can an oath fairly ask of you?	Preserve what must not break	It can ask me to carry the old weight: shelter, consequence, and the line that keeps faith intact.	strong=W,R,WR,BR,ESPER,JUND,NAYA,ABZAN,MARDU,JESKAI,YORE,DUNE,INK,LOREHOLD,WB,WG,SILVERQUILL;positive=W,B,R,WU,BANT,WR,BR,ESPER,GRIXIS,JUND,NAYA,ABZAN,MARDU,JESKAI,YORE,GLINT,DUNE,INK,WITCH,BG,RG,LOREHOLD,WB,WG,SILVERQUILL,WITHERBLOOM;suppressed=U,COLORLESS,WUBRG,QUANDRIX,UG	REPLACE	REPLACE	HIGH	NO	mood=NOT-EXPLICIT;lore=NOT-EXPLICIT	HIGH	Broad Gate routing; authored signals: preserving duty | careful stewardship | integrated covenant | transformative cost | outside boundary | ["social-behavior","philosophical-preference"]	Concept only: preserving duty. No current scoring effect is retained.	retire	Descriptive inventory only; answer-level evidence authority remains absent.
current_answer_effect	gate_v2_cost_of_oath	gate_v2_oath_steward	gate_v2_oath_steward	gate	What cost can an oath fairly ask of you?	Steward the change	It can ask discipline from me: not refusal of change, but care over what change consumes.	strong=W,WR,NAYA,MARDU,JESKAI,LOREHOLD;positive=W,R,WU,BANT,WR,BR,ESPER,GRIXIS,JUND,NAYA,ABZAN,TEMUR,MARDU,JESKAI,YORE,GLINT,DUNE,INK,WITCH,RG,UR,LOREHOLD,WB,PRISMARI,WG,SILVERQUILL;suppressed=COLORLESS,WUBRG	REPLACE	REPLACE	HIGH	NO	mood=NOT-EXPLICIT;lore=NOT-EXPLICIT	HIGH	Broad Gate routing; authored signals: preserving duty | careful stewardship | integrated covenant | transformative cost | outside boundary | ["social-behavior","philosophical-preference"]	Concept only: careful stewardship. No current scoring effect is retained.	retire	Descriptive inventory only; answer-level evidence authority remains absent.
current_answer_effect	gate_v2_cost_of_oath	gate_v2_oath_whole_covenant	gate_v2_oath_whole_covenant	gate	What cost can an oath fairly ask of you?	Keep the whole covenant	It can ask me to hold every claim in view, even when no single hunger deserves the throne.	strong=WUBRG;positive=W,U,B,R,G,WU,BANT,WR,BR,ESPER,GRIXIS,JUND,NAYA,ABZAN,TEMUR,SULTAI,MARDU,JESKAI,YORE,GLINT,DUNE,INK,WITCH,WUBRG,BG,RG,UB,UR,LOREHOLD,WB,PRISMARI,QUANDRIX,WG,SILVERQUILL,UG,WITHERBLOOM;suppressed=COLORLESS	REPLACE	REPLACE	HIGH	NO	mood=NOT-EXPLICIT;lore=NOT-EXPLICIT	HIGH	Broad Gate routing; authored signals: preserving duty | careful stewardship | integrated covenant | transformative cost | outside boundary | ["social-behavior","philosophical-preference"]	Concept only: integrated covenant. No current scoring effect is retained.	retire	Descriptive inventory only; answer-level evidence authority remains absent.
current_answer_effect	gate_v2_cost_of_oath	gate_v2_oath_transform	gate_v2_oath_transform	gate	What cost can an oath fairly ask of you?	Become the changed thing	It can ask me to release the prior shape and become the answer the threshold requires.	strong=U,G,TEMUR,SULTAI,GLINT,UB,UR,PRISMARI,QUANDRIX,UG;positive=U,G,GRIXIS,JUND,TEMUR,SULTAI,GLINT,BG,RG,UB,UR,PRISMARI,QUANDRIX,UG,WITHERBLOOM;suppressed=W,WU,WR,ESPER,NAYA,ABZAN,MARDU,JESKAI,YORE,DUNE,COLORLESS,WUBRG,LOREHOLD,WB,WG,SILVERQUILL	REPLACE	REPLACE	HIGH	NO	mood=NOT-EXPLICIT;lore=NOT-EXPLICIT	HIGH	Broad Gate routing; authored signals: preserving duty | careful stewardship | integrated covenant | transformative cost | outside boundary | ["social-behavior","philosophical-preference"]	Concept only: transformative cost. No current scoring effect is retained.	retire	Descriptive inventory only; answer-level evidence authority remains absent.
current_answer_effect	gate_v2_cost_of_oath	gate_v2_oath_without_color	gate_v2_oath_without_color	gate	What cost can an oath fairly ask of you?	Stand where the lamp does not reach	It can ask a clean refusal: no borrowed brightness, no decorated answer, only the boundary kept.	strong=COLORLESS;positive=COLORLESS;suppressed=W,U,B,R,G,WU,BANT,WR,BR,ESPER,GRIXIS,JUND,NAYA,ABZAN,TEMUR,SULTAI,MARDU,JESKAI,YORE,GLINT,DUNE,INK,WITCH,WUBRG,BG,RG,UB,UR,LOREHOLD,WB,PRISMARI,QUANDRIX,WG,SILVERQUILL,UG,WITHERBLOOM	REPLACE	REPLACE	HIGH	NO	mood=NOT-EXPLICIT;lore=NOT-EXPLICIT	HIGH	Broad Gate routing; authored signals: preserving duty | careful stewardship | integrated covenant | transformative cost | outside boundary | ["social-behavior","philosophical-preference"]	Concept only: outside boundary. No current scoring effect is retained.	retire	Descriptive inventory only; answer-level evidence authority remains absent.
current_answer_effect	hall_W_shelter	MISSING	hall_W_shelter#answer-1	hall	A frightened group needs protection before trust has time to grow. What response feels most dependable?	Build the shelter	Set the standard, make the boundary clear, and give people something reliable to stand inside.	strong=W;positive=W,WG,WU,WR;suppressed=UB,BR	RETUNE	KEEP-BUT-REWORD	MEDIUM	NO	mood=PRESENT;lore=NOT-EXPLICIT	HIGH	Differentiate W; authored signals: shelter through structure | procedure first | urgent guardianship | belonging as shelter | ["social-behavior","psychographic-or-motivational-inference-risk"]	Concept only: shelter through structure. No current scoring effect is retained.	retain concept only	Descriptive inventory only; answer-level evidence authority remains absent.
current_answer_effect	hall_W_shelter	MISSING	hall_W_shelter#answer-2	hall	A frightened group needs protection before trust has time to grow. What response feels most dependable?	Write the procedure	Protection lasts when the process is explicit enough to survive mood.	strong=WU;positive=WU;suppressed=W	RETUNE	KEEP-BUT-REWORD	MEDIUM	NO	mood=PRESENT;lore=NOT-EXPLICIT	HIGH	Differentiate W; authored signals: shelter through structure | procedure first | urgent guardianship | belonging as shelter | ["social-behavior","psychographic-or-motivational-inference-risk"]	Concept only: procedure first. No current scoring effect is retained.	retain concept only	Descriptive inventory only; answer-level evidence authority remains absent.
current_answer_effect	hall_W_shelter	MISSING	hall_W_shelter#answer-3	hall	A frightened group needs protection before trust has time to grow. What response feels most dependable?	Intervene immediately	The first duty is to put yourself between the danger and the vulnerable person.	strong=WR;positive=WR;suppressed=W	RETUNE	KEEP-BUT-REWORD	MEDIUM	NO	mood=PRESENT;lore=NOT-EXPLICIT	HIGH	Differentiate W; authored signals: shelter through structure | procedure first | urgent guardianship | belonging as shelter | ["social-behavior","psychographic-or-motivational-inference-risk"]	Concept only: urgent guardianship. No current scoring effect is retained.	retain concept only	Descriptive inventory only; answer-level evidence authority remains absent.
current_answer_effect	hall_W_shelter	MISSING	hall_W_shelter#answer-4	hall	A frightened group needs protection before trust has time to grow. What response feels most dependable?	Restore belonging	People trust protection more when they feel held by the whole group.	strong=WG;positive=WG;suppressed=W	RETUNE	KEEP-BUT-REWORD	MEDIUM	NO	mood=PRESENT;lore=NOT-EXPLICIT	HIGH	Differentiate W; authored signals: shelter through structure | procedure first | urgent guardianship | belonging as shelter | ["social-behavior","psychographic-or-motivational-inference-risk"]	Concept only: belonging as shelter. No current scoring effect is retained.	retain concept only	Descriptive inventory only; answer-level evidence authority remains absent.
current_answer_effect	hall_W_duty	MISSING	hall_W_duty#answer-1	hall	A structure is imperfect, but it still keeps more people safe than improvisation. What matters most?	Strengthen what protects	If the shelter holds, improve it and keep faith with the people relying on it.	strong=W;positive=W,WU,WG,WR;suppressed=BR,RG	RETUNE	NEEDS-EVIDENCE	LOW	YES	mood=PRESENT;lore=NOT-EXPLICIT	HIGH	Differentiate W; authored signals: duty to maintain shelter | airtight procedure | case-first intervention | shared care | ["social-behavior","psychographic-or-motivational-inference-risk"]	Concept only: duty to maintain shelter. No current scoring effect is retained.	retain concept only	Descriptive inventory only; answer-level evidence authority remains absent.
current_answer_effect	hall_W_duty	MISSING	hall_W_duty#answer-2	hall	A structure is imperfect, but it still keeps more people safe than improvisation. What matters most?	Refine the procedure	The system matters most when its rules are precise enough to remain fair under pressure.	strong=WU;positive=WU;suppressed=W	RETUNE	NEEDS-EVIDENCE	LOW	YES	mood=PRESENT;lore=NOT-EXPLICIT	HIGH	Differentiate W; authored signals: duty to maintain shelter | airtight procedure | case-first intervention | shared care | ["social-behavior","psychographic-or-motivational-inference-risk"]	Concept only: airtight procedure. No current scoring effect is retained.	retain concept only	Descriptive inventory only; answer-level evidence authority remains absent.
current_answer_effect	hall_W_duty	MISSING	hall_W_duty#answer-3	hall	A structure is imperfect, but it still keeps more people safe than improvisation. What matters most?	Choose the urgent case	A structure that hesitates in the face of harm must be overruled by action.	strong=WR;positive=WR;suppressed=W	RETUNE	NEEDS-EVIDENCE	LOW	YES	mood=PRESENT;lore=NOT-EXPLICIT	HIGH	Differentiate W; authored signals: duty to maintain shelter | airtight procedure | case-first intervention | shared care | ["social-behavior","psychographic-or-motivational-inference-risk"]	Concept only: case-first intervention. No current scoring effect is retained.	retain concept only	Descriptive inventory only; answer-level evidence authority remains absent.
current_answer_effect	hall_W_duty	MISSING	hall_W_duty#answer-4	hall	A structure is imperfect, but it still keeps more people safe than improvisation. What matters most?	Heal the bond	Protection is real when people want to carry it together, not just receive it.	strong=WG;positive=WG;suppressed=W	RETUNE	NEEDS-EVIDENCE	LOW	YES	mood=PRESENT;lore=NOT-EXPLICIT	HIGH	Differentiate W; authored signals: duty to maintain shelter | airtight procedure | case-first intervention | shared care | ["social-behavior","psychographic-or-motivational-inference-risk"]	Concept only: shared care. No current scoring effect is retained.	retain concept only	Descriptive inventory only; answer-level evidence authority remains absent.
current_answer_effect	hall_B_cost	MISSING	hall_B_cost#answer-1	hall	A choice will cost life, comfort, or loyalty, but it keeps your fate from belonging to someone else. What makes the exchange honest?	Pay the cost	If the price buys agency, the cost is part of the plan rather than a warning to stop.	strong=B;positive=B,UB,BR,WB;suppressed=U,W,WG	REPLACE	RETUNE	HIGH	YES	mood=PRESENT;lore=NOT-EXPLICIT	HIGH	Differentiate B; authored signals: power at a cost | secret leverage | binding debt | unrestrained appetite | ["social-behavior","psychographic-or-motivational-inference-risk","aesthetic-or-narrative-preference"]	Concept only: power at a cost. No current scoring effect is retained.	retire	Descriptive inventory only; answer-level evidence authority remains absent.
current_answer_effect	hall_B_cost	MISSING	hall_B_cost#answer-2	hall	A choice will cost life, comfort, or loyalty, but it keeps your fate from belonging to someone else. What makes the exchange honest?	Hide the leverage	Control is safest when no one knows which resource you are holding.	strong=UB;positive=UB;suppressed=B	REPLACE	NEEDS-EVIDENCE	HIGH	YES	mood=PRESENT;lore=NOT-EXPLICIT	HIGH	Differentiate B; authored signals: power at a cost | secret leverage | binding debt | unrestrained appetite | ["social-behavior","psychographic-or-motivational-inference-risk","aesthetic-or-narrative-preference"]	Concept only: secret leverage. No current scoring effect is retained.	retire	Descriptive inventory only; answer-level evidence authority remains absent.
current_answer_effect	hall_B_cost	MISSING	hall_B_cost#answer-3	hall	A choice will cost life, comfort, or loyalty, but it keeps your fate from belonging to someone else. What makes the exchange honest?	Make it a debt	A cost matters most when it becomes an obligation someone must answer.	strong=WB;positive=WB;suppressed=B	REPLACE	NEEDS-EVIDENCE	HIGH	YES	mood=PRESENT;lore=NOT-EXPLICIT	HIGH	Differentiate B; authored signals: power at a cost | secret leverage | binding debt | unrestrained appetite | ["social-behavior","psychographic-or-motivational-inference-risk","aesthetic-or-narrative-preference"]	Concept only: binding debt. No current scoring effect is retained.	retire	Descriptive inventory only; answer-level evidence authority remains absent.
current_answer_effect	hall_B_cost	MISSING	hall_B_cost#answer-4	hall	A choice will cost life, comfort, or loyalty, but it keeps your fate from belonging to someone else. What makes the exchange honest?	Spend the restraint	The release itself is the point; the price proves the appetite is real.	strong=BR;positive=BR;suppressed=B	REPLACE	KEEP-BUT-REWORD	HIGH	YES	mood=PRESENT;lore=NOT-EXPLICIT	HIGH	Differentiate B; authored signals: power at a cost | secret leverage | binding debt | unrestrained appetite | ["social-behavior","psychographic-or-motivational-inference-risk","aesthetic-or-narrative-preference"]	Concept only: unrestrained appetite. No current scoring effect is retained.	retire	Descriptive inventory only; answer-level evidence authority remains absent.
current_answer_effect	hall_B_graveyard	MISSING	hall_B_graveyard#answer-1	hall	Something useful has died, failed, or been spent. What should happen to it now?	Reclaim it as leverage	The graveyard is not a memorial. It is a resource line waiting to be used.	strong=B;positive=B,BG,UB;suppressed=U,W,WG	REPLACE	NEEDS-EVIDENCE	HIGH	NO	mood=PRESENT;lore=NOT-EXPLICIT	HIGH	Differentiate B; authored signals: graveyard as resource | cycle of decay | memorial duty | public pressure | ["gameplay-or-deck-behavior","social-behavior","psychographic-or-motivational-inference-risk"]	Concept only: graveyard as resource. No current scoring effect is retained.	retire	Descriptive inventory only; answer-level evidence authority remains absent.
current_answer_effect	hall_B_graveyard	MISSING	hall_B_graveyard#answer-2	hall	Something useful has died, failed, or been spent. What should happen to it now?	Feed the cycle	Decay matters because it makes the next life possible.	strong=BG,WITHERBLOOM;positive=BG,WITHERBLOOM;suppressed=B	REPLACE	NEEDS-EVIDENCE	HIGH	NO	mood=PRESENT;lore=NOT-EXPLICIT	HIGH	Differentiate B; authored signals: graveyard as resource | cycle of decay | memorial duty | public pressure | ["gameplay-or-deck-behavior","social-behavior","psychographic-or-motivational-inference-risk"]	Concept only: cycle of decay. No current scoring effect is retained.	retire	Descriptive inventory only; answer-level evidence authority remains absent.
current_answer_effect	hall_B_graveyard	MISSING	hall_B_graveyard#answer-3	hall	Something useful has died, failed, or been spent. What should happen to it now?	Protect the record	What is gone should become duty, precedent, or warning.	strong=;positive=W,LOREHOLD;suppressed=B	REPLACE	NEEDS-EVIDENCE	HIGH	NO	mood=PRESENT;lore=NOT-EXPLICIT	HIGH	Differentiate B; authored signals: graveyard as resource | cycle of decay | memorial duty | public pressure | ["gameplay-or-deck-behavior","social-behavior","psychographic-or-motivational-inference-risk"]	Concept only: memorial duty. No current scoring effect is retained.	retire	Descriptive inventory only; answer-level evidence authority remains absent.
current_answer_effect	hall_B_graveyard	MISSING	hall_B_graveyard#answer-4	hall	Something useful has died, failed, or been spent. What should happen to it now?	Turn it into pressure	The loss should make everyone else feel what the exchange is worth.	strong=BR;positive=BR,SILVERQUILL;suppressed=B	REPLACE	RETUNE	HIGH	NO	mood=PRESENT;lore=NOT-EXPLICIT	HIGH	Differentiate B; authored signals: graveyard as resource | cycle of decay | memorial duty | public pressure | ["gameplay-or-deck-behavior","social-behavior","psychographic-or-motivational-inference-risk"]	Concept only: public pressure. No current scoring effect is retained.	retire	Descriptive inventory only; answer-level evidence authority remains absent.
current_answer_effect	hall_U_understanding	MISSING	hall_U_understanding#answer-1	hall	The room wants action before the variables are clear. What response feels most responsible?	Map the variables	Preserve options, gather the missing information, and move once the structure can be understood.	strong=U;positive=U,WU,UB;suppressed=B,WB,BR,RG	REPLACE	KEEP-BUT-REWORD	HIGH	NO	mood=PRESENT;lore=NOT-EXPLICIT	HIGH	Differentiate U; authored signals: act after understanding | formal procedure | hidden leverage | volatile experiment | ["social-behavior","psychographic-or-motivational-inference-risk"]	Concept only: act after understanding. No current scoring effect is retained.	retire	Descriptive inventory only; answer-level evidence authority remains absent.
current_answer_effect	hall_U_understanding	MISSING	hall_U_understanding#answer-2	hall	The room wants action before the variables are clear. What response feels most responsible?	Codify the process	The answer should become a rule everyone can trust.	strong=WU;positive=WU;suppressed=U	REPLACE	KEEP-BUT-REWORD	HIGH	NO	mood=PRESENT;lore=NOT-EXPLICIT	HIGH	Differentiate U; authored signals: act after understanding | formal procedure | hidden leverage | volatile experiment | ["social-behavior","psychographic-or-motivational-inference-risk"]	Concept only: formal procedure. No current scoring effect is retained.	retire	Descriptive inventory only; answer-level evidence authority remains absent.
current_answer_effect	hall_U_understanding	MISSING	hall_U_understanding#answer-3	hall	The room wants action before the variables are clear. What response feels most responsible?	Keep the secret	The safest move is to know more than the table knows you know.	strong=UB;positive=UB;suppressed=U	REPLACE	KEEP-BUT-REWORD	HIGH	NO	mood=PRESENT;lore=NOT-EXPLICIT	HIGH	Differentiate U; authored signals: act after understanding | formal procedure | hidden leverage | volatile experiment | ["social-behavior","psychographic-or-motivational-inference-risk"]	Concept only: hidden leverage. No current scoring effect is retained.	retire	Descriptive inventory only; answer-level evidence authority remains absent.
current_answer_effect	hall_U_understanding	MISSING	hall_U_understanding#answer-4	hall	The room wants action before the variables are clear. What response feels most responsible?	Run the experiment	Build the test and let the result teach you in motion.	strong=UR;positive=UR;suppressed=U	REPLACE	KEEP-BUT-REWORD	HIGH	NO	mood=PRESENT;lore=NOT-EXPLICIT	HIGH	Differentiate U; authored signals: act after understanding | formal procedure | hidden leverage | volatile experiment | ["social-behavior","psychographic-or-motivational-inference-risk"]	Concept only: volatile experiment. No current scoring effect is retained.	retire	Descriptive inventory only; answer-level evidence authority remains absent.
current_answer_effect	hall_U_possibility	MISSING	hall_U_possibility#answer-1	hall	A person or system seems limited by its current shape. What makes progress trustworthy?	Improve the model	Education, tools, and repeatable practice can turn a current limit into a solvable problem.	strong=U;positive=U,UG,UR;suppressed=B,WB,RG,BR	REPLACE	RETUNE	HIGH	YES	mood=PRESENT;lore=NOT-EXPLICIT	HIGH	Differentiate U; authored signals: optimization through knowledge | biological adaptation | rapid experimentation | knowledge as leverage | ["gameplay-or-deck-behavior","social-behavior","psychographic-or-motivational-inference-risk","philosophical-preference"]	Concept only: optimization through knowledge. No current scoring effect is retained.	retire	Descriptive inventory only; answer-level evidence authority remains absent.
current_answer_effect	hall_U_possibility	MISSING	hall_U_possibility#answer-2	hall	A person or system seems limited by its current shape. What makes progress trustworthy?	Adapt the organism	The living form should change so it can survive what comes next.	strong=UG;positive=UG;suppressed=U	REPLACE	NEEDS-EVIDENCE	HIGH	YES	mood=PRESENT;lore=NOT-EXPLICIT	HIGH	Differentiate U; authored signals: optimization through knowledge | biological adaptation | rapid experimentation | knowledge as leverage | ["gameplay-or-deck-behavior","social-behavior","psychographic-or-motivational-inference-risk","philosophical-preference"]	Concept only: biological adaptation. No current scoring effect is retained.	retire	Descriptive inventory only; answer-level evidence authority remains absent.
current_answer_effect	hall_U_possibility	MISSING	hall_U_possibility#answer-3	hall	A person or system seems limited by its current shape. What makes progress trustworthy?	Accelerate the prototype	The breakthrough arrives when the experiment is pushed hard enough to reveal itself.	strong=UR;positive=UR;suppressed=U	REPLACE	KEEP-BUT-REWORD	HIGH	YES	mood=PRESENT;lore=NOT-EXPLICIT	HIGH	Differentiate U; authored signals: optimization through knowledge | biological adaptation | rapid experimentation | knowledge as leverage | ["gameplay-or-deck-behavior","social-behavior","psychographic-or-motivational-inference-risk","philosophical-preference"]	Concept only: rapid experimentation. No current scoring effect is retained.	retire	Descriptive inventory only; answer-level evidence authority remains absent.
current_answer_effect	hall_U_possibility	MISSING	hall_U_possibility#answer-4	hall	A person or system seems limited by its current shape. What makes progress trustworthy?	Secure the leverage	Improvement matters most when the knowledge becomes power no one can take.	strong=UB;positive=UB;suppressed=U	REPLACE	NEEDS-EVIDENCE	HIGH	YES	mood=PRESENT;lore=NOT-EXPLICIT	HIGH	Differentiate U; authored signals: optimization through knowledge | biological adaptation | rapid experimentation | knowledge as leverage | ["gameplay-or-deck-behavior","social-behavior","psychographic-or-motivational-inference-risk","philosophical-preference"]	Concept only: knowledge as leverage. No current scoring effect is retained.	retire	Descriptive inventory only; answer-level evidence authority remains absent.
current_answer_effect	hall_R_ignition	MISSING	hall_R_ignition#answer-1	hall	A feeling arrives before anyone has given permission. What makes the next move honest?	Move with the spark	The feeling is already information. Act while it is alive enough to matter.	strong=R;positive=R,WR;suppressed=WU,U,WB	REPLACE	KEEP-BUT-REWORD	HIGH	NO	mood=PRESENT;lore=NOT-EXPLICIT	HIGH	Differentiate R; authored signals: emotion into action | urgent protection | experimental technique | transgressive release | primal instinct | ["social-behavior","psychographic-or-motivational-inference-risk"]	Concept only: emotion into action. No current scoring effect is retained.	retire	Descriptive inventory only; answer-level evidence authority remains absent.
current_answer_effect	hall_R_ignition	MISSING	hall_R_ignition#answer-2	hall	A feeling arrives before anyone has given permission. What makes the next move honest?	Protect someone now	The urgency matters because a vulnerable person needs an intervening body.	strong=WR;positive=WR;suppressed=R	REPLACE	KEEP-BUT-REWORD	HIGH	NO	mood=PRESENT;lore=NOT-EXPLICIT	HIGH	Differentiate R; authored signals: emotion into action | urgent protection | experimental technique | transgressive release | primal instinct | ["social-behavior","psychographic-or-motivational-inference-risk"]	Concept only: urgent protection. No current scoring effect is retained.	retire	Descriptive inventory only; answer-level evidence authority remains absent.
current_answer_effect	hall_R_ignition	MISSING	hall_R_ignition#answer-3	hall	A feeling arrives before anyone has given permission. What makes the next move honest?	Make it a test	Build the experiment and let the result teach you what the spark means.	strong=UR;positive=UR;suppressed=R	REPLACE	KEEP-BUT-REWORD	HIGH	NO	mood=PRESENT;lore=NOT-EXPLICIT	HIGH	Differentiate R; authored signals: emotion into action | urgent protection | experimental technique | transgressive release | primal instinct | ["social-behavior","psychographic-or-motivational-inference-risk"]	Concept only: experimental technique. No current scoring effect is retained.	retire	Descriptive inventory only; answer-level evidence authority remains absent.
current_answer_effect	hall_R_ignition	MISSING	hall_R_ignition#answer-4	hall	A feeling arrives before anyone has given permission. What makes the next move honest?	Break restraint publicly	The rupture matters because the room has to feel what restraint was hiding.	strong=BR;positive=BR;suppressed=R	REPLACE	KEEP-BUT-REWORD	HIGH	NO	mood=PRESENT;lore=NOT-EXPLICIT	HIGH	Differentiate R; authored signals: emotion into action | urgent protection | experimental technique | transgressive release | primal instinct | ["social-behavior","psychographic-or-motivational-inference-risk"]	Concept only: transgressive release. No current scoring effect is retained.	retire	Descriptive inventory only; answer-level evidence authority remains absent.
current_answer_effect	hall_R_ignition	MISSING	hall_R_ignition#answer-5	hall	A feeling arrives before anyone has given permission. What makes the next move honest?	Trust the wild body	The answer is in instinct, muscle, and the old belonging underneath the cage.	strong=RG;positive=RG;suppressed=R	REPLACE	KEEP-BUT-REWORD	HIGH	NO	mood=PRESENT;lore=NOT-EXPLICIT	HIGH	Differentiate R; authored signals: emotion into action | urgent protection | experimental technique | transgressive release | primal instinct | ["social-behavior","psychographic-or-motivational-inference-risk"]	Concept only: primal instinct. No current scoring effect is retained.	retire	Descriptive inventory only; answer-level evidence authority remains absent.
current_answer_effect	hall_R_freedom	MISSING	hall_R_freedom#answer-1	hall	The door is closing and the safe plan will arrive too late. What kind of action keeps the moment alive?	Take the direct line	Choose the motion that frees breath now, even if it only opens a temporary window.	strong=R;positive=R,WR;suppressed=WU,U,WB	RETUNE	NEEDS-EVIDENCE	LOW	YES	mood=PRESENT;lore=NOT-EXPLICIT	HIGH	Differentiate R; authored signals: direct action | protective charge | rapid prototype | pain as spectacle | wild belonging | ["gameplay-or-deck-behavior","social-behavior","aesthetic-or-narrative-preference","philosophical-preference"]	Concept only: direct action. No current scoring effect is retained.	retain concept only	Descriptive inventory only; answer-level evidence authority remains absent.
current_answer_effect	hall_R_freedom	MISSING	hall_R_freedom#answer-2	hall	The door is closing and the safe plan will arrive too late. What kind of action keeps the moment alive?	Charge for the vulnerable	The line matters because it gets between harm and the person in front of you.	strong=WR;positive=WR;suppressed=R	RETUNE	NEEDS-EVIDENCE	LOW	YES	mood=PRESENT;lore=NOT-EXPLICIT	HIGH	Differentiate R; authored signals: direct action | protective charge | rapid prototype | pain as spectacle | wild belonging | ["gameplay-or-deck-behavior","social-behavior","aesthetic-or-narrative-preference","philosophical-preference"]	Concept only: protective charge. No current scoring effect is retained.	retain concept only	Descriptive inventory only; answer-level evidence authority remains absent.
current_answer_effect	hall_R_freedom	MISSING	hall_R_freedom#answer-3	hall	The door is closing and the safe plan will arrive too late. What kind of action keeps the moment alive?	Prototype the way out	A risky build can reveal the door no one could map in advance.	strong=UR;positive=UR;suppressed=R	RETUNE	NEEDS-EVIDENCE	LOW	YES	mood=PRESENT;lore=NOT-EXPLICIT	HIGH	Differentiate R; authored signals: direct action | protective charge | rapid prototype | pain as spectacle | wild belonging | ["gameplay-or-deck-behavior","social-behavior","aesthetic-or-narrative-preference","philosophical-preference"]	Concept only: rapid prototype. No current scoring effect is retained.	retain concept only	Descriptive inventory only; answer-level evidence authority remains absent.
current_answer_effect	hall_R_freedom	MISSING	hall_R_freedom#answer-4	hall	The door is closing and the safe plan will arrive too late. What kind of action keeps the moment alive?	Make pain visible	The point is to make the hidden wound impossible for the room to ignore.	strong=BR;positive=BR;suppressed=R	RETUNE	NEEDS-EVIDENCE	LOW	YES	mood=PRESENT;lore=NOT-EXPLICIT	HIGH	Differentiate R; authored signals: direct action | protective charge | rapid prototype | pain as spectacle | wild belonging | ["gameplay-or-deck-behavior","social-behavior","aesthetic-or-narrative-preference","philosophical-preference"]	Concept only: pain as spectacle. No current scoring effect is retained.	retain concept only	Descriptive inventory only; answer-level evidence authority remains absent.
current_answer_effect	hall_R_freedom	MISSING	hall_R_freedom#answer-5	hall	The door is closing and the safe plan will arrive too late. What kind of action keeps the moment alive?	Return to the pack	Freedom starts by refusing the cage and trusting the living force that was already yours.	strong=RG;positive=RG;suppressed=R	RETUNE	RETUNE	LOW	YES	mood=PRESENT;lore=NOT-EXPLICIT	HIGH	Differentiate R; authored signals: direct action | protective charge | rapid prototype | pain as spectacle | wild belonging | ["gameplay-or-deck-behavior","social-behavior","aesthetic-or-narrative-preference","philosophical-preference"]	Concept only: wild belonging. No current scoring effect is retained.	retain concept only	Descriptive inventory only; answer-level evidence authority remains absent.
current_answer_effect	hall_G_growth	MISSING	hall_G_growth#answer-1	hall	A living thing is strained before its roots are deep. What care feels honest?	Let the roots deepen	Give it time, land, and trust so it can become what it already is.	strong=G;positive=G,WG;suppressed=U,WU	REPLACE	RETUNE	HIGH	NO	mood=PRESENT;lore=NOT-EXPLICIT	HIGH	Differentiate G; authored signals: organic growth | communal care | engineered adaptation | reclamation economy | wild force | ["gameplay-or-deck-behavior","social-behavior","psychographic-or-motivational-inference-risk","aesthetic-or-narrative-preference","philosophical-preference"]	Concept only: organic growth. No current scoring effect is retained.	retire	Descriptive inventory only; answer-level evidence authority remains absent.
current_answer_effect	hall_G_growth	MISSING	hall_G_growth#answer-2	hall	A living thing is strained before its roots are deep. What care feels honest?	Gather the circle	The answer starts when people choose to carry care together.	strong=WG;positive=WG;suppressed=G	REPLACE	RETUNE	HIGH	NO	mood=PRESENT;lore=NOT-EXPLICIT	HIGH	Differentiate G; authored signals: organic growth | communal care | engineered adaptation | reclamation economy | wild force | ["gameplay-or-deck-behavior","social-behavior","psychographic-or-motivational-inference-risk","aesthetic-or-narrative-preference","philosophical-preference"]	Concept only: communal care. No current scoring effect is retained.	retire	Descriptive inventory only; answer-level evidence authority remains absent.
current_answer_effect	hall_G_growth	MISSING	hall_G_growth#answer-3	hall	A living thing is strained before its roots are deep. What care feels honest?	Alter the form	Change the living body so it can survive the future.	strong=UG;positive=UG;suppressed=G	REPLACE	KEEP-BUT-REWORD	HIGH	NO	mood=PRESENT;lore=NOT-EXPLICIT	HIGH	Differentiate G; authored signals: organic growth | communal care | engineered adaptation | reclamation economy | wild force | ["gameplay-or-deck-behavior","social-behavior","psychographic-or-motivational-inference-risk","aesthetic-or-narrative-preference","philosophical-preference"]	Concept only: engineered adaptation. No current scoring effect is retained.	retire	Descriptive inventory only; answer-level evidence authority remains absent.
current_answer_effect	hall_G_growth	MISSING	hall_G_growth#answer-4	hall	A living thing is strained before its roots are deep. What care feels honest?	Use what fell away	The discarded material can still become survival.	strong=BG;positive=BG,WITHERBLOOM;suppressed=G	REPLACE	KEEP-BUT-REWORD	HIGH	NO	mood=PRESENT;lore=NOT-EXPLICIT	HIGH	Differentiate G; authored signals: organic growth | communal care | engineered adaptation | reclamation economy | wild force | ["gameplay-or-deck-behavior","social-behavior","psychographic-or-motivational-inference-risk","aesthetic-or-narrative-preference","philosophical-preference"]	Concept only: reclamation economy. No current scoring effect is retained.	retire	Descriptive inventory only; answer-level evidence authority remains absent.
current_answer_effect	hall_G_growth	MISSING	hall_G_growth#answer-5	hall	A living thing is strained before its roots are deep. What care feels honest?	Break the fence	The old body knows what constraint tried to cage.	strong=RG;positive=RG;suppressed=G	REPLACE	KEEP-BUT-REWORD	HIGH	NO	mood=PRESENT;lore=NOT-EXPLICIT	HIGH	Differentiate G; authored signals: organic growth | communal care | engineered adaptation | reclamation economy | wild force | ["gameplay-or-deck-behavior","social-behavior","psychographic-or-motivational-inference-risk","aesthetic-or-narrative-preference","philosophical-preference"]	Concept only: wild force. No current scoring effect is retained.	retire	Descriptive inventory only; answer-level evidence authority remains absent.
current_answer_effect	hall_G_natural_order	MISSING	hall_G_natural_order#answer-1	hall	The world is slow to answer, but the old pattern still seems alive. What do you follow?	Trust the natural pace	Follow instinct, land, and season until the living shape becomes visible.	strong=G;positive=G;suppressed=U,WU	REPLACE	NEEDS-EVIDENCE	HIGH	YES	mood=PRESENT;lore=NOT-EXPLICIT	HIGH	Differentiate G; authored signals: natural patience | purposeful adaptation | shared community | decay reclamation | wild refusal | ["social-behavior"]	Concept only: natural patience. No current scoring effect is retained.	retire	Descriptive inventory only; answer-level evidence authority remains absent.
current_answer_effect	hall_G_natural_order	MISSING	hall_G_natural_order#answer-2	hall	The world is slow to answer, but the old pattern still seems alive. What do you follow?	Improve the organism	A body that cannot meet the future should be deliberately adapted.	strong=UG;positive=UG;suppressed=G	REPLACE	NEEDS-EVIDENCE	HIGH	YES	mood=PRESENT;lore=NOT-EXPLICIT	HIGH	Differentiate G; authored signals: natural patience | purposeful adaptation | shared community | decay reclamation | wild refusal | ["social-behavior"]	Concept only: purposeful adaptation. No current scoring effect is retained.	retire	Descriptive inventory only; answer-level evidence authority remains absent.
current_answer_effect	hall_G_natural_order	MISSING	hall_G_natural_order#answer-3	hall	The world is slow to answer, but the old pattern still seems alive. What do you follow?	Move as a community	The bond matters most when everyone chooses to belong together.	strong=WG;positive=WG;suppressed=G	REPLACE	NEEDS-EVIDENCE	HIGH	YES	mood=PRESENT;lore=NOT-EXPLICIT	HIGH	Differentiate G; authored signals: natural patience | purposeful adaptation | shared community | decay reclamation | wild refusal | ["social-behavior"]	Concept only: shared community. No current scoring effect is retained.	retire	Descriptive inventory only; answer-level evidence authority remains absent.
current_answer_effect	hall_G_natural_order	MISSING	hall_G_natural_order#answer-4	hall	The world is slow to answer, but the old pattern still seems alive. What do you follow?	Reclaim the remains	What collapsed should feed the next survival engine.	strong=BG;positive=BG,WITHERBLOOM;suppressed=G	REPLACE	NEEDS-EVIDENCE	HIGH	YES	mood=PRESENT;lore=NOT-EXPLICIT	HIGH	Differentiate G; authored signals: natural patience | purposeful adaptation | shared community | decay reclamation | wild refusal | ["social-behavior"]	Concept only: decay reclamation. No current scoring effect is retained.	retire	Descriptive inventory only; answer-level evidence authority remains absent.
current_answer_effect	hall_G_natural_order	MISSING	hall_G_natural_order#answer-5	hall	The world is slow to answer, but the old pattern still seems alive. What do you follow?	Refuse the cage	Instinct becomes true when it will not be domesticated.	strong=RG;positive=RG;suppressed=G	REPLACE	NEEDS-EVIDENCE	HIGH	YES	mood=PRESENT;lore=NOT-EXPLICIT	HIGH	Differentiate G; authored signals: natural patience | purposeful adaptation | shared community | decay reclamation | wild refusal | ["social-behavior"]	Concept only: wild refusal. No current scoring effect is retained.	retire	Descriptive inventory only; answer-level evidence authority remains absent.
current_answer_effect	hall_WU_process	MISSING	hall_WU_process#answer-1	hall	A community wants one outcome, but the written process points somewhere colder. What decides your first move?	Follow the process	Impartial rules protect everyone, especially when emotions are loud.	strong=WU;positive=WU;suppressed=WG,WR,WB	RETUNE	RETUNE	LOW	YES	mood=PRESENT;lore=NOT-EXPLICIT	HIGH	Differentiate WU; authored signals: fairness through process | belonging over procedure | immediate rescue | contractual leverage | ["social-behavior","psychographic-or-motivational-inference-risk","aesthetic-or-narrative-preference"]	Concept only: fairness through process. No current scoring effect is retained.	retain concept only	Descriptive inventory only; answer-level evidence authority remains absent.
current_answer_effect	hall_WU_process	MISSING	hall_WU_process#answer-2	hall	A community wants one outcome, but the written process points somewhere colder. What decides your first move?	Repair belonging first	A rule without trust will not hold the community together.	strong=WG;positive=WG;suppressed=WU	RETUNE	NEEDS-EVIDENCE	LOW	YES	mood=PRESENT;lore=NOT-EXPLICIT	HIGH	Differentiate WU; authored signals: fairness through process | belonging over procedure | immediate rescue | contractual leverage | ["social-behavior","psychographic-or-motivational-inference-risk","aesthetic-or-narrative-preference"]	Concept only: belonging over procedure. No current scoring effect is retained.	retain concept only	Descriptive inventory only; answer-level evidence authority remains absent.
current_answer_effect	hall_WU_process	MISSING	hall_WU_process#answer-3	hall	A community wants one outcome, but the written process points somewhere colder. What decides your first move?	Protect the vulnerable now	A process that arrives too late is not protection.	strong=WR;positive=WR;suppressed=WU	RETUNE	NEEDS-EVIDENCE	LOW	YES	mood=PRESENT;lore=NOT-EXPLICIT	HIGH	Differentiate WU; authored signals: fairness through process | belonging over procedure | immediate rescue | contractual leverage | ["social-behavior","psychographic-or-motivational-inference-risk","aesthetic-or-narrative-preference"]	Concept only: immediate rescue. No current scoring effect is retained.	retain concept only	Descriptive inventory only; answer-level evidence authority remains absent.
current_answer_effect	hall_WU_process	MISSING	hall_WU_process#answer-4	hall	A community wants one outcome, but the written process points somewhere colder. What decides your first move?	Use the rule as leverage	The process matters because it creates obligations that can be collected.	strong=WB;positive=WB;suppressed=WU	RETUNE	NEEDS-EVIDENCE	LOW	YES	mood=PRESENT;lore=NOT-EXPLICIT	HIGH	Differentiate WU; authored signals: fairness through process | belonging over procedure | immediate rescue | contractual leverage | ["social-behavior","psychographic-or-motivational-inference-risk","aesthetic-or-narrative-preference"]	Concept only: contractual leverage. No current scoring effect is retained.	retain concept only	Descriptive inventory only; answer-level evidence authority remains absent.
current_answer_effect	hall_UB_information	MISSING	hall_UB_information#answer-1	hall	A dangerous truth reaches you before anyone else. What is the most ethical use of it?	Hold it until timing matters	Information loses power when it is revealed before it can protect the outcome.	strong=UB;positive=UB;suppressed=SILVERQUILL,WR	REPLACE	KEEP-BUT-REWORD	HIGH	NO	mood=PRESENT;lore=NOT-EXPLICIT	HIGH	Differentiate UB; authored signals: strategic secrecy | visible obligation | public proof | rhetorical reveal | ["gameplay-or-deck-behavior","social-behavior","psychographic-or-motivational-inference-risk","philosophical-preference"]	Concept only: strategic secrecy. No current scoring effect is retained.	retire	Descriptive inventory only; answer-level evidence authority remains absent.
current_answer_effect	hall_UB_information	MISSING	hall_UB_information#answer-2	hall	A dangerous truth reaches you before anyone else. What is the most ethical use of it?	Turn it into obligation	The truth creates a debt, and the debt creates durable leverage.	strong=WB;positive=WB;suppressed=UB	REPLACE	KEEP-BUT-REWORD	HIGH	NO	mood=PRESENT;lore=NOT-EXPLICIT	HIGH	Differentiate UB; authored signals: strategic secrecy | visible obligation | public proof | rhetorical reveal | ["gameplay-or-deck-behavior","social-behavior","psychographic-or-motivational-inference-risk","philosophical-preference"]	Concept only: visible obligation. No current scoring effect is retained.	retire	Descriptive inventory only; answer-level evidence authority remains absent.
current_answer_effect	hall_UB_information	MISSING	hall_UB_information#answer-3	hall	A dangerous truth reaches you before anyone else. What is the most ethical use of it?	Make the pattern legible	The truth matters most when it becomes a proof others can test.	strong=QUANDRIX;positive=QUANDRIX,WU;suppressed=UB	REPLACE	KEEP-BUT-REWORD	HIGH	NO	mood=PRESENT;lore=NOT-EXPLICIT	HIGH	Differentiate UB; authored signals: strategic secrecy | visible obligation | public proof | rhetorical reveal | ["gameplay-or-deck-behavior","social-behavior","psychographic-or-motivational-inference-risk","philosophical-preference"]	Concept only: public proof. No current scoring effect is retained.	retire	Descriptive inventory only; answer-level evidence authority remains absent.
current_answer_effect	hall_UB_information	MISSING	hall_UB_information#answer-4	hall	A dangerous truth reaches you before anyone else. What is the most ethical use of it?	Say it so the room changes	A hidden truth is wasted if no one feels its force.	strong=SILVERQUILL;positive=SILVERQUILL;suppressed=UB	REPLACE	KEEP-BUT-REWORD	HIGH	NO	mood=PRESENT;lore=NOT-EXPLICIT	HIGH	Differentiate UB; authored signals: strategic secrecy | visible obligation | public proof | rhetorical reveal | ["gameplay-or-deck-behavior","social-behavior","psychographic-or-motivational-inference-risk","philosophical-preference"]	Concept only: rhetorical reveal. No current scoring effect is retained.	retire	Descriptive inventory only; answer-level evidence authority remains absent.
current_answer_effect	hall_BR_intensity	MISSING	hall_BR_intensity#answer-1	hall	A group has become numb and respectable while something true is rotting underneath. How do you wake them up?	Make the discomfort impossible to ignore	Shock can be honest when politeness is the lie.	strong=BR;positive=BR;suppressed=WU,WG	REPLACE	NEEDS-EVIDENCE	HIGH	YES	mood=PRESENT;lore=NOT-EXPLICIT	HIGH	Differentiate BR; authored signals: transgressive performance | wild liberation | crafted spectacle | righteous action | ["social-behavior","psychographic-or-motivational-inference-risk","aesthetic-or-narrative-preference"]	Concept only: transgressive performance. No current scoring effect is retained.	retire	Descriptive inventory only; answer-level evidence authority remains absent.
current_answer_effect	hall_BR_intensity	MISSING	hall_BR_intensity#answer-2	hall	A group has become numb and respectable while something true is rotting underneath. How do you wake them up?	Break the cage itself	The problem is not numbness; it is domestication.	strong=RG;positive=RG;suppressed=BR	REPLACE	KEEP-BUT-REWORD	HIGH	YES	mood=PRESENT;lore=NOT-EXPLICIT	HIGH	Differentiate BR; authored signals: transgressive performance | wild liberation | crafted spectacle | righteous action | ["social-behavior","psychographic-or-motivational-inference-risk","aesthetic-or-narrative-preference"]	Concept only: wild liberation. No current scoring effect is retained.	retire	Descriptive inventory only; answer-level evidence authority remains absent.
current_answer_effect	hall_BR_intensity	MISSING	hall_BR_intensity#answer-3	hall	A group has become numb and respectable while something true is rotting underneath. How do you wake them up?	Craft a beautiful rupture	The form matters. The release should be art, not just damage.	strong=PRISMARI;positive=PRISMARI;suppressed=BR	REPLACE	NEEDS-EVIDENCE	HIGH	YES	mood=PRESENT;lore=NOT-EXPLICIT	HIGH	Differentiate BR; authored signals: transgressive performance | wild liberation | crafted spectacle | righteous action | ["social-behavior","psychographic-or-motivational-inference-risk","aesthetic-or-narrative-preference"]	Concept only: crafted spectacle. No current scoring effect is retained.	retire	Descriptive inventory only; answer-level evidence authority remains absent.
current_answer_effect	hall_BR_intensity	MISSING	hall_BR_intensity#answer-4	hall	A group has become numb and respectable while something true is rotting underneath. How do you wake them up?	Name the wrong and move	Do not perform around harm. Stop it.	strong=WR;positive=WR;suppressed=BR	REPLACE	NEEDS-EVIDENCE	HIGH	YES	mood=PRESENT;lore=NOT-EXPLICIT	HIGH	Differentiate BR; authored signals: transgressive performance | wild liberation | crafted spectacle | righteous action | ["social-behavior","psychographic-or-motivational-inference-risk","aesthetic-or-narrative-preference"]	Concept only: righteous action. No current scoring effect is retained.	retire	Descriptive inventory only; answer-level evidence authority remains absent.
current_answer_effect	hall_RG_wild	MISSING	hall_RG_wild#answer-1	hall	A system has taken something essential and called the loss progress. What response feels honest?	Stop asking permission	What was taken will not be returned by the people who paved it over.	strong=RG;positive=RG;suppressed=WU,WG	REPLACE	RETUNE	HIGH	YES	mood=PRESENT;lore=NOT-EXPLICIT	HIGH	Differentiate RG; authored signals: undomesticated grievance | performative transgression | communal repair | ecological study | ["gameplay-or-deck-behavior","social-behavior","psychographic-or-motivational-inference-risk"]	Concept only: undomesticated grievance. No current scoring effect is retained.	retire	Descriptive inventory only; answer-level evidence authority remains absent.
current_answer_effect	hall_RG_wild	MISSING	hall_RG_wild#answer-2	hall	A system has taken something essential and called the loss progress. What response feels honest?	Turn the wound into theater	Make the comfortable audience feel what they were ignoring.	strong=BR;positive=BR;suppressed=RG	REPLACE	RETUNE	HIGH	YES	mood=PRESENT;lore=NOT-EXPLICIT	HIGH	Differentiate RG; authored signals: undomesticated grievance | performative transgression | communal repair | ecological study | ["gameplay-or-deck-behavior","social-behavior","psychographic-or-motivational-inference-risk"]	Concept only: performative transgression. No current scoring effect is retained.	retire	Descriptive inventory only; answer-level evidence authority remains absent.
current_answer_effect	hall_RG_wild	MISSING	hall_RG_wild#answer-3	hall	A system has taken something essential and called the loss progress. What response feels honest?	Rebuild trust around what remains	The answer is a community strong enough to keep people from being erased.	strong=WG;positive=WG;suppressed=RG	REPLACE	KEEP-BUT-REWORD	HIGH	YES	mood=PRESENT;lore=NOT-EXPLICIT	HIGH	Differentiate RG; authored signals: undomesticated grievance | performative transgression | communal repair | ecological study | ["gameplay-or-deck-behavior","social-behavior","psychographic-or-motivational-inference-risk"]	Concept only: communal repair. No current scoring effect is retained.	retire	Descriptive inventory only; answer-level evidence authority remains absent.
current_answer_effect	hall_RG_wild	MISSING	hall_RG_wild#answer-4	hall	A system has taken something essential and called the loss progress. What response feels honest?	Study the damaged ecosystem	The wound is real, but understanding the cycle is the first act of care.	strong=WITHERBLOOM;positive=WITHERBLOOM,BG;suppressed=RG	REPLACE	KEEP-BUT-REWORD	HIGH	YES	mood=PRESENT;lore=NOT-EXPLICIT	HIGH	Differentiate RG; authored signals: undomesticated grievance | performative transgression | communal repair | ecological study | ["gameplay-or-deck-behavior","social-behavior","psychographic-or-motivational-inference-risk"]	Concept only: ecological study. No current scoring effect is retained.	retire	Descriptive inventory only; answer-level evidence authority remains absent.
current_answer_effect	hall_WG_belonging	MISSING	hall_WG_belonging#answer-1	hall	Someone feels isolated and brittle. What kind of help matters most?	Belonging that softens the self	Healing starts when the person no longer has to be a sealed-off island.	strong=WG;positive=WG;suppressed=WU,UB	RETUNE	RETUNE	MEDIUM	NO	mood=PRESENT;lore=NOT-EXPLICIT	HIGH	Differentiate WG; authored signals: shared self | enforceable structure | vital care | transformative speech | ["social-behavior","psychographic-or-motivational-inference-risk","aesthetic-or-narrative-preference","philosophical-preference"]	Concept only: shared self. No current scoring effect is retained.	retain concept only	Descriptive inventory only; answer-level evidence authority remains absent.
current_answer_effect	hall_WG_belonging	MISSING	hall_WG_belonging#answer-2	hall	Someone feels isolated and brittle. What kind of help matters most?	Clear duties and limits	Safety comes from knowing what everyone is bound to do.	strong=WU;positive=WU;suppressed=WG	RETUNE	KEEP-BUT-REWORD	MEDIUM	NO	mood=PRESENT;lore=NOT-EXPLICIT	HIGH	Differentiate WG; authored signals: shared self | enforceable structure | vital care | transformative speech | ["social-behavior","psychographic-or-motivational-inference-risk","aesthetic-or-narrative-preference","philosophical-preference"]	Concept only: enforceable structure. No current scoring effect is retained.	retain concept only	Descriptive inventory only; answer-level evidence authority remains absent.
current_answer_effect	hall_WG_belonging	MISSING	hall_WG_belonging#answer-3	hall	Someone feels isolated and brittle. What kind of help matters most?	Hands-on life care	Tend the messy living needs first; meaning follows.	strong=WITHERBLOOM;positive=WITHERBLOOM,UG;suppressed=WG	RETUNE	KEEP-BUT-REWORD	MEDIUM	NO	mood=PRESENT;lore=NOT-EXPLICIT	HIGH	Differentiate WG; authored signals: shared self | enforceable structure | vital care | transformative speech | ["social-behavior","psychographic-or-motivational-inference-risk","aesthetic-or-narrative-preference","philosophical-preference"]	Concept only: vital care. No current scoring effect is retained.	retain concept only	Descriptive inventory only; answer-level evidence authority remains absent.
current_answer_effect	hall_WG_belonging	MISSING	hall_WG_belonging#answer-4	hall	Someone feels isolated and brittle. What kind of help matters most?	A voice that changes them	The right words can give someone a new image of themselves.	strong=SILVERQUILL;positive=SILVERQUILL;suppressed=WG	RETUNE	KEEP-BUT-REWORD	MEDIUM	NO	mood=PRESENT;lore=NOT-EXPLICIT	HIGH	Differentiate WG; authored signals: shared self | enforceable structure | vital care | transformative speech | ["social-behavior","psychographic-or-motivational-inference-risk","aesthetic-or-narrative-preference","philosophical-preference"]	Concept only: transformative speech. No current scoring effect is retained.	retain concept only	Descriptive inventory only; answer-level evidence authority remains absent.
current_answer_effect	hall_WB_obligation	MISSING	hall_WB_obligation#answer-1	hall	Someone caused harm and now owes something serious. What makes repayment real?	A debt that outlasts apology	Obligation is not a feeling. It is a structure with consequences.	strong=WB;positive=WB;suppressed=WG,UB	REPLACE	KEEP-BUT-REWORD	HIGH	NO	mood=PRESENT;lore=NOT-EXPLICIT	HIGH	Differentiate WB; authored signals: debt as relationship | fairness through process | secret leverage | rhetorical status | ["social-behavior","psychographic-or-motivational-inference-risk","aesthetic-or-narrative-preference"]	Concept only: debt as relationship. No current scoring effect is retained.	retire	Descriptive inventory only; answer-level evidence authority remains absent.
current_answer_effect	hall_WB_obligation	MISSING	hall_WB_obligation#answer-2	hall	Someone caused harm and now owes something serious. What makes repayment real?	A fair process	Restitution has to be impartial or it becomes private power.	strong=WU;positive=WU;suppressed=WB	REPLACE	NEEDS-EVIDENCE	HIGH	NO	mood=PRESENT;lore=NOT-EXPLICIT	HIGH	Differentiate WB; authored signals: debt as relationship | fairness through process | secret leverage | rhetorical status | ["social-behavior","psychographic-or-motivational-inference-risk","aesthetic-or-narrative-preference"]	Concept only: fairness through process. No current scoring effect is retained.	retire	Descriptive inventory only; answer-level evidence authority remains absent.
current_answer_effect	hall_WB_obligation	MISSING	hall_WB_obligation#answer-3	hall	Someone caused harm and now owes something serious. What makes repayment real?	Hidden leverage	The useful debt is the one they do not know you can call in yet.	strong=UB;positive=UB;suppressed=WB	REPLACE	NEEDS-EVIDENCE	HIGH	NO	mood=PRESENT;lore=NOT-EXPLICIT	HIGH	Differentiate WB; authored signals: debt as relationship | fairness through process | secret leverage | rhetorical status | ["social-behavior","psychographic-or-motivational-inference-risk","aesthetic-or-narrative-preference"]	Concept only: secret leverage. No current scoring effect is retained.	retire	Descriptive inventory only; answer-level evidence authority remains absent.
current_answer_effect	hall_WB_obligation	MISSING	hall_WB_obligation#answer-4	hall	Someone caused harm and now owes something serious. What makes repayment real?	Publicly chosen words	The repair must be spoken well enough to reshape reputation.	strong=SILVERQUILL;positive=SILVERQUILL;suppressed=WB	REPLACE	NEEDS-EVIDENCE	HIGH	NO	mood=PRESENT;lore=NOT-EXPLICIT	HIGH	Differentiate WB; authored signals: debt as relationship | fairness through process | secret leverage | rhetorical status | ["social-behavior","psychographic-or-motivational-inference-risk","aesthetic-or-narrative-preference"]	Concept only: rhetorical status. No current scoring effect is retained.	retire	Descriptive inventory only; answer-level evidence authority remains absent.
current_answer_effect	hall_UR_experiment	MISSING	hall_UR_experiment#answer-1	hall	A risky idea could improve everything, but it may fail loudly. What keeps you interested?	The mechanism	Even failure teaches something if the experiment was interesting.	strong=UR;positive=UR;suppressed=WU,PRISMARI	REPLACE	NEEDS-EVIDENCE	HIGH	YES	mood=PRESENT;lore=NOT-EXPLICIT	HIGH	Differentiate UR; authored signals: mechanistic experiment | elemental expression | formal pattern | biological adaptation | ["social-behavior","psychographic-or-motivational-inference-risk","aesthetic-or-narrative-preference"]	Concept only: mechanistic experiment. No current scoring effect is retained.	retire	Descriptive inventory only; answer-level evidence authority remains absent.
current_answer_effect	hall_UR_experiment	MISSING	hall_UR_experiment#answer-2	hall	A risky idea could improve everything, but it may fail loudly. What keeps you interested?	The expression	It matters because it will make people feel what the idea means.	strong=PRISMARI;positive=PRISMARI;suppressed=UR	REPLACE	KEEP-BUT-REWORD	HIGH	YES	mood=PRESENT;lore=NOT-EXPLICIT	HIGH	Differentiate UR; authored signals: mechanistic experiment | elemental expression | formal pattern | biological adaptation | ["social-behavior","psychographic-or-motivational-inference-risk","aesthetic-or-narrative-preference"]	Concept only: elemental expression. No current scoring effect is retained.	retire	Descriptive inventory only; answer-level evidence authority remains absent.
current_answer_effect	hall_UR_experiment	MISSING	hall_UR_experiment#answer-3	hall	A risky idea could improve everything, but it may fail loudly. What keeps you interested?	The proof	A beautiful idea still needs a pattern that can hold.	strong=QUANDRIX;positive=QUANDRIX;suppressed=UR	REPLACE	NEEDS-EVIDENCE	HIGH	YES	mood=PRESENT;lore=NOT-EXPLICIT	HIGH	Differentiate UR; authored signals: mechanistic experiment | elemental expression | formal pattern | biological adaptation | ["social-behavior","psychographic-or-motivational-inference-risk","aesthetic-or-narrative-preference"]	Concept only: formal pattern. No current scoring effect is retained.	retire	Descriptive inventory only; answer-level evidence authority remains absent.
current_answer_effect	hall_UR_experiment	MISSING	hall_UR_experiment#answer-4	hall	A risky idea could improve everything, but it may fail loudly. What keeps you interested?	The adaptation	The question is whether the system becomes more resilient afterward.	strong=UG;positive=UG;suppressed=UR	REPLACE	NEEDS-EVIDENCE	HIGH	YES	mood=PRESENT;lore=NOT-EXPLICIT	HIGH	Differentiate UR; authored signals: mechanistic experiment | elemental expression | formal pattern | biological adaptation | ["social-behavior","psychographic-or-motivational-inference-risk","aesthetic-or-narrative-preference"]	Concept only: biological adaptation. No current scoring effect is retained.	retire	Descriptive inventory only; answer-level evidence authority remains absent.
current_answer_effect	hall_BG_reclamation	MISSING	hall_BG_reclamation#answer-1	hall	A system collapses and leaves failure, waste, grief, and useful remains. What should happen next?	Build from the rot	Nothing discarded stops being part of the city. Reclaim it.	strong=BG;positive=BG;suppressed=WU,PRISMARI	RETUNE	NEEDS-EVIDENCE	LOW	YES	mood=PRESENT;lore=NOT-EXPLICIT	HIGH	Differentiate BG; authored signals: survival through reclamation | essence ecology | communal shelter | owed restitution | ["gameplay-or-deck-behavior","social-behavior","aesthetic-or-narrative-preference"]	Concept only: survival through reclamation. No current scoring effect is retained.	retain concept only	Descriptive inventory only; answer-level evidence authority remains absent.
current_answer_effect	hall_BG_reclamation	MISSING	hall_BG_reclamation#answer-2	hall	A system collapses and leaves failure, waste, grief, and useful remains. What should happen next?	Study the life-death exchange	The collapse reveals how vitality actually moves.	strong=WITHERBLOOM;positive=WITHERBLOOM;suppressed=BG	RETUNE	NEEDS-EVIDENCE	LOW	YES	mood=PRESENT;lore=NOT-EXPLICIT	HIGH	Differentiate BG; authored signals: survival through reclamation | essence ecology | communal shelter | owed restitution | ["gameplay-or-deck-behavior","social-behavior","aesthetic-or-narrative-preference"]	Concept only: essence ecology. No current scoring effect is retained.	retain concept only	Descriptive inventory only; answer-level evidence authority remains absent.
current_answer_effect	hall_BG_reclamation	MISSING	hall_BG_reclamation#answer-3	hall	A system collapses and leaves failure, waste, grief, and useful remains. What should happen next?	Gather the abandoned	The people left behind need belonging before strategy.	strong=WG;positive=WG;suppressed=BG	RETUNE	NEEDS-EVIDENCE	LOW	YES	mood=PRESENT;lore=NOT-EXPLICIT	HIGH	Differentiate BG; authored signals: survival through reclamation | essence ecology | communal shelter | owed restitution | ["gameplay-or-deck-behavior","social-behavior","aesthetic-or-narrative-preference"]	Concept only: communal shelter. No current scoring effect is retained.	retain concept only	Descriptive inventory only; answer-level evidence authority remains absent.
current_answer_effect	hall_BG_reclamation	MISSING	hall_BG_reclamation#answer-4	hall	A system collapses and leaves failure, waste, grief, and useful remains. What should happen next?	Make the debt visible	Someone profited from the collapse. The ledger should remember.	strong=WB;positive=WB;suppressed=BG	RETUNE	NEEDS-EVIDENCE	LOW	YES	mood=PRESENT;lore=NOT-EXPLICIT	HIGH	Differentiate BG; authored signals: survival through reclamation | essence ecology | communal shelter | owed restitution | ["gameplay-or-deck-behavior","social-behavior","aesthetic-or-narrative-preference"]	Concept only: owed restitution. No current scoring effect is retained.	retain concept only	Descriptive inventory only; answer-level evidence authority remains absent.
current_answer_effect	hall_UG_adaptation	MISSING	hall_UG_adaptation#answer-1	hall	A living system is not ready for the future. What response feels most natural?	Adapt the organism	If survival requires change, the form should change.	strong=UG;positive=UG;suppressed=QUANDRIX,WU	RETUNE	KEEP-BUT-REWORD	MEDIUM	NO	mood=PRESENT;lore=NOT-EXPLICIT	HIGH	Differentiate UG; authored signals: purposeful biological adaptation | mathematical structure | life-death ecology | chaotic experiment | ["psychographic-or-motivational-inference-risk"]	Concept only: purposeful biological adaptation. No current scoring effect is retained.	retain concept only	Descriptive inventory only; answer-level evidence authority remains absent.
current_answer_effect	hall_UG_adaptation	MISSING	hall_UG_adaptation#answer-2	hall	A living system is not ready for the future. What response feels most natural?	Find the equation	The living system is an expression of a deeper pattern.	strong=QUANDRIX;positive=QUANDRIX;suppressed=UG	RETUNE	KEEP-BUT-REWORD	MEDIUM	NO	mood=PRESENT;lore=NOT-EXPLICIT	HIGH	Differentiate UG; authored signals: purposeful biological adaptation | mathematical structure | life-death ecology | chaotic experiment | ["psychographic-or-motivational-inference-risk"]	Concept only: mathematical structure. No current scoring effect is retained.	retain concept only	Descriptive inventory only; answer-level evidence authority remains absent.
current_answer_effect	hall_UG_adaptation	MISSING	hall_UG_adaptation#answer-3	hall	A living system is not ready for the future. What response feels most natural?	Study the essence cycle	Life and death are not opposites. The exchange itself matters.	strong=WITHERBLOOM;positive=WITHERBLOOM;suppressed=UG	RETUNE	KEEP-BUT-REWORD	MEDIUM	NO	mood=PRESENT;lore=NOT-EXPLICIT	HIGH	Differentiate UG; authored signals: purposeful biological adaptation | mathematical structure | life-death ecology | chaotic experiment | ["psychographic-or-motivational-inference-risk"]	Concept only: life-death ecology. No current scoring effect is retained.	retain concept only	Descriptive inventory only; answer-level evidence authority remains absent.
current_answer_effect	hall_UG_adaptation	MISSING	hall_UG_adaptation#answer-4	hall	A living system is not ready for the future. What response feels most natural?	Prototype wildly	Try the strange idea and see what the system teaches back.	strong=UR;positive=UR;suppressed=UG	RETUNE	KEEP-BUT-REWORD	MEDIUM	NO	mood=PRESENT;lore=NOT-EXPLICIT	HIGH	Differentiate UG; authored signals: purposeful biological adaptation | mathematical structure | life-death ecology | chaotic experiment | ["psychographic-or-motivational-inference-risk"]	Concept only: chaotic experiment. No current scoring effect is retained.	retain concept only	Descriptive inventory only; answer-level evidence authority remains absent.
current_answer_effect	hall_BANT_champion	MISSING	hall_BANT_champion#answer-1	hall	The group can only back one line of action. What makes that champion worthy of the whole community's support?	Public trust and support	The champion is worthy when their excellence stays visible, accountable, and carried by the community behind them.	strong=BANT;positive=BANT;suppressed=WU,WG,UG	RETUNE	NEEDS-EVIDENCE	LOW	NO	mood=PRESENT;lore=NOT-EXPLICIT	HIGH	Differentiate BANT; authored signals: supported champion | procedure over champion | broad communal belonging | adaptation over honor | ["social-behavior","aesthetic-or-narrative-preference"]	Concept only: supported champion. No current scoring effect is retained.	rewrite for pilot	Descriptive inventory only; answer-level evidence authority remains absent.
current_answer_effect	hall_BANT_champion	MISSING	hall_BANT_champion#answer-2	hall	The group can only back one line of action. What makes that champion worthy of the whole community's support?	The fairest procedure	The right line is the one the process can defend impartially.	strong=WU;positive=WU;suppressed=BANT	RETUNE	NEEDS-EVIDENCE	LOW	NO	mood=PRESENT;lore=NOT-EXPLICIT	HIGH	Differentiate BANT; authored signals: supported champion | procedure over champion | broad communal belonging | adaptation over honor | ["social-behavior","aesthetic-or-narrative-preference"]	Concept only: procedure over champion. No current scoring effect is retained.	rewrite for pilot	Descriptive inventory only; answer-level evidence authority remains absent.
current_answer_effect	hall_BANT_champion	MISSING	hall_BANT_champion#answer-3	hall	The group can only back one line of action. What makes that champion worthy of the whole community's support?	Everyone moving together	The worth comes from the whole group choosing the same care at the same time.	strong=WG;positive=WG;suppressed=BANT	RETUNE	NEEDS-EVIDENCE	LOW	NO	mood=PRESENT;lore=NOT-EXPLICIT	HIGH	Differentiate BANT; authored signals: supported champion | procedure over champion | broad communal belonging | adaptation over honor | ["social-behavior","aesthetic-or-narrative-preference"]	Concept only: broad communal belonging. No current scoring effect is retained.	rewrite for pilot	Descriptive inventory only; answer-level evidence authority remains absent.
current_answer_effect	hall_BANT_champion	MISSING	hall_BANT_champion#answer-4	hall	The group can only back one line of action. What makes that champion worthy of the whole community's support?	The best-adapted form	The worthy line is the one that changes the organism enough to survive.	strong=UG;positive=UG;suppressed=BANT	RETUNE	NEEDS-EVIDENCE	LOW	NO	mood=PRESENT;lore=NOT-EXPLICIT	HIGH	Differentiate BANT; authored signals: supported champion | procedure over champion | broad communal belonging | adaptation over honor | ["social-behavior","aesthetic-or-narrative-preference"]	Concept only: adaptation over honor. No current scoring effect is retained.	rewrite for pilot	Descriptive inventory only; answer-level evidence authority remains absent.
current_answer_effect	hall_BANT_living_order	MISSING	hall_BANT_living_order#answer-1	hall	Order can protect, refine, or smother a living community. What makes it honorable?	Duty held by living community	Order is honorable when it protects the living body of the group and keeps power answerable to shared duty.	strong=BANT;positive=BANT;suppressed=WU,WG,UG	RETUNE	NEEDS-EVIDENCE	LOW	NO	mood=NOT-EXPLICIT;lore=NOT-EXPLICIT	HIGH	Differentiate BANT; authored signals: living order | airtight procedure | belonging before rank | adaptive life | ["social-behavior","psychographic-or-motivational-inference-risk","philosophical-preference"]	Concept only: living order. No current scoring effect is retained.	rewrite for pilot	Descriptive inventory only; answer-level evidence authority remains absent.
current_answer_effect	hall_BANT_living_order	MISSING	hall_BANT_living_order#answer-2	hall	Order can protect, refine, or smother a living community. What makes it honorable?	Procedure that cannot bend	Order is honorable because the rule stays stable even when the room wants an exception.	strong=WU;positive=WU;suppressed=BANT	RETUNE	RETUNE	LOW	NO	mood=NOT-EXPLICIT;lore=NOT-EXPLICIT	HIGH	Differentiate BANT; authored signals: living order | airtight procedure | belonging before rank | adaptive life | ["social-behavior","psychographic-or-motivational-inference-risk","philosophical-preference"]	Concept only: airtight procedure. No current scoring effect is retained.	rewrite for pilot	Descriptive inventory only; answer-level evidence authority remains absent.
current_answer_effect	hall_BANT_living_order	MISSING	hall_BANT_living_order#answer-3	hall	Order can protect, refine, or smother a living community. What makes it honorable?	Belonging before rank	Order matters when it dissolves isolation and lets the circle care as one.	strong=WG;positive=WG;suppressed=BANT	RETUNE	NEEDS-EVIDENCE	LOW	NO	mood=NOT-EXPLICIT;lore=NOT-EXPLICIT	HIGH	Differentiate BANT; authored signals: living order | airtight procedure | belonging before rank | adaptive life | ["social-behavior","psychographic-or-motivational-inference-risk","philosophical-preference"]	Concept only: belonging before rank. No current scoring effect is retained.	rewrite for pilot	Descriptive inventory only; answer-level evidence authority remains absent.
current_answer_effect	hall_BANT_living_order	MISSING	hall_BANT_living_order#answer-4	hall	Order can protect, refine, or smother a living community. What makes it honorable?	Adaptation before duty	Order is only useful if the living system can keep changing toward what comes next.	strong=UG;positive=UG;suppressed=BANT	RETUNE	NEEDS-EVIDENCE	LOW	NO	mood=NOT-EXPLICIT;lore=NOT-EXPLICIT	HIGH	Differentiate BANT; authored signals: living order | airtight procedure | belonging before rank | adaptive life | ["social-behavior","psychographic-or-motivational-inference-risk","philosophical-preference"]	Concept only: adaptive life. No current scoring effect is retained.	rewrite for pilot	Descriptive inventory only; answer-level evidence authority remains absent.
current_answer_effect	hall_ESPER_perfectibility	MISSING	hall_ESPER_perfectibility#answer-1	hall	A flawed system can be improved, but only if the change is exact. What makes improvement trustworthy?	Understand, then refine	Study the system, identify the disorder, and improve it through deliberate knowledge rather than impulse.	strong=ESPER;positive=ESPER,U,WU;suppressed=RG,WG,BANT	RETUNE	NEEDS-EVIDENCE	LOW	YES	mood=PRESENT;lore=NOT-EXPLICIT	HIGH	Differentiate ESPER; authored signals: perfectibility through applied knowledge | procedure over perfectibility | hidden leverage over design | living order over exact design | ["social-behavior","aesthetic-or-narrative-preference","philosophical-preference"]	Concept only: perfectibility through applied knowledge. No current scoring effect is retained.	retain concept only	Descriptive inventory only; answer-level evidence authority remains absent.
current_answer_effect	hall_ESPER_perfectibility	MISSING	hall_ESPER_perfectibility#answer-2	hall	A flawed system can be improved, but only if the change is exact. What makes improvement trustworthy?	Follow the procedure	Improvement is trustworthy when the process stays impartial and public.	strong=WU;positive=WU;suppressed=ESPER	RETUNE	RETUNE	LOW	YES	mood=PRESENT;lore=NOT-EXPLICIT	HIGH	Differentiate ESPER; authored signals: perfectibility through applied knowledge | procedure over perfectibility | hidden leverage over design | living order over exact design | ["social-behavior","aesthetic-or-narrative-preference","philosophical-preference"]	Concept only: procedure over perfectibility. No current scoring effect is retained.	retain concept only	Descriptive inventory only; answer-level evidence authority remains absent.
current_answer_effect	hall_ESPER_perfectibility	MISSING	hall_ESPER_perfectibility#answer-3	hall	A flawed system can be improved, but only if the change is exact. What makes improvement trustworthy?	Keep the leverage hidden	Improvement is safest when no one sees the information advantage until it matters.	strong=UB;positive=UB;suppressed=ESPER	RETUNE	NEEDS-EVIDENCE	LOW	YES	mood=PRESENT;lore=NOT-EXPLICIT	HIGH	Differentiate ESPER; authored signals: perfectibility through applied knowledge | procedure over perfectibility | hidden leverage over design | living order over exact design | ["social-behavior","aesthetic-or-narrative-preference","philosophical-preference"]	Concept only: hidden leverage over design. No current scoring effect is retained.	retain concept only	Descriptive inventory only; answer-level evidence authority remains absent.
current_answer_effect	hall_ESPER_perfectibility	MISSING	hall_ESPER_perfectibility#answer-4	hall	A flawed system can be improved, but only if the change is exact. What makes improvement trustworthy?	Protect the living whole	Improvement is trustworthy when it preserves the community that has to live inside it.	strong=BANT;positive=BANT,WG;suppressed=ESPER	RETUNE	NEEDS-EVIDENCE	LOW	YES	mood=PRESENT;lore=NOT-EXPLICIT	HIGH	Differentiate ESPER; authored signals: perfectibility through applied knowledge | procedure over perfectibility | hidden leverage over design | living order over exact design | ["social-behavior","aesthetic-or-narrative-preference","philosophical-preference"]	Concept only: living order over exact design. No current scoring effect is retained.	retain concept only	Descriptive inventory only; answer-level evidence authority remains absent.
current_answer_effect	hall_ESPER_designed_control	MISSING	hall_ESPER_designed_control#answer-1	hall	A plan is nearly perfect, but one part keeps resisting optimization. What should happen next?	Make every piece serve the design	Keep refining until the whole system obeys the shape knowledge has revealed.	strong=ESPER;positive=ESPER,WB,UB,WU;suppressed=BANT,RG,G	REPLACE	NEEDS-EVIDENCE	HIGH	YES	mood=NOT-EXPLICIT;lore=NOT-EXPLICIT	HIGH	Differentiate ESPER; authored signals: designed control | obligation over optimization | hidden variable control | community over optimization | ["social-behavior","aesthetic-or-narrative-preference","philosophical-preference"]	Concept only: designed control. No current scoring effect is retained.	retire	Descriptive inventory only; answer-level evidence authority remains absent.
current_answer_effect	hall_ESPER_designed_control	MISSING	hall_ESPER_designed_control#answer-2	hall	A plan is nearly perfect, but one part keeps resisting optimization. What should happen next?	Preserve the obligation	The resistant part matters because it owes or is owed something the structure must honor.	strong=WB;positive=WB;suppressed=ESPER	REPLACE	NEEDS-EVIDENCE	HIGH	YES	mood=NOT-EXPLICIT;lore=NOT-EXPLICIT	HIGH	Differentiate ESPER; authored signals: designed control | obligation over optimization | hidden variable control | community over optimization | ["social-behavior","aesthetic-or-narrative-preference","philosophical-preference"]	Concept only: obligation over optimization. No current scoring effect is retained.	retire	Descriptive inventory only; answer-level evidence authority remains absent.
current_answer_effect	hall_ESPER_designed_control	MISSING	hall_ESPER_designed_control#answer-3	hall	A plan is nearly perfect, but one part keeps resisting optimization. What should happen next?	Control the unseen variable	Keep the decisive factor hidden until the table can no longer answer it.	strong=UB;positive=UB;suppressed=ESPER	REPLACE	NEEDS-EVIDENCE	HIGH	YES	mood=NOT-EXPLICIT;lore=NOT-EXPLICIT	HIGH	Differentiate ESPER; authored signals: designed control | obligation over optimization | hidden variable control | community over optimization | ["social-behavior","aesthetic-or-narrative-preference","philosophical-preference"]	Concept only: hidden variable control. No current scoring effect is retained.	retire	Descriptive inventory only; answer-level evidence authority remains absent.
current_answer_effect	hall_ESPER_designed_control	MISSING	hall_ESPER_designed_control#answer-4	hall	A plan is nearly perfect, but one part keeps resisting optimization. What should happen next?	Keep the community whole	A design that breaks the living order is not worth completing.	strong=BANT;positive=BANT,WG;suppressed=ESPER	REPLACE	RETUNE	HIGH	YES	mood=NOT-EXPLICIT;lore=NOT-EXPLICIT	HIGH	Differentiate ESPER; authored signals: designed control | obligation over optimization | hidden variable control | community over optimization | ["social-behavior","aesthetic-or-narrative-preference","philosophical-preference"]	Concept only: community over optimization. No current scoring effect is retained.	retire	Descriptive inventory only; answer-level evidence authority remains absent.
current_answer_effect	hall_GRIXIS_survival_opening	MISSING	hall_GRIXIS_survival_opening#answer-1	hall	A hostile situation leaves one narrow opening. What makes the next move true?	Find the weakness and take it	Study the break in the situation, claim the opening, and survive before it closes.	strong=GRIXIS;positive=GRIXIS,B,UB;suppressed=BANT,ESPER,WU,WG	REPLACE	NEEDS-EVIDENCE	HIGH	NO	mood=PRESENT;lore=NOT-EXPLICIT	HIGH	Differentiate GRIXIS; authored signals: calculated survival opening | legitimacy over survival | appetite over calculation | community over survival leverage | ["social-behavior","psychographic-or-motivational-inference-risk"]	Concept only: calculated survival opening. No current scoring effect is retained.	retire	Descriptive inventory only; answer-level evidence authority remains absent.
current_answer_effect	hall_GRIXIS_survival_opening	MISSING	hall_GRIXIS_survival_opening#answer-2	hall	A hostile situation leaves one narrow opening. What makes the next move true?	Make the process legitimate	The move is true when the room can audit it and the rule can survive pressure.	strong=WU;positive=WU;suppressed=GRIXIS	REPLACE	NEEDS-EVIDENCE	HIGH	NO	mood=PRESENT;lore=NOT-EXPLICIT	HIGH	Differentiate GRIXIS; authored signals: calculated survival opening | legitimacy over survival | appetite over calculation | community over survival leverage | ["social-behavior","psychographic-or-motivational-inference-risk"]	Concept only: legitimacy over survival. No current scoring effect is retained.	retire	Descriptive inventory only; answer-level evidence authority remains absent.
current_answer_effect	hall_GRIXIS_survival_opening	MISSING	hall_GRIXIS_survival_opening#answer-3	hall	A hostile situation leaves one narrow opening. What makes the next move true?	Release the appetite	The opening matters because pressure wants an honest, unrestrained answer.	strong=BR;positive=BR;suppressed=GRIXIS	REPLACE	NEEDS-EVIDENCE	HIGH	NO	mood=PRESENT;lore=NOT-EXPLICIT	HIGH	Differentiate GRIXIS; authored signals: calculated survival opening | legitimacy over survival | appetite over calculation | community over survival leverage | ["social-behavior","psychographic-or-motivational-inference-risk"]	Concept only: appetite over calculation. No current scoring effect is retained.	retire	Descriptive inventory only; answer-level evidence authority remains absent.
current_answer_effect	hall_GRIXIS_survival_opening	MISSING	hall_GRIXIS_survival_opening#answer-4	hall	A hostile situation leaves one narrow opening. What makes the next move true?	Preserve the whole	The opening is only worth taking if it keeps the community intact.	strong=BANT;positive=BANT,WG;suppressed=GRIXIS	REPLACE	NEEDS-EVIDENCE	HIGH	NO	mood=PRESENT;lore=NOT-EXPLICIT	HIGH	Differentiate GRIXIS; authored signals: calculated survival opening | legitimacy over survival | appetite over calculation | community over survival leverage | ["social-behavior","psychographic-or-motivational-inference-risk"]	Concept only: community over survival leverage. No current scoring effect is retained.	retire	Descriptive inventory only; answer-level evidence authority remains absent.
current_answer_effect	hall_GRIXIS_volatile_calculation	MISSING	hall_GRIXIS_volatile_calculation#answer-1	hall	The information is incomplete, the pressure is rising, and delay has a cost. What wins your trust?	Calculation aimed at survival	Know enough to name the weakness, then act before the table gets another chance to close ranks.	strong=GRIXIS;positive=GRIXIS,UB,UR,BR;suppressed=ESPER,BANT,WU,WG	RETUNE	NEEDS-EVIDENCE	MEDIUM	YES	mood=PRESENT;lore=NOT-EXPLICIT	HIGH	Differentiate GRIXIS; authored signals: volatile calculation | exact control over volatility | experiment over survival leverage | shared order over self-advocacy | ["social-behavior","psychographic-or-motivational-inference-risk","philosophical-preference"]	Concept only: volatile calculation. No current scoring effect is retained.	retain concept only	Descriptive inventory only; answer-level evidence authority remains absent.
current_answer_effect	hall_GRIXIS_volatile_calculation	MISSING	hall_GRIXIS_volatile_calculation#answer-2	hall	The information is incomplete, the pressure is rising, and delay has a cost. What wins your trust?	Refine until exact	Pressure is not permission to move before the design is trustworthy.	strong=ESPER;positive=ESPER,WU;suppressed=GRIXIS	RETUNE	NEEDS-EVIDENCE	MEDIUM	YES	mood=PRESENT;lore=NOT-EXPLICIT	HIGH	Differentiate GRIXIS; authored signals: volatile calculation | exact control over volatility | experiment over survival leverage | shared order over self-advocacy | ["social-behavior","psychographic-or-motivational-inference-risk","philosophical-preference"]	Concept only: exact control over volatility. No current scoring effect is retained.	retain concept only	Descriptive inventory only; answer-level evidence authority remains absent.
current_answer_effect	hall_GRIXIS_volatile_calculation	MISSING	hall_GRIXIS_volatile_calculation#answer-3	hall	The information is incomplete, the pressure is rising, and delay has a cost. What wins your trust?	Experiment in the open	The best answer is to try the strange idea and learn from the spark.	strong=UR;positive=UR,PRISMARI;suppressed=GRIXIS	RETUNE	NEEDS-EVIDENCE	MEDIUM	YES	mood=PRESENT;lore=NOT-EXPLICIT	HIGH	Differentiate GRIXIS; authored signals: volatile calculation | exact control over volatility | experiment over survival leverage | shared order over self-advocacy | ["social-behavior","psychographic-or-motivational-inference-risk","philosophical-preference"]	Concept only: experiment over survival leverage. No current scoring effect is retained.	retain concept only	Descriptive inventory only; answer-level evidence authority remains absent.
current_answer_effect	hall_GRIXIS_volatile_calculation	MISSING	hall_GRIXIS_volatile_calculation#answer-4	hall	The information is incomplete, the pressure is rising, and delay has a cost. What wins your trust?	Stand with the circle	The safest move is the one the group can carry together.	strong=BANT;positive=BANT,WG;suppressed=GRIXIS	RETUNE	RETUNE	MEDIUM	YES	mood=PRESENT;lore=NOT-EXPLICIT	HIGH	Differentiate GRIXIS; authored signals: volatile calculation | exact control over volatility | experiment over survival leverage | shared order over self-advocacy | ["social-behavior","psychographic-or-motivational-inference-risk","philosophical-preference"]	Concept only: shared order over self-advocacy. No current scoring effect is retained.	retain concept only	Descriptive inventory only; answer-level evidence authority remains absent.
current_answer_effect	hall_JUND_instinct_pressure	MISSING	hall_JUND_instinct_pressure#answer-1	hall	Pressure strips away the polite answer. What makes the next move true?	Trust the gut and move	The body knows enough. Act from the honest feeling and carry the consequence.	strong=JUND;positive=JUND,R,RG;suppressed=WU,WG	REPLACE	KEEP-BUT-REWORD	HIGH	NO	mood=PRESENT;lore=NOT-EXPLICIT	HIGH	Differentiate JUND; authored signals: instinct under pressure | legitimacy over instinct | belonging over appetite | calculation over gut truth | ["social-behavior","psychographic-or-motivational-inference-risk","philosophical-preference"]	Concept only: instinct under pressure. No current scoring effect is retained.	retire	Descriptive inventory only; answer-level evidence authority remains absent.
current_answer_effect	hall_JUND_instinct_pressure	MISSING	hall_JUND_instinct_pressure#answer-2	hall	Pressure strips away the polite answer. What makes the next move true?	Make the process legitimate	The move is true when a shared rule can defend it after the pressure passes.	strong=WU;positive=WU;suppressed=JUND	REPLACE	NEEDS-EVIDENCE	HIGH	NO	mood=PRESENT;lore=NOT-EXPLICIT	HIGH	Differentiate JUND; authored signals: instinct under pressure | legitimacy over instinct | belonging over appetite | calculation over gut truth | ["social-behavior","psychographic-or-motivational-inference-risk","philosophical-preference"]	Concept only: legitimacy over instinct. No current scoring effect is retained.	retire	Descriptive inventory only; answer-level evidence authority remains absent.
current_answer_effect	hall_JUND_instinct_pressure	MISSING	hall_JUND_instinct_pressure#answer-3	hall	Pressure strips away the polite answer. What makes the next move true?	Preserve the living whole	The next move should protect belonging before it indulges appetite.	strong=WG;positive=WG;suppressed=JUND	REPLACE	NEEDS-EVIDENCE	HIGH	NO	mood=PRESENT;lore=NOT-EXPLICIT	HIGH	Differentiate JUND; authored signals: instinct under pressure | legitimacy over instinct | belonging over appetite | calculation over gut truth | ["social-behavior","psychographic-or-motivational-inference-risk","philosophical-preference"]	Concept only: belonging over appetite. No current scoring effect is retained.	retire	Descriptive inventory only; answer-level evidence authority remains absent.
current_answer_effect	hall_JUND_instinct_pressure	MISSING	hall_JUND_instinct_pressure#answer-4	hall	Pressure strips away the polite answer. What makes the next move true?	Calculate the opening	Move only after the weakness, cost, and leverage are named.	strong=GRIXIS;positive=GRIXIS;suppressed=JUND	REPLACE	KEEP-BUT-REWORD	HIGH	NO	mood=PRESENT;lore=NOT-EXPLICIT	HIGH	Differentiate JUND; authored signals: instinct under pressure | legitimacy over instinct | belonging over appetite | calculation over gut truth | ["social-behavior","psychographic-or-motivational-inference-risk","philosophical-preference"]	Concept only: calculation over gut truth. No current scoring effect is retained.	retire	Descriptive inventory only; answer-level evidence authority remains absent.
current_answer_effect	hall_JUND_appetite_consequence	MISSING	hall_JUND_appetite_consequence#answer-1	hall	A hunger rises with real cost attached. What makes it worth following?	Feed it and own the cost	Wanting is not a crime. The honest path is to act, pay, and become what survives.	strong=JUND;positive=JUND,BR,BG,RG;suppressed=WU,WG	REPLACE	NEEDS-EVIDENCE	HIGH	NO	mood=PRESENT;lore=NOT-EXPLICIT	HIGH	Differentiate JUND; authored signals: appetite with consequence | duty over appetite | performance over survival appetite | cycle over appetite | ["gameplay-or-deck-behavior","social-behavior","psychographic-or-motivational-inference-risk","aesthetic-or-narrative-preference"]	Concept only: appetite with consequence. No current scoring effect is retained.	retire	Descriptive inventory only; answer-level evidence authority remains absent.
current_answer_effect	hall_JUND_appetite_consequence	MISSING	hall_JUND_appetite_consequence#answer-2	hall	A hunger rises with real cost attached. What makes it worth following?	Bind it to duty	A hunger is trustworthy only when it serves a larger obligation.	strong=WB;positive=WB;suppressed=JUND	REPLACE	NEEDS-EVIDENCE	HIGH	NO	mood=PRESENT;lore=NOT-EXPLICIT	HIGH	Differentiate JUND; authored signals: appetite with consequence | duty over appetite | performance over survival appetite | cycle over appetite | ["gameplay-or-deck-behavior","social-behavior","psychographic-or-motivational-inference-risk","aesthetic-or-narrative-preference"]	Concept only: duty over appetite. No current scoring effect is retained.	retire	Descriptive inventory only; answer-level evidence authority remains absent.
current_answer_effect	hall_JUND_appetite_consequence	MISSING	hall_JUND_appetite_consequence#answer-3	hall	A hunger rises with real cost attached. What makes it worth following?	Let it become spectacle	The point is not survival but the release: visible, dangerous, and impossible to ignore.	strong=BR;positive=BR;suppressed=JUND	REPLACE	NEEDS-EVIDENCE	HIGH	NO	mood=PRESENT;lore=NOT-EXPLICIT	HIGH	Differentiate JUND; authored signals: appetite with consequence | duty over appetite | performance over survival appetite | cycle over appetite | ["gameplay-or-deck-behavior","social-behavior","psychographic-or-motivational-inference-risk","aesthetic-or-narrative-preference"]	Concept only: performance over survival appetite. No current scoring effect is retained.	retire	Descriptive inventory only; answer-level evidence authority remains absent.
current_answer_effect	hall_JUND_appetite_consequence	MISSING	hall_JUND_appetite_consequence#answer-4	hall	A hunger rises with real cost attached. What makes it worth following?	Compost it into renewal	Hunger is safest when it returns loss to the cycle and feeds what comes next.	strong=BG;positive=BG,WITHERBLOOM;suppressed=JUND	REPLACE	NEEDS-EVIDENCE	HIGH	NO	mood=PRESENT;lore=NOT-EXPLICIT	HIGH	Differentiate JUND; authored signals: appetite with consequence | duty over appetite | performance over survival appetite | cycle over appetite | ["gameplay-or-deck-behavior","social-behavior","psychographic-or-motivational-inference-risk","aesthetic-or-narrative-preference"]	Concept only: cycle over appetite. No current scoring effect is retained.	retire	Descriptive inventory only; answer-level evidence authority remains absent.
current_answer_effect	hall_NAYA_living_whole	MISSING	hall_NAYA_living_whole#answer-1	hall	A living world pulls through care, instinct, and scale. What makes the next move trustworthy?	Protect the living whole	Move with the bond that lets life keep growing, not with control or appetite alone.	strong=NAYA;positive=NAYA;suppressed=JUND,GRIXIS,BANT	REPLACE	NEEDS-EVIDENCE	HIGH	YES	mood=PRESENT;lore=NOT-EXPLICIT	HIGH	Differentiate NAYA; authored signals: belonging through protective abundance | shared community over living-world instinct | appetite over belonging | calculation over belonging | ["social-behavior","psychographic-or-motivational-inference-risk"]	Concept only: belonging through protective abundance. No current scoring effect is retained.	retire	Descriptive inventory only; answer-level evidence authority remains absent.
current_answer_effect	hall_NAYA_living_whole	MISSING	hall_NAYA_living_whole#answer-2	hall	A living world pulls through care, instinct, and scale. What makes the next move trustworthy?	Stand with the circle	The move is trustworthy when the community can carry it together.	strong=WG;positive=WG;suppressed=NAYA	REPLACE	NEEDS-EVIDENCE	HIGH	YES	mood=PRESENT;lore=NOT-EXPLICIT	HIGH	Differentiate NAYA; authored signals: belonging through protective abundance | shared community over living-world instinct | appetite over belonging | calculation over belonging | ["social-behavior","psychographic-or-motivational-inference-risk"]	Concept only: shared community over living-world instinct. No current scoring effect is retained.	retire	Descriptive inventory only; answer-level evidence authority remains absent.
current_answer_effect	hall_NAYA_living_whole	MISSING	hall_NAYA_living_whole#answer-3	hall	A living world pulls through care, instinct, and scale. What makes the next move trustworthy?	Feed the hunger	The honest answer is the appetite that survives the cost.	strong=JUND;positive=JUND;suppressed=NAYA	REPLACE	NEEDS-EVIDENCE	HIGH	YES	mood=PRESENT;lore=NOT-EXPLICIT	HIGH	Differentiate NAYA; authored signals: belonging through protective abundance | shared community over living-world instinct | appetite over belonging | calculation over belonging | ["social-behavior","psychographic-or-motivational-inference-risk"]	Concept only: appetite over belonging. No current scoring effect is retained.	retire	Descriptive inventory only; answer-level evidence authority remains absent.
current_answer_effect	hall_NAYA_living_whole	MISSING	hall_NAYA_living_whole#answer-4	hall	A living world pulls through care, instinct, and scale. What makes the next move trustworthy?	Find the weakness	Trust the opening that gives you leverage before the world can close around you.	strong=GRIXIS;positive=GRIXIS;suppressed=NAYA	REPLACE	NEEDS-EVIDENCE	HIGH	YES	mood=PRESENT;lore=NOT-EXPLICIT	HIGH	Differentiate NAYA; authored signals: belonging through protective abundance | shared community over living-world instinct | appetite over belonging | calculation over belonging | ["social-behavior","psychographic-or-motivational-inference-risk"]	Concept only: calculation over belonging. No current scoring effect is retained.	retire	Descriptive inventory only; answer-level evidence authority remains absent.
current_answer_effect	hall_NAYA_abundance_instinct	MISSING	hall_NAYA_abundance_instinct#answer-1	hall	Scale is rising fast. When does abundance become wisdom instead of just size?	When growth belongs	The right scale deepens life, bond, and protection of the whole.	strong=NAYA;positive=NAYA,RG;suppressed=JUND,GRIXIS	REPLACE	NEEDS-EVIDENCE	HIGH	NO	mood=NOT-EXPLICIT;lore=NOT-EXPLICIT	HIGH	Differentiate NAYA; authored signals: abundance held by belonging | appetite over abundance | sanctioned order over abundance | shared community over living-world scale | ["gameplay-or-deck-behavior","social-behavior","psychographic-or-motivational-inference-risk","philosophical-preference"]	Concept only: abundance held by belonging. No current scoring effect is retained.	retire	Descriptive inventory only; answer-level evidence authority remains absent.
current_answer_effect	hall_NAYA_abundance_instinct	MISSING	hall_NAYA_abundance_instinct#answer-2	hall	Scale is rising fast. When does abundance become wisdom instead of just size?	When hunger wins	Scale matters when it can take what it needs and keep moving.	strong=JUND;positive=JUND;suppressed=NAYA	REPLACE	NEEDS-EVIDENCE	HIGH	NO	mood=NOT-EXPLICIT;lore=NOT-EXPLICIT	HIGH	Differentiate NAYA; authored signals: abundance held by belonging | appetite over abundance | sanctioned order over abundance | shared community over living-world scale | ["gameplay-or-deck-behavior","social-behavior","psychographic-or-motivational-inference-risk","philosophical-preference"]	Concept only: appetite over abundance. No current scoring effect is retained.	retire	Descriptive inventory only; answer-level evidence authority remains absent.
current_answer_effect	hall_NAYA_abundance_instinct	MISSING	hall_NAYA_abundance_instinct#answer-3	hall	Scale is rising fast. When does abundance become wisdom instead of just size?	When order approves	Growth is wise when the whole hierarchy can sanction it.	strong=BANT;positive=BANT;suppressed=NAYA	REPLACE	NEEDS-EVIDENCE	HIGH	NO	mood=NOT-EXPLICIT;lore=NOT-EXPLICIT	HIGH	Differentiate NAYA; authored signals: abundance held by belonging | appetite over abundance | sanctioned order over abundance | shared community over living-world scale | ["gameplay-or-deck-behavior","social-behavior","psychographic-or-motivational-inference-risk","philosophical-preference"]	Concept only: sanctioned order over abundance. No current scoring effect is retained.	retire	Descriptive inventory only; answer-level evidence authority remains absent.
current_answer_effect	hall_NAYA_abundance_instinct	MISSING	hall_NAYA_abundance_instinct#answer-4	hall	Scale is rising fast. When does abundance become wisdom instead of just size?	When the circle shares it	Abundance is wise when the whole community can receive and return it.	strong=WG;positive=WG;suppressed=NAYA	REPLACE	NEEDS-EVIDENCE	HIGH	NO	mood=NOT-EXPLICIT;lore=NOT-EXPLICIT	HIGH	Differentiate NAYA; authored signals: abundance held by belonging | appetite over abundance | sanctioned order over abundance | shared community over living-world scale | ["gameplay-or-deck-behavior","social-behavior","psychographic-or-motivational-inference-risk","philosophical-preference"]	Concept only: shared community over living-world scale. No current scoring effect is retained.	retire	Descriptive inventory only; answer-level evidence authority remains absent.
current_answer_effect	hall_ABZAN_family_endurance	MISSING	hall_ABZAN_family_endurance#answer-1	hall	The house can survive, but only if the next move carries family duty forward. What makes endurance trustworthy?	Keep the house alive	Survival matters when it protects family continuity and gives the next generation something rooted to inherit.	strong=ABZAN;positive=ABZAN,WB;suppressed=JUND,NAYA,BANT	RETUNE	NEEDS-EVIDENCE	LOW	YES	mood=PRESENT;lore=NOT-EXPLICIT	HIGH	Differentiate ABZAN; authored signals: family endurance through house continuity | growth over inherited duty | survival pressure over house continuity | public legitimacy over family continuity | ["social-behavior","philosophical-preference"]	Concept only: family endurance through house continuity. No current scoring effect is retained.	retain concept only	Descriptive inventory only; answer-level evidence authority remains absent.
current_answer_effect	hall_ABZAN_family_endurance	MISSING	hall_ABZAN_family_endurance#answer-2	hall	The house can survive, but only if the next move carries family duty forward. What makes endurance trustworthy?	Let growth outrun the old duty	The future is wiser when life can grow beyond inherited obligations.	strong=NAYA;positive=NAYA;suppressed=ABZAN	RETUNE	NEEDS-EVIDENCE	LOW	YES	mood=PRESENT;lore=NOT-EXPLICIT	HIGH	Differentiate ABZAN; authored signals: family endurance through house continuity | growth over inherited duty | survival pressure over house continuity | public legitimacy over family continuity | ["social-behavior","philosophical-preference"]	Concept only: growth over inherited duty. No current scoring effect is retained.	retain concept only	Descriptive inventory only; answer-level evidence authority remains absent.
current_answer_effect	hall_ABZAN_family_endurance	MISSING	hall_ABZAN_family_endurance#answer-3	hall	The house can survive, but only if the next move carries family duty forward. What makes endurance trustworthy?	Feed what survives the cost	Endurance belongs to whatever can pay, adapt, and keep pressure moving.	strong=JUND;positive=JUND;suppressed=ABZAN	RETUNE	NEEDS-EVIDENCE	LOW	YES	mood=PRESENT;lore=NOT-EXPLICIT	HIGH	Differentiate ABZAN; authored signals: family endurance through house continuity | growth over inherited duty | survival pressure over house continuity | public legitimacy over family continuity | ["social-behavior","philosophical-preference"]	Concept only: survival pressure over house continuity. No current scoring effect is retained.	retain concept only	Descriptive inventory only; answer-level evidence authority remains absent.
current_answer_effect	hall_ABZAN_family_endurance	MISSING	hall_ABZAN_family_endurance#answer-4	hall	The house can survive, but only if the next move carries family duty forward. What makes endurance trustworthy?	Make the rule publicly worthy	Continuity needs standards the whole order can recognize and approve.	strong=BANT;positive=BANT;suppressed=ABZAN	RETUNE	NEEDS-EVIDENCE	LOW	YES	mood=PRESENT;lore=NOT-EXPLICIT	HIGH	Differentiate ABZAN; authored signals: family endurance through house continuity | growth over inherited duty | survival pressure over house continuity | public legitimacy over family continuity | ["social-behavior","philosophical-preference"]	Concept only: public legitimacy over family continuity. No current scoring effect is retained.	retain concept only	Descriptive inventory only; answer-level evidence authority remains absent.
current_answer_effect	hall_ABZAN_ancestor_perennation	MISSING	hall_ABZAN_ancestor_perennation#answer-1	hall	Ancestors, roots, and the dead are present in the decision. How should memory guide the living?	Let memory become stewardship	The dead are not weight alone; they are obligation, warning, and rooted guidance for the house that remains.	strong=ABZAN;positive=ABZAN;suppressed=GRIXIS,NAYA	REPLACE	NEEDS-EVIDENCE	HIGH	YES	mood=NOT-EXPLICIT;lore=PRESENT	HIGH	Differentiate ABZAN; authored signals: ancestor duty through perennation | life-death cycle over house memory | living care over ancestor obligation | freedom from inherited duty | ["social-behavior","philosophical-preference","lore-or-setting-proxy"]	Concept only: ancestor duty through perennation. No current scoring effect is retained.	retire	Descriptive inventory only; answer-level evidence authority remains absent.
current_answer_effect	hall_ABZAN_ancestor_perennation	MISSING	hall_ABZAN_ancestor_perennation#answer-2	hall	Ancestors, roots, and the dead are present in the decision. How should memory guide the living?	Compost loss into renewal	Death feeds what comes next, even when no family oath can contain the cycle.	strong=WITHERBLOOM;positive=WITHERBLOOM,BG;suppressed=ABZAN	REPLACE	KEEP-BUT-REWORD	HIGH	YES	mood=NOT-EXPLICIT;lore=PRESENT	HIGH	Differentiate ABZAN; authored signals: ancestor duty through perennation | life-death cycle over house memory | living care over ancestor obligation | freedom from inherited duty | ["social-behavior","philosophical-preference","lore-or-setting-proxy"]	Concept only: life-death cycle over house memory. No current scoring effect is retained.	retire	Descriptive inventory only; answer-level evidence authority remains absent.
current_answer_effect	hall_ABZAN_ancestor_perennation	MISSING	hall_ABZAN_ancestor_perennation#answer-3	hall	Ancestors, roots, and the dead are present in the decision. How should memory guide the living?	Protect only the living moment	The living world needs care now, not an inherited debt that keeps speaking over it.	strong=NAYA;positive=NAYA;suppressed=ABZAN	REPLACE	NEEDS-EVIDENCE	HIGH	YES	mood=NOT-EXPLICIT;lore=PRESENT	HIGH	Differentiate ABZAN; authored signals: ancestor duty through perennation | life-death cycle over house memory | living care over ancestor obligation | freedom from inherited duty | ["social-behavior","philosophical-preference","lore-or-setting-proxy"]	Concept only: living care over ancestor obligation. No current scoring effect is retained.	retire	Descriptive inventory only; answer-level evidence authority remains absent.
current_answer_effect	hall_ABZAN_ancestor_perennation	MISSING	hall_ABZAN_ancestor_perennation#answer-4	hall	Ancestors, roots, and the dead are present in the decision. How should memory guide the living?	Break from inherited debt	If a duty cannot be chosen, surviving it may require cutting the obligation loose.	strong=JUND;positive=JUND;suppressed=ABZAN	REPLACE	RETUNE	HIGH	YES	mood=NOT-EXPLICIT;lore=PRESENT	HIGH	Differentiate ABZAN; authored signals: ancestor duty through perennation | life-death cycle over house memory | living care over ancestor obligation | freedom from inherited duty | ["social-behavior","philosophical-preference","lore-or-setting-proxy"]	Concept only: freedom from inherited duty. No current scoring effect is retained.	retire	Descriptive inventory only; answer-level evidence authority remains absent.
current_answer_effect	hall_TEMUR_survival_attunement	MISSING	hall_TEMUR_survival_attunement#answer-1	hall	The terrain is harsh, the signal is thin, and action has a cost. What makes the next move trustworthy?	Listen, then move	Survival starts by hearing the land, the body, and the old memory before strength becomes motion.	strong=TEMUR;positive=TEMUR,G;suppressed=JUND,NAYA,GRIXIS,ABZAN	REPLACE	NEEDS-EVIDENCE	HIGH	YES	mood=PRESENT;lore=NOT-EXPLICIT	HIGH	Differentiate TEMUR; authored signals: attuned instinct before force | appetite over listening | optimization over wild signal | communal care over harsh-terrain instinct | ["social-behavior","psychographic-or-motivational-inference-risk","aesthetic-or-narrative-preference"]	Concept only: attuned instinct before force. No current scoring effect is retained.	retire	Descriptive inventory only; answer-level evidence authority remains absent.
current_answer_effect	hall_TEMUR_survival_attunement	MISSING	hall_TEMUR_survival_attunement#answer-2	hall	The terrain is harsh, the signal is thin, and action has a cost. What makes the next move trustworthy?	Feed the pressure	The honest answer is the hunger that can survive the cost.	strong=JUND;positive=JUND;suppressed=TEMUR	REPLACE	NEEDS-EVIDENCE	HIGH	YES	mood=PRESENT;lore=NOT-EXPLICIT	HIGH	Differentiate TEMUR; authored signals: attuned instinct before force | appetite over listening | optimization over wild signal | communal care over harsh-terrain instinct | ["social-behavior","psychographic-or-motivational-inference-risk","aesthetic-or-narrative-preference"]	Concept only: appetite over listening. No current scoring effect is retained.	retire	Descriptive inventory only; answer-level evidence authority remains absent.
current_answer_effect	hall_TEMUR_survival_attunement	MISSING	hall_TEMUR_survival_attunement#answer-3	hall	The terrain is harsh, the signal is thin, and action has a cost. What makes the next move trustworthy?	Refine the pattern	The move is safe when observation becomes a cleaner system.	strong=UG;positive=UG;suppressed=TEMUR	REPLACE	NEEDS-EVIDENCE	HIGH	YES	mood=PRESENT;lore=NOT-EXPLICIT	HIGH	Differentiate TEMUR; authored signals: attuned instinct before force | appetite over listening | optimization over wild signal | communal care over harsh-terrain instinct | ["social-behavior","psychographic-or-motivational-inference-risk","aesthetic-or-narrative-preference"]	Concept only: optimization over wild signal. No current scoring effect is retained.	retire	Descriptive inventory only; answer-level evidence authority remains absent.
current_answer_effect	hall_TEMUR_survival_attunement	MISSING	hall_TEMUR_survival_attunement#answer-4	hall	The terrain is harsh, the signal is thin, and action has a cost. What makes the next move trustworthy?	Guard the living whole	The right move protects belonging before it tests strength.	strong=NAYA;positive=NAYA;suppressed=TEMUR	REPLACE	NEEDS-EVIDENCE	HIGH	YES	mood=PRESENT;lore=NOT-EXPLICIT	HIGH	Differentiate TEMUR; authored signals: attuned instinct before force | appetite over listening | optimization over wild signal | communal care over harsh-terrain instinct | ["social-behavior","psychographic-or-motivational-inference-risk","aesthetic-or-narrative-preference"]	Concept only: communal care over harsh-terrain instinct. No current scoring effect is retained.	retire	Descriptive inventory only; answer-level evidence authority remains absent.
current_answer_effect	hall_TEMUR_elemental_memory	MISSING	hall_TEMUR_elemental_memory#answer-1	hall	An old signal moves through stone, ice, storm, and ancestor memory. How should it guide the living?	Follow the living memory	The signal is not a chain. It is the world remembering enough to help survival choose its next shape.	strong=TEMUR;positive=TEMUR;suppressed=ABZAN,NAYA,GRIXIS	REPLACE	NEEDS-EVIDENCE	HIGH	YES	mood=NOT-EXPLICIT;lore=PRESENT	HIGH	Differentiate TEMUR; authored signals: elemental memory as survival guidance | ancestor duty over wild memory | leverage over elemental listening | abundance over harsh-terrain memory | ["gameplay-or-deck-behavior","social-behavior","philosophical-preference","lore-or-setting-proxy"]	Concept only: elemental memory as survival guidance. No current scoring effect is retained.	retire	Descriptive inventory only; answer-level evidence authority remains absent.
current_answer_effect	hall_TEMUR_elemental_memory	MISSING	hall_TEMUR_elemental_memory#answer-2	hall	An old signal moves through stone, ice, storm, and ancestor memory. How should it guide the living?	Keep the house alive	Memory should carry obligation forward through family and the next generation.	strong=ABZAN;positive=ABZAN;suppressed=TEMUR	REPLACE	NEEDS-EVIDENCE	HIGH	YES	mood=NOT-EXPLICIT;lore=PRESENT	HIGH	Differentiate TEMUR; authored signals: elemental memory as survival guidance | ancestor duty over wild memory | leverage over elemental listening | abundance over harsh-terrain memory | ["gameplay-or-deck-behavior","social-behavior","philosophical-preference","lore-or-setting-proxy"]	Concept only: ancestor duty over wild memory. No current scoring effect is retained.	retire	Descriptive inventory only; answer-level evidence authority remains absent.
current_answer_effect	hall_TEMUR_elemental_memory	MISSING	hall_TEMUR_elemental_memory#answer-3	hall	An old signal moves through stone, ice, storm, and ancestor memory. How should it guide the living?	Turn it into leverage	A signal matters when it reveals the opening before anyone else sees it.	strong=GRIXIS;positive=GRIXIS;suppressed=TEMUR	REPLACE	NEEDS-EVIDENCE	HIGH	YES	mood=NOT-EXPLICIT;lore=PRESENT	HIGH	Differentiate TEMUR; authored signals: elemental memory as survival guidance | ancestor duty over wild memory | leverage over elemental listening | abundance over harsh-terrain memory | ["gameplay-or-deck-behavior","social-behavior","philosophical-preference","lore-or-setting-proxy"]	Concept only: leverage over elemental listening. No current scoring effect is retained.	retire	Descriptive inventory only; answer-level evidence authority remains absent.
current_answer_effect	hall_TEMUR_elemental_memory	MISSING	hall_TEMUR_elemental_memory#answer-4	hall	An old signal moves through stone, ice, storm, and ancestor memory. How should it guide the living?	Let growth belong	Memory is wisest when it protects the larger living whole.	strong=NAYA;positive=NAYA;suppressed=TEMUR	REPLACE	RETUNE	HIGH	YES	mood=NOT-EXPLICIT;lore=PRESENT	HIGH	Differentiate TEMUR; authored signals: elemental memory as survival guidance | ancestor duty over wild memory | leverage over elemental listening | abundance over harsh-terrain memory | ["gameplay-or-deck-behavior","social-behavior","philosophical-preference","lore-or-setting-proxy"]	Concept only: abundance over harsh-terrain memory. No current scoring effect is retained.	retire	Descriptive inventory only; answer-level evidence authority remains absent.
current_answer_effect	hall_SULTAI_resource_conversion	MISSING	hall_SULTAI_resource_conversion#answer-1	hall	A resource is ugly, hidden, or costly, but it could become power. What makes using it trustworthy?	Use what others waste	The resource is trustworthy when it converts death, secrecy, cost, or opportunity into power before anyone else can claim it.	strong=SULTAI;positive=SULTAI,B;suppressed=ABZAN,TEMUR,NAYA	REPLACE	NEEDS-EVIDENCE	HIGH	YES	mood=PRESENT;lore=NOT-EXPLICIT	HIGH	Differentiate SULTAI; authored signals: ruthless resource conversion | house duty over resource conversion | attunement over ruthless conversion | spectacle over hidden conversion | ["gameplay-or-deck-behavior","social-behavior","aesthetic-or-narrative-preference"]	Concept only: ruthless resource conversion. No current scoring effect is retained.	retire	Descriptive inventory only; answer-level evidence authority remains absent.
current_answer_effect	hall_SULTAI_resource_conversion	MISSING	hall_SULTAI_resource_conversion#answer-2	hall	A resource is ugly, hidden, or costly, but it could become power. What makes using it trustworthy?	Make it protect the house	A cost is trustworthy when family continuity and remembered duty can answer for it.	strong=ABZAN;positive=ABZAN;suppressed=SULTAI	REPLACE	NEEDS-EVIDENCE	HIGH	YES	mood=PRESENT;lore=NOT-EXPLICIT	HIGH	Differentiate SULTAI; authored signals: ruthless resource conversion | house duty over resource conversion | attunement over ruthless conversion | spectacle over hidden conversion | ["gameplay-or-deck-behavior","social-behavior","aesthetic-or-narrative-preference"]	Concept only: house duty over resource conversion. No current scoring effect is retained.	retire	Descriptive inventory only; answer-level evidence authority remains absent.
current_answer_effect	hall_SULTAI_resource_conversion	MISSING	hall_SULTAI_resource_conversion#answer-3	hall	A resource is ugly, hidden, or costly, but it could become power. What makes using it trustworthy?	Wait for the living signal	Power should not outrun the terrain, body, and memory that make survival wise.	strong=TEMUR;positive=TEMUR;suppressed=SULTAI	REPLACE	NEEDS-EVIDENCE	HIGH	YES	mood=PRESENT;lore=NOT-EXPLICIT	HIGH	Differentiate SULTAI; authored signals: ruthless resource conversion | house duty over resource conversion | attunement over ruthless conversion | spectacle over hidden conversion | ["gameplay-or-deck-behavior","social-behavior","aesthetic-or-narrative-preference"]	Concept only: attunement over ruthless conversion. No current scoring effect is retained.	retire	Descriptive inventory only; answer-level evidence authority remains absent.
current_answer_effect	hall_SULTAI_resource_conversion	MISSING	hall_SULTAI_resource_conversion#answer-4	hall	A resource is ugly, hidden, or costly, but it could become power. What makes using it trustworthy?	Turn risk into performance	The best use of danger is the bold move that changes the room before restraint can kill it.	strong=GRIXIS;positive=GRIXIS;suppressed=SULTAI	REPLACE	RETUNE	HIGH	YES	mood=PRESENT;lore=NOT-EXPLICIT	HIGH	Differentiate SULTAI; authored signals: ruthless resource conversion | house duty over resource conversion | attunement over ruthless conversion | spectacle over hidden conversion | ["gameplay-or-deck-behavior","social-behavior","aesthetic-or-narrative-preference"]	Concept only: spectacle over hidden conversion. No current scoring effect is retained.	retire	Descriptive inventory only; answer-level evidence authority remains absent.
current_answer_effect	hall_SULTAI_dead_usefulness	MISSING	hall_SULTAI_dead_usefulness#answer-1	hall	The dead, the discarded, or the secret cost can still guide the living. What should happen next?	Make the dead useful	The dead are not only memory. They are material, warning, labor, and leverage when ambition can make them serve the living choice.	strong=SULTAI;positive=SULTAI,BG;suppressed=ABZAN,TEMUR,NAYA	REPLACE	NEEDS-EVIDENCE	HIGH	YES	mood=NOT-EXPLICIT;lore=PRESENT	HIGH	Differentiate SULTAI; authored signals: death converted into power | ancestor duty over necromantic utility | vitality ecology over ruthless utility | elemental memory over utility | ["gameplay-or-deck-behavior","social-behavior","psychographic-or-motivational-inference-risk","aesthetic-or-narrative-preference","lore-or-setting-proxy"]	Concept only: death converted into power. No current scoring effect is retained.	retire	Descriptive inventory only; answer-level evidence authority remains absent.
current_answer_effect	hall_SULTAI_dead_usefulness	MISSING	hall_SULTAI_dead_usefulness#answer-2	hall	The dead, the discarded, or the secret cost can still guide the living. What should happen next?	Let memory become stewardship	The dead guide best as obligation and continuity for the house that remains.	strong=ABZAN;positive=ABZAN;suppressed=SULTAI	REPLACE	RETUNE	HIGH	YES	mood=NOT-EXPLICIT;lore=PRESENT	HIGH	Differentiate SULTAI; authored signals: death converted into power | ancestor duty over necromantic utility | vitality ecology over ruthless utility | elemental memory over utility | ["gameplay-or-deck-behavior","social-behavior","psychographic-or-motivational-inference-risk","aesthetic-or-narrative-preference","lore-or-setting-proxy"]	Concept only: ancestor duty over necromantic utility. No current scoring effect is retained.	retire	Descriptive inventory only; answer-level evidence authority remains absent.
current_answer_effect	hall_SULTAI_dead_usefulness	MISSING	hall_SULTAI_dead_usefulness#answer-3	hall	The dead, the discarded, or the secret cost can still guide the living. What should happen next?	Compost loss into renewal	Death feeds life most cleanly when it stays part of a shared cycle rather than a tool of domination.	strong=WITHERBLOOM;positive=WITHERBLOOM,BG;suppressed=SULTAI	REPLACE	RETUNE	HIGH	YES	mood=NOT-EXPLICIT;lore=PRESENT	HIGH	Differentiate SULTAI; authored signals: death converted into power | ancestor duty over necromantic utility | vitality ecology over ruthless utility | elemental memory over utility | ["gameplay-or-deck-behavior","social-behavior","psychographic-or-motivational-inference-risk","aesthetic-or-narrative-preference","lore-or-setting-proxy"]	Concept only: vitality ecology over ruthless utility. No current scoring effect is retained.	retire	Descriptive inventory only; answer-level evidence authority remains absent.
current_answer_effect	hall_SULTAI_dead_usefulness	MISSING	hall_SULTAI_dead_usefulness#answer-4	hall	The dead, the discarded, or the secret cost can still guide the living. What should happen next?	Hear the old signal	Memory should keep survival listening before it becomes a thing to spend.	strong=TEMUR;positive=TEMUR;suppressed=SULTAI	REPLACE	NEEDS-EVIDENCE	HIGH	YES	mood=NOT-EXPLICIT;lore=PRESENT	HIGH	Differentiate SULTAI; authored signals: death converted into power | ancestor duty over necromantic utility | vitality ecology over ruthless utility | elemental memory over utility | ["gameplay-or-deck-behavior","social-behavior","psychographic-or-motivational-inference-risk","aesthetic-or-narrative-preference","lore-or-setting-proxy"]	Concept only: elemental memory over utility. No current scoring effect is retained.	retire	Descriptive inventory only; answer-level evidence authority remains absent.
current_answer_effect	hall_MARDU_total_commitment	MISSING	hall_MARDU_total_commitment#answer-1	hall	The opening is here, but hesitation will break the charge. What makes action trustworthy?	Take the opening now	Action is trustworthy when speed, formation, and commitment strike before the moment loses its name.	strong=MARDU;positive=MARDU,R;suppressed=ABZAN,TEMUR,SULTAI	REPLACE	NEEDS-EVIDENCE	HIGH	YES	mood=PRESENT;lore=NOT-EXPLICIT	HIGH	Differentiate MARDU; authored signals: Red-centered speed through coordinated attack | house endurance over raid momentum | attunement over immediate charge | resource conversion over open assault | ["gameplay-or-deck-behavior","social-behavior"]	Concept only: Red-centered speed through coordinated attack. No current scoring effect is retained.	retire	Descriptive inventory only; answer-level evidence authority remains absent.
current_answer_effect	hall_MARDU_total_commitment	MISSING	hall_MARDU_total_commitment#answer-2	hall	The opening is here, but hesitation will break the charge. What makes action trustworthy?	Keep the house alive	The right move is the one that lets family duty and continuity survive the pressure.	strong=ABZAN;positive=ABZAN;suppressed=MARDU	REPLACE	NEEDS-EVIDENCE	HIGH	YES	mood=PRESENT;lore=NOT-EXPLICIT	HIGH	Differentiate MARDU; authored signals: Red-centered speed through coordinated attack | house endurance over raid momentum | attunement over immediate charge | resource conversion over open assault | ["gameplay-or-deck-behavior","social-behavior"]	Concept only: house endurance over raid momentum. No current scoring effect is retained.	retire	Descriptive inventory only; answer-level evidence authority remains absent.
current_answer_effect	hall_MARDU_total_commitment	MISSING	hall_MARDU_total_commitment#answer-3	hall	The opening is here, but hesitation will break the charge. What makes action trustworthy?	Listen for the living signal	Survival should wait until terrain, memory, and instinct agree on the next strike.	strong=TEMUR;positive=TEMUR;suppressed=MARDU	REPLACE	NEEDS-EVIDENCE	HIGH	YES	mood=PRESENT;lore=NOT-EXPLICIT	HIGH	Differentiate MARDU; authored signals: Red-centered speed through coordinated attack | house endurance over raid momentum | attunement over immediate charge | resource conversion over open assault | ["gameplay-or-deck-behavior","social-behavior"]	Concept only: attunement over immediate charge. No current scoring effect is retained.	retire	Descriptive inventory only; answer-level evidence authority remains absent.
current_answer_effect	hall_MARDU_total_commitment	MISSING	hall_MARDU_total_commitment#answer-4	hall	The opening is here, but hesitation will break the charge. What makes action trustworthy?	Convert the hidden cost	An opening matters most when it can become leverage before anyone else sees its value.	strong=SULTAI;positive=SULTAI;suppressed=MARDU	REPLACE	NEEDS-EVIDENCE	HIGH	YES	mood=PRESENT;lore=NOT-EXPLICIT	HIGH	Differentiate MARDU; authored signals: Red-centered speed through coordinated attack | house endurance over raid momentum | attunement over immediate charge | resource conversion over open assault | ["gameplay-or-deck-behavior","social-behavior"]	Concept only: resource conversion over open assault. No current scoring effect is retained.	retire	Descriptive inventory only; answer-level evidence authority remains absent.
current_answer_effect	hall_MARDU_war_name_oath	MISSING	hall_MARDU_war_name_oath#answer-1	hall	A charge can win the moment, but only a name and code can carry it forward. What keeps speed from becoming noise?	Keep the war name	Speed needs oath, formation, and a name strong enough to make every rider answer for the charge.	strong=MARDU;positive=MARDU,WR;suppressed=JUND,NAYA,SULTAI	REPLACE	KEEP-BUT-REWORD	HIGH	YES	mood=PRESENT;lore=NOT-EXPLICIT	HIGH	Differentiate MARDU; authored signals: war-name oath and martial structure | appetite over oath-bound formation | living-world care over martial raid | ruthless conversion over visible war code | ["social-behavior","psychographic-or-motivational-inference-risk","aesthetic-or-narrative-preference","philosophical-preference"]	Concept only: war-name oath and martial structure. No current scoring effect is retained.	retire	Descriptive inventory only; answer-level evidence authority remains absent.
current_answer_effect	hall_MARDU_war_name_oath	MISSING	hall_MARDU_war_name_oath#answer-2	hall	A charge can win the moment, but only a name and code can carry it forward. What keeps speed from becoming noise?	Feed what survives	The honest rule is appetite: what can survive the cost earns the next move.	strong=JUND;positive=JUND;suppressed=MARDU	REPLACE	KEEP-BUT-REWORD	HIGH	YES	mood=PRESENT;lore=NOT-EXPLICIT	HIGH	Differentiate MARDU; authored signals: war-name oath and martial structure | appetite over oath-bound formation | living-world care over martial raid | ruthless conversion over visible war code | ["social-behavior","psychographic-or-motivational-inference-risk","aesthetic-or-narrative-preference","philosophical-preference"]	Concept only: appetite over oath-bound formation. No current scoring effect is retained.	retire	Descriptive inventory only; answer-level evidence authority remains absent.
current_answer_effect	hall_MARDU_war_name_oath	MISSING	hall_MARDU_war_name_oath#answer-3	hall	A charge can win the moment, but only a name and code can carry it forward. What keeps speed from becoming noise?	Guard the living whole	The next move should protect belonging and abundance before it becomes conquest.	strong=NAYA;positive=NAYA;suppressed=MARDU	REPLACE	NEEDS-EVIDENCE	HIGH	YES	mood=PRESENT;lore=NOT-EXPLICIT	HIGH	Differentiate MARDU; authored signals: war-name oath and martial structure | appetite over oath-bound formation | living-world care over martial raid | ruthless conversion over visible war code | ["social-behavior","psychographic-or-motivational-inference-risk","aesthetic-or-narrative-preference","philosophical-preference"]	Concept only: living-world care over martial raid. No current scoring effect is retained.	retire	Descriptive inventory only; answer-level evidence authority remains absent.
current_answer_effect	hall_MARDU_war_name_oath	MISSING	hall_MARDU_war_name_oath#answer-4	hall	A charge can win the moment, but only a name and code can carry it forward. What keeps speed from becoming noise?	Use what others waste	Power belongs to the cost, secret, or body that can be converted before the room understands it.	strong=SULTAI;positive=SULTAI;suppressed=MARDU	REPLACE	NEEDS-EVIDENCE	HIGH	YES	mood=PRESENT;lore=NOT-EXPLICIT	HIGH	Differentiate MARDU; authored signals: war-name oath and martial structure | appetite over oath-bound formation | living-world care over martial raid | ruthless conversion over visible war code | ["social-behavior","psychographic-or-motivational-inference-risk","aesthetic-or-narrative-preference","philosophical-preference"]	Concept only: ruthless conversion over visible war code. No current scoring effect is retained.	retire	Descriptive inventory only; answer-level evidence authority remains absent.
current_answer_effect	hall_JESKAI_disciplined_cunning	MISSING	hall_JESKAI_disciplined_cunning#answer-1	hall	Insight arrives before the field is ready for it. What makes the next action trustworthy?	Train until insight can move	Action is trustworthy when knowledge, breath, and practice have made the line precise enough to take.	strong=JESKAI;positive=JESKAI,U;suppressed=MARDU,SULTAI,TEMUR	REPLACE	NEEDS-EVIDENCE	HIGH	NO	mood=PRESENT;lore=NOT-EXPLICIT	HIGH	Differentiate JESKAI; authored signals: Blue-centered cunning through disciplined action | immediate charge over trained timing | resource conversion over open discipline | attunement over practiced form | ["social-behavior","philosophical-preference"]	Concept only: Blue-centered cunning through disciplined action. No current scoring effect is retained.	retire	Descriptive inventory only; answer-level evidence authority remains absent.
current_answer_effect	hall_JESKAI_disciplined_cunning	MISSING	hall_JESKAI_disciplined_cunning#answer-2	hall	Insight arrives before the field is ready for it. What makes the next action trustworthy?	Take the opening now	The moment is honest because speed and commitment can claim it before it disappears.	strong=MARDU;positive=MARDU;suppressed=JESKAI	REPLACE	NEEDS-EVIDENCE	HIGH	NO	mood=PRESENT;lore=NOT-EXPLICIT	HIGH	Differentiate JESKAI; authored signals: Blue-centered cunning through disciplined action | immediate charge over trained timing | resource conversion over open discipline | attunement over practiced form | ["social-behavior","philosophical-preference"]	Concept only: immediate charge over trained timing. No current scoring effect is retained.	retire	Descriptive inventory only; answer-level evidence authority remains absent.
current_answer_effect	hall_JESKAI_disciplined_cunning	MISSING	hall_JESKAI_disciplined_cunning#answer-3	hall	Insight arrives before the field is ready for it. What makes the next action trustworthy?	Convert the hidden leverage	Insight matters most when it reveals a resource nobody else knows how to use.	strong=SULTAI;positive=SULTAI;suppressed=JESKAI	REPLACE	NEEDS-EVIDENCE	HIGH	NO	mood=PRESENT;lore=NOT-EXPLICIT	HIGH	Differentiate JESKAI; authored signals: Blue-centered cunning through disciplined action | immediate charge over trained timing | resource conversion over open discipline | attunement over practiced form | ["social-behavior","philosophical-preference"]	Concept only: resource conversion over open discipline. No current scoring effect is retained.	retire	Descriptive inventory only; answer-level evidence authority remains absent.
current_answer_effect	hall_JESKAI_disciplined_cunning	MISSING	hall_JESKAI_disciplined_cunning#answer-4	hall	Insight arrives before the field is ready for it. What makes the next action trustworthy?	Wait for the living signal	The right action should answer terrain, instinct, and survival before technique leads.	strong=TEMUR;positive=TEMUR;suppressed=JESKAI	REPLACE	NEEDS-EVIDENCE	HIGH	NO	mood=PRESENT;lore=NOT-EXPLICIT	HIGH	Differentiate JESKAI; authored signals: Blue-centered cunning through disciplined action | immediate charge over trained timing | resource conversion over open discipline | attunement over practiced form | ["social-behavior","philosophical-preference"]	Concept only: attunement over practiced form. No current scoring effect is retained.	retire	Descriptive inventory only; answer-level evidence authority remains absent.
current_answer_effect	hall_JESKAI_way_form	MISSING	hall_JESKAI_way_form#answer-1	hall	A discipline can sharpen action or become empty restraint. What keeps the Way alive?	Let form serve the moving insight	The Way stays alive when structure, courage, and compassion give trained perception a body in the world.	strong=JESKAI;positive=JESKAI;suppressed=MARDU,SULTAI,GRIXIS	REPLACE	NEEDS-EVIDENCE	HIGH	NO	mood=PRESENT;lore=NOT-EXPLICIT	HIGH	Differentiate JESKAI; authored signals: shared restraint giving insight form | war-name oath over monastery form | procedure over martial insight | survival attunement over refined Way | ["social-behavior","aesthetic-or-narrative-preference","philosophical-preference"]	Concept only: shared restraint giving insight form. No current scoring effect is retained.	retire	Descriptive inventory only; answer-level evidence authority remains absent.
current_answer_effect	hall_JESKAI_way_form	MISSING	hall_JESKAI_way_form#answer-2	hall	A discipline can sharpen action or become empty restraint. What keeps the Way alive?	Keep the charge named	Form matters because the oath lets speed and companions keep the action accountable.	strong=MARDU;positive=MARDU;suppressed=JESKAI	REPLACE	KEEP-BUT-REWORD	HIGH	NO	mood=PRESENT;lore=NOT-EXPLICIT	HIGH	Differentiate JESKAI; authored signals: shared restraint giving insight form | war-name oath over monastery form | procedure over martial insight | survival attunement over refined Way | ["social-behavior","aesthetic-or-narrative-preference","philosophical-preference"]	Concept only: war-name oath over monastery form. No current scoring effect is retained.	retire	Descriptive inventory only; answer-level evidence authority remains absent.
current_answer_effect	hall_JESKAI_way_form	MISSING	hall_JESKAI_way_form#answer-3	hall	A discipline can sharpen action or become empty restraint. What keeps the Way alive?	Make the pattern public	Discipline matters when it becomes a process others can trust and repeat.	strong=WU;positive=WU;suppressed=JESKAI	REPLACE	NEEDS-EVIDENCE	HIGH	NO	mood=PRESENT;lore=NOT-EXPLICIT	HIGH	Differentiate JESKAI; authored signals: shared restraint giving insight form | war-name oath over monastery form | procedure over martial insight | survival attunement over refined Way | ["social-behavior","aesthetic-or-narrative-preference","philosophical-preference"]	Concept only: procedure over martial insight. No current scoring effect is retained.	retire	Descriptive inventory only; answer-level evidence authority remains absent.
current_answer_effect	hall_JESKAI_way_form	MISSING	hall_JESKAI_way_form#answer-4	hall	A discipline can sharpen action or become empty restraint. What keeps the Way alive?	Let the wild choose the strike	The move stays alive when instinct and terrain keep technique from becoming a cage.	strong=TEMUR;positive=TEMUR;suppressed=JESKAI	REPLACE	NEEDS-EVIDENCE	HIGH	NO	mood=PRESENT;lore=NOT-EXPLICIT	HIGH	Differentiate JESKAI; authored signals: shared restraint giving insight form | war-name oath over monastery form | procedure over martial insight | survival attunement over refined Way | ["social-behavior","aesthetic-or-narrative-preference","philosophical-preference"]	Concept only: survival attunement over refined Way. No current scoring effect is retained.	retire	Descriptive inventory only; answer-level evidence authority remains absent.
current_answer_effect	hall_YORE_engineered_agency	MISSING	hall_YORE_engineered_agency#answer-1	hall	A limit looks natural, final, or inherited. What makes pushing past it trustworthy?	Build the agency machine	The answer is trustworthy when structure, knowledge, cost, and heat become a designed way to keep choice alive.	strong=YORE;positive=YORE;suppressed=G,NAYA,TEMUR,SULTAI	REPLACE	RETUNE	HIGH	NO	mood=PRESENT;lore=NOT-EXPLICIT	HIGH	Differentiate YORE; authored signals: engineered agency against finality | artifact perfection without Red heat | resource conversion without civic artifice | natural signal over constructed agency | ["social-behavior","psychographic-or-motivational-inference-risk","aesthetic-or-narrative-preference","philosophical-preference"]	Concept only: engineered agency against finality. No current scoring effect is retained.	retire	Descriptive inventory only; answer-level evidence authority remains absent.
current_answer_effect	hall_YORE_engineered_agency	MISSING	hall_YORE_engineered_agency#answer-2	hall	A limit looks natural, final, or inherited. What makes pushing past it trustworthy?	Perfect the artifact	The artifact matters because it makes a cleaner, more controlled future.	strong=ESPER;positive=ESPER;suppressed=YORE	REPLACE	NEEDS-EVIDENCE	HIGH	NO	mood=PRESENT;lore=NOT-EXPLICIT	HIGH	Differentiate YORE; authored signals: engineered agency against finality | artifact perfection without Red heat | resource conversion without civic artifice | natural signal over constructed agency | ["social-behavior","psychographic-or-motivational-inference-risk","aesthetic-or-narrative-preference","philosophical-preference"]	Concept only: artifact perfection without Red heat. No current scoring effect is retained.	retire	Descriptive inventory only; answer-level evidence authority remains absent.
current_answer_effect	hall_YORE_engineered_agency	MISSING	hall_YORE_engineered_agency#answer-3	hall	A limit looks natural, final, or inherited. What makes pushing past it trustworthy?	Use the hidden cost	The limit matters because it can become leverage before anyone else names it.	strong=SULTAI;positive=SULTAI,GRIXIS;suppressed=YORE	REPLACE	NEEDS-EVIDENCE	HIGH	NO	mood=PRESENT;lore=NOT-EXPLICIT	HIGH	Differentiate YORE; authored signals: engineered agency against finality | artifact perfection without Red heat | resource conversion without civic artifice | natural signal over constructed agency | ["social-behavior","psychographic-or-motivational-inference-risk","aesthetic-or-narrative-preference","philosophical-preference"]	Concept only: resource conversion without civic artifice. No current scoring effect is retained.	retire	Descriptive inventory only; answer-level evidence authority remains absent.
current_answer_effect	hall_YORE_engineered_agency	MISSING	hall_YORE_engineered_agency#answer-4	hall	A limit looks natural, final, or inherited. What makes pushing past it trustworthy?	Listen for the living answer	The limit may be a signal from life, terrain, body, or belonging rather than a problem to mechanize.	strong=TEMUR;positive=TEMUR,NAYA,G;suppressed=YORE	REPLACE	NEEDS-EVIDENCE	HIGH	NO	mood=PRESENT;lore=NOT-EXPLICIT	HIGH	Differentiate YORE; authored signals: engineered agency against finality | artifact perfection without Red heat | resource conversion without civic artifice | natural signal over constructed agency | ["social-behavior","psychographic-or-motivational-inference-risk","aesthetic-or-narrative-preference","philosophical-preference"]	Concept only: natural signal over constructed agency. No current scoring effect is retained.	retire	Descriptive inventory only; answer-level evidence authority remains absent.
current_answer_effect	hall_YORE_artifice_boundary	MISSING	hall_YORE_artifice_boundary#answer-1	hall	The answer involves artifacts, recursion, or optimization. What keeps it from being generic machinery?	The machine refuses surrender	Artifacts and recursion matter because they turn natural closure into constructed continuity and agency.	strong=YORE;positive=YORE;suppressed=ESPER,GRIXIS,JESKAI,MARDU,SULTAI	REPLACE	RETUNE	HIGH	YES	mood=NOT-EXPLICIT;lore=NOT-EXPLICIT	HIGH	Differentiate YORE; authored signals: artifice as refusal of natural surrender | generic artifact preference | generic recursion preference | martial opening over artifice | ["gameplay-or-deck-behavior","psychographic-or-motivational-inference-risk","aesthetic-or-narrative-preference","philosophical-preference"]	Concept only: artifice as refusal of natural surrender. No current scoring effect is retained.	retire	Descriptive inventory only; answer-level evidence authority remains absent.
current_answer_effect	hall_YORE_artifice_boundary	MISSING	hall_YORE_artifice_boundary#answer-2	hall	The answer involves artifacts, recursion, or optimization. What keeps it from being generic machinery?	The deck just likes artifacts	The pull is the card type or engine efficiency, not the missing-Green worldview.	strong=;positive=ESPER;suppressed=YORE	REPLACE	NEEDS-EVIDENCE	HIGH	YES	mood=NOT-EXPLICIT;lore=NOT-EXPLICIT	HIGH	Differentiate YORE; authored signals: artifice as refusal of natural surrender | generic artifact preference | generic recursion preference | martial opening over artifice | ["gameplay-or-deck-behavior","psychographic-or-motivational-inference-risk","aesthetic-or-narrative-preference","philosophical-preference"]	Concept only: generic artifact preference. No current scoring effect is retained.	retire	Descriptive inventory only; answer-level evidence authority remains absent.
current_answer_effect	hall_YORE_artifice_boundary	MISSING	hall_YORE_artifice_boundary#answer-3	hall	The answer involves artifacts, recursion, or optimization. What keeps it from being generic machinery?	The graveyard is the center	The pull is reuse, death value, or recursion before artifice and constructed agency enter the frame.	strong=SULTAI;positive=SULTAI,GRIXIS;suppressed=YORE	REPLACE	RETUNE	HIGH	YES	mood=NOT-EXPLICIT;lore=NOT-EXPLICIT	HIGH	Differentiate YORE; authored signals: artifice as refusal of natural surrender | generic artifact preference | generic recursion preference | martial opening over artifice | ["gameplay-or-deck-behavior","psychographic-or-motivational-inference-risk","aesthetic-or-narrative-preference","philosophical-preference"]	Concept only: generic recursion preference. No current scoring effect is retained.	retire	Descriptive inventory only; answer-level evidence authority remains absent.
current_answer_effect	hall_YORE_artifice_boundary	MISSING	hall_YORE_artifice_boundary#answer-4	hall	The answer involves artifacts, recursion, or optimization. What keeps it from being generic machinery?	The charge needs a name	The pull is speed, oath, and a coordinated opening more than a rebuilt system.	strong=MARDU;positive=MARDU;suppressed=YORE	REPLACE	KEEP-BUT-REWORD	HIGH	YES	mood=NOT-EXPLICIT;lore=NOT-EXPLICIT	HIGH	Differentiate YORE; authored signals: artifice as refusal of natural surrender | generic artifact preference | generic recursion preference | martial opening over artifice | ["gameplay-or-deck-behavior","psychographic-or-motivational-inference-risk","aesthetic-or-narrative-preference","philosophical-preference"]	Concept only: martial opening over artifice. No current scoring effect is retained.	retire	Descriptive inventory only; answer-level evidence authority remains absent.
current_answer_effect	hall_GLINT_living_force	MISSING	hall_GLINT_living_force#answer-1	hall	The table is unstable and the opening is real. What keeps the surge from collapsing into generic chaos?	Keep the living pressure learning	The surge matters because appetite, adaptation, force, and volatility stay tied to a living answer rather than random variance.	strong=GLINT;positive=GLINT;suppressed=PRISMARI,TEMUR,GRIXIS	RETUNE	NEEDS-EVIDENCE	MEDIUM	YES	mood=PRESENT;lore=NOT-EXPLICIT	HIGH	Differentiate GLINT; authored signals: living force under pressure rather than generic chaos | variance without the non-White frame | appetite without adaptive intelligence | attunement without Black appetite | ["gameplay-or-deck-behavior","social-behavior","psychographic-or-motivational-inference-risk","aesthetic-or-narrative-preference"]	Concept only: living force under pressure rather than generic chaos. No current scoring effect is retained.	retain concept only	Descriptive inventory only; answer-level evidence authority remains absent.
current_answer_effect	hall_GLINT_living_force	MISSING	hall_GLINT_living_force#answer-2	hall	The table is unstable and the opening is real. What keeps the surge from collapsing into generic chaos?	Let variance tell the story	The appeal is the spectacle itself: swingy turns, stack chaos, and the feeling that anything might happen.	strong=UR;positive=UR,PRISMARI;suppressed=GLINT	RETUNE	RETUNE	MEDIUM	YES	mood=PRESENT;lore=NOT-EXPLICIT	HIGH	Differentiate GLINT; authored signals: living force under pressure rather than generic chaos | variance without the non-White frame | appetite without adaptive intelligence | attunement without Black appetite | ["gameplay-or-deck-behavior","social-behavior","psychographic-or-motivational-inference-risk","aesthetic-or-narrative-preference"]	Concept only: variance without the non-White frame. No current scoring effect is retained.	retain concept only	Descriptive inventory only; answer-level evidence authority remains absent.
current_answer_effect	hall_GLINT_living_force	MISSING	hall_GLINT_living_force#answer-3	hall	The table is unstable and the opening is real. What keeps the surge from collapsing into generic chaos?	Feed the strongest instinct	The opening matters because hunger should take what it can before anyone else does.	strong=JUND;positive=JUND;suppressed=GLINT	RETUNE	NEEDS-EVIDENCE	MEDIUM	YES	mood=PRESENT;lore=NOT-EXPLICIT	HIGH	Differentiate GLINT; authored signals: living force under pressure rather than generic chaos | variance without the non-White frame | appetite without adaptive intelligence | attunement without Black appetite | ["gameplay-or-deck-behavior","social-behavior","psychographic-or-motivational-inference-risk","aesthetic-or-narrative-preference"]	Concept only: appetite without adaptive intelligence. No current scoring effect is retained.	retain concept only	Descriptive inventory only; answer-level evidence authority remains absent.
current_answer_effect	hall_GLINT_living_force	MISSING	hall_GLINT_living_force#answer-4	hall	The table is unstable and the opening is real. What keeps the surge from collapsing into generic chaos?	Hear the storm before acting	The opening matters because terrain, weather, and elemental signal should guide force before appetite enters the frame.	strong=TEMUR;positive=TEMUR;suppressed=GLINT	RETUNE	NEEDS-EVIDENCE	MEDIUM	YES	mood=PRESENT;lore=NOT-EXPLICIT	HIGH	Differentiate GLINT; authored signals: living force under pressure rather than generic chaos | variance without the non-White frame | appetite without adaptive intelligence | attunement without Black appetite | ["gameplay-or-deck-behavior","social-behavior","psychographic-or-motivational-inference-risk","aesthetic-or-narrative-preference"]	Concept only: attunement without Black appetite. No current scoring effect is retained.	retain concept only	Descriptive inventory only; answer-level evidence authority remains absent.
current_answer_effect	hall_GLINT_missing_white	MISSING	hall_GLINT_missing_white#answer-1	hall	A powerful engine keeps learning and feeding. What proves it is Glint rather than a nearby shell?	It refuses civic restraint	The engine matters because White-style order, duty, and stability are not allowed to tell appetite and living force what they may become.	strong=GLINT;positive=GLINT;suppressed=BANT,ABZAN,WU,WG,WR	REPLACE	RETUNE	HIGH	YES	mood=PRESENT;lore=NOT-EXPLICIT	HIGH	Differentiate GLINT; authored signals: missing white as active boundary | grixis pressure without Green life | jund appetite without Blue intelligence | temur experimentation without Black appetite | ["social-behavior","psychographic-or-motivational-inference-risk","aesthetic-or-narrative-preference","philosophical-preference"]	Concept only: missing white as active boundary. No current scoring effect is retained.	retire	Descriptive inventory only; answer-level evidence authority remains absent.
current_answer_effect	hall_GLINT_missing_white	MISSING	hall_GLINT_missing_white#answer-2	hall	A powerful engine keeps learning and feeding. What proves it is Glint rather than a nearby shell?	It is cruel and clever	The engine matters because hidden leverage, pressure, and survival advantage stay ahead of everyone else.	strong=GRIXIS;positive=GRIXIS;suppressed=GLINT	REPLACE	NEEDS-EVIDENCE	HIGH	YES	mood=PRESENT;lore=NOT-EXPLICIT	HIGH	Differentiate GLINT; authored signals: missing white as active boundary | grixis pressure without Green life | jund appetite without Blue intelligence | temur experimentation without Black appetite | ["social-behavior","psychographic-or-motivational-inference-risk","aesthetic-or-narrative-preference","philosophical-preference"]	Concept only: grixis pressure without Green life. No current scoring effect is retained.	retire	Descriptive inventory only; answer-level evidence authority remains absent.
current_answer_effect	hall_GLINT_missing_white	MISSING	hall_GLINT_missing_white#answer-3	hall	A powerful engine keeps learning and feeding. What proves it is Glint rather than a nearby shell?	It is hungry and feral	The engine matters because instinct and appetite deserve the kill before reflective adaptation slows them down.	strong=JUND;positive=JUND;suppressed=GLINT	REPLACE	NEEDS-EVIDENCE	HIGH	YES	mood=PRESENT;lore=NOT-EXPLICIT	HIGH	Differentiate GLINT; authored signals: missing white as active boundary | grixis pressure without Green life | jund appetite without Blue intelligence | temur experimentation without Black appetite | ["social-behavior","psychographic-or-motivational-inference-risk","aesthetic-or-narrative-preference","philosophical-preference"]	Concept only: jund appetite without Blue intelligence. No current scoring effect is retained.	retire	Descriptive inventory only; answer-level evidence authority remains absent.
current_answer_effect	hall_GLINT_missing_white	MISSING	hall_GLINT_missing_white#answer-4	hall	A powerful engine keeps learning and feeding. What proves it is Glint rather than a nearby shell?	It is adaptive and wild	The engine matters because experimentation, instinct, and elemental force stay alive without needing Black predation.	strong=TEMUR;positive=TEMUR;suppressed=GLINT	REPLACE	NEEDS-EVIDENCE	HIGH	YES	mood=PRESENT;lore=NOT-EXPLICIT	HIGH	Differentiate GLINT; authored signals: missing white as active boundary | grixis pressure without Green life | jund appetite without Blue intelligence | temur experimentation without Black appetite | ["social-behavior","psychographic-or-motivational-inference-risk","aesthetic-or-narrative-preference","philosophical-preference"]	Concept only: temur experimentation without Black appetite. No current scoring effect is retained.	retire	Descriptive inventory only; answer-level evidence authority remains absent.
current_answer_effect	hall_DUNE_territorial_force	MISSING	hall_DUNE_territorial_force#answer-1	hall	The line could stop to study, negotiate, or wait. What makes moving first feel trustworthy?	Claim the ground now	Motion is trustworthy when White line, Black cost, Red ignition, and Green persistence all press the same field before distance can cool it.	strong=DUNE;positive=DUNE;suppressed=GLINT,JUND,NAYA,MARDU,ABZAN	RETUNE	KEEP-BUT-REWORD	LOW	YES	mood=PRESENT;lore=NOT-EXPLICIT	HIGH	Differentiate DUNE; authored signals: organized territorial pressure before detached contemplation | jund instinct over common-front line | naya belonging over black conquest pressure | glint adaptation with blue present | ["social-behavior","psychographic-or-motivational-inference-risk"]	Concept only: organized territorial pressure before detached contemplation. No current scoring effect is retained.	retain concept only	Descriptive inventory only; answer-level evidence authority remains absent.
current_answer_effect	hall_DUNE_territorial_force	MISSING	hall_DUNE_territorial_force#answer-2	hall	The line could stop to study, negotiate, or wait. What makes moving first feel trustworthy?	Take what instinct wants	Motion is trustworthy because appetite and survival should strike before anyone civilizes the opening.	strong=JUND;positive=JUND;suppressed=DUNE	RETUNE	KEEP-BUT-REWORD	LOW	YES	mood=PRESENT;lore=NOT-EXPLICIT	HIGH	Differentiate DUNE; authored signals: organized territorial pressure before detached contemplation | jund instinct over common-front line | naya belonging over black conquest pressure | glint adaptation with blue present | ["social-behavior","psychographic-or-motivational-inference-risk"]	Concept only: jund instinct over common-front line. No current scoring effect is retained.	retain concept only	Descriptive inventory only; answer-level evidence authority remains absent.
current_answer_effect	hall_DUNE_territorial_force	MISSING	hall_DUNE_territorial_force#answer-3	hall	The line could stop to study, negotiate, or wait. What makes moving first feel trustworthy?	Protect the living whole	Motion is trustworthy when the charge serves abundance, belonging, and the life that must stay sheltered.	strong=NAYA;positive=NAYA;suppressed=DUNE	RETUNE	KEEP-BUT-REWORD	LOW	YES	mood=PRESENT;lore=NOT-EXPLICIT	HIGH	Differentiate DUNE; authored signals: organized territorial pressure before detached contemplation | jund instinct over common-front line | naya belonging over black conquest pressure | glint adaptation with blue present | ["social-behavior","psychographic-or-motivational-inference-risk"]	Concept only: naya belonging over black conquest pressure. No current scoring effect is retained.	retain concept only	Descriptive inventory only; answer-level evidence authority remains absent.
current_answer_effect	hall_DUNE_territorial_force	MISSING	hall_DUNE_territorial_force#answer-4	hall	The line could stop to study, negotiate, or wait. What makes moving first feel trustworthy?	Let the opening learn while it moves	Motion is trustworthy when appetite adapts in real time and volatility keeps the field alive.	strong=GLINT;positive=GLINT;suppressed=DUNE	RETUNE	KEEP-BUT-REWORD	LOW	YES	mood=PRESENT;lore=NOT-EXPLICIT	HIGH	Differentiate DUNE; authored signals: organized territorial pressure before detached contemplation | jund instinct over common-front line | naya belonging over black conquest pressure | glint adaptation with blue present | ["social-behavior","psychographic-or-motivational-inference-risk"]	Concept only: glint adaptation with blue present. No current scoring effect is retained.	retain concept only	Descriptive inventory only; answer-level evidence authority remains absent.
current_answer_effect	hall_DUNE_missing_blue	MISSING	hall_DUNE_missing_blue#answer-1	hall	A force can be coordinated, hungry, alive, and immediate. What proves it is Dune rather than a nearby shell?	It refuses detached contemplation	The force matters because the line claims ground before Blue-style distance, modeling, or cool delay can take command.	strong=DUNE;positive=DUNE;suppressed=GLINT,ABZAN,MARDU,JUND,NAYA	REPLACE	NEEDS-EVIDENCE	HIGH	YES	mood=PRESENT;lore=NOT-EXPLICIT	HIGH	Differentiate DUNE; authored signals: missing blue as territorial-pressure boundary | mardu speed without green multiplication | abzan endurance without red ignition | glint volatility with blue present | ["psychographic-or-motivational-inference-risk","aesthetic-or-narrative-preference","philosophical-preference"]	Concept only: missing blue as territorial-pressure boundary. No current scoring effect is retained.	retire	Descriptive inventory only; answer-level evidence authority remains absent.
current_answer_effect	hall_DUNE_missing_blue	MISSING	hall_DUNE_missing_blue#answer-2	hall	A force can be coordinated, hungry, alive, and immediate. What proves it is Dune rather than a nearby shell?	It is the charge with a name	The force matters because speed, oath, and ruthless commitment move first under a war-coded opening.	strong=MARDU;positive=MARDU;suppressed=DUNE	REPLACE	KEEP-BUT-REWORD	HIGH	YES	mood=PRESENT;lore=NOT-EXPLICIT	HIGH	Differentiate DUNE; authored signals: missing blue as territorial-pressure boundary | mardu speed without green multiplication | abzan endurance without red ignition | glint volatility with blue present | ["psychographic-or-motivational-inference-risk","aesthetic-or-narrative-preference","philosophical-preference"]	Concept only: mardu speed without green multiplication. No current scoring effect is retained.	retire	Descriptive inventory only; answer-level evidence authority remains absent.
current_answer_effect	hall_DUNE_missing_blue	MISSING	hall_DUNE_missing_blue#answer-3	hall	A force can be coordinated, hungry, alive, and immediate. What proves it is Dune rather than a nearby shell?	It is the house that endures	The force matters because lineage, endurance, and survival keep pressure answerable to the living house.	strong=ABZAN;positive=ABZAN;suppressed=DUNE	REPLACE	NEEDS-EVIDENCE	HIGH	YES	mood=PRESENT;lore=NOT-EXPLICIT	HIGH	Differentiate DUNE; authored signals: missing blue as territorial-pressure boundary | mardu speed without green multiplication | abzan endurance without red ignition | glint volatility with blue present | ["psychographic-or-motivational-inference-risk","aesthetic-or-narrative-preference","philosophical-preference"]	Concept only: abzan endurance without red ignition. No current scoring effect is retained.	retire	Descriptive inventory only; answer-level evidence authority remains absent.
current_answer_effect	hall_DUNE_missing_blue	MISSING	hall_DUNE_missing_blue#answer-4	hall	A force can be coordinated, hungry, alive, and immediate. What proves it is Dune rather than a nearby shell?	It is the current that adapts	The force matters because learning, appetite, volatility, and living growth keep mutating before order can pin them down.	strong=GLINT;positive=GLINT;suppressed=DUNE	REPLACE	NEEDS-EVIDENCE	HIGH	YES	mood=PRESENT;lore=NOT-EXPLICIT	HIGH	Differentiate DUNE; authored signals: missing blue as territorial-pressure boundary | mardu speed without green multiplication | abzan endurance without red ignition | glint volatility with blue present | ["psychographic-or-motivational-inference-risk","aesthetic-or-narrative-preference","philosophical-preference"]	Concept only: glint volatility with blue present. No current scoring effect is retained.	retire	Descriptive inventory only; answer-level evidence authority remains absent.
current_answer_effect	hall_INK_protected_abundance	MISSING	hall_INK_protected_abundance#answer-1	hall	A gift, archive, or shared resource could help everyone, but it could also be captured. What makes sharing trustworthy?	Guard the commons	Sharing is trustworthy when generosity has a public boundary that keeps knowledge, care, and resources from becoming private leverage.	strong=INK;positive=INK;suppressed=B,UB,BR,BG,GLINT,DUNE	REPLACE	RETUNE	HIGH	YES	mood=PRESENT;lore=PRESENT	HIGH	Differentiate INK; authored signals: protected public abundance | appetite over protected reciprocity | force-backed line over open commons | procedure-first public process | ["social-behavior","psychographic-or-motivational-inference-risk","philosophical-preference","lore-or-setting-proxy"]	Concept only: protected public abundance. No current scoring effect is retained.	retire	Descriptive inventory only; answer-level evidence authority remains absent.
current_answer_effect	hall_INK_protected_abundance	MISSING	hall_INK_protected_abundance#answer-2	hall	A gift, archive, or shared resource could help everyone, but it could also be captured. What makes sharing trustworthy?	Let appetite take the opening	The shared thing is only useful if the hungriest force can convert it before the table slows it down.	strong=GLINT;positive=GLINT,JUND;suppressed=INK	REPLACE	RETUNE	HIGH	YES	mood=PRESENT;lore=PRESENT	HIGH	Differentiate INK; authored signals: protected public abundance | appetite over protected reciprocity | force-backed line over open commons | procedure-first public process | ["social-behavior","psychographic-or-motivational-inference-risk","philosophical-preference","lore-or-setting-proxy"]	Concept only: appetite over protected reciprocity. No current scoring effect is retained.	retire	Descriptive inventory only; answer-level evidence authority remains absent.
current_answer_effect	hall_INK_protected_abundance	MISSING	hall_INK_protected_abundance#answer-3	hall	A gift, archive, or shared resource could help everyone, but it could also be captured. What makes sharing trustworthy?	Hold the line by force	The resource stays honest when pressure, cost, and bodies keep the field claimed before distance can bargain it away.	strong=DUNE;positive=DUNE;suppressed=INK	REPLACE	NEEDS-EVIDENCE	HIGH	YES	mood=PRESENT;lore=PRESENT	HIGH	Differentiate INK; authored signals: protected public abundance | appetite over protected reciprocity | force-backed line over open commons | procedure-first public process | ["social-behavior","psychographic-or-motivational-inference-risk","philosophical-preference","lore-or-setting-proxy"]	Concept only: force-backed line over open commons. No current scoring effect is retained.	retire	Descriptive inventory only; answer-level evidence authority remains absent.
current_answer_effect	hall_INK_protected_abundance	MISSING	hall_INK_protected_abundance#answer-4	hall	A gift, archive, or shared resource could help everyone, but it could also be captured. What makes sharing trustworthy?	Make the process public	Trust comes from transparent procedure, shared records, and rules that everyone can audit.	strong=WU;positive=WU;suppressed=INK	REPLACE	NEEDS-EVIDENCE	HIGH	YES	mood=PRESENT;lore=PRESENT	HIGH	Differentiate INK; authored signals: protected public abundance | appetite over protected reciprocity | force-backed line over open commons | procedure-first public process | ["social-behavior","psychographic-or-motivational-inference-risk","philosophical-preference","lore-or-setting-proxy"]	Concept only: procedure-first public process. No current scoring effect is retained.	retire	Descriptive inventory only; answer-level evidence authority remains absent.
current_answer_effect	hall_INK_missing_black	MISSING	hall_INK_missing_black#answer-1	hall	The table wants abundance, knowledge, and care to circulate. What proves the center is Ink rather than generic group-hug?	It resists private capture	The center is Ink when shared resources remain open because Black-style private hoarding is not allowed to define the gift.	strong=INK;positive=INK;suppressed=B,UB,BR,BG	RETUNE	RETUNE	MEDIUM	YES	mood=NOT-EXPLICIT;lore=PRESENT	HIGH	Differentiate INK; authored signals: missing Black as anti-hoarding boundary | generic group-hug abundance | public archive shortcut | single-anchor shortcut | ["gameplay-or-deck-behavior","social-behavior","psychographic-or-motivational-inference-risk","aesthetic-or-narrative-preference","philosophical-preference","lore-or-setting-proxy"]	Concept only: missing Black as anti-hoarding boundary. No current scoring effect is retained.	retain concept only	Descriptive inventory only; answer-level evidence authority remains absent.
current_answer_effect	hall_INK_missing_black	MISSING	hall_INK_missing_black#answer-2	hall	The table wants abundance, knowledge, and care to circulate. What proves the center is Ink rather than generic group-hug?	Everyone just gets more	The table mainly wants more cards, mana, and favors without asking what keeps those gifts from being captured.	strong=;positive=WG;suppressed=INK	RETUNE	RETUNE	MEDIUM	YES	mood=NOT-EXPLICIT;lore=PRESENT	HIGH	Differentiate INK; authored signals: missing Black as anti-hoarding boundary | generic group-hug abundance | public archive shortcut | single-anchor shortcut | ["gameplay-or-deck-behavior","social-behavior","psychographic-or-motivational-inference-risk","aesthetic-or-narrative-preference","philosophical-preference","lore-or-setting-proxy"]	Concept only: generic group-hug abundance. No current scoring effect is retained.	retain concept only	Descriptive inventory only; answer-level evidence authority remains absent.
current_answer_effect	hall_INK_missing_black	MISSING	hall_INK_missing_black#answer-3	hall	The table wants abundance, knowledge, and care to circulate. What proves the center is Ink rather than generic group-hug?	The archive is the whole point	The answer centers knowledge itself, treating the record as the identity rather than one protected public good among several.	strong=;positive=U;suppressed=INK	RETUNE	RETUNE	MEDIUM	YES	mood=NOT-EXPLICIT;lore=PRESENT	HIGH	Differentiate INK; authored signals: missing Black as anti-hoarding boundary | generic group-hug abundance | public archive shortcut | single-anchor shortcut | ["gameplay-or-deck-behavior","social-behavior","psychographic-or-motivational-inference-risk","aesthetic-or-narrative-preference","philosophical-preference","lore-or-setting-proxy"]	Concept only: public archive shortcut. No current scoring effect is retained.	retain concept only	Descriptive inventory only; answer-level evidence authority remains absent.
current_answer_effect	hall_INK_missing_black	MISSING	hall_INK_missing_black#answer-4	hall	The table wants abundance, knowledge, and care to circulate. What proves the center is Ink rather than generic group-hug?	One card carries it	A single card or commander is being asked to carry the whole identity instead of serving as bounded Commander texture.	strong=;positive=;suppressed=INK	RETUNE	RETUNE	MEDIUM	YES	mood=NOT-EXPLICIT;lore=PRESENT	HIGH	Differentiate INK; authored signals: missing Black as anti-hoarding boundary | generic group-hug abundance | public archive shortcut | single-anchor shortcut | ["gameplay-or-deck-behavior","social-behavior","psychographic-or-motivational-inference-risk","aesthetic-or-narrative-preference","philosophical-preference","lore-or-setting-proxy"]	Concept only: single-anchor shortcut. No current scoring effect is retained.	retain concept only	Descriptive inventory only; answer-level evidence authority remains absent.
current_answer_effect	hall_WITCH_patient_cultivation	MISSING	hall_WITCH_patient_cultivation#answer-1	hall	A small investment could become inevitable if it survives long enough. What makes that patience trustworthy?	Let the roots keep the ledger	Patience is trustworthy when growth, structure, calculation, and ambition all protect the same future before impulse can scatter it.	strong=WITCH;positive=WITCH;suppressed=R,BR,RG,UR,GLINT,DUNE,INK	REPLACE	RETUNE	HIGH	NO	mood=PRESENT;lore=NOT-EXPLICIT	HIGH	Differentiate WITCH; authored signals: patient cultivation protected by structure | bant order without Black ambition | sultai leverage without White structure | ink commons over private inevitability | ["gameplay-or-deck-behavior","social-behavior","psychographic-or-motivational-inference-risk","philosophical-preference"]	Concept only: patient cultivation protected by structure. No current scoring effect is retained.	retire	Descriptive inventory only; answer-level evidence authority remains absent.
current_answer_effect	hall_WITCH_patient_cultivation	MISSING	hall_WITCH_patient_cultivation#answer-2	hall	A small investment could become inevitable if it survives long enough. What makes that patience trustworthy?	Perfect the public order	The patient thing matters because law, process, and improvement can keep the group legible.	strong=BANT;positive=BANT;suppressed=WITCH	REPLACE	RETUNE	HIGH	NO	mood=PRESENT;lore=NOT-EXPLICIT	HIGH	Differentiate WITCH; authored signals: patient cultivation protected by structure | bant order without Black ambition | sultai leverage without White structure | ink commons over private inevitability | ["gameplay-or-deck-behavior","social-behavior","psychographic-or-motivational-inference-risk","philosophical-preference"]	Concept only: bant order without Black ambition. No current scoring effect is retained.	retire	Descriptive inventory only; answer-level evidence authority remains absent.
current_answer_effect	hall_WITCH_patient_cultivation	MISSING	hall_WITCH_patient_cultivation#answer-3	hall	A small investment could become inevitable if it survives long enough. What makes that patience trustworthy?	Turn the hidden resource	The patient thing matters because every secret, grave, and opportunity can become leverage.	strong=SULTAI;positive=SULTAI;suppressed=WITCH	REPLACE	NEEDS-EVIDENCE	HIGH	NO	mood=PRESENT;lore=NOT-EXPLICIT	HIGH	Differentiate WITCH; authored signals: patient cultivation protected by structure | bant order without Black ambition | sultai leverage without White structure | ink commons over private inevitability | ["gameplay-or-deck-behavior","social-behavior","psychographic-or-motivational-inference-risk","philosophical-preference"]	Concept only: sultai leverage without White structure. No current scoring effect is retained.	retire	Descriptive inventory only; answer-level evidence authority remains absent.
current_answer_effect	hall_WITCH_patient_cultivation	MISSING	hall_WITCH_patient_cultivation#answer-4	hall	A small investment could become inevitable if it survives long enough. What makes that patience trustworthy?	Make the commons flourish	The patient thing matters because shared abundance should keep circulating rather than becoming one private plan.	strong=INK;positive=INK;suppressed=WITCH	REPLACE	NEEDS-EVIDENCE	HIGH	NO	mood=PRESENT;lore=NOT-EXPLICIT	HIGH	Differentiate WITCH; authored signals: patient cultivation protected by structure | bant order without Black ambition | sultai leverage without White structure | ink commons over private inevitability | ["gameplay-or-deck-behavior","social-behavior","psychographic-or-motivational-inference-risk","philosophical-preference"]	Concept only: ink commons over private inevitability. No current scoring effect is retained.	retire	Descriptive inventory only; answer-level evidence authority remains absent.
current_answer_effect	hall_WITCH_missing_red	MISSING	hall_WITCH_missing_red#answer-1	hall	The plan is alive, protected, and ambitious. What proves it is Witch rather than a nearby shell or a Red-touched surge?	Keep the spark out of command	The center is Witch when impulse, spectacle, haste, and emotional release are excluded so cultivation can remain protected and calculated.	strong=WITCH;positive=WITCH;suppressed=R,BR,RG,UR,WR,GLINT,DUNE	RETUNE	NEEDS-EVIDENCE	LOW	YES	mood=PRESENT;lore=NOT-EXPLICIT	HIGH	Differentiate WITCH; authored signals: missing Red as active cultivation boundary | glint surge with Red present | dune pressure with Red present | generic counters shortcut | ["gameplay-or-deck-behavior","social-behavior","psychographic-or-motivational-inference-risk","aesthetic-or-narrative-preference"]	Concept only: missing Red as active cultivation boundary. No current scoring effect is retained.	retain concept only	Descriptive inventory only; answer-level evidence authority remains absent.
current_answer_effect	hall_WITCH_missing_red	MISSING	hall_WITCH_missing_red#answer-2	hall	The plan is alive, protected, and ambitious. What proves it is Witch rather than a nearby shell or a Red-touched surge?	Let the surge keep learning	The plan matters because appetite, volatility, and living force should adapt in motion.	strong=GLINT;positive=GLINT;suppressed=WITCH	RETUNE	NEEDS-EVIDENCE	LOW	YES	mood=PRESENT;lore=NOT-EXPLICIT	HIGH	Differentiate WITCH; authored signals: missing Red as active cultivation boundary | glint surge with Red present | dune pressure with Red present | generic counters shortcut | ["gameplay-or-deck-behavior","social-behavior","psychographic-or-motivational-inference-risk","aesthetic-or-narrative-preference"]	Concept only: glint surge with Red present. No current scoring effect is retained.	retain concept only	Descriptive inventory only; answer-level evidence authority remains absent.
current_answer_effect	hall_WITCH_missing_red	MISSING	hall_WITCH_missing_red#answer-3	hall	The plan is alive, protected, and ambitious. What proves it is Witch rather than a nearby shell or a Red-touched surge?	Take the field before delay	The plan matters because bodies, cost, ignition, and pressure must claim ground now.	strong=DUNE;positive=DUNE;suppressed=WITCH	RETUNE	NEEDS-EVIDENCE	LOW	YES	mood=PRESENT;lore=NOT-EXPLICIT	HIGH	Differentiate WITCH; authored signals: missing Red as active cultivation boundary | glint surge with Red present | dune pressure with Red present | generic counters shortcut | ["gameplay-or-deck-behavior","social-behavior","psychographic-or-motivational-inference-risk","aesthetic-or-narrative-preference"]	Concept only: dune pressure with Red present. No current scoring effect is retained.	retain concept only	Descriptive inventory only; answer-level evidence authority remains absent.
current_answer_effect	hall_WITCH_missing_red	MISSING	hall_WITCH_missing_red#answer-4	hall	The plan is alive, protected, and ambitious. What proves it is Witch rather than a nearby shell or a Red-touched surge?	Count only the counters	The appeal is mainly proliferate, counters, or one famous commander rather than the full missing-Red worldview.	strong=;positive=UG;suppressed=WITCH	RETUNE	NEEDS-EVIDENCE	LOW	YES	mood=PRESENT;lore=NOT-EXPLICIT	HIGH	Differentiate WITCH; authored signals: missing Red as active cultivation boundary | glint surge with Red present | dune pressure with Red present | generic counters shortcut | ["gameplay-or-deck-behavior","social-behavior","psychographic-or-motivational-inference-risk","aesthetic-or-narrative-preference"]	Concept only: generic counters shortcut. No current scoring effect is retained.	retain concept only	Descriptive inventory only; answer-level evidence authority remains absent.
current_answer_effect	hall_WR_protection	MISSING	hall_WR_protection#answer-1	hall	The rules are too slow to prevent clear harm. What does virtue require?	Move now	Justice that arrives after the harm is complete is not enough.	strong=WR;positive=WR;suppressed=WU,LOREHOLD	RETUNE	NEEDS-EVIDENCE	MEDIUM	NO	mood=NOT-EXPLICIT;lore=NOT-EXPLICIT	HIGH	Differentiate WR; authored signals: protective action | procedural restraint | historical warning | collective harmony | ["social-behavior","psychographic-or-motivational-inference-risk"]	Concept only: protective action. No current scoring effect is retained.	retain concept only	Descriptive inventory only; answer-level evidence authority remains absent.
current_answer_effect	hall_WR_protection	MISSING	hall_WR_protection#answer-2	hall	The rules are too slow to prevent clear harm. What does virtue require?	Preserve legitimacy	If the method breaks the standard, the victory may poison the next case.	strong=WU;positive=WU;suppressed=WR	RETUNE	NEEDS-EVIDENCE	MEDIUM	NO	mood=NOT-EXPLICIT;lore=NOT-EXPLICIT	HIGH	Differentiate WR; authored signals: protective action | procedural restraint | historical warning | collective harmony | ["social-behavior","psychographic-or-motivational-inference-risk"]	Concept only: procedural restraint. No current scoring effect is retained.	retain concept only	Descriptive inventory only; answer-level evidence authority remains absent.
current_answer_effect	hall_WR_protection	MISSING	hall_WR_protection#answer-3	hall	The rules are too slow to prevent clear harm. What does virtue require?	Check the past first	Someone has faced this before. The warning may already exist.	strong=LOREHOLD;positive=LOREHOLD;suppressed=WR	RETUNE	NEEDS-EVIDENCE	MEDIUM	NO	mood=NOT-EXPLICIT;lore=NOT-EXPLICIT	HIGH	Differentiate WR; authored signals: protective action | procedural restraint | historical warning | collective harmony | ["social-behavior","psychographic-or-motivational-inference-risk"]	Concept only: historical warning. No current scoring effect is retained.	retain concept only	Descriptive inventory only; answer-level evidence authority remains absent.
current_answer_effect	hall_WR_protection	MISSING	hall_WR_protection#answer-4	hall	The rules are too slow to prevent clear harm. What does virtue require?	Heal the group bond	The community needs to want protection together, not just receive it.	strong=WG;positive=WG;suppressed=WR	RETUNE	NEEDS-EVIDENCE	MEDIUM	NO	mood=NOT-EXPLICIT;lore=NOT-EXPLICIT	HIGH	Differentiate WR; authored signals: protective action | procedural restraint | historical warning | collective harmony | ["social-behavior","psychographic-or-motivational-inference-risk"]	Concept only: collective harmony. No current scoring effect is retained.	retain concept only	Descriptive inventory only; answer-level evidence authority remains absent.
current_answer_effect	hall_LOREHOLD_history	MISSING	hall_LOREHOLD_history#answer-1	hall	A crisis demands action, but the past may contain a warning. What comes first?	Interrogate the past	The ruin, record, ancestor, or artifact may know what haste will miss.	strong=LOREHOLD;positive=LOREHOLD;suppressed=WR,UR	REPLACE	NEEDS-EVIDENCE	HIGH	NO	mood=PRESENT;lore=PRESENT	HIGH	Differentiate LOREHOLD; authored signals: historical field evidence | present-tense justice | precedent into law | historical pattern | ["social-behavior","aesthetic-or-narrative-preference","philosophical-preference","lore-or-setting-proxy"]	Concept only: historical field evidence. No current scoring effect is retained.	retire	Descriptive inventory only; answer-level evidence authority remains absent.
current_answer_effect	hall_LOREHOLD_history	MISSING	hall_LOREHOLD_history#answer-2	hall	A crisis demands action, but the past may contain a warning. What comes first?	Protect the present	History matters, but the person in danger is here now.	strong=WR;positive=WR;suppressed=LOREHOLD	REPLACE	RETUNE	HIGH	NO	mood=PRESENT;lore=PRESENT	HIGH	Differentiate LOREHOLD; authored signals: historical field evidence | present-tense justice | precedent into law | historical pattern | ["social-behavior","aesthetic-or-narrative-preference","philosophical-preference","lore-or-setting-proxy"]	Concept only: present-tense justice. No current scoring effect is retained.	retire	Descriptive inventory only; answer-level evidence authority remains absent.
current_answer_effect	hall_LOREHOLD_history	MISSING	hall_LOREHOLD_history#answer-3	hall	A crisis demands action, but the past may contain a warning. What comes first?	Codify the lesson	The past matters because it should become better procedure.	strong=WU;positive=WU;suppressed=LOREHOLD	REPLACE	NEEDS-EVIDENCE	HIGH	NO	mood=PRESENT;lore=PRESENT	HIGH	Differentiate LOREHOLD; authored signals: historical field evidence | present-tense justice | precedent into law | historical pattern | ["social-behavior","aesthetic-or-narrative-preference","philosophical-preference","lore-or-setting-proxy"]	Concept only: precedent into law. No current scoring effect is retained.	retire	Descriptive inventory only; answer-level evidence authority remains absent.
current_answer_effect	hall_LOREHOLD_history	MISSING	hall_LOREHOLD_history#answer-4	hall	A crisis demands action, but the past may contain a warning. What comes first?	Model the pattern	The past is data. The deeper truth is the structure beneath it.	strong=QUANDRIX;positive=QUANDRIX;suppressed=LOREHOLD	REPLACE	KEEP-BUT-REWORD	HIGH	NO	mood=PRESENT;lore=PRESENT	HIGH	Differentiate LOREHOLD; authored signals: historical field evidence | present-tense justice | precedent into law | historical pattern | ["social-behavior","aesthetic-or-narrative-preference","philosophical-preference","lore-or-setting-proxy"]	Concept only: historical pattern. No current scoring effect is retained.	retire	Descriptive inventory only; answer-level evidence authority remains absent.
current_answer_effect	hall_PRISMARI_expression	MISSING	hall_PRISMARI_expression#answer-1	hall	A work can be technically correct or emotionally unforgettable. What matters more?	The unforgettable expression	Technique serves the feeling. The spell has to land in the body.	strong=PRISMARI;positive=PRISMARI;suppressed=UR,QUANDRIX	RETUNE	RETUNE	LOW	NO	mood=PRESENT;lore=NOT-EXPLICIT	HIGH	Differentiate PRISMARI; authored signals: elemental artistry | mechanistic curiosity | dangerous spectacle | verbal precision | ["gameplay-or-deck-behavior","social-behavior","psychographic-or-motivational-inference-risk","aesthetic-or-narrative-preference"]	Concept only: elemental artistry. No current scoring effect is retained.	rewrite for pilot	Descriptive inventory only; answer-level evidence authority remains absent.
current_answer_effect	hall_PRISMARI_expression	MISSING	hall_PRISMARI_expression#answer-2	hall	A work can be technically correct or emotionally unforgettable. What matters more?	The mechanism underneath	If you cannot explain how it works, you have not mastered it.	strong=UR;positive=UR;suppressed=PRISMARI	RETUNE	NEEDS-EVIDENCE	LOW	NO	mood=PRESENT;lore=NOT-EXPLICIT	HIGH	Differentiate PRISMARI; authored signals: elemental artistry | mechanistic curiosity | dangerous spectacle | verbal precision | ["gameplay-or-deck-behavior","social-behavior","psychographic-or-motivational-inference-risk","aesthetic-or-narrative-preference"]	Concept only: mechanistic curiosity. No current scoring effect is retained.	rewrite for pilot	Descriptive inventory only; answer-level evidence authority remains absent.
current_answer_effect	hall_PRISMARI_expression	MISSING	hall_PRISMARI_expression#answer-3	hall	A work can be technically correct or emotionally unforgettable. What matters more?	The transgression	Make them uncomfortable enough to stop pretending.	strong=BR;positive=BR;suppressed=PRISMARI	RETUNE	NEEDS-EVIDENCE	LOW	NO	mood=PRESENT;lore=NOT-EXPLICIT	HIGH	Differentiate PRISMARI; authored signals: elemental artistry | mechanistic curiosity | dangerous spectacle | verbal precision | ["gameplay-or-deck-behavior","social-behavior","psychographic-or-motivational-inference-risk","aesthetic-or-narrative-preference"]	Concept only: dangerous spectacle. No current scoring effect is retained.	rewrite for pilot	Descriptive inventory only; answer-level evidence authority remains absent.
current_answer_effect	hall_PRISMARI_expression	MISSING	hall_PRISMARI_expression#answer-4	hall	A work can be technically correct or emotionally unforgettable. What matters more?	The precise phrase	The strongest performance may be one sentence said exactly right.	strong=SILVERQUILL;positive=SILVERQUILL;suppressed=PRISMARI	RETUNE	NEEDS-EVIDENCE	LOW	NO	mood=PRESENT;lore=NOT-EXPLICIT	HIGH	Differentiate PRISMARI; authored signals: elemental artistry | mechanistic curiosity | dangerous spectacle | verbal precision | ["gameplay-or-deck-behavior","social-behavior","psychographic-or-motivational-inference-risk","aesthetic-or-narrative-preference"]	Concept only: verbal precision. No current scoring effect is retained.	rewrite for pilot	Descriptive inventory only; answer-level evidence authority remains absent.
current_answer_effect	hall_QUANDRIX_pattern	MISSING	hall_QUANDRIX_pattern#answer-1	hall	Reality feels chaotic. What guide do you trust most?	The underlying pattern	The exception, proof, and model are where the real structure appears.	strong=QUANDRIX;positive=QUANDRIX;suppressed=BR,PRISMARI	REPLACE	KEEP-BUT-REWORD	HIGH	NO	mood=PRESENT;lore=PRESENT	HIGH	Differentiate QUANDRIX; authored signals: mathematical abstraction | adaptive biology | experimental proof | historical evidence | ["social-behavior","psychographic-or-motivational-inference-risk","aesthetic-or-narrative-preference","lore-or-setting-proxy"]	Concept only: mathematical abstraction. No current scoring effect is retained.	retire	Descriptive inventory only; answer-level evidence authority remains absent.
current_answer_effect	hall_QUANDRIX_pattern	MISSING	hall_QUANDRIX_pattern#answer-2	hall	Reality feels chaotic. What guide do you trust most?	The adapting body	A pattern matters when it helps life become more fit for the world.	strong=UG;positive=UG;suppressed=QUANDRIX	REPLACE	KEEP-BUT-REWORD	HIGH	NO	mood=PRESENT;lore=PRESENT	HIGH	Differentiate QUANDRIX; authored signals: mathematical abstraction | adaptive biology | experimental proof | historical evidence | ["social-behavior","psychographic-or-motivational-inference-risk","aesthetic-or-narrative-preference","lore-or-setting-proxy"]	Concept only: adaptive biology. No current scoring effect is retained.	retire	Descriptive inventory only; answer-level evidence authority remains absent.
current_answer_effect	hall_QUANDRIX_pattern	MISSING	hall_QUANDRIX_pattern#answer-3	hall	Reality feels chaotic. What guide do you trust most?	The test bench	Build the device, run the experiment, and let the weird result speak.	strong=UR;positive=UR;suppressed=QUANDRIX	REPLACE	KEEP-BUT-REWORD	HIGH	NO	mood=PRESENT;lore=PRESENT	HIGH	Differentiate QUANDRIX; authored signals: mathematical abstraction | adaptive biology | experimental proof | historical evidence | ["social-behavior","psychographic-or-motivational-inference-risk","aesthetic-or-narrative-preference","lore-or-setting-proxy"]	Concept only: experimental proof. No current scoring effect is retained.	retire	Descriptive inventory only; answer-level evidence authority remains absent.
current_answer_effect	hall_QUANDRIX_pattern	MISSING	hall_QUANDRIX_pattern#answer-4	hall	Reality feels chaotic. What guide do you trust most?	The record	Patterns matter, but history has already run experiments at scale.	strong=LOREHOLD;positive=LOREHOLD;suppressed=QUANDRIX	REPLACE	RETUNE	HIGH	NO	mood=PRESENT;lore=PRESENT	HIGH	Differentiate QUANDRIX; authored signals: mathematical abstraction | adaptive biology | experimental proof | historical evidence | ["social-behavior","psychographic-or-motivational-inference-risk","aesthetic-or-narrative-preference","lore-or-setting-proxy"]	Concept only: historical evidence. No current scoring effect is retained.	retire	Descriptive inventory only; answer-level evidence authority remains absent.
current_answer_effect	hall_SILVERQUILL_words	MISSING	hall_SILVERQUILL_words#answer-1	hall	A room is moving in the wrong direction. How do you redirect it?	Say the line that changes the room	Words are force. Precision, praise, pressure, and image all matter.	strong=SILVERQUILL;positive=SILVERQUILL;suppressed=UB,WU	RETUNE	NEEDS-EVIDENCE	LOW	NO	mood=PRESENT;lore=NOT-EXPLICIT	HIGH	Differentiate SILVERQUILL; authored signals: rhetorical force | contractual speech | formal ruling | elemental expression | ["psychographic-or-motivational-inference-risk"]	Concept only: rhetorical force. No current scoring effect is retained.	retain concept only	Descriptive inventory only; answer-level evidence authority remains absent.
current_answer_effect	hall_SILVERQUILL_words	MISSING	hall_SILVERQUILL_words#answer-2	hall	A room is moving in the wrong direction. How do you redirect it?	Make the contract visible	Speech matters when it binds obligation to consequence.	strong=WB;positive=WB;suppressed=SILVERQUILL	RETUNE	NEEDS-EVIDENCE	LOW	NO	mood=PRESENT;lore=NOT-EXPLICIT	HIGH	Differentiate SILVERQUILL; authored signals: rhetorical force | contractual speech | formal ruling | elemental expression | ["psychographic-or-motivational-inference-risk"]	Concept only: contractual speech. No current scoring effect is retained.	retain concept only	Descriptive inventory only; answer-level evidence authority remains absent.
current_answer_effect	hall_SILVERQUILL_words	MISSING	hall_SILVERQUILL_words#answer-3	hall	A room is moving in the wrong direction. How do you redirect it?	Codify the standard	The room changes when everyone knows the rule that applies.	strong=WU;positive=WU;suppressed=SILVERQUILL	RETUNE	NEEDS-EVIDENCE	LOW	NO	mood=PRESENT;lore=NOT-EXPLICIT	HIGH	Differentiate SILVERQUILL; authored signals: rhetorical force | contractual speech | formal ruling | elemental expression | ["psychographic-or-motivational-inference-risk"]	Concept only: formal ruling. No current scoring effect is retained.	retain concept only	Descriptive inventory only; answer-level evidence authority remains absent.
current_answer_effect	hall_SILVERQUILL_words	MISSING	hall_SILVERQUILL_words#answer-4	hall	A room is moving in the wrong direction. How do you redirect it?	Make the feeling visible	Language is too small; the expression needs scale.	strong=PRISMARI;positive=PRISMARI;suppressed=SILVERQUILL	RETUNE	KEEP-BUT-REWORD	LOW	NO	mood=PRESENT;lore=NOT-EXPLICIT	HIGH	Differentiate SILVERQUILL; authored signals: rhetorical force | contractual speech | formal ruling | elemental expression | ["psychographic-or-motivational-inference-risk"]	Concept only: elemental expression. No current scoring effect is retained.	retain concept only	Descriptive inventory only; answer-level evidence authority remains absent.
current_answer_effect	hall_WITHERBLOOM_essence	MISSING	hall_WITHERBLOOM_essence#answer-1	hall	A cure requires something messy, costly, or morally uncomfortable. What guides you?	The life-death exchange	Vitality is not clean. Healing may require proximity to decay.	strong=WITHERBLOOM;positive=WITHERBLOOM;suppressed=WU,WG	RETUNE	NEEDS-EVIDENCE	LOW	NO	mood=NOT-EXPLICIT;lore=NOT-EXPLICIT	HIGH	Differentiate WITHERBLOOM; authored signals: messy vitality ecology | rot reclamation | biodesign improvement | communal nurture | ["social-behavior"]	Concept only: messy vitality ecology. No current scoring effect is retained.	rewrite for pilot	Descriptive inventory only; answer-level evidence authority remains absent.
current_answer_effect	hall_WITHERBLOOM_essence	MISSING	hall_WITHERBLOOM_essence#answer-2	hall	A cure requires something messy, costly, or morally uncomfortable. What guides you?	The reclaimed remains	Use what the system threw away and make survival from it.	strong=BG;positive=BG;suppressed=WITHERBLOOM	RETUNE	NEEDS-EVIDENCE	LOW	NO	mood=NOT-EXPLICIT;lore=NOT-EXPLICIT	HIGH	Differentiate WITHERBLOOM; authored signals: messy vitality ecology | rot reclamation | biodesign improvement | communal nurture | ["social-behavior"]	Concept only: rot reclamation. No current scoring effect is retained.	rewrite for pilot	Descriptive inventory only; answer-level evidence authority remains absent.
current_answer_effect	hall_WITHERBLOOM_essence	MISSING	hall_WITHERBLOOM_essence#answer-3	hall	A cure requires something messy, costly, or morally uncomfortable. What guides you?	The improved organism	If the body can be adapted away from fragility, adapt it.	strong=UG;positive=UG;suppressed=WITHERBLOOM	RETUNE	NEEDS-EVIDENCE	LOW	NO	mood=NOT-EXPLICIT;lore=NOT-EXPLICIT	HIGH	Differentiate WITHERBLOOM; authored signals: messy vitality ecology | rot reclamation | biodesign improvement | communal nurture | ["social-behavior"]	Concept only: biodesign improvement. No current scoring effect is retained.	rewrite for pilot	Descriptive inventory only; answer-level evidence authority remains absent.
current_answer_effect	hall_WITHERBLOOM_essence	MISSING	hall_WITHERBLOOM_essence#answer-4	hall	A cure requires something messy, costly, or morally uncomfortable. What guides you?	The nurturing whole	Healing should restore belonging, not just biological function.	strong=WG;positive=WG;suppressed=WITHERBLOOM	RETUNE	NEEDS-EVIDENCE	LOW	NO	mood=NOT-EXPLICIT;lore=NOT-EXPLICIT	HIGH	Differentiate WITHERBLOOM; authored signals: messy vitality ecology | rot reclamation | biodesign improvement | communal nurture | ["social-behavior"]	Concept only: communal nurture. No current scoring effect is retained.	rewrite for pilot	Descriptive inventory only; answer-level evidence authority remains absent.
current_answer_effect	hall_COLORLESS_outside_wubrg	MISSING	hall_COLORLESS_outside_wubrg#answer-1	hall	When the color wheel stops being the right language, what makes the restriction feel worth choosing?	Stay outside the wheel	The absence is the discipline: exact mana, exact boundaries, and no need to translate the experience into WUBRG.	strong=COLORLESS;positive=COLORLESS;suppressed=WUBRG,W,U,B,R,G,YORE,ESPER,WITCH	RETUNE	KEEP-BUT-REWORD	LOW	NO	mood=PRESENT;lore=PRESENT	HIGH	Differentiate COLORLESS; authored signals: outside-WUBRG precision | artifact engine without strict Colorless boundary | five-color fullness | ["gameplay-or-deck-behavior","social-behavior","psychographic-or-motivational-inference-risk","aesthetic-or-narrative-preference","lore-or-setting-proxy"]	Concept only: outside-WUBRG precision. No current scoring effect is retained.	rewrite for pilot	Descriptive inventory only; answer-level evidence authority remains absent.
current_answer_effect	hall_COLORLESS_outside_wubrg	MISSING	hall_COLORLESS_outside_wubrg#answer-2	hall	When the color wheel stops being the right language, what makes the restriction feel worth choosing?	Build the artifact engine	The machine matters most when its parts assemble into repeatable function, even if the deck still wants colored purposes.	strong=;positive=YORE,ESPER;suppressed=COLORLESS	RETUNE	RETUNE	LOW	NO	mood=PRESENT;lore=PRESENT	HIGH	Differentiate COLORLESS; authored signals: outside-WUBRG precision | artifact engine without strict Colorless boundary | five-color fullness | ["gameplay-or-deck-behavior","social-behavior","psychographic-or-motivational-inference-risk","aesthetic-or-narrative-preference","lore-or-setting-proxy"]	Concept only: artifact engine without strict Colorless boundary. No current scoring effect is retained.	rewrite for pilot	Descriptive inventory only; answer-level evidence authority remains absent.
current_answer_effect	hall_COLORLESS_outside_wubrg	MISSING	hall_COLORLESS_outside_wubrg#answer-3	hall	When the color wheel stops being the right language, what makes the restriction feel worth choosing?	Use every color	The pull is fullness: every tool, every color, and a deck that answers limitation by expanding the palette.	strong=WUBRG;positive=WUBRG;suppressed=COLORLESS	RETUNE	KEEP-BUT-REWORD	LOW	NO	mood=PRESENT;lore=PRESENT	HIGH	Differentiate COLORLESS; authored signals: outside-WUBRG precision | artifact engine without strict Colorless boundary | five-color fullness | ["gameplay-or-deck-behavior","social-behavior","psychographic-or-motivational-inference-risk","aesthetic-or-narrative-preference","lore-or-setting-proxy"]	Concept only: five-color fullness. No current scoring effect is retained.	rewrite for pilot	Descriptive inventory only; answer-level evidence authority remains absent.
current_answer_effect	hall_COLORLESS_branch_boundary	MISSING	hall_COLORLESS_branch_boundary#answer-1	hall	Which branch keeps its shape when Colorless is not allowed to collapse into a catch-all?	Chosen restriction	The appeal is the clean line: colorless mana, generic costs, artifacts, Eldrazi, Wastes, and Devoid stay related but separate.	strong=COLORLESS;positive=COLORLESS;suppressed=WUBRG,W,U,B,R,G,YORE,ESPER,WITCH	REPLACE	NEEDS-EVIDENCE	HIGH	NO	mood=PRESENT;lore=NOT-EXPLICIT	HIGH	Differentiate COLORLESS; authored signals: strict branch separation | artifact-only false positive | five-color Eldrazi false positive | Phyrexia distinction gap | ["gameplay-or-deck-behavior","social-behavior","psychographic-or-motivational-inference-risk","aesthetic-or-narrative-preference"]	Concept only: strict branch separation. No current scoring effect is retained.	retire	Descriptive inventory only; answer-level evidence authority remains absent.
current_answer_effect	hall_COLORLESS_branch_boundary	MISSING	hall_COLORLESS_branch_boundary#answer-2	hall	Which branch keeps its shape when Colorless is not allowed to collapse into a catch-all?	Only artifacts	The attraction is machine function first, with colorlessness as a useful texture rather than the identity boundary.	strong=;positive=YORE,ESPER;suppressed=COLORLESS	REPLACE	NEEDS-EVIDENCE	HIGH	NO	mood=PRESENT;lore=NOT-EXPLICIT	HIGH	Differentiate COLORLESS; authored signals: strict branch separation | artifact-only false positive | five-color Eldrazi false positive | Phyrexia distinction gap | ["gameplay-or-deck-behavior","social-behavior","psychographic-or-motivational-inference-risk","aesthetic-or-narrative-preference"]	Concept only: artifact-only false positive. No current scoring effect is retained.	retire	Descriptive inventory only; answer-level evidence authority remains absent.
current_answer_effect	hall_COLORLESS_branch_boundary	MISSING	hall_COLORLESS_branch_boundary#answer-3	hall	Which branch keeps its shape when Colorless is not allowed to collapse into a catch-all?	Five-color Eldrazi	The Eldrazi mood is real, but the deck still wants all five colors rather than strict outside-WUBRG discipline.	strong=WUBRG;positive=WUBRG;suppressed=COLORLESS	REPLACE	NEEDS-EVIDENCE	HIGH	NO	mood=PRESENT;lore=NOT-EXPLICIT	HIGH	Differentiate COLORLESS; authored signals: strict branch separation | artifact-only false positive | five-color Eldrazi false positive | Phyrexia distinction gap | ["gameplay-or-deck-behavior","social-behavior","psychographic-or-motivational-inference-risk","aesthetic-or-narrative-preference"]	Concept only: five-color Eldrazi false positive. No current scoring effect is retained.	retire	Descriptive inventory only; answer-level evidence authority remains absent.
current_answer_effect	hall_COLORLESS_branch_boundary	MISSING	hall_COLORLESS_branch_boundary#answer-4	hall	Which branch keeps its shape when Colorless is not allowed to collapse into a catch-all?	Phyrexian aesthetics	The metallic, body-horror, oil-stained read belongs to a different distinction track unless evidence says otherwise.	strong=;positive=WITCH;suppressed=COLORLESS	REPLACE	NEEDS-EVIDENCE	HIGH	NO	mood=PRESENT;lore=NOT-EXPLICIT	HIGH	Differentiate COLORLESS; authored signals: strict branch separation | artifact-only false positive | five-color Eldrazi false positive | Phyrexia distinction gap | ["gameplay-or-deck-behavior","social-behavior","psychographic-or-motivational-inference-risk","aesthetic-or-narrative-preference"]	Concept only: Phyrexia distinction gap. No current scoring effect is retained.	retire	Descriptive inventory only; answer-level evidence authority remains absent.
current_answer_effect	hall_WUBRG_full_spectrum	MISSING	hall_WUBRG_full_spectrum#answer-1	hall	When every color is available, what keeps the plan from becoming everything at once?	Every color has a job	White sets the structure, Blue clarifies the pattern, Black protects agency, Red moves, and Green keeps the whole thing alive.	strong=WUBRG;positive=WUBRG;suppressed=COLORLESS,YORE,GLINT,DUNE,INK,WITCH	RETUNE	NEEDS-EVIDENCE	MEDIUM	NO	mood=NOT-EXPLICIT;lore=NOT-EXPLICIT	HIGH	Differentiate WUBRG; authored signals: all five colors present with roles | generic goodstuff false positive | outside-WUBRG restriction over fullness | ["gameplay-or-deck-behavior","social-behavior","psychographic-or-motivational-inference-risk"]	Concept only: all five colors present with roles. No current scoring effect is retained.	rewrite for pilot	Descriptive inventory only; answer-level evidence authority remains absent.
current_answer_effect	hall_WUBRG_full_spectrum	MISSING	hall_WUBRG_full_spectrum#answer-2	hall	When every color is available, what keeps the plan from becoming everything at once?	The strongest pile wins	The point is access to the best cards, with identity and tradeoffs treated as secondary.	strong=;positive=;suppressed=WUBRG	RETUNE	NEEDS-EVIDENCE	MEDIUM	NO	mood=NOT-EXPLICIT;lore=NOT-EXPLICIT	HIGH	Differentiate WUBRG; authored signals: all five colors present with roles | generic goodstuff false positive | outside-WUBRG restriction over fullness | ["gameplay-or-deck-behavior","social-behavior","psychographic-or-motivational-inference-risk"]	Concept only: generic goodstuff false positive. No current scoring effect is retained.	rewrite for pilot	Descriptive inventory only; answer-level evidence authority remains absent.
current_answer_effect	hall_WUBRG_full_spectrum	MISSING	hall_WUBRG_full_spectrum#answer-3	hall	When every color is available, what keeps the plan from becoming everything at once?	Stay outside the wheel	The appeal is still the absence of color, not the chance to include every color.	strong=COLORLESS;positive=COLORLESS;suppressed=WUBRG	RETUNE	NEEDS-EVIDENCE	MEDIUM	NO	mood=NOT-EXPLICIT;lore=NOT-EXPLICIT	HIGH	Differentiate WUBRG; authored signals: all five colors present with roles | generic goodstuff false positive | outside-WUBRG restriction over fullness | ["gameplay-or-deck-behavior","social-behavior","psychographic-or-motivational-inference-risk"]	Concept only: outside-WUBRG restriction over fullness. No current scoring effect is retained.	rewrite for pilot	Descriptive inventory only; answer-level evidence authority remains absent.
current_answer_effect	crucible_COLORLESS_WUBRG	MISSING	crucible_COLORLESS_WUBRG#answer-1	crucible	When the color wheel is in view, is the answer strongest because it steps outside color, or because every color has a negotiated role?	Step outside color	The chosen restriction is the point: absence, exact colorless boundaries, and no need to translate the experience into WUBRG.	strong=COLORLESS;positive=COLORLESS;suppressed=WUBRG	RETUNE	NEEDS-EVIDENCE	LOW	YES	mood=NOT-EXPLICIT;lore=NOT-EXPLICIT	LOW-MEDIUM	Broad Gate routing; authored signals: chosen outside-WUBRG restriction | all five colors present and negotiated | ["social-behavior"]	Concept only: chosen outside-WUBRG restriction. No current scoring effect is retained.	retain concept only	Descriptive inventory only; answer-level evidence authority remains absent.
current_answer_effect	crucible_COLORLESS_WUBRG	MISSING	crucible_COLORLESS_WUBRG#answer-2	crucible	When the color wheel is in view, is the answer strongest because it steps outside color, or because every color has a negotiated role?	Bring all five in	Every color belongs at the table, with each role negotiated instead of collapsed into generic access.	strong=WUBRG;positive=WUBRG;suppressed=COLORLESS	RETUNE	NEEDS-EVIDENCE	LOW	YES	mood=NOT-EXPLICIT;lore=NOT-EXPLICIT	LOW-MEDIUM	Broad Gate routing; authored signals: chosen outside-WUBRG restriction | all five colors present and negotiated | ["social-behavior"]	Concept only: all five colors present and negotiated. No current scoring effect is retained.	retain concept only	Descriptive inventory only; answer-level evidence authority remains absent.
current_answer_effect	crucible_W_WU	MISSING	crucible_W_WU#answer-1	crucible	Does dependable protection begin with a shelter people can trust, or a process nobody can bend?	Shelter first	The structure matters because it keeps people safe.	strong=W;positive=W;suppressed=WU	RETUNE	NEEDS-EVIDENCE	LOW	YES	mood=PRESENT;lore=NOT-EXPLICIT	MEDIUM	Broad Gate routing; authored signals: shelter before procedure | procedure before shelter | ["social-behavior"]	Concept only: shelter before procedure. No current scoring effect is retained.	retain concept only	Descriptive inventory only; answer-level evidence authority remains absent.
current_answer_effect	crucible_W_WU	MISSING	crucible_W_WU#answer-2	crucible	Does dependable protection begin with a shelter people can trust, or a process nobody can bend?	Process first	Protection lasts when the rule survives every exception.	strong=WU;positive=WU;suppressed=W	RETUNE	NEEDS-EVIDENCE	LOW	YES	mood=PRESENT;lore=NOT-EXPLICIT	MEDIUM	Broad Gate routing; authored signals: shelter before procedure | procedure before shelter | ["social-behavior"]	Concept only: procedure before shelter. No current scoring effect is retained.	retain concept only	Descriptive inventory only; answer-level evidence authority remains absent.
current_answer_effect	crucible_W_WR	MISSING	crucible_W_WR#answer-1	crucible	When people are unsafe, is the first duty to build the standard or step in right now?	Build the standard	Protection has to become reliable, not only brave.	strong=W;positive=W;suppressed=WR	REPLACE	NEEDS-EVIDENCE	HIGH	NO	mood=NOT-EXPLICIT;lore=NOT-EXPLICIT	LOW-MEDIUM	Broad Gate routing; authored signals: reliable protection | immediate duty | ["social-behavior"]	Concept only: reliable protection. No current scoring effect is retained.	retire	Descriptive inventory only; answer-level evidence authority remains absent.
current_answer_effect	crucible_W_WR	MISSING	crucible_W_WR#answer-2	crucible	When people are unsafe, is the first duty to build the standard or step in right now?	Step in right now	Protection that waits for structure can arrive too late.	strong=WR;positive=WR;suppressed=W	REPLACE	NEEDS-EVIDENCE	HIGH	NO	mood=NOT-EXPLICIT;lore=NOT-EXPLICIT	LOW-MEDIUM	Broad Gate routing; authored signals: reliable protection | immediate duty | ["social-behavior"]	Concept only: immediate duty. No current scoring effect is retained.	retire	Descriptive inventory only; answer-level evidence authority remains absent.
current_answer_effect	crucible_W_WG	MISSING	crucible_W_WG#answer-1	crucible	Does safety begin with shared standards, or with a community that already knows how to hold each other?	Shared standards	The structure protects even before trust matures.	strong=W;positive=W;suppressed=WG	RETUNE	NEEDS-EVIDENCE	LOW	YES	mood=PRESENT;lore=NOT-EXPLICIT	MEDIUM	Broad Gate routing; authored signals: standards before belonging | belonging before standards | ["social-behavior","psychographic-or-motivational-inference-risk","aesthetic-or-narrative-preference"]	Concept only: standards before belonging. No current scoring effect is retained.	retain concept only	Descriptive inventory only; answer-level evidence authority remains absent.
current_answer_effect	crucible_W_WG	MISSING	crucible_W_WG#answer-2	crucible	Does safety begin with shared standards, or with a community that already knows how to hold each other?	Shared belonging	People protect what they already feel part of together.	strong=WG;positive=WG;suppressed=W	RETUNE	RETUNE	LOW	YES	mood=PRESENT;lore=NOT-EXPLICIT	MEDIUM	Broad Gate routing; authored signals: standards before belonging | belonging before standards | ["social-behavior","psychographic-or-motivational-inference-risk","aesthetic-or-narrative-preference"]	Concept only: belonging before standards. No current scoring effect is retained.	retain concept only	Descriptive inventory only; answer-level evidence authority remains absent.
current_answer_effect	crucible_U_WU	MISSING	crucible_U_WU#answer-1	crucible	Does trust begin with understanding the system, or with a rule no one can bend?	Understand the system	The rule matters after the model is clear.	strong=U;positive=U;suppressed=WU	REPLACE	NEEDS-EVIDENCE	HIGH	NO	mood=PRESENT;lore=NOT-EXPLICIT	MEDIUM	Broad Gate routing; authored signals: model before procedure | procedure before model | ["social-behavior"]	Concept only: model before procedure. No current scoring effect is retained.	retire	Descriptive inventory only; answer-level evidence authority remains absent.
current_answer_effect	crucible_U_WU	MISSING	crucible_U_WU#answer-2	crucible	Does trust begin with understanding the system, or with a rule no one can bend?	Bind the rule	Understanding matters when it becomes fair process.	strong=WU;positive=WU;suppressed=U	REPLACE	NEEDS-EVIDENCE	HIGH	NO	mood=PRESENT;lore=NOT-EXPLICIT	MEDIUM	Broad Gate routing; authored signals: model before procedure | procedure before model | ["social-behavior"]	Concept only: procedure before model. No current scoring effect is retained.	retire	Descriptive inventory only; answer-level evidence authority remains absent.
current_answer_effect	crucible_U_UB	MISSING	crucible_U_UB#answer-1	crucible	Does information matter because it improves the future, or because no one knows you have it?	Improve the future	Knowledge expands what can be done next.	strong=U;positive=U;suppressed=UB	REPLACE	NEEDS-EVIDENCE	HIGH	YES	mood=NOT-EXPLICIT;lore=NOT-EXPLICIT	LOW-MEDIUM	Broad Gate routing; authored signals: knowledge as possibility | knowledge as secrecy | ["philosophical-preference"]	Concept only: knowledge as possibility. No current scoring effect is retained.	retire	Descriptive inventory only; answer-level evidence authority remains absent.
current_answer_effect	crucible_U_UB	MISSING	crucible_U_UB#answer-2	crucible	Does information matter because it improves the future, or because no one knows you have it?	Keep it unseen	Information is strongest when it becomes hidden leverage.	strong=UB;positive=UB;suppressed=U	REPLACE	NEEDS-EVIDENCE	HIGH	YES	mood=NOT-EXPLICIT;lore=NOT-EXPLICIT	LOW-MEDIUM	Broad Gate routing; authored signals: knowledge as possibility | knowledge as secrecy | ["philosophical-preference"]	Concept only: knowledge as secrecy. No current scoring effect is retained.	retire	Descriptive inventory only; answer-level evidence authority remains absent.
current_answer_effect	crucible_U_UR	MISSING	crucible_U_UR#answer-1	crucible	When the idea is promising but unstable, do you wait for the model or fire the prototype?	Wait for the model	A better prediction prevents a wasted breakthrough.	strong=U;positive=U;suppressed=UR	RETUNE	NEEDS-EVIDENCE	LOW	YES	mood=NOT-EXPLICIT;lore=NOT-EXPLICIT	LOW-MEDIUM	Broad Gate routing; authored signals: predictive patience | experimental spark | ["social-behavior"]	Concept only: predictive patience. No current scoring effect is retained.	retain concept only	Descriptive inventory only; answer-level evidence authority remains absent.
current_answer_effect	crucible_U_UR	MISSING	crucible_U_UR#answer-2	crucible	When the idea is promising but unstable, do you wait for the model or fire the prototype?	Fire the prototype	The experiment has to move before the answer appears.	strong=UR;positive=UR;suppressed=U	RETUNE	NEEDS-EVIDENCE	LOW	YES	mood=NOT-EXPLICIT;lore=NOT-EXPLICIT	LOW-MEDIUM	Broad Gate routing; authored signals: predictive patience | experimental spark | ["social-behavior"]	Concept only: experimental spark. No current scoring effect is retained.	retain concept only	Descriptive inventory only; answer-level evidence authority remains absent.
current_answer_effect	crucible_U_UG	MISSING	crucible_U_UG#answer-1	crucible	Should the next change refine the model, or alter the living thing that must survive?	Refine the model	Improve the tool, plan, and knowledge before changing the body.	strong=U;positive=U;suppressed=UG	NEEDS-EVIDENCE	NEEDS-EVIDENCE	LOW	NO	mood=NOT-EXPLICIT;lore=NOT-EXPLICIT	LOW-MEDIUM	Broad Gate routing; authored signals: engineered possibility | living adaptation | ["philosophical-preference"]	Concept only: engineered possibility. No current scoring effect is retained.	evidence needed	Descriptive inventory only; answer-level evidence authority remains absent.
current_answer_effect	crucible_U_UG	MISSING	crucible_U_UG#answer-2	crucible	Should the next change refine the model, or alter the living thing that must survive?	Alter the organism	The living form must adapt to meet the future.	strong=UG;positive=UG;suppressed=U	NEEDS-EVIDENCE	NEEDS-EVIDENCE	LOW	NO	mood=NOT-EXPLICIT;lore=NOT-EXPLICIT	LOW-MEDIUM	Broad Gate routing; authored signals: engineered possibility | living adaptation | ["philosophical-preference"]	Concept only: living adaptation. No current scoring effect is retained.	evidence needed	Descriptive inventory only; answer-level evidence authority remains absent.
current_answer_effect	crucible_B_UB	MISSING	crucible_B_UB#answer-1	crucible	When power is available, do you pay the cost directly or wait until hidden information makes the move safer?	Pay directly	Agency is worth the price when the price keeps your fate yours.	strong=B;positive=B;suppressed=UB	RETUNE	NEEDS-EVIDENCE	LOW	YES	mood=NOT-EXPLICIT;lore=NOT-EXPLICIT	LOW-MEDIUM	Broad Gate routing; authored signals: direct cost | hidden timing | ["psychographic-or-motivational-inference-risk"]	Concept only: direct cost. No current scoring effect is retained.	retain concept only	Descriptive inventory only; answer-level evidence authority remains absent.
current_answer_effect	crucible_B_UB	MISSING	crucible_B_UB#answer-2	crucible	When power is available, do you pay the cost directly or wait until hidden information makes the move safer?	Wait in secret	Leverage is strongest when no one sees the hand move.	strong=UB;positive=UB;suppressed=B	RETUNE	NEEDS-EVIDENCE	LOW	YES	mood=NOT-EXPLICIT;lore=NOT-EXPLICIT	LOW-MEDIUM	Broad Gate routing; authored signals: direct cost | hidden timing | ["psychographic-or-motivational-inference-risk"]	Concept only: hidden timing. No current scoring effect is retained.	retain concept only	Descriptive inventory only; answer-level evidence authority remains absent.
current_answer_effect	crucible_B_BR	MISSING	crucible_B_BR#answer-1	crucible	Is the cost worth paying because it keeps control, or because it finally releases restraint?	Keep control	The sacrifice matters because it secures agency.	strong=B;positive=B;suppressed=BR	REPLACE	NEEDS-EVIDENCE	HIGH	YES	mood=PRESENT;lore=NOT-EXPLICIT	MEDIUM	Broad Gate routing; authored signals: controlled cost | unrestrained release | ["psychographic-or-motivational-inference-risk"]	Concept only: controlled cost. No current scoring effect is retained.	retire	Descriptive inventory only; answer-level evidence authority remains absent.
current_answer_effect	crucible_B_BR	MISSING	crucible_B_BR#answer-2	crucible	Is the cost worth paying because it keeps control, or because it finally releases restraint?	Release restraint	The rupture matters because the pressure has to become real.	strong=BR;positive=BR;suppressed=B	REPLACE	NEEDS-EVIDENCE	HIGH	YES	mood=PRESENT;lore=NOT-EXPLICIT	MEDIUM	Broad Gate routing; authored signals: controlled cost | unrestrained release | ["psychographic-or-motivational-inference-risk"]	Concept only: unrestrained release. No current scoring effect is retained.	retire	Descriptive inventory only; answer-level evidence authority remains absent.
current_answer_effect	crucible_B_BG	MISSING	crucible_B_BG#answer-1	crucible	Does the graveyard matter because it belongs to your plan, or because decay feeds the next life?	It belongs to the plan	Death is another resource to convert.	strong=B;positive=B;suppressed=BG	RETUNE	NEEDS-EVIDENCE	LOW	YES	mood=NOT-EXPLICIT;lore=NOT-EXPLICIT	LOW-MEDIUM	Broad Gate routing; authored signals: graveyard leverage | predatory cycle | ["gameplay-or-deck-behavior","social-behavior"]	Concept only: graveyard leverage. No current scoring effect is retained.	retain concept only	Descriptive inventory only; answer-level evidence authority remains absent.
current_answer_effect	crucible_B_BG	MISSING	crucible_B_BG#answer-2	crucible	Does the graveyard matter because it belongs to your plan, or because decay feeds the next life?	It feeds the cycle	Death matters because survival keeps returning through decay.	strong=BG;positive=BG;suppressed=B	RETUNE	NEEDS-EVIDENCE	LOW	YES	mood=NOT-EXPLICIT;lore=NOT-EXPLICIT	LOW-MEDIUM	Broad Gate routing; authored signals: graveyard leverage | predatory cycle | ["gameplay-or-deck-behavior","social-behavior"]	Concept only: predatory cycle. No current scoring effect is retained.	retain concept only	Descriptive inventory only; answer-level evidence authority remains absent.
current_answer_effect	crucible_B_WB	MISSING	crucible_B_WB#answer-1	crucible	Would you rather own the leverage privately, or bind it into an obligation no one can escape?	Own the leverage	Power protects best when it answers to the self.	strong=B;positive=B;suppressed=WB	REPLACE	KEEP-BUT-REWORD	HIGH	YES	mood=NOT-EXPLICIT;lore=NOT-EXPLICIT	LOW-MEDIUM	Broad Gate routing; authored signals: private sovereignty | binding obligation | ["social-behavior","psychographic-or-motivational-inference-risk"]	Concept only: private sovereignty. No current scoring effect is retained.	retire	Descriptive inventory only; answer-level evidence authority remains absent.
current_answer_effect	crucible_B_WB	MISSING	crucible_B_WB#answer-2	crucible	Would you rather own the leverage privately, or bind it into an obligation no one can escape?	Bind the obligation	Power lasts when the debt becomes public and enforceable.	strong=WB;positive=WB;suppressed=B	REPLACE	NEEDS-EVIDENCE	HIGH	YES	mood=NOT-EXPLICIT;lore=NOT-EXPLICIT	LOW-MEDIUM	Broad Gate routing; authored signals: private sovereignty | binding obligation | ["social-behavior","psychographic-or-motivational-inference-risk"]	Concept only: binding obligation. No current scoring effect is retained.	retire	Descriptive inventory only; answer-level evidence authority remains absent.
current_answer_effect	crucible_R_WR	MISSING	crucible_R_WR#answer-1	crucible	Is the urgent action about freeing the honest impulse, or protecting someone from the next blow?	Free the impulse	The action matters because the feeling is true now.	strong=R;positive=R;suppressed=WR	REPLACE	KEEP-BUT-REWORD	HIGH	YES	mood=PRESENT;lore=NOT-EXPLICIT	MEDIUM	Broad Gate routing; authored signals: honest spark | protective intervention | ["social-behavior","psychographic-or-motivational-inference-risk"]	Concept only: honest spark. No current scoring effect is retained.	retire	Descriptive inventory only; answer-level evidence authority remains absent.
current_answer_effect	crucible_R_WR	MISSING	crucible_R_WR#answer-2	crucible	Is the urgent action about freeing the honest impulse, or protecting someone from the next blow?	Protect the person	The action matters because harm is already moving toward someone.	strong=WR;positive=WR;suppressed=R	REPLACE	NEEDS-EVIDENCE	HIGH	YES	mood=PRESENT;lore=NOT-EXPLICIT	MEDIUM	Broad Gate routing; authored signals: honest spark | protective intervention | ["social-behavior","psychographic-or-motivational-inference-risk"]	Concept only: protective intervention. No current scoring effect is retained.	retire	Descriptive inventory only; answer-level evidence authority remains absent.
current_answer_effect	crucible_R_UR	MISSING	crucible_R_UR#answer-1	crucible	When the spark arrives, do you trust the feeling now or build the test that teaches what it can become?	Trust the feeling now	The first motion is the truth you can act on.	strong=R;positive=R;suppressed=UR	REPLACE	RETUNE	HIGH	YES	mood=PRESENT;lore=NOT-EXPLICIT	MEDIUM	Broad Gate routing; authored signals: present impulse | crafted experiment | ["social-behavior","psychographic-or-motivational-inference-risk","philosophical-preference"]	Concept only: present impulse. No current scoring effect is retained.	retire	Descriptive inventory only; answer-level evidence authority remains absent.
current_answer_effect	crucible_R_UR	MISSING	crucible_R_UR#answer-2	crucible	When the spark arrives, do you trust the feeling now or build the test that teaches what it can become?	Build the test	The spark becomes useful when the experiment reveals its shape.	strong=UR;positive=UR;suppressed=R	REPLACE	KEEP-BUT-REWORD	HIGH	YES	mood=PRESENT;lore=NOT-EXPLICIT	MEDIUM	Broad Gate routing; authored signals: present impulse | crafted experiment | ["social-behavior","psychographic-or-motivational-inference-risk","philosophical-preference"]	Concept only: crafted experiment. No current scoring effect is retained.	retire	Descriptive inventory only; answer-level evidence authority remains absent.
current_answer_effect	crucible_R_BR	MISSING	crucible_R_BR#answer-1	crucible	Does release matter because it lets you breathe, or because breaking restraint must unsettle the room?	Let me breathe	Freedom is the point; the action does not need pain to prove it.	strong=R;positive=R;suppressed=BR	REPLACE	NEEDS-EVIDENCE	HIGH	YES	mood=NOT-EXPLICIT;lore=NOT-EXPLICIT	LOW-MEDIUM	Broad Gate routing; authored signals: freedom without cruelty | transgressive spectacle | ["psychographic-or-motivational-inference-risk","aesthetic-or-narrative-preference","philosophical-preference"]	Concept only: freedom without cruelty. No current scoring effect is retained.	retire	Descriptive inventory only; answer-level evidence authority remains absent.
current_answer_effect	crucible_R_BR	MISSING	crucible_R_BR#answer-2	crucible	Does release matter because it lets you breathe, or because breaking restraint must unsettle the room?	Unsettle the room	The rupture matters when appetite, taboo, or pain becomes impossible to ignore.	strong=BR;positive=BR;suppressed=R	REPLACE	NEEDS-EVIDENCE	HIGH	YES	mood=NOT-EXPLICIT;lore=NOT-EXPLICIT	LOW-MEDIUM	Broad Gate routing; authored signals: freedom without cruelty | transgressive spectacle | ["psychographic-or-motivational-inference-risk","aesthetic-or-narrative-preference","philosophical-preference"]	Concept only: transgressive spectacle. No current scoring effect is retained.	retire	Descriptive inventory only; answer-level evidence authority remains absent.
current_answer_effect	crucible_R_RG	MISSING	crucible_R_RG#answer-1	crucible	Is the impulse true because you feel it now, or because the wild body already knows the path?	Because I feel it now	The present feeling is enough to move.	strong=R;positive=R;suppressed=RG	REPLACE	KEEP-BUT-REWORD	HIGH	YES	mood=PRESENT;lore=NOT-EXPLICIT	MEDIUM	Broad Gate routing; authored signals: emotion as truth | wild instinct | ["social-behavior","psychographic-or-motivational-inference-risk","philosophical-preference"]	Concept only: emotion as truth. No current scoring effect is retained.	retire	Descriptive inventory only; answer-level evidence authority remains absent.
current_answer_effect	crucible_R_RG	MISSING	crucible_R_RG#answer-2	crucible	Is the impulse true because you feel it now, or because the wild body already knows the path?	Because the wild knows	Instinct, force, and primal belonging know before permission arrives.	strong=RG;positive=RG;suppressed=R	REPLACE	KEEP-BUT-REWORD	HIGH	YES	mood=PRESENT;lore=NOT-EXPLICIT	MEDIUM	Broad Gate routing; authored signals: emotion as truth | wild instinct | ["social-behavior","psychographic-or-motivational-inference-risk","philosophical-preference"]	Concept only: wild instinct. No current scoring effect is retained.	retire	Descriptive inventory only; answer-level evidence authority remains absent.
current_answer_effect	crucible_G_WG	MISSING	crucible_G_WG#answer-1	crucible	Does belonging begin with accepting natural place, or with a community choosing to hold together?	Natural place	The living thing belongs by becoming what it already is.	strong=G;positive=G;suppressed=WG	REPLACE	NEEDS-EVIDENCE	HIGH	YES	mood=NOT-EXPLICIT;lore=NOT-EXPLICIT	LOW-MEDIUM	Broad Gate routing; authored signals: natural belonging | communal belonging | ["social-behavior"]	Concept only: natural belonging. No current scoring effect is retained.	retire	Descriptive inventory only; answer-level evidence authority remains absent.
current_answer_effect	crucible_G_WG	MISSING	crucible_G_WG#answer-2	crucible	Does belonging begin with accepting natural place, or with a community choosing to hold together?	Shared community	Belonging becomes real when the group chooses care together.	strong=WG;positive=WG;suppressed=G	REPLACE	NEEDS-EVIDENCE	HIGH	YES	mood=NOT-EXPLICIT;lore=NOT-EXPLICIT	LOW-MEDIUM	Broad Gate routing; authored signals: natural belonging | communal belonging | ["social-behavior"]	Concept only: communal belonging. No current scoring effect is retained.	retire	Descriptive inventory only; answer-level evidence authority remains absent.
current_answer_effect	crucible_G_UG	MISSING	crucible_G_UG#answer-1	crucible	Should growth unfold from inherent nature, or should the living form be deliberately adapted?	Let it unfold	The seed already knows its shape; give it roots and time.	strong=G;positive=G;suppressed=UG	REPLACE	NEEDS-EVIDENCE	HIGH	YES	mood=NOT-EXPLICIT;lore=NOT-EXPLICIT	LOW-MEDIUM	Broad Gate routing; authored signals: inherent growth | living adaptation | ["philosophical-preference"]	Concept only: inherent growth. No current scoring effect is retained.	retire	Descriptive inventory only; answer-level evidence authority remains absent.
current_answer_effect	crucible_G_UG	MISSING	crucible_G_UG#answer-2	crucible	Should growth unfold from inherent nature, or should the living form be deliberately adapted?	Adapt the organism	Survival may require changing the living form.	strong=UG;positive=UG;suppressed=G	REPLACE	NEEDS-EVIDENCE	HIGH	YES	mood=NOT-EXPLICIT;lore=NOT-EXPLICIT	LOW-MEDIUM	Broad Gate routing; authored signals: inherent growth | living adaptation | ["philosophical-preference"]	Concept only: living adaptation. No current scoring effect is retained.	retire	Descriptive inventory only; answer-level evidence authority remains absent.
current_answer_effect	crucible_G_BG	MISSING	crucible_G_BG#answer-1	crucible	Does the cycle matter because life grows in season, or because the discarded can be reclaimed?	Trust the living season	Flourishing returns through roots, pace, and natural renewal.	strong=G;positive=G;suppressed=BG	RETUNE	NEEDS-EVIDENCE	LOW	YES	mood=PRESENT;lore=NOT-EXPLICIT	MEDIUM	Broad Gate routing; authored signals: life cycle without extraction | reclamation first | ["gameplay-or-deck-behavior","social-behavior","aesthetic-or-narrative-preference"]	Concept only: life cycle without extraction. No current scoring effect is retained.	retain concept only	Descriptive inventory only; answer-level evidence authority remains absent.
current_answer_effect	crucible_G_BG	MISSING	crucible_G_BG#answer-2	crucible	Does the cycle matter because life grows in season, or because the discarded can be reclaimed?	Reclaim the remains	Survival starts with what collapse left behind.	strong=BG;positive=BG;suppressed=G	RETUNE	NEEDS-EVIDENCE	LOW	YES	mood=PRESENT;lore=NOT-EXPLICIT	MEDIUM	Broad Gate routing; authored signals: life cycle without extraction | reclamation first | ["gameplay-or-deck-behavior","social-behavior","aesthetic-or-narrative-preference"]	Concept only: reclamation first. No current scoring effect is retained.	retain concept only	Descriptive inventory only; answer-level evidence authority remains absent.
current_answer_effect	crucible_G_RG	MISSING	crucible_G_RG#answer-1	crucible	Does instinct ask for patient flourishing, or for wild refusal against the cage?	Root and grow	Instinct is old enough to wait, deepen, and become strong.	strong=G;positive=G;suppressed=RG	REPLACE	NEEDS-EVIDENCE	HIGH	NO	mood=NOT-EXPLICIT;lore=NOT-EXPLICIT	LOW-MEDIUM	Broad Gate routing; authored signals: patient instinct | wild force | ["abstract-scenario-preference"]	Concept only: patient instinct. No current scoring effect is retained.	retire	Descriptive inventory only; answer-level evidence authority remains absent.
current_answer_effect	crucible_G_RG	MISSING	crucible_G_RG#answer-2	crucible	Does instinct ask for patient flourishing, or for wild refusal against the cage?	Break the cage	The wild body knows constraint must be thrown off.	strong=RG;positive=RG;suppressed=G	REPLACE	NEEDS-EVIDENCE	HIGH	NO	mood=NOT-EXPLICIT;lore=NOT-EXPLICIT	LOW-MEDIUM	Broad Gate routing; authored signals: patient instinct | wild force | ["abstract-scenario-preference"]	Concept only: wild force. No current scoring effect is retained.	retire	Descriptive inventory only; answer-level evidence authority remains absent.
current_answer_effect	crucible_WU_WG	MISSING	crucible_WU_WG#answer-1	crucible	Does peace come first from a fair system everyone follows, or from a shared identity people willingly join?	Fair system	Peace needs enforceable process.	strong=WU;positive=WU;suppressed=WG	RETUNE	NEEDS-EVIDENCE	MEDIUM	YES	mood=NOT-EXPLICIT;lore=NOT-EXPLICIT	LOW-MEDIUM	Broad Gate routing; authored signals: law before belonging | belonging before law | ["social-behavior","philosophical-preference"]	Concept only: law before belonging. No current scoring effect is retained.	retain concept only	Descriptive inventory only; answer-level evidence authority remains absent.
current_answer_effect	crucible_WU_WG	MISSING	crucible_WU_WG#answer-2	crucible	Does peace come first from a fair system everyone follows, or from a shared identity people willingly join?	Shared identity	Peace needs belonging before compliance.	strong=WG;positive=WG;suppressed=WU	RETUNE	NEEDS-EVIDENCE	MEDIUM	YES	mood=NOT-EXPLICIT;lore=NOT-EXPLICIT	LOW-MEDIUM	Broad Gate routing; authored signals: law before belonging | belonging before law | ["social-behavior","philosophical-preference"]	Concept only: belonging before law. No current scoring effect is retained.	retain concept only	Descriptive inventory only; answer-level evidence authority remains absent.
current_answer_effect	crucible_WU_WR	MISSING	crucible_WU_WR#answer-1	crucible	When process is too slow to prevent harm, is acting outside it a failure or a duty?	A dangerous failure	Exceptions become precedents.	strong=WU;positive=WU;suppressed=WR	REPLACE	NEEDS-EVIDENCE	HIGH	NO	mood=PRESENT;lore=NOT-EXPLICIT	MEDIUM	Broad Gate routing; authored signals: anti-exception process | urgent protection | ["social-behavior"]	Concept only: anti-exception process. No current scoring effect is retained.	retire	Descriptive inventory only; answer-level evidence authority remains absent.
current_answer_effect	crucible_WU_WR	MISSING	crucible_WU_WR#answer-2	crucible	When process is too slow to prevent harm, is acting outside it a failure or a duty?	A moral duty	Protection cannot wait for paperwork.	strong=WR;positive=WR;suppressed=WU	REPLACE	NEEDS-EVIDENCE	HIGH	NO	mood=PRESENT;lore=NOT-EXPLICIT	MEDIUM	Broad Gate routing; authored signals: anti-exception process | urgent protection | ["social-behavior"]	Concept only: urgent protection. No current scoring effect is retained.	retire	Descriptive inventory only; answer-level evidence authority remains absent.
current_answer_effect	crucible_WU_WB	MISSING	crucible_WU_WB#answer-1	crucible	Is a contract sacred because it is fair, or because it creates power that can be collected?	Because it is fair	The rule should bind everyone impartially.	strong=WU;positive=WU;suppressed=WB	RETUNE	NEEDS-EVIDENCE	LOW	YES	mood=NOT-EXPLICIT;lore=NOT-EXPLICIT	LOW-MEDIUM	Broad Gate routing; authored signals: impartial law | collectible obligation | ["aesthetic-or-narrative-preference","philosophical-preference"]	Concept only: impartial law. No current scoring effect is retained.	retain concept only	Descriptive inventory only; answer-level evidence authority remains absent.
current_answer_effect	crucible_WU_WB	MISSING	crucible_WU_WB#answer-2	crucible	Is a contract sacred because it is fair, or because it creates power that can be collected?	Because it creates power	The obligation is the relationship.	strong=WB;positive=WB;suppressed=WU	RETUNE	NEEDS-EVIDENCE	LOW	YES	mood=NOT-EXPLICIT;lore=NOT-EXPLICIT	LOW-MEDIUM	Broad Gate routing; authored signals: impartial law | collectible obligation | ["aesthetic-or-narrative-preference","philosophical-preference"]	Concept only: collectible obligation. No current scoring effect is retained.	retain concept only	Descriptive inventory only; answer-level evidence authority remains absent.
current_answer_effect	crucible_UB_WB	MISSING	crucible_UB_WB#answer-1	crucible	Would you rather hold hidden information no one knows you have, or visible obligation no one can escape?	Hidden information	Unseen leverage is safest.	strong=UB;positive=UB;suppressed=WB	REPLACE	NEEDS-EVIDENCE	HIGH	YES	mood=NOT-EXPLICIT;lore=NOT-EXPLICIT	LOW-MEDIUM	Broad Gate routing; authored signals: secret power | ledger power | ["social-behavior"]	Concept only: secret power. No current scoring effect is retained.	retire	Descriptive inventory only; answer-level evidence authority remains absent.
current_answer_effect	crucible_UB_WB	MISSING	crucible_UB_WB#answer-2	crucible	Would you rather hold hidden information no one knows you have, or visible obligation no one can escape?	Visible obligation	A public debt can shape generations.	strong=WB;positive=WB;suppressed=UB	REPLACE	NEEDS-EVIDENCE	HIGH	YES	mood=NOT-EXPLICIT;lore=NOT-EXPLICIT	LOW-MEDIUM	Broad Gate routing; authored signals: secret power | ledger power | ["social-behavior"]	Concept only: ledger power. No current scoring effect is retained.	retire	Descriptive inventory only; answer-level evidence authority remains absent.
current_answer_effect	crucible_UR_PRISMARI	MISSING	crucible_UR_PRISMARI#answer-1	crucible	Does the lightning matter because you can explain how it works, or because it makes everyone feel the storm?	How it works	The mechanism is the marvel.	strong=UR;positive=UR;suppressed=PRISMARI	RETUNE	KEEP-BUT-REWORD	LOW	YES	mood=PRESENT;lore=NOT-EXPLICIT	MEDIUM	Broad Gate routing; authored signals: mechanism first | expression first | ["psychographic-or-motivational-inference-risk"]	Concept only: mechanism first. No current scoring effect is retained.	retain concept only	Descriptive inventory only; answer-level evidence authority remains absent.
current_answer_effect	crucible_UR_PRISMARI	MISSING	crucible_UR_PRISMARI#answer-2	crucible	Does the lightning matter because you can explain how it works, or because it makes everyone feel the storm?	How it lands	The experience is the proof.	strong=PRISMARI;positive=PRISMARI;suppressed=UR	RETUNE	KEEP-BUT-REWORD	LOW	YES	mood=PRESENT;lore=NOT-EXPLICIT	MEDIUM	Broad Gate routing; authored signals: mechanism first | expression first | ["psychographic-or-motivational-inference-risk"]	Concept only: expression first. No current scoring effect is retained.	retain concept only	Descriptive inventory only; answer-level evidence authority remains absent.
current_answer_effect	crucible_UG_QUANDRIX	MISSING	crucible_UG_QUANDRIX#answer-1	crucible	Do you trust adaptation in the living body, or the abstract pattern beneath the body?	Living adaptation	Change the organism to meet the world.	strong=UG;positive=UG;suppressed=QUANDRIX	KEEP-BUT-REWORD	NEEDS-EVIDENCE	LOW	NO	mood=PRESENT;lore=NOT-EXPLICIT	MEDIUM	Broad Gate routing; authored signals: biology first | pattern first | ["social-behavior"]	Concept only: biology first. No current scoring effect is retained.	retain concept only	Descriptive inventory only; answer-level evidence authority remains absent.
current_answer_effect	crucible_UG_QUANDRIX	MISSING	crucible_UG_QUANDRIX#answer-2	crucible	Do you trust adaptation in the living body, or the abstract pattern beneath the body?	Abstract pattern	Understand the equation and reality follows.	strong=QUANDRIX;positive=QUANDRIX;suppressed=UG	KEEP-BUT-REWORD	NEEDS-EVIDENCE	LOW	NO	mood=PRESENT;lore=NOT-EXPLICIT	MEDIUM	Broad Gate routing; authored signals: biology first | pattern first | ["social-behavior"]	Concept only: pattern first. No current scoring effect is retained.	retain concept only	Descriptive inventory only; answer-level evidence authority remains absent.
current_answer_effect	crucible_BG_WITHERBLOOM	MISSING	crucible_BG_WITHERBLOOM#answer-1	crucible	Does decay matter most because it lets the discarded survive, or because it reveals how vitality works?	Survival from discard	The rot feeds the undercity.	strong=BG;positive=BG;suppressed=WITHERBLOOM	RETUNE	NEEDS-EVIDENCE	LOW	YES	mood=NOT-EXPLICIT;lore=NOT-EXPLICIT	LOW-MEDIUM	Broad Gate routing; authored signals: reclamation first | essence first | ["gameplay-or-deck-behavior"]	Concept only: reclamation first. No current scoring effect is retained.	retain concept only	Descriptive inventory only; answer-level evidence authority remains absent.
current_answer_effect	crucible_BG_WITHERBLOOM	MISSING	crucible_BG_WITHERBLOOM#answer-2	crucible	Does decay matter most because it lets the discarded survive, or because it reveals how vitality works?	Vitality exchange	The bog is a living laboratory.	strong=WITHERBLOOM;positive=WITHERBLOOM;suppressed=BG	RETUNE	NEEDS-EVIDENCE	LOW	YES	mood=NOT-EXPLICIT;lore=NOT-EXPLICIT	LOW-MEDIUM	Broad Gate routing; authored signals: reclamation first | essence first | ["gameplay-or-deck-behavior"]	Concept only: essence first. No current scoring effect is retained.	retain concept only	Descriptive inventory only; answer-level evidence authority remains absent.
current_answer_effect	crucible_WR_LOREHOLD	MISSING	crucible_WR_LOREHOLD#answer-1	crucible	Do you charge to protect the present, or dig up the past before repeating its mistake?	Protect the present	The person in front of you needs action.	strong=WR;positive=WR;suppressed=LOREHOLD	NEEDS-EVIDENCE	NEEDS-EVIDENCE	LOW	NO	mood=NOT-EXPLICIT;lore=NOT-EXPLICIT	LOW-MEDIUM	Broad Gate routing; authored signals: present protection | past evidence | ["social-behavior"]	Concept only: present protection. No current scoring effect is retained.	evidence needed	Descriptive inventory only; answer-level evidence authority remains absent.
current_answer_effect	crucible_WR_LOREHOLD	MISSING	crucible_WR_LOREHOLD#answer-2	crucible	Do you charge to protect the present, or dig up the past before repeating its mistake?	Ask the past	The warning may already be buried.	strong=LOREHOLD;positive=LOREHOLD;suppressed=WR	NEEDS-EVIDENCE	NEEDS-EVIDENCE	LOW	NO	mood=NOT-EXPLICIT;lore=NOT-EXPLICIT	LOW-MEDIUM	Broad Gate routing; authored signals: present protection | past evidence | ["social-behavior"]	Concept only: past evidence. No current scoring effect is retained.	evidence needed	Descriptive inventory only; answer-level evidence authority remains absent.
current_answer_effect	crucible_WB_SILVERQUILL	MISSING	crucible_WB_SILVERQUILL#answer-1	crucible	Does social power become real through binding obligation, or through words sharp enough to change perception?	Binding obligation	The relationship is the debt.	strong=WB;positive=WB;suppressed=SILVERQUILL	REPLACE	NEEDS-EVIDENCE	HIGH	YES	mood=NOT-EXPLICIT;lore=NOT-EXPLICIT	LOW-MEDIUM	Broad Gate routing; authored signals: ledger speech | rhetorical power | ["social-behavior"]	Concept only: ledger speech. No current scoring effect is retained.	retire	Descriptive inventory only; answer-level evidence authority remains absent.
current_answer_effect	crucible_WB_SILVERQUILL	MISSING	crucible_WB_SILVERQUILL#answer-2	crucible	Does social power become real through binding obligation, or through words sharp enough to change perception?	Sharp words	Perception is the battlefield.	strong=SILVERQUILL;positive=SILVERQUILL;suppressed=WB	REPLACE	NEEDS-EVIDENCE	HIGH	YES	mood=NOT-EXPLICIT;lore=NOT-EXPLICIT	LOW-MEDIUM	Broad Gate routing; authored signals: ledger speech | rhetorical power | ["social-behavior"]	Concept only: rhetorical power. No current scoring effect is retained.	retire	Descriptive inventory only; answer-level evidence authority remains absent.
current_answer_effect	crucible_PRISMARI_QUANDRIX	MISSING	crucible_PRISMARI_QUANDRIX#answer-1	crucible	When a pattern is correct but lifeless, do you prove it more carefully or make it land as an experience?	Make it land	The proof matters when it becomes an unforgettable experience.	strong=PRISMARI;positive=PRISMARI;suppressed=QUANDRIX	REPLACE	NEEDS-EVIDENCE	HIGH	YES	mood=NOT-EXPLICIT;lore=NOT-EXPLICIT	LOW-MEDIUM	Broad Gate routing; authored signals: expression as proof | model as proof | ["social-behavior"]	Concept only: expression as proof. No current scoring effect is retained.	retire	Descriptive inventory only; answer-level evidence authority remains absent.
current_answer_effect	crucible_PRISMARI_QUANDRIX	MISSING	crucible_PRISMARI_QUANDRIX#answer-2	crucible	When a pattern is correct but lifeless, do you prove it more carefully or make it land as an experience?	Prove the model	The experience matters after the pattern is understood.	strong=QUANDRIX;positive=QUANDRIX;suppressed=PRISMARI	REPLACE	NEEDS-EVIDENCE	HIGH	YES	mood=NOT-EXPLICIT;lore=NOT-EXPLICIT	LOW-MEDIUM	Broad Gate routing; authored signals: expression as proof | model as proof | ["social-behavior"]	Concept only: model as proof. No current scoring effect is retained.	retire	Descriptive inventory only; answer-level evidence authority remains absent.
current_answer_effect	crucible_PRISMARI_SILVERQUILL	MISSING	crucible_PRISMARI_SILVERQUILL#answer-1	crucible	When language can move a room, should it become a precise argument, a public performance, or an elemental spectacle?	Elemental performance	Move the room through art, scale, emotion, and spectacle.	strong=PRISMARI;positive=PRISMARI;suppressed=SILVERQUILL	REPLACE	NEEDS-EVIDENCE	HIGH	YES	mood=PRESENT;lore=NOT-EXPLICIT	MEDIUM	Broad Gate routing; authored signals: expressive performance | rhetorical influence | ["social-behavior","aesthetic-or-narrative-preference"]	Concept only: expressive performance. No current scoring effect is retained.	retire	Descriptive inventory only; answer-level evidence authority remains absent.
current_answer_effect	crucible_PRISMARI_SILVERQUILL	MISSING	crucible_PRISMARI_SILVERQUILL#answer-2	crucible	When language can move a room, should it become a precise argument, a public performance, or an elemental spectacle?	Precise argument	Move the room through words sharp enough to change perception.	strong=SILVERQUILL;positive=SILVERQUILL;suppressed=PRISMARI	REPLACE	NEEDS-EVIDENCE	HIGH	YES	mood=PRESENT;lore=NOT-EXPLICIT	MEDIUM	Broad Gate routing; authored signals: expressive performance | rhetorical influence | ["social-behavior","aesthetic-or-narrative-preference"]	Concept only: rhetorical influence. No current scoring effect is retained.	retire	Descriptive inventory only; answer-level evidence authority remains absent.
current_answer_effect	crucible_LOREHOLD_QUANDRIX	MISSING	crucible_LOREHOLD_QUANDRIX#answer-1	crucible	When a mystery has both an elegant theory and an old artifact record, which one leads your next move?	The artifact record	Follow the relic, the ruin, and the primary-source trace.	strong=LOREHOLD;positive=LOREHOLD;suppressed=QUANDRIX	REPLACE	NEEDS-EVIDENCE	MEDIUM	YES	mood=NOT-EXPLICIT;lore=PRESENT	LOW-MEDIUM	Broad Gate routing; authored signals: material history | abstract proof | ["psychographic-or-motivational-inference-risk","aesthetic-or-narrative-preference","lore-or-setting-proxy"]	Concept only: material history. No current scoring effect is retained.	retire	Descriptive inventory only; answer-level evidence authority remains absent.
current_answer_effect	crucible_LOREHOLD_QUANDRIX	MISSING	crucible_LOREHOLD_QUANDRIX#answer-2	crucible	When a mystery has both an elegant theory and an old artifact record, which one leads your next move?	The elegant model	Follow the hidden pattern until the whole system explains itself.	strong=QUANDRIX;positive=QUANDRIX;suppressed=LOREHOLD	REPLACE	KEEP-BUT-REWORD	MEDIUM	YES	mood=NOT-EXPLICIT;lore=PRESENT	LOW-MEDIUM	Broad Gate routing; authored signals: material history | abstract proof | ["psychographic-or-motivational-inference-risk","aesthetic-or-narrative-preference","lore-or-setting-proxy"]	Concept only: abstract proof. No current scoring effect is retained.	retire	Descriptive inventory only; answer-level evidence authority remains absent.
current_answer_effect	crucible_QUANDRIX_WITHERBLOOM	MISSING	crucible_QUANDRIX_WITHERBLOOM#answer-1	crucible	A living system behaves strangely. Do you trust the equation beneath it or the messy exchange of life and death?	The equation	The living system is clearest when its hidden pattern is proven.	strong=QUANDRIX;positive=QUANDRIX;suppressed=WITHERBLOOM	RETUNE	NEEDS-EVIDENCE	LOW	YES	mood=PRESENT;lore=NOT-EXPLICIT	MEDIUM	Broad Gate routing; authored signals: abstract pattern | embodied essence | ["social-behavior"]	Concept only: abstract pattern. No current scoring effect is retained.	retain concept only	Descriptive inventory only; answer-level evidence authority remains absent.
current_answer_effect	crucible_QUANDRIX_WITHERBLOOM	MISSING	crucible_QUANDRIX_WITHERBLOOM#answer-2	crucible	A living system behaves strangely. Do you trust the equation beneath it or the messy exchange of life and death?	The exchange	The living system is clearest through bodies, remedies, poisons, and cost.	strong=WITHERBLOOM;positive=WITHERBLOOM;suppressed=QUANDRIX	RETUNE	NEEDS-EVIDENCE	LOW	YES	mood=PRESENT;lore=NOT-EXPLICIT	MEDIUM	Broad Gate routing; authored signals: abstract pattern | embodied essence | ["social-behavior"]	Concept only: embodied essence. No current scoring effect is retained.	retain concept only	Descriptive inventory only; answer-level evidence authority remains absent.
current_answer_effect	crucible_BR_RG	MISSING	crucible_BR_RG#answer-1	crucible	Is the honest rupture a performance that exposes the lie, or a refusal to be domesticated at all?	Expose through performance	Make the lie watch itself burn.	strong=BR;positive=BR;suppressed=RG	REPLACE	KEEP-BUT-REWORD	HIGH	YES	mood=PRESENT;lore=NOT-EXPLICIT	MEDIUM	Broad Gate routing; authored signals: transgressive theater | wild refusal | ["psychographic-or-motivational-inference-risk"]	Concept only: transgressive theater. No current scoring effect is retained.	retire	Descriptive inventory only; answer-level evidence authority remains absent.
current_answer_effect	crucible_BR_RG	MISSING	crucible_BR_RG#answer-2	crucible	Is the honest rupture a performance that exposes the lie, or a refusal to be domesticated at all?	Refuse domestication	No stage, no permission, no cage.	strong=RG;positive=RG;suppressed=BR	REPLACE	NEEDS-EVIDENCE	HIGH	YES	mood=PRESENT;lore=NOT-EXPLICIT	MEDIUM	Broad Gate routing; authored signals: transgressive theater | wild refusal | ["psychographic-or-motivational-inference-risk"]	Concept only: wild refusal. No current scoring effect is retained.	retire	Descriptive inventory only; answer-level evidence authority remains absent.
current_answer_effect	crucible_BANT_ESPER	MISSING	crucible_BANT_ESPER#answer-1	crucible	Should order protect a living community, or perfect a designed system?	Protect the living community	The ideal matters because the people and the champion remain answerable to each other.	strong=BANT;positive=BANT;suppressed=ESPER	NEEDS-EVIDENCE	NEEDS-EVIDENCE	LOW	NO	mood=NOT-EXPLICIT;lore=NOT-EXPLICIT	LOW-MEDIUM	Broad Gate routing; authored signals: living communal order | designed perfectibility | ["social-behavior","philosophical-preference"]	Concept only: living communal order. No current scoring effect is retained.	evidence needed	Descriptive inventory only; answer-level evidence authority remains absent.
current_answer_effect	crucible_BANT_ESPER	MISSING	crucible_BANT_ESPER#answer-2	crucible	Should order protect a living community, or perfect a designed system?	Perfect the designed system	The ideal matters because knowledge, structure, and control can optimize the whole.	strong=ESPER;positive=ESPER;suppressed=BANT	NEEDS-EVIDENCE	NEEDS-EVIDENCE	LOW	NO	mood=NOT-EXPLICIT;lore=NOT-EXPLICIT	LOW-MEDIUM	Broad Gate routing; authored signals: living communal order | designed perfectibility | ["social-behavior","philosophical-preference"]	Concept only: designed perfectibility. No current scoring effect is retained.	evidence needed	Descriptive inventory only; answer-level evidence authority remains absent.
current_answer_effect	crucible_ESPER_GRIXIS	MISSING	crucible_ESPER_GRIXIS#answer-1	crucible	Does information matter most because it perfects the system, or because it reveals the weakness that lets you survive?	Perfect the system	Information becomes design, improvement, and focused control.	strong=ESPER;positive=ESPER;suppressed=GRIXIS	REPLACE	NEEDS-EVIDENCE	HIGH	YES	mood=NOT-EXPLICIT;lore=NOT-EXPLICIT	LOW-MEDIUM	Broad Gate routing; authored signals: information as optimization | information as survival leverage | ["abstract-scenario-preference"]	Concept only: information as optimization. No current scoring effect is retained.	retire	Descriptive inventory only; answer-level evidence authority remains absent.
current_answer_effect	crucible_ESPER_GRIXIS	MISSING	crucible_ESPER_GRIXIS#answer-2	crucible	Does information matter most because it perfects the system, or because it reveals the weakness that lets you survive?	Find the weakness	Information becomes survival leverage before the opening vanishes.	strong=GRIXIS;positive=GRIXIS;suppressed=ESPER	REPLACE	NEEDS-EVIDENCE	HIGH	YES	mood=NOT-EXPLICIT;lore=NOT-EXPLICIT	LOW-MEDIUM	Broad Gate routing; authored signals: information as optimization | information as survival leverage | ["abstract-scenario-preference"]	Concept only: information as survival leverage. No current scoring effect is retained.	retire	Descriptive inventory only; answer-level evidence authority remains absent.
current_answer_effect	crucible_GRIXIS_JUND	MISSING	crucible_GRIXIS_JUND#answer-1	crucible	When pressure rises, do you calculate the survival leverage or follow the gut that refuses restraint?	Calculate the leverage	Survival comes from weakness analysis, information, and urgent agency.	strong=GRIXIS;positive=GRIXIS;suppressed=JUND	REPLACE	NEEDS-EVIDENCE	HIGH	YES	mood=PRESENT;lore=NOT-EXPLICIT	MEDIUM	Broad Gate routing; authored signals: calculated survival | gut-instinct appetite | ["psychographic-or-motivational-inference-risk"]	Concept only: calculated survival. No current scoring effect is retained.	retire	Descriptive inventory only; answer-level evidence authority remains absent.
current_answer_effect	crucible_GRIXIS_JUND	MISSING	crucible_GRIXIS_JUND#answer-2	crucible	When pressure rises, do you calculate the survival leverage or follow the gut that refuses restraint?	Follow the gut	The honest motion comes from instinct, appetite, and the consequence of being unrestrained.	strong=JUND;positive=JUND;suppressed=GRIXIS	REPLACE	NEEDS-EVIDENCE	HIGH	YES	mood=PRESENT;lore=NOT-EXPLICIT	MEDIUM	Broad Gate routing; authored signals: calculated survival | gut-instinct appetite | ["psychographic-or-motivational-inference-risk"]	Concept only: gut-instinct appetite. No current scoring effect is retained.	retire	Descriptive inventory only; answer-level evidence authority remains absent.
current_answer_effect	crucible_JUND_NAYA	MISSING	crucible_JUND_NAYA#answer-1	crucible	Is instinct true because appetite and consequence are real, or because the living whole already knows how to grow?	Appetite and consequence	The world answers to instinct, personal need, and survival pressure.	strong=JUND;positive=JUND;suppressed=NAYA	RETUNE	NEEDS-EVIDENCE	LOW	YES	mood=PRESENT;lore=NOT-EXPLICIT	MEDIUM	Broad Gate routing; authored signals: instinct as appetite | instinct as living abundance | ["social-behavior","psychographic-or-motivational-inference-risk","philosophical-preference"]	Concept only: instinct as appetite. No current scoring effect is retained.	retain concept only	Descriptive inventory only; answer-level evidence authority remains absent.
current_answer_effect	crucible_JUND_NAYA	MISSING	crucible_JUND_NAYA#answer-2	crucible	Is instinct true because appetite and consequence are real, or because the living whole already knows how to grow?	The living whole	Instinct belongs to growth, care, ecosystem, and creature bond.	strong=NAYA;positive=NAYA;suppressed=JUND	RETUNE	RETUNE	LOW	YES	mood=PRESENT;lore=NOT-EXPLICIT	MEDIUM	Broad Gate routing; authored signals: instinct as appetite | instinct as living abundance | ["social-behavior","psychographic-or-motivational-inference-risk","philosophical-preference"]	Concept only: instinct as living abundance. No current scoring effect is retained.	retain concept only	Descriptive inventory only; answer-level evidence authority remains absent.
current_answer_effect	crucible_NAYA_BANT	MISSING	crucible_NAYA_BANT#answer-1	crucible	Should the group follow the larger living world, or support one honorable line of action?	Follow the living world	Life, growth, role, place, instinct, and care lead the answer.	strong=NAYA;positive=NAYA;suppressed=BANT	RETUNE	NEEDS-EVIDENCE	LOW	YES	mood=NOT-EXPLICIT;lore=NOT-EXPLICIT	LOW-MEDIUM	Broad Gate routing; authored signals: living-world abundance | supported champion | ["social-behavior","philosophical-preference"]	Concept only: living-world abundance. No current scoring effect is retained.	retain concept only	Descriptive inventory only; answer-level evidence authority remains absent.
current_answer_effect	crucible_NAYA_BANT	MISSING	crucible_NAYA_BANT#answer-2	crucible	Should the group follow the larger living world, or support one honorable line of action?	Support the worthy line	Public honor, refinement, and communal backing make the action legitimate.	strong=BANT;positive=BANT;suppressed=NAYA	RETUNE	NEEDS-EVIDENCE	LOW	YES	mood=NOT-EXPLICIT;lore=NOT-EXPLICIT	LOW-MEDIUM	Broad Gate routing; authored signals: living-world abundance | supported champion | ["social-behavior","philosophical-preference"]	Concept only: supported champion. No current scoring effect is retained.	retain concept only	Descriptive inventory only; answer-level evidence authority remains absent.
current_answer_effect	crucible_ABZAN_MARDU	MISSING	crucible_ABZAN_MARDU#answer-1	crucible	When the house is under pressure, do you outlast for the generations, or charge before the opening closes?	Outlast for the generations	Family, ancestors, defense, and patience keep the house alive.	strong=ABZAN;positive=ABZAN;suppressed=MARDU	REPLACE	NEEDS-EVIDENCE	LOW	YES	mood=PRESENT;lore=PRESENT	MEDIUM	Broad Gate routing; authored signals: family endurance | war-bound speed | ["lore-or-setting-proxy"]	Concept only: family endurance. No current scoring effect is retained.	retire	Descriptive inventory only; answer-level evidence authority remains absent.
current_answer_effect	crucible_ABZAN_MARDU	MISSING	crucible_ABZAN_MARDU#answer-2	crucible	When the house is under pressure, do you outlast for the generations, or charge before the opening closes?	Charge before it closes	Speed, code, formation, and total commitment take the field now.	strong=MARDU;positive=MARDU;suppressed=ABZAN	REPLACE	NEEDS-EVIDENCE	LOW	YES	mood=PRESENT;lore=PRESENT	MEDIUM	Broad Gate routing; authored signals: family endurance | war-bound speed | ["lore-or-setting-proxy"]	Concept only: war-bound speed. No current scoring effect is retained.	retire	Descriptive inventory only; answer-level evidence authority remains absent.
current_answer_effect	crucible_ABZAN_SULTAI	MISSING	crucible_ABZAN_SULTAI#answer-1	crucible	Do the dead bind you to preserve the house, or become material that can be converted into power?	Preserve the house	Ancestors, Kin-Trees, perennation, and duty keep continuity alive.	strong=ABZAN;positive=ABZAN;suppressed=SULTAI	REPLACE	NEEDS-EVIDENCE	HIGH	YES	mood=NOT-EXPLICIT;lore=PRESENT	LOW-MEDIUM	Broad Gate routing; authored signals: ancestor continuity | ruthless conversion | ["social-behavior","lore-or-setting-proxy"]	Concept only: ancestor continuity. No current scoring effect is retained.	retire	Descriptive inventory only; answer-level evidence authority remains absent.
current_answer_effect	crucible_ABZAN_SULTAI	MISSING	crucible_ABZAN_SULTAI#answer-2	crucible	Do the dead bind you to preserve the house, or become material that can be converted into power?	Convert the material	The dead, secrets, costs, and openings can all become advantage.	strong=SULTAI;positive=SULTAI;suppressed=ABZAN	REPLACE	NEEDS-EVIDENCE	HIGH	YES	mood=NOT-EXPLICIT;lore=PRESENT	LOW-MEDIUM	Broad Gate routing; authored signals: ancestor continuity | ruthless conversion | ["social-behavior","lore-or-setting-proxy"]	Concept only: ruthless conversion. No current scoring effect is retained.	retire	Descriptive inventory only; answer-level evidence authority remains absent.
current_answer_effect	crucible_TEMUR_SULTAI	MISSING	crucible_TEMUR_SULTAI#answer-1	crucible	Does survival begin by listening to the wild signal, or by converting every available resource?	Listen to the wild	Land, body, ancestors, weather, and elemental memory tell you how to survive.	strong=TEMUR;positive=TEMUR;suppressed=SULTAI	REPLACE	NEEDS-EVIDENCE	HIGH	YES	mood=NOT-EXPLICIT;lore=PRESENT	LOW-MEDIUM	Broad Gate routing; authored signals: attuned survival | calculated conversion | ["lore-or-setting-proxy"]	Concept only: attuned survival. No current scoring effect is retained.	retire	Descriptive inventory only; answer-level evidence authority remains absent.
current_answer_effect	crucible_TEMUR_SULTAI	MISSING	crucible_TEMUR_SULTAI#answer-2	crucible	Does survival begin by listening to the wild signal, or by converting every available resource?	Convert the resource	Bodies, secrets, costs, and opportunities become tools for advantage.	strong=SULTAI;positive=SULTAI;suppressed=TEMUR	REPLACE	NEEDS-EVIDENCE	HIGH	YES	mood=NOT-EXPLICIT;lore=PRESENT	LOW-MEDIUM	Broad Gate routing; authored signals: attuned survival | calculated conversion | ["lore-or-setting-proxy"]	Concept only: calculated conversion. No current scoring effect is retained.	retire	Descriptive inventory only; answer-level evidence authority remains absent.
current_answer_effect	crucible_TEMUR_MARDU	MISSING	crucible_TEMUR_MARDU#answer-1	crucible	Do you wait for the wild signal, or move in formation before hesitation breaks the opening?	Wait for the wild signal	Instinct and mental fortitude come from listening before motion.	strong=TEMUR;positive=TEMUR;suppressed=MARDU	RETUNE	NEEDS-EVIDENCE	LOW	YES	mood=NOT-EXPLICIT;lore=NOT-EXPLICIT	LOW-MEDIUM	Broad Gate routing; authored signals: survival by listening | coordinated immediate action | ["abstract-scenario-preference"]	Concept only: survival by listening. No current scoring effect is retained.	retain concept only	Descriptive inventory only; answer-level evidence authority remains absent.
current_answer_effect	crucible_TEMUR_MARDU	MISSING	crucible_TEMUR_MARDU#answer-2	crucible	Do you wait for the wild signal, or move in formation before hesitation breaks the opening?	Move in formation	The opening is real only if the charge reaches it in time.	strong=MARDU;positive=MARDU;suppressed=TEMUR	RETUNE	NEEDS-EVIDENCE	LOW	YES	mood=NOT-EXPLICIT;lore=NOT-EXPLICIT	LOW-MEDIUM	Broad Gate routing; authored signals: survival by listening | coordinated immediate action | ["abstract-scenario-preference"]	Concept only: coordinated immediate action. No current scoring effect is retained.	retain concept only	Descriptive inventory only; answer-level evidence authority remains absent.
current_answer_effect	crucible_JESKAI_MARDU	MISSING	crucible_JESKAI_MARDU#answer-1	crucible	Should the action wait for trained insight, or take the opening before thought slows the field?	Wait for trained insight	Discipline, knowledge, and practice release action with precision.	strong=JESKAI;positive=JESKAI;suppressed=MARDU	RETUNE	NEEDS-EVIDENCE	LOW	YES	mood=NOT-EXPLICIT;lore=NOT-EXPLICIT	LOW-MEDIUM	Broad Gate routing; authored signals: disciplined action | immediate commitment | ["philosophical-preference"]	Concept only: disciplined action. No current scoring effect is retained.	retain concept only	Descriptive inventory only; answer-level evidence authority remains absent.
current_answer_effect	crucible_JESKAI_MARDU	MISSING	crucible_JESKAI_MARDU#answer-2	crucible	Should the action wait for trained insight, or take the opening before thought slows the field?	Take the opening	Speed, code, and total commitment matter because delay loses the fight.	strong=MARDU;positive=MARDU;suppressed=JESKAI	RETUNE	NEEDS-EVIDENCE	LOW	YES	mood=NOT-EXPLICIT;lore=NOT-EXPLICIT	LOW-MEDIUM	Broad Gate routing; authored signals: disciplined action | immediate commitment | ["philosophical-preference"]	Concept only: immediate commitment. No current scoring effect is retained.	retain concept only	Descriptive inventory only; answer-level evidence authority remains absent.
current_answer_effect	crucible_JESKAI_SULTAI	MISSING	crucible_JESKAI_SULTAI#answer-1	crucible	Does insight become trained action, or private advantage converted from secrets and costs?	Trained action	Knowledge becomes discipline, timing, protection, and precise motion.	strong=JESKAI;positive=JESKAI;suppressed=SULTAI	REPLACE	NEEDS-EVIDENCE	HIGH	YES	mood=NOT-EXPLICIT;lore=NOT-EXPLICIT	LOW-MEDIUM	Broad Gate routing; authored signals: insight through discipline | insight as conversion | ["social-behavior","philosophical-preference"]	Concept only: insight through discipline. No current scoring effect is retained.	retire	Descriptive inventory only; answer-level evidence authority remains absent.
current_answer_effect	crucible_JESKAI_SULTAI	MISSING	crucible_JESKAI_SULTAI#answer-2	crucible	Does insight become trained action, or private advantage converted from secrets and costs?	Private advantage	Secrets, costs, and the dead become usable material.	strong=SULTAI;positive=SULTAI;suppressed=JESKAI	REPLACE	NEEDS-EVIDENCE	HIGH	YES	mood=NOT-EXPLICIT;lore=NOT-EXPLICIT	LOW-MEDIUM	Broad Gate routing; authored signals: insight through discipline | insight as conversion | ["social-behavior","philosophical-preference"]	Concept only: insight as conversion. No current scoring effect is retained.	retire	Descriptive inventory only; answer-level evidence authority remains absent.
current_answer_effect	crucible_JESKAI_TEMUR	MISSING	crucible_JESKAI_TEMUR#answer-1	crucible	Is the truth found through disciplined practice, or through listening to land, body, and old memory?	Disciplined practice	The Way trains perception until action can be precise.	strong=JESKAI;positive=JESKAI;suppressed=TEMUR	REPLACE	KEEP-BUT-REWORD	HIGH	YES	mood=NOT-EXPLICIT;lore=NOT-EXPLICIT	LOW-MEDIUM	Broad Gate routing; authored signals: monastic training | wild attunement | ["philosophical-preference"]	Concept only: monastic training. No current scoring effect is retained.	retire	Descriptive inventory only; answer-level evidence authority remains absent.
current_answer_effect	crucible_JESKAI_TEMUR	MISSING	crucible_JESKAI_TEMUR#answer-2	crucible	Is the truth found through disciplined practice, or through listening to land, body, and old memory?	Land, body, and memory	The living wild teaches survival before formal practice does.	strong=TEMUR;positive=TEMUR;suppressed=JESKAI	REPLACE	KEEP-BUT-REWORD	HIGH	YES	mood=NOT-EXPLICIT;lore=NOT-EXPLICIT	LOW-MEDIUM	Broad Gate routing; authored signals: monastic training | wild attunement | ["philosophical-preference"]	Concept only: wild attunement. No current scoring effect is retained.	retire	Descriptive inventory only; answer-level evidence authority remains absent.
current_answer_effect	crucible_YORE_GLINT	MISSING	crucible_YORE_GLINT#answer-1	crucible	Should the answer outbuild natural limits, or move through appetite, adaptation, and volatility without imposed order?	Outbuild the limit	Civilization, technology, artifice, and progress refuse natural closure.	strong=YORE;positive=YORE;suppressed=GLINT	RETUNE	RETUNE	LOW	YES	mood=NOT-EXPLICIT;lore=NOT-EXPLICIT	LOW-MEDIUM	Broad Gate routing; authored signals: constructed agency | living volatility | ["psychographic-or-motivational-inference-risk","aesthetic-or-narrative-preference","philosophical-preference"]	Concept only: constructed agency. No current scoring effect is retained.	retain concept only	Descriptive inventory only; answer-level evidence authority remains absent.
current_answer_effect	crucible_YORE_GLINT	MISSING	crucible_YORE_GLINT#answer-2	crucible	Should the answer outbuild natural limits, or move through appetite, adaptation, and volatility without imposed order?	Follow the volatility	Appetite, adaptation, force, and living motion refuse civic restraint.	strong=GLINT;positive=GLINT;suppressed=YORE	RETUNE	NEEDS-EVIDENCE	LOW	YES	mood=NOT-EXPLICIT;lore=NOT-EXPLICIT	LOW-MEDIUM	Broad Gate routing; authored signals: constructed agency | living volatility | ["psychographic-or-motivational-inference-risk","aesthetic-or-narrative-preference","philosophical-preference"]	Concept only: living volatility. No current scoring effect is retained.	retain concept only	Descriptive inventory only; answer-level evidence authority remains absent.
current_answer_effect	crucible_GLINT_DUNE	MISSING	crucible_GLINT_DUNE#answer-1	crucible	Does the answer become through living volatility, or take ground through immediate organized force?	Become through volatility	Appetite, adaptation, and living force keep changing shape.	strong=GLINT;positive=GLINT;suppressed=DUNE	REPLACE	NEEDS-EVIDENCE	HIGH	YES	mood=PRESENT;lore=NOT-EXPLICIT	MEDIUM	Broad Gate routing; authored signals: adaptive volatility | territorial force | ["psychographic-or-motivational-inference-risk"]	Concept only: adaptive volatility. No current scoring effect is retained.	retire	Descriptive inventory only; answer-level evidence authority remains absent.
current_answer_effect	crucible_GLINT_DUNE	MISSING	crucible_GLINT_DUNE#answer-2	crucible	Does the answer become through living volatility, or take ground through immediate organized force?	Take ground now	Direct action, physical momentum, and territorial pressure move before delay can answer.	strong=DUNE;positive=DUNE;suppressed=GLINT	REPLACE	NEEDS-EVIDENCE	HIGH	YES	mood=PRESENT;lore=NOT-EXPLICIT	MEDIUM	Broad Gate routing; authored signals: adaptive volatility | territorial force | ["psychographic-or-motivational-inference-risk"]	Concept only: territorial force. No current scoring effect is retained.	retire	Descriptive inventory only; answer-level evidence authority remains absent.
current_answer_effect	crucible_DUNE_INK	MISSING	crucible_DUNE_INK#answer-1	crucible	Is the answer trying to take and hold ground, or protect a shared good from private capture?	Take and hold ground	Urgency becomes direct action, organized force, and territorial pressure.	strong=DUNE;positive=DUNE;suppressed=INK	REPLACE	NEEDS-EVIDENCE	HIGH	YES	mood=PRESENT;lore=NOT-EXPLICIT	MEDIUM	Broad Gate routing; authored signals: organized force | guarded commons | ["social-behavior","philosophical-preference"]	Concept only: organized force. No current scoring effect is retained.	retire	Descriptive inventory only; answer-level evidence authority remains absent.
current_answer_effect	crucible_DUNE_INK	MISSING	crucible_DUNE_INK#answer-2	crucible	Is the answer trying to take and hold ground, or protect a shared good from private capture?	Protect the commons	Shared prosperity, protected generosity, and open knowledge stay available.	strong=INK;positive=INK;suppressed=DUNE	REPLACE	NEEDS-EVIDENCE	HIGH	YES	mood=PRESENT;lore=NOT-EXPLICIT	MEDIUM	Broad Gate routing; authored signals: organized force | guarded commons | ["social-behavior","philosophical-preference"]	Concept only: guarded commons. No current scoring effect is retained.	retire	Descriptive inventory only; answer-level evidence authority remains absent.
current_answer_effect	crucible_INK_WITCH	MISSING	crucible_INK_WITCH#answer-1	crucible	Should the answer keep the commons open, or cultivate a protected position until it becomes inevitable?	Keep it open	Community benefit, protected generosity, and open knowledge resist private hoarding.	strong=INK;positive=INK;suppressed=WITCH	REPLACE	NEEDS-EVIDENCE	HIGH	YES	mood=NOT-EXPLICIT;lore=NOT-EXPLICIT	LOW-MEDIUM	Broad Gate routing; authored signals: protected commons | patient accumulation | ["social-behavior","psychographic-or-motivational-inference-risk","philosophical-preference"]	Concept only: protected commons. No current scoring effect is retained.	retire	Descriptive inventory only; answer-level evidence authority remains absent.
current_answer_effect	crucible_INK_WITCH	MISSING	crucible_INK_WITCH#answer-2	crucible	Should the answer keep the commons open, or cultivate a protected position until it becomes inevitable?	Make it inevitable	Patience, calculation, ambition, and cultivated growth reach critical mass.	strong=WITCH;positive=WITCH;suppressed=INK	REPLACE	RETUNE	HIGH	YES	mood=NOT-EXPLICIT;lore=NOT-EXPLICIT	LOW-MEDIUM	Broad Gate routing; authored signals: protected commons | patient accumulation | ["social-behavior","psychographic-or-motivational-inference-risk","philosophical-preference"]	Concept only: patient accumulation. No current scoring effect is retained.	retire	Descriptive inventory only; answer-level evidence authority remains absent.
current_answer_effect	crucible_WITCH_YORE	MISSING	crucible_WITCH_YORE#answer-1	crucible	Does the answer grow a protected position into inevitability, or engineer a way past natural limits?	Grow the inevitability	Patient cultivation, calculation, and long-horizon accumulation cross a quiet threshold.	strong=WITCH;positive=WITCH;suppressed=YORE	RETUNE	NEEDS-EVIDENCE	LOW	YES	mood=NOT-EXPLICIT;lore=NOT-EXPLICIT	LOW-MEDIUM	Broad Gate routing; authored signals: cultivated inevitability | engineered intervention | ["social-behavior","aesthetic-or-narrative-preference"]	Concept only: cultivated inevitability. No current scoring effect is retained.	retain concept only	Descriptive inventory only; answer-level evidence authority remains absent.
current_answer_effect	crucible_WITCH_YORE	MISSING	crucible_WITCH_YORE#answer-2	crucible	Does the answer grow a protected position into inevitability, or engineer a way past natural limits?	Engineer the answer	Civilization, technology, artifice, and progress intervene against organic limits.	strong=YORE;positive=YORE;suppressed=WITCH	RETUNE	NEEDS-EVIDENCE	LOW	YES	mood=NOT-EXPLICIT;lore=NOT-EXPLICIT	LOW-MEDIUM	Broad Gate routing; authored signals: cultivated inevitability | engineered intervention | ["social-behavior","aesthetic-or-narrative-preference"]	Concept only: engineered intervention. No current scoring effect is retained.	retain concept only	Descriptive inventory only; answer-level evidence authority remains absent.
