record_id,sheet,row_number,term,normalized_term,workbook_category,workbook_status,workbook_confidence,workbook_mapping,verification_disposition,reason,recommended_review_action
scryall-data-accumulation-R4,scryall_data_accumulation,4,Advisor,advisor,Creature Type,,,,VERIFIED_NATIVE,Exact match in Scryfall catalog creature-types,Safe only as current native catalog fact.
scryall-data-accumulation-R5,scryall_data_accumulation,5,Aetherborn,aetherborn,Creature Type,,,,VERIFIED_NATIVE,Exact match in Scryfall catalog creature-types,Safe only as current native catalog fact.
scryall-data-accumulation-R6,scryall_data_accumulation,6,Alien,alien,Creature Type,,,,VERIFIED_NATIVE,Exact match in Scryfall catalog creature-types,Safe only as current native catalog fact.
scryall-data-accumulation-R7,scryall_data_accumulation,7,Ally,ally,Creature Type,,,,VERIFIED_NATIVE,Exact match in Scryfall catalog creature-types,Safe only as current native catalog fact.
scryall-data-accumulation-R8,scryall_data_accumulation,8,Angel,angel,Creature Type,,,,VERIFIED_NATIVE,Exact match in Scryfall catalog creature-types,Safe only as current native catalog fact.
scryall-data-accumulation-R9,scryall_data_accumulation,9,Antelope,antelope,Creature Type,,,,VERIFIED_NATIVE,Exact match in Scryfall catalog creature-types,Safe only as current native catalog fact.
scryall-data-accumulation-R10,scryall_data_accumulation,10,Ape,ape,Creature Type,,,,VERIFIED_NATIVE,Exact match in Scryfall catalog creature-types,Safe only as current native catalog fact.
scryall-data-accumulation-R11,scryall_data_accumulation,11,Archer,archer,Creature Type,,,,VERIFIED_NATIVE,Exact match in Scryfall catalog creature-types,Safe only as current native catalog fact.
scryall-data-accumulation-R12,scryall_data_accumulation,12,Archon,archon,Creature Type,,,,VERIFIED_NATIVE,Exact match in Scryfall catalog creature-types,Safe only as current native catalog fact.
scryall-data-accumulation-R13,scryall_data_accumulation,13,Armadillo,armadillo,Creature Type,,,,VERIFIED_NATIVE,Exact match in Scryfall catalog creature-types,Safe only as current native catalog fact.
scryall-data-accumulation-R14,scryall_data_accumulation,14,Army,army,Creature Type,,,,VERIFIED_NATIVE,Exact match in Scryfall catalog creature-types,Safe only as current native catalog fact.
scryall-data-accumulation-R15,scryall_data_accumulation,15,Artificer,artificer,Creature Type,,,,VERIFIED_NATIVE,Exact match in Scryfall catalog creature-types,Safe only as current native catalog fact.
scryall-data-accumulation-R16,scryall_data_accumulation,16,Assassin,assassin,Creature Type,,,,VERIFIED_NATIVE,Exact match in Scryfall catalog creature-types,Safe only as current native catalog fact.
scryall-data-accumulation-R17,scryall_data_accumulation,17,Assembly-Worker,assembly-worker,Creature Type,,,,VERIFIED_NATIVE,Exact match in Scryfall catalog creature-types,Safe only as current native catalog fact.
scryall-data-accumulation-R18,scryall_data_accumulation,18,Astartes,astartes,Creature Type,,,,VERIFIED_NATIVE,Exact match in Scryfall catalog creature-types,Safe only as current native catalog fact.
scryall-data-accumulation-R19,scryall_data_accumulation,19,Atog,atog,Creature Type,,,,VERIFIED_NATIVE,Exact match in Scryfall catalog creature-types,Safe only as current native catalog fact.
scryall-data-accumulation-R20,scryall_data_accumulation,20,Aurochs,aurochs,Creature Type,,,,VERIFIED_NATIVE,Exact match in Scryfall catalog creature-types,Safe only as current native catalog fact.
scryall-data-accumulation-R21,scryall_data_accumulation,21,Automaton,automaton,Creature Type,,,,VERIFIED_NATIVE,Exact match in Scryfall catalog creature-types,Safe only as current native catalog fact.
scryall-data-accumulation-R22,scryall_data_accumulation,22,Avatar,avatar,Creature Type,,,,VERIFIED_NATIVE,Exact match in Scryfall catalog creature-types,Safe only as current native catalog fact.
scryall-data-accumulation-R23,scryall_data_accumulation,23,Azra,azra,Creature Type,,,,VERIFIED_NATIVE,Exact match in Scryfall catalog creature-types,Safe only as current native catalog fact.
scryall-data-accumulation-R24,scryall_data_accumulation,24,Badger,badger,Creature Type,,,,VERIFIED_NATIVE,Exact match in Scryfall catalog creature-types,Safe only as current native catalog fact.
scryall-data-accumulation-R25,scryall_data_accumulation,25,Balloon,balloon,Creature Type,,,,VERIFIED_NATIVE,Exact match in Scryfall catalog creature-types,Safe only as current native catalog fact.
scryall-data-accumulation-R26,scryall_data_accumulation,26,Barbarian,barbarian,Creature Type,,,,VERIFIED_NATIVE,Exact match in Scryfall catalog creature-types,Safe only as current native catalog fact.
scryall-data-accumulation-R27,scryall_data_accumulation,27,Bard,bard,Creature Type,,,,VERIFIED_NATIVE,Exact match in Scryfall catalog creature-types,Safe only as current native catalog fact.
scryall-data-accumulation-R28,scryall_data_accumulation,28,Basilisk,basilisk,Creature Type,,,,VERIFIED_NATIVE,Exact match in Scryfall catalog creature-types,Safe only as current native catalog fact.
scryall-data-accumulation-R29,scryall_data_accumulation,29,Bat,bat,Creature Type,,,,VERIFIED_NATIVE,Exact match in Scryfall catalog creature-types,Safe only as current native catalog fact.
scryall-data-accumulation-R30,scryall_data_accumulation,30,Bear,bear,Creature Type,,,,VERIFIED_NATIVE,Exact match in Scryfall catalog creature-types,Safe only as current native catalog fact.
scryall-data-accumulation-R31,scryall_data_accumulation,31,Beast,beast,Creature Type,,,,VERIFIED_NATIVE,Exact match in Scryfall catalog creature-types,Safe only as current native catalog fact.
scryall-data-accumulation-R32,scryall_data_accumulation,32,Beaver,beaver,Creature Type,,,,VERIFIED_NATIVE,Exact match in Scryfall catalog creature-types,Safe only as current native catalog fact.
scryall-data-accumulation-R33,scryall_data_accumulation,33,Beeble,beeble,Creature Type,,,,VERIFIED_NATIVE,Exact match in Scryfall catalog creature-types,Safe only as current native catalog fact.
scryall-data-accumulation-R34,scryall_data_accumulation,34,Beholder,beholder,Creature Type,,,,VERIFIED_NATIVE,Exact match in Scryfall catalog creature-types,Safe only as current native catalog fact.
scryall-data-accumulation-R35,scryall_data_accumulation,35,Berserker,berserker,Creature Type,,,,VERIFIED_NATIVE,Exact match in Scryfall catalog creature-types,Safe only as current native catalog fact.
scryall-data-accumulation-R36,scryall_data_accumulation,36,Bird,bird,Creature Type,,,,VERIFIED_NATIVE,Exact match in Scryfall catalog creature-types,Safe only as current native catalog fact.
scryall-data-accumulation-R37,scryall_data_accumulation,37,Bison,bison,Creature Type,,,,VERIFIED_NATIVE,Exact match in Scryfall catalog creature-types,Safe only as current native catalog fact.
scryall-data-accumulation-R38,scryall_data_accumulation,38,Blinkmoth,blinkmoth,Creature Type,,,,VERIFIED_NATIVE,Exact match in Scryfall catalog creature-types,Safe only as current native catalog fact.
scryall-data-accumulation-R39,scryall_data_accumulation,39,Boar,boar,Creature Type,,,,VERIFIED_NATIVE,Exact match in Scryfall catalog creature-types,Safe only as current native catalog fact.
scryall-data-accumulation-R40,scryall_data_accumulation,40,Brainiac,brainiac,Creature Type,,,,VERIFIED_NATIVE,Exact match in Scryfall catalog creature-types,Safe only as current native catalog fact.
scryall-data-accumulation-R41,scryall_data_accumulation,41,Bringer,bringer,Creature Type,,,,VERIFIED_NATIVE,Exact match in Scryfall catalog creature-types,Safe only as current native catalog fact.
scryall-data-accumulation-R42,scryall_data_accumulation,42,Brushwagg,brushwagg,Creature Type,,,,VERIFIED_NATIVE,Exact match in Scryfall catalog creature-types,Safe only as current native catalog fact.
scryall-data-accumulation-R43,scryall_data_accumulation,43,C’tan,c'tan,Creature Type,,,,VERIFIED_NATIVE,Exact match in Scryfall catalog creature-types,Safe only as current native catalog fact.
scryall-data-accumulation-R44,scryall_data_accumulation,44,Camarid,camarid,Creature Type,,,,VERIFIED_NATIVE,Exact match in Scryfall catalog creature-types,Safe only as current native catalog fact.
scryall-data-accumulation-R45,scryall_data_accumulation,45,Camel,camel,Creature Type,,,,VERIFIED_NATIVE,Exact match in Scryfall catalog creature-types,Safe only as current native catalog fact.
scryall-data-accumulation-R46,scryall_data_accumulation,46,Capybara,capybara,Creature Type,,,,VERIFIED_NATIVE,Exact match in Scryfall catalog creature-types,Safe only as current native catalog fact.
scryall-data-accumulation-R47,scryall_data_accumulation,47,Caribou,caribou,Creature Type,,,,VERIFIED_NATIVE,Exact match in Scryfall catalog creature-types,Safe only as current native catalog fact.
scryall-data-accumulation-R48,scryall_data_accumulation,48,Carrier,carrier,Creature Type,,,,VERIFIED_NATIVE,Exact match in Scryfall catalog creature-types,Safe only as current native catalog fact.
scryall-data-accumulation-R49,scryall_data_accumulation,49,Cat,cat,Creature Type,,,,VERIFIED_NATIVE,Exact match in Scryfall catalog creature-types,Safe only as current native catalog fact.
scryall-data-accumulation-R50,scryall_data_accumulation,50,Centaur,centaur,Creature Type,,,,VERIFIED_NATIVE,Exact match in Scryfall catalog creature-types,Safe only as current native catalog fact.
scryall-data-accumulation-R51,scryall_data_accumulation,51,Chicken,chicken,Creature Type,,,,VERIFIED_NATIVE,Exact match in Scryfall catalog creature-types,Safe only as current native catalog fact.
scryall-data-accumulation-R52,scryall_data_accumulation,52,Child,child,Creature Type,,,,VERIFIED_NATIVE,Exact match in Scryfall catalog creature-types,Safe only as current native catalog fact.
scryall-data-accumulation-R53,scryall_data_accumulation,53,Chimera,chimera,Creature Type,,,,VERIFIED_NATIVE,Exact match in Scryfall catalog creature-types,Safe only as current native catalog fact.
scryall-data-accumulation-R54,scryall_data_accumulation,54,Citizen,citizen,Creature Type,,,,VERIFIED_NATIVE,Exact match in Scryfall catalog creature-types,Safe only as current native catalog fact.
scryall-data-accumulation-R55,scryall_data_accumulation,55,Cleric,cleric,Creature Type,,,,VERIFIED_NATIVE,Exact match in Scryfall catalog creature-types,Safe only as current native catalog fact.
scryall-data-accumulation-R56,scryall_data_accumulation,56,Clown,clown,Creature Type,,,,VERIFIED_NATIVE,Exact match in Scryfall catalog creature-types,Safe only as current native catalog fact.
scryall-data-accumulation-R57,scryall_data_accumulation,57,Cockatrice,cockatrice,Creature Type,,,,VERIFIED_NATIVE,Exact match in Scryfall catalog creature-types,Safe only as current native catalog fact.
scryall-data-accumulation-R58,scryall_data_accumulation,58,Construct,construct,Creature Type,,,,VERIFIED_NATIVE,Exact match in Scryfall catalog creature-types,Safe only as current native catalog fact.
scryall-data-accumulation-R59,scryall_data_accumulation,59,Coward,coward,Creature Type,,,,VERIFIED_NATIVE,Exact match in Scryfall catalog creature-types,Safe only as current native catalog fact.
scryall-data-accumulation-R60,scryall_data_accumulation,60,Coyote,coyote,Creature Type,,,,VERIFIED_NATIVE,Exact match in Scryfall catalog creature-types,Safe only as current native catalog fact.
scryall-data-accumulation-R61,scryall_data_accumulation,61,Crab,crab,Creature Type,,,,VERIFIED_NATIVE,Exact match in Scryfall catalog creature-types,Safe only as current native catalog fact.
scryall-data-accumulation-R62,scryall_data_accumulation,62,Crocodile,crocodile,Creature Type,,,,VERIFIED_NATIVE,Exact match in Scryfall catalog creature-types,Safe only as current native catalog fact.
scryall-data-accumulation-R63,scryall_data_accumulation,63,Custodes,custodes,Creature Type,,,,VERIFIED_NATIVE,Exact match in Scryfall catalog creature-types,Safe only as current native catalog fact.
scryall-data-accumulation-R64,scryall_data_accumulation,64,Cyberman,cyberman,Creature Type,,,,VERIFIED_NATIVE,Exact match in Scryfall catalog creature-types,Safe only as current native catalog fact.
scryall-data-accumulation-R65,scryall_data_accumulation,65,Cyclops,cyclops,Creature Type,,,,VERIFIED_NATIVE,Exact match in Scryfall catalog creature-types,Safe only as current native catalog fact.
scryall-data-accumulation-R66,scryall_data_accumulation,66,Dalek,dalek,Creature Type,,,,VERIFIED_NATIVE,Exact match in Scryfall catalog creature-types,Safe only as current native catalog fact.
scryall-data-accumulation-R67,scryall_data_accumulation,67,Dauthi,dauthi,Creature Type,,,,VERIFIED_NATIVE,Exact match in Scryfall catalog creature-types,Safe only as current native catalog fact.
scryall-data-accumulation-R68,scryall_data_accumulation,68,Demigod,demigod,Creature Type,,,,VERIFIED_NATIVE,Exact match in Scryfall catalog creature-types,Safe only as current native catalog fact.
scryall-data-accumulation-R69,scryall_data_accumulation,69,Demon,demon,Creature Type,,,,VERIFIED_NATIVE,Exact match in Scryfall catalog creature-types,Safe only as current native catalog fact.
scryall-data-accumulation-R70,scryall_data_accumulation,70,Deserter,deserter,Creature Type,,,,VERIFIED_NATIVE,Exact match in Scryfall catalog creature-types,Safe only as current native catalog fact.
scryall-data-accumulation-R71,scryall_data_accumulation,71,Detective,detective,Creature Type,,,,VERIFIED_NATIVE,Exact match in Scryfall catalog creature-types,Safe only as current native catalog fact.
scryall-data-accumulation-R72,scryall_data_accumulation,72,Devil,devil,Creature Type,,,,VERIFIED_NATIVE,Exact match in Scryfall catalog creature-types,Safe only as current native catalog fact.
scryall-data-accumulation-R73,scryall_data_accumulation,73,Dinosaur,dinosaur,Creature Type,,,,VERIFIED_NATIVE,Exact match in Scryfall catalog creature-types,Safe only as current native catalog fact.
scryall-data-accumulation-R74,scryall_data_accumulation,74,Djinn,djinn,Creature Type,,,,VERIFIED_NATIVE,Exact match in Scryfall catalog creature-types,Safe only as current native catalog fact.
scryall-data-accumulation-R75,scryall_data_accumulation,75,Doctor,doctor,Creature Type,,,,VERIFIED_NATIVE,Exact match in Scryfall catalog creature-types,Safe only as current native catalog fact.
scryall-data-accumulation-R76,scryall_data_accumulation,76,Dog,dog,Creature Type,,,,VERIFIED_NATIVE,Exact match in Scryfall catalog creature-types,Safe only as current native catalog fact.
scryall-data-accumulation-R77,scryall_data_accumulation,77,Dragon,dragon,Creature Type,,,,VERIFIED_NATIVE,Exact match in Scryfall catalog creature-types,Safe only as current native catalog fact.
scryall-data-accumulation-R78,scryall_data_accumulation,78,Drake,drake,Creature Type,,,,VERIFIED_NATIVE,Exact match in Scryfall catalog creature-types,Safe only as current native catalog fact.
scryall-data-accumulation-R79,scryall_data_accumulation,79,Dreadnought,dreadnought,Creature Type,,,,VERIFIED_NATIVE,Exact match in Scryfall catalog creature-types,Safe only as current native catalog fact.
scryall-data-accumulation-R80,scryall_data_accumulation,80,Drix,drix,Creature Type,,,,VERIFIED_NATIVE,Exact match in Scryfall catalog creature-types,Safe only as current native catalog fact.
scryall-data-accumulation-R81,scryall_data_accumulation,81,Drone,drone,Creature Type,,,,VERIFIED_NATIVE,Exact match in Scryfall catalog creature-types,Safe only as current native catalog fact.
scryall-data-accumulation-R82,scryall_data_accumulation,82,Druid,druid,Creature Type,,,,VERIFIED_NATIVE,Exact match in Scryfall catalog creature-types,Safe only as current native catalog fact.
scryall-data-accumulation-R83,scryall_data_accumulation,83,Dryad,dryad,Creature Type,,,,VERIFIED_NATIVE,Exact match in Scryfall catalog creature-types,Safe only as current native catalog fact.
scryall-data-accumulation-R84,scryall_data_accumulation,84,Dwarf,dwarf,Creature Type,,,,VERIFIED_NATIVE,Exact match in Scryfall catalog creature-types,Safe only as current native catalog fact.
scryall-data-accumulation-R85,scryall_data_accumulation,85,Echidna,echidna,Creature Type,,,,VERIFIED_NATIVE,Exact match in Scryfall catalog creature-types,Safe only as current native catalog fact.
scryall-data-accumulation-R86,scryall_data_accumulation,86,Efreet,efreet,Creature Type,,,,VERIFIED_NATIVE,Exact match in Scryfall catalog creature-types,Safe only as current native catalog fact.
scryall-data-accumulation-R87,scryall_data_accumulation,87,Egg,egg,Creature Type,,,,VERIFIED_NATIVE,Exact match in Scryfall catalog creature-types,Safe only as current native catalog fact.
scryall-data-accumulation-R88,scryall_data_accumulation,88,Elder,elder,Creature Type,,,,VERIFIED_NATIVE,Exact match in Scryfall catalog creature-types,Safe only as current native catalog fact.
scryall-data-accumulation-R89,scryall_data_accumulation,89,Eldrazi,eldrazi,Creature Type,,,,VERIFIED_NATIVE,Exact match in Scryfall catalog creature-types,Safe only as current native catalog fact.
scryall-data-accumulation-R90,scryall_data_accumulation,90,Elemental,elemental,Creature Type,,,,VERIFIED_NATIVE,Exact match in Scryfall catalog creature-types,Safe only as current native catalog fact.
scryall-data-accumulation-R91,scryall_data_accumulation,91,Elephant,elephant,Creature Type,,,,VERIFIED_NATIVE,Exact match in Scryfall catalog creature-types,Safe only as current native catalog fact.
scryall-data-accumulation-R92,scryall_data_accumulation,92,Elf,elf,Creature Type,,,,VERIFIED_NATIVE,Exact match in Scryfall catalog creature-types,Safe only as current native catalog fact.
scryall-data-accumulation-R93,scryall_data_accumulation,93,Elk,elk,Creature Type,,,,VERIFIED_NATIVE,Exact match in Scryfall catalog creature-types,Safe only as current native catalog fact.
scryall-data-accumulation-R94,scryall_data_accumulation,94,Employee,employee,Creature Type,,,,VERIFIED_NATIVE,Exact match in Scryfall catalog creature-types,Safe only as current native catalog fact.
scryall-data-accumulation-R95,scryall_data_accumulation,95,Eternal,eternal,Creature Type,,,,VERIFIED_NATIVE,Exact match in Scryfall catalog creature-types,Safe only as current native catalog fact.
scryall-data-accumulation-R96,scryall_data_accumulation,96,Eye,eye,Creature Type,,,,VERIFIED_NATIVE,Exact match in Scryfall catalog creature-types,Safe only as current native catalog fact.
scryall-data-accumulation-R97,scryall_data_accumulation,97,Faerie,faerie,Creature Type,,,,VERIFIED_NATIVE,Exact match in Scryfall catalog creature-types,Safe only as current native catalog fact.
scryall-data-accumulation-R98,scryall_data_accumulation,98,Ferret,ferret,Creature Type,,,,VERIFIED_NATIVE,Exact match in Scryfall catalog creature-types,Safe only as current native catalog fact.
scryall-data-accumulation-R99,scryall_data_accumulation,99,Fish,fish,Creature Type,,,,VERIFIED_NATIVE,Exact match in Scryfall catalog creature-types,Safe only as current native catalog fact.
scryall-data-accumulation-R100,scryall_data_accumulation,100,Flagbearer,flagbearer,Creature Type,,,,VERIFIED_NATIVE,Exact match in Scryfall catalog creature-types,Safe only as current native catalog fact.
scryall-data-accumulation-R101,scryall_data_accumulation,101,Fox,fox,Creature Type,,,,VERIFIED_NATIVE,Exact match in Scryfall catalog creature-types,Safe only as current native catalog fact.
scryall-data-accumulation-R102,scryall_data_accumulation,102,Fractal,fractal,Creature Type,,,,VERIFIED_NATIVE,Exact match in Scryfall catalog creature-types,Safe only as current native catalog fact.
scryall-data-accumulation-R103,scryall_data_accumulation,103,Frog,frog,Creature Type,,,,VERIFIED_NATIVE,Exact match in Scryfall catalog creature-types,Safe only as current native catalog fact.
scryall-data-accumulation-R104,scryall_data_accumulation,104,Fungus,fungus,Creature Type,,,,VERIFIED_NATIVE,Exact match in Scryfall catalog creature-types,Safe only as current native catalog fact.
scryall-data-accumulation-R105,scryall_data_accumulation,105,Gamer,gamer,Creature Type,,,,VERIFIED_NATIVE,Exact match in Scryfall catalog creature-types,Safe only as current native catalog fact.
scryall-data-accumulation-R106,scryall_data_accumulation,106,Gamma,gamma,Creature Type,,,,VERIFIED_NATIVE,Exact match in Scryfall catalog creature-types,Safe only as current native catalog fact.
scryall-data-accumulation-R107,scryall_data_accumulation,107,Gargoyle,gargoyle,Creature Type,,,,VERIFIED_NATIVE,Exact match in Scryfall catalog creature-types,Safe only as current native catalog fact.
scryall-data-accumulation-R108,scryall_data_accumulation,108,Germ,germ,Creature Type,,,,VERIFIED_NATIVE,Exact match in Scryfall catalog creature-types,Safe only as current native catalog fact.
scryall-data-accumulation-R109,scryall_data_accumulation,109,Giant,giant,Creature Type,,,,VERIFIED_NATIVE,Exact match in Scryfall catalog creature-types,Safe only as current native catalog fact.
scryall-data-accumulation-R110,scryall_data_accumulation,110,Giraffe,giraffe,Creature Type,,,,VERIFIED_NATIVE,Exact match in Scryfall catalog creature-types,Safe only as current native catalog fact.
scryall-data-accumulation-R111,scryall_data_accumulation,111,Gith,gith,Creature Type,,,,VERIFIED_NATIVE,Exact match in Scryfall catalog creature-types,Safe only as current native catalog fact.
scryall-data-accumulation-R112,scryall_data_accumulation,112,Glimmer,glimmer,Creature Type,,,,VERIFIED_NATIVE,Exact match in Scryfall catalog creature-types,Safe only as current native catalog fact.
scryall-data-accumulation-R113,scryall_data_accumulation,113,Gnoll,gnoll,Creature Type,,,,VERIFIED_NATIVE,Exact match in Scryfall catalog creature-types,Safe only as current native catalog fact.
scryall-data-accumulation-R114,scryall_data_accumulation,114,Gnome,gnome,Creature Type,,,,VERIFIED_NATIVE,Exact match in Scryfall catalog creature-types,Safe only as current native catalog fact.
scryall-data-accumulation-R115,scryall_data_accumulation,115,Goat,goat,Creature Type,,,,VERIFIED_NATIVE,Exact match in Scryfall catalog creature-types,Safe only as current native catalog fact.
scryall-data-accumulation-R116,scryall_data_accumulation,116,Goblin,goblin,Creature Type,,,,VERIFIED_NATIVE,Exact match in Scryfall catalog creature-types,Safe only as current native catalog fact.
scryall-data-accumulation-R117,scryall_data_accumulation,117,God,god,Creature Type,,,,VERIFIED_NATIVE,Exact match in Scryfall catalog creature-types,Safe only as current native catalog fact.
scryall-data-accumulation-R118,scryall_data_accumulation,118,Golem,golem,Creature Type,,,,VERIFIED_NATIVE,Exact match in Scryfall catalog creature-types,Safe only as current native catalog fact.
scryall-data-accumulation-R119,scryall_data_accumulation,119,Gorgon,gorgon,Creature Type,,,,VERIFIED_NATIVE,Exact match in Scryfall catalog creature-types,Safe only as current native catalog fact.
scryall-data-accumulation-R120,scryall_data_accumulation,120,Graveborn,graveborn,Creature Type,,,,VERIFIED_NATIVE,Exact match in Scryfall catalog creature-types,Safe only as current native catalog fact.
scryall-data-accumulation-R121,scryall_data_accumulation,121,Gremlin,gremlin,Creature Type,,,,VERIFIED_NATIVE,Exact match in Scryfall catalog creature-types,Safe only as current native catalog fact.
scryall-data-accumulation-R122,scryall_data_accumulation,122,Griffin,griffin,Creature Type,,,,VERIFIED_NATIVE,Exact match in Scryfall catalog creature-types,Safe only as current native catalog fact.
scryall-data-accumulation-R123,scryall_data_accumulation,123,Guest,guest,Creature Type,,,,VERIFIED_NATIVE,Exact match in Scryfall catalog creature-types,Safe only as current native catalog fact.
scryall-data-accumulation-R124,scryall_data_accumulation,124,Hag,hag,Creature Type,,,,VERIFIED_NATIVE,Exact match in Scryfall catalog creature-types,Safe only as current native catalog fact.
scryall-data-accumulation-R125,scryall_data_accumulation,125,Halfling,halfling,Creature Type,,,,VERIFIED_NATIVE,Exact match in Scryfall catalog creature-types,Safe only as current native catalog fact.
scryall-data-accumulation-R126,scryall_data_accumulation,126,Hamster,hamster,Creature Type,,,,VERIFIED_NATIVE,Exact match in Scryfall catalog creature-types,Safe only as current native catalog fact.
scryall-data-accumulation-R127,scryall_data_accumulation,127,Harpy,harpy,Creature Type,,,,VERIFIED_NATIVE,Exact match in Scryfall catalog creature-types,Safe only as current native catalog fact.
scryall-data-accumulation-R128,scryall_data_accumulation,128,Head,head,Creature Type,,,,VERIFIED_NATIVE,Exact match in Scryfall catalog creature-types,Safe only as current native catalog fact.
scryall-data-accumulation-R129,scryall_data_accumulation,129,Hedgehog,hedgehog,Creature Type,,,,VERIFIED_NATIVE,Exact match in Scryfall catalog creature-types,Safe only as current native catalog fact.
scryall-data-accumulation-R130,scryall_data_accumulation,130,Hellion,hellion,Creature Type,,,,VERIFIED_NATIVE,Exact match in Scryfall catalog creature-types,Safe only as current native catalog fact.
scryall-data-accumulation-R131,scryall_data_accumulation,131,Hero,hero,Creature Type,,,,AMBIGUOUS,Same normalized term has multiple legitimate workbook meanings or mappings.,Add context-sensitive Plain Reading disambiguation; do not select a global winner.
scryall-data-accumulation-R132,scryall_data_accumulation,132,Hippo,hippo,Creature Type,,,,VERIFIED_NATIVE,Exact match in Scryfall catalog creature-types,Safe only as current native catalog fact.
scryall-data-accumulation-R133,scryall_data_accumulation,133,Hippogriff,hippogriff,Creature Type,,,,VERIFIED_NATIVE,Exact match in Scryfall catalog creature-types,Safe only as current native catalog fact.
scryall-data-accumulation-R134,scryall_data_accumulation,134,Homarid,homarid,Creature Type,,,,VERIFIED_NATIVE,Exact match in Scryfall catalog creature-types,Safe only as current native catalog fact.
scryall-data-accumulation-R135,scryall_data_accumulation,135,Homunculus,homunculus,Creature Type,,,,VERIFIED_NATIVE,Exact match in Scryfall catalog creature-types,Safe only as current native catalog fact.
scryall-data-accumulation-R136,scryall_data_accumulation,136,Horror,horror,Creature Type,,,,VERIFIED_NATIVE,Exact match in Scryfall catalog creature-types,Safe only as current native catalog fact.
scryall-data-accumulation-R137,scryall_data_accumulation,137,Horse,horse,Creature Type,,,,VERIFIED_NATIVE,Exact match in Scryfall catalog creature-types,Safe only as current native catalog fact.
scryall-data-accumulation-R138,scryall_data_accumulation,138,Human,human,Creature Type,,,,VERIFIED_NATIVE,Exact match in Scryfall catalog creature-types,Safe only as current native catalog fact.
scryall-data-accumulation-R139,scryall_data_accumulation,139,Hydra,hydra,Creature Type,,,,VERIFIED_NATIVE,Exact match in Scryfall catalog creature-types,Safe only as current native catalog fact.
scryall-data-accumulation-R140,scryall_data_accumulation,140,Hyena,hyena,Creature Type,,,,VERIFIED_NATIVE,Exact match in Scryfall catalog creature-types,Safe only as current native catalog fact.
scryall-data-accumulation-R141,scryall_data_accumulation,141,Illusion,illusion,Creature Type,,,,VERIFIED_NATIVE,Exact match in Scryfall catalog creature-types,Safe only as current native catalog fact.
scryall-data-accumulation-R142,scryall_data_accumulation,142,Imp,imp,Creature Type,,,,VERIFIED_NATIVE,Exact match in Scryfall catalog creature-types,Safe only as current native catalog fact.
scryall-data-accumulation-R143,scryall_data_accumulation,143,Incarnation,incarnation,Creature Type,,,,VERIFIED_NATIVE,Exact match in Scryfall catalog creature-types,Safe only as current native catalog fact.
scryall-data-accumulation-R144,scryall_data_accumulation,144,Inhuman,inhuman,Creature Type,,,,VERIFIED_NATIVE,Exact match in Scryfall catalog creature-types,Safe only as current native catalog fact.
scryall-data-accumulation-R145,scryall_data_accumulation,145,Inkling,inkling,Creature Type,,,,VERIFIED_NATIVE,Exact match in Scryfall catalog creature-types,Safe only as current native catalog fact.
scryall-data-accumulation-R146,scryall_data_accumulation,146,Inquisitor,inquisitor,Creature Type,,,,VERIFIED_NATIVE,Exact match in Scryfall catalog creature-types,Safe only as current native catalog fact.
scryall-data-accumulation-R147,scryall_data_accumulation,147,Insect,insect,Creature Type,,,,VERIFIED_NATIVE,Exact match in Scryfall catalog creature-types,Safe only as current native catalog fact.
scryall-data-accumulation-R148,scryall_data_accumulation,148,Jackal,jackal,Creature Type,,,,VERIFIED_NATIVE,Exact match in Scryfall catalog creature-types,Safe only as current native catalog fact.
scryall-data-accumulation-R149,scryall_data_accumulation,149,Jellyfish,jellyfish,Creature Type,,,,VERIFIED_NATIVE,Exact match in Scryfall catalog creature-types,Safe only as current native catalog fact.
scryall-data-accumulation-R150,scryall_data_accumulation,150,Juggernaut,juggernaut,Creature Type,,,,VERIFIED_NATIVE,Exact match in Scryfall catalog creature-types,Safe only as current native catalog fact.
scryall-data-accumulation-R151,scryall_data_accumulation,151,Kangaroo,kangaroo,Creature Type,,,,VERIFIED_NATIVE,Exact match in Scryfall catalog creature-types,Safe only as current native catalog fact.
scryall-data-accumulation-R152,scryall_data_accumulation,152,Kavu,kavu,Creature Type,,,,VERIFIED_NATIVE,Exact match in Scryfall catalog creature-types,Safe only as current native catalog fact.
scryall-data-accumulation-R153,scryall_data_accumulation,153,Kirin,kirin,Creature Type,,,,VERIFIED_NATIVE,Exact match in Scryfall catalog creature-types,Safe only as current native catalog fact.
scryall-data-accumulation-R154,scryall_data_accumulation,154,Kithkin,kithkin,Creature Type,,,,VERIFIED_NATIVE,Exact match in Scryfall catalog creature-types,Safe only as current native catalog fact.
scryall-data-accumulation-R155,scryall_data_accumulation,155,Knight,knight,Creature Type,,,,VERIFIED_NATIVE,Exact match in Scryfall catalog creature-types,Safe only as current native catalog fact.
scryall-data-accumulation-R156,scryall_data_accumulation,156,Kobold,kobold,Creature Type,,,,VERIFIED_NATIVE,Exact match in Scryfall catalog creature-types,Safe only as current native catalog fact.
scryall-data-accumulation-R157,scryall_data_accumulation,157,Kor,kor,Creature Type,,,,VERIFIED_NATIVE,Exact match in Scryfall catalog creature-types,Safe only as current native catalog fact.
scryall-data-accumulation-R158,scryall_data_accumulation,158,Kraken,kraken,Creature Type,,,,VERIFIED_NATIVE,Exact match in Scryfall catalog creature-types,Safe only as current native catalog fact.
scryall-data-accumulation-R159,scryall_data_accumulation,159,Kree,kree,Creature Type,,,,VERIFIED_NATIVE,Exact match in Scryfall catalog creature-types,Safe only as current native catalog fact.
scryall-data-accumulation-R160,scryall_data_accumulation,160,Lamia,lamia,Creature Type,,,,VERIFIED_NATIVE,Exact match in Scryfall catalog creature-types,Safe only as current native catalog fact.
scryall-data-accumulation-R161,scryall_data_accumulation,161,Lammasu,lammasu,Creature Type,,,,VERIFIED_NATIVE,Exact match in Scryfall catalog creature-types,Safe only as current native catalog fact.
scryall-data-accumulation-R162,scryall_data_accumulation,162,Leech,leech,Creature Type,,,,VERIFIED_NATIVE,Exact match in Scryfall catalog creature-types,Safe only as current native catalog fact.
scryall-data-accumulation-R163,scryall_data_accumulation,163,Lemur,lemur,Creature Type,,,,VERIFIED_NATIVE,Exact match in Scryfall catalog creature-types,Safe only as current native catalog fact.
scryall-data-accumulation-R164,scryall_data_accumulation,164,Leviathan,leviathan,Creature Type,,,,VERIFIED_NATIVE,Exact match in Scryfall catalog creature-types,Safe only as current native catalog fact.
scryall-data-accumulation-R165,scryall_data_accumulation,165,Lhurgoyf,lhurgoyf,Creature Type,,,,VERIFIED_NATIVE,Exact match in Scryfall catalog creature-types,Safe only as current native catalog fact.
scryall-data-accumulation-R166,scryall_data_accumulation,166,Licid,licid,Creature Type,,,,VERIFIED_NATIVE,Exact match in Scryfall catalog creature-types,Safe only as current native catalog fact.
scryall-data-accumulation-R167,scryall_data_accumulation,167,Lizard,lizard,Creature Type,,,,VERIFIED_NATIVE,Exact match in Scryfall catalog creature-types,Safe only as current native catalog fact.
scryall-data-accumulation-R168,scryall_data_accumulation,168,Llama,llama,Creature Type,,,,VERIFIED_NATIVE,Exact match in Scryfall catalog creature-types,Safe only as current native catalog fact.
scryall-data-accumulation-R169,scryall_data_accumulation,169,Lobster,lobster,Creature Type,,,,VERIFIED_NATIVE,Exact match in Scryfall catalog creature-types,Safe only as current native catalog fact.
scryall-data-accumulation-R170,scryall_data_accumulation,170,Manticore,manticore,Creature Type,,,,VERIFIED_NATIVE,Exact match in Scryfall catalog creature-types,Safe only as current native catalog fact.
scryall-data-accumulation-R171,scryall_data_accumulation,171,Masticore,masticore,Creature Type,,,,VERIFIED_NATIVE,Exact match in Scryfall catalog creature-types,Safe only as current native catalog fact.
scryall-data-accumulation-R172,scryall_data_accumulation,172,Mercenary,mercenary,Creature Type,,,,VERIFIED_NATIVE,Exact match in Scryfall catalog creature-types,Safe only as current native catalog fact.
scryall-data-accumulation-R173,scryall_data_accumulation,173,Merfolk,merfolk,Creature Type,,,,VERIFIED_NATIVE,Exact match in Scryfall catalog creature-types,Safe only as current native catalog fact.
scryall-data-accumulation-R174,scryall_data_accumulation,174,Metathran,metathran,Creature Type,,,,VERIFIED_NATIVE,Exact match in Scryfall catalog creature-types,Safe only as current native catalog fact.
scryall-data-accumulation-R175,scryall_data_accumulation,175,Minion,minion,Creature Type,,,,VERIFIED_NATIVE,Exact match in Scryfall catalog creature-types,Safe only as current native catalog fact.
scryall-data-accumulation-R176,scryall_data_accumulation,176,Minotaur,minotaur,Creature Type,,,,VERIFIED_NATIVE,Exact match in Scryfall catalog creature-types,Safe only as current native catalog fact.
scryall-data-accumulation-R177,scryall_data_accumulation,177,Mite,mite,Creature Type,,,,VERIFIED_NATIVE,Exact match in Scryfall catalog creature-types,Safe only as current native catalog fact.
scryall-data-accumulation-R178,scryall_data_accumulation,178,Mole,mole,Creature Type,,,,VERIFIED_NATIVE,Exact match in Scryfall catalog creature-types,Safe only as current native catalog fact.
scryall-data-accumulation-R179,scryall_data_accumulation,179,Monger,monger,Creature Type,,,,VERIFIED_NATIVE,Exact match in Scryfall catalog creature-types,Safe only as current native catalog fact.
scryall-data-accumulation-R180,scryall_data_accumulation,180,Mongoose,mongoose,Creature Type,,,,VERIFIED_NATIVE,Exact match in Scryfall catalog creature-types,Safe only as current native catalog fact.
scryall-data-accumulation-R181,scryall_data_accumulation,181,Monk,monk,Creature Type,,,,VERIFIED_NATIVE,Exact match in Scryfall catalog creature-types,Safe only as current native catalog fact.
scryall-data-accumulation-R182,scryall_data_accumulation,182,Monkey,monkey,Creature Type,,,,VERIFIED_NATIVE,Exact match in Scryfall catalog creature-types,Safe only as current native catalog fact.
scryall-data-accumulation-R183,scryall_data_accumulation,183,Moogle,moogle,Creature Type,,,,VERIFIED_NATIVE,Exact match in Scryfall catalog creature-types,Safe only as current native catalog fact.
scryall-data-accumulation-R184,scryall_data_accumulation,184,Moonfolk,moonfolk,Creature Type,,,,VERIFIED_NATIVE,Exact match in Scryfall catalog creature-types,Safe only as current native catalog fact.
scryall-data-accumulation-R185,scryall_data_accumulation,185,Mount,mount,Creature Type,,,,VERIFIED_NATIVE,Exact match in Scryfall catalog creature-types,Safe only as current native catalog fact.
scryall-data-accumulation-R186,scryall_data_accumulation,186,Mouse,mouse,Creature Type,,,,VERIFIED_NATIVE,Exact match in Scryfall catalog creature-types,Safe only as current native catalog fact.
scryall-data-accumulation-R187,scryall_data_accumulation,187,Mutant,mutant,Creature Type,,,,VERIFIED_NATIVE,Exact match in Scryfall catalog creature-types,Safe only as current native catalog fact.
scryall-data-accumulation-R188,scryall_data_accumulation,188,Myr,myr,Creature Type,,,,VERIFIED_NATIVE,Exact match in Scryfall catalog creature-types,Safe only as current native catalog fact.
scryall-data-accumulation-R189,scryall_data_accumulation,189,Mystic,mystic,Creature Type,,,,VERIFIED_NATIVE,Exact match in Scryfall catalog creature-types,Safe only as current native catalog fact.
scryall-data-accumulation-R190,scryall_data_accumulation,190,Naga,naga,Creature Type,,,,VERIFIED_NATIVE,Exact match in Scryfall catalog creature-types,Safe only as current native catalog fact.
scryall-data-accumulation-R191,scryall_data_accumulation,191,Nautilus,nautilus,Creature Type,,,,VERIFIED_NATIVE,Exact match in Scryfall catalog creature-types,Safe only as current native catalog fact.
scryall-data-accumulation-R192,scryall_data_accumulation,192,Necron,necron,Creature Type,,,,VERIFIED_NATIVE,Exact match in Scryfall catalog creature-types,Safe only as current native catalog fact.
scryall-data-accumulation-R193,scryall_data_accumulation,193,Nephilim,nephilim,Creature Type,,,,VERIFIED_NATIVE,Exact match in Scryfall catalog creature-types,Safe only as current native catalog fact.
scryall-data-accumulation-R194,scryall_data_accumulation,194,Nightmare,nightmare,Creature Type,,,,VERIFIED_NATIVE,Exact match in Scryfall catalog creature-types,Safe only as current native catalog fact.
scryall-data-accumulation-R195,scryall_data_accumulation,195,Nightstalker,nightstalker,Creature Type,,,,VERIFIED_NATIVE,Exact match in Scryfall catalog creature-types,Safe only as current native catalog fact.
scryall-data-accumulation-R196,scryall_data_accumulation,196,Ninja,ninja,Creature Type,,,,VERIFIED_NATIVE,Exact match in Scryfall catalog creature-types,Safe only as current native catalog fact.
scryall-data-accumulation-R197,scryall_data_accumulation,197,Noble,noble,Creature Type,,,,VERIFIED_NATIVE,Exact match in Scryfall catalog creature-types,Safe only as current native catalog fact.
scryall-data-accumulation-R198,scryall_data_accumulation,198,Noggle,noggle,Creature Type,,,,VERIFIED_NATIVE,Exact match in Scryfall catalog creature-types,Safe only as current native catalog fact.
scryall-data-accumulation-R199,scryall_data_accumulation,199,Nomad,nomad,Creature Type,,,,VERIFIED_NATIVE,Exact match in Scryfall catalog creature-types,Safe only as current native catalog fact.
scryall-data-accumulation-R200,scryall_data_accumulation,200,Nymph,nymph,Creature Type,,,,VERIFIED_NATIVE,Exact match in Scryfall catalog creature-types,Safe only as current native catalog fact.
scryall-data-accumulation-R201,scryall_data_accumulation,201,Octopus,octopus,Creature Type,,,,VERIFIED_NATIVE,Exact match in Scryfall catalog creature-types,Safe only as current native catalog fact.
scryall-data-accumulation-R202,scryall_data_accumulation,202,Officer,officer,Creature Type,,,,VERIFIED_NATIVE,Exact match in Scryfall catalog creature-types,Safe only as current native catalog fact.
scryall-data-accumulation-R203,scryall_data_accumulation,203,Ogre,ogre,Creature Type,,,,VERIFIED_NATIVE,Exact match in Scryfall catalog creature-types,Safe only as current native catalog fact.
scryall-data-accumulation-R204,scryall_data_accumulation,204,Ooze,ooze,Creature Type,,,,VERIFIED_NATIVE,Exact match in Scryfall catalog creature-types,Safe only as current native catalog fact.
scryall-data-accumulation-R205,scryall_data_accumulation,205,Orb,orb,Creature Type,,,,VERIFIED_NATIVE,Exact match in Scryfall catalog creature-types,Safe only as current native catalog fact.
scryall-data-accumulation-R206,scryall_data_accumulation,206,Orc,orc,Creature Type,,,,VERIFIED_NATIVE,Exact match in Scryfall catalog creature-types,Safe only as current native catalog fact.
scryall-data-accumulation-R207,scryall_data_accumulation,207,Orgg,orgg,Creature Type,,,,VERIFIED_NATIVE,Exact match in Scryfall catalog creature-types,Safe only as current native catalog fact.
scryall-data-accumulation-R208,scryall_data_accumulation,208,Otter,otter,Creature Type,,,,VERIFIED_NATIVE,Exact match in Scryfall catalog creature-types,Safe only as current native catalog fact.
scryall-data-accumulation-R209,scryall_data_accumulation,209,Ouphe,ouphe,Creature Type,,,,VERIFIED_NATIVE,Exact match in Scryfall catalog creature-types,Safe only as current native catalog fact.
scryall-data-accumulation-R210,scryall_data_accumulation,210,Ox,ox,Creature Type,,,,VERIFIED_NATIVE,Exact match in Scryfall catalog creature-types,Safe only as current native catalog fact.
scryall-data-accumulation-R211,scryall_data_accumulation,211,Oyster,oyster,Creature Type,,,,VERIFIED_NATIVE,Exact match in Scryfall catalog creature-types,Safe only as current native catalog fact.
scryall-data-accumulation-R212,scryall_data_accumulation,212,Pangolin,pangolin,Creature Type,,,,VERIFIED_NATIVE,Exact match in Scryfall catalog creature-types,Safe only as current native catalog fact.
scryall-data-accumulation-R213,scryall_data_accumulation,213,Peasant,peasant,Creature Type,,,,VERIFIED_NATIVE,Exact match in Scryfall catalog creature-types,Safe only as current native catalog fact.
scryall-data-accumulation-R214,scryall_data_accumulation,214,Pegasus,pegasus,Creature Type,,,,VERIFIED_NATIVE,Exact match in Scryfall catalog creature-types,Safe only as current native catalog fact.
scryall-data-accumulation-R215,scryall_data_accumulation,215,Pentavite,pentavite,Creature Type,,,,VERIFIED_NATIVE,Exact match in Scryfall catalog creature-types,Safe only as current native catalog fact.
scryall-data-accumulation-R216,scryall_data_accumulation,216,Performer,performer,Creature Type,,,,VERIFIED_NATIVE,Exact match in Scryfall catalog creature-types,Safe only as current native catalog fact.
scryall-data-accumulation-R217,scryall_data_accumulation,217,Pest,pest,Creature Type,,,,VERIFIED_NATIVE,Exact match in Scryfall catalog creature-types,Safe only as current native catalog fact.
scryall-data-accumulation-R218,scryall_data_accumulation,218,Phelddagrif,phelddagrif,Creature Type,,,,VERIFIED_NATIVE,Exact match in Scryfall catalog creature-types,Safe only as current native catalog fact.
scryall-data-accumulation-R219,scryall_data_accumulation,219,Phoenix,phoenix,Creature Type,,,,VERIFIED_NATIVE,Exact match in Scryfall catalog creature-types,Safe only as current native catalog fact.
scryall-data-accumulation-R220,scryall_data_accumulation,220,Phyrexian,phyrexian,Creature Type,,,,VERIFIED_NATIVE,Exact match in Scryfall catalog creature-types,Safe only as current native catalog fact.
scryall-data-accumulation-R221,scryall_data_accumulation,221,Pilot,pilot,Creature Type,,,,VERIFIED_NATIVE,Exact match in Scryfall catalog creature-types,Safe only as current native catalog fact.
scryall-data-accumulation-R222,scryall_data_accumulation,222,Pincher,pincher,Creature Type,,,,VERIFIED_NATIVE,Exact match in Scryfall catalog creature-types,Safe only as current native catalog fact.
scryall-data-accumulation-R223,scryall_data_accumulation,223,Pirate,pirate,Creature Type,,,,VERIFIED_NATIVE,Exact match in Scryfall catalog creature-types,Safe only as current native catalog fact.
scryall-data-accumulation-R224,scryall_data_accumulation,224,Plant,plant,Creature Type,,,,VERIFIED_NATIVE,Exact match in Scryfall catalog creature-types,Safe only as current native catalog fact.
scryall-data-accumulation-R225,scryall_data_accumulation,225,Platypus,platypus,Creature Type,,,,VERIFIED_NATIVE,Exact match in Scryfall catalog creature-types,Safe only as current native catalog fact.
scryall-data-accumulation-R226,scryall_data_accumulation,226,Porcupine,porcupine,Creature Type,,,,VERIFIED_NATIVE,Exact match in Scryfall catalog creature-types,Safe only as current native catalog fact.
scryall-data-accumulation-R227,scryall_data_accumulation,227,Possum,possum,Creature Type,,,,VERIFIED_NATIVE,Exact match in Scryfall catalog creature-types,Safe only as current native catalog fact.
scryall-data-accumulation-R228,scryall_data_accumulation,228,Praetor,praetor,Creature Type,,,,VERIFIED_NATIVE,Exact match in Scryfall catalog creature-types,Safe only as current native catalog fact.
scryall-data-accumulation-R229,scryall_data_accumulation,229,Primarch,primarch,Creature Type,,,,VERIFIED_NATIVE,Exact match in Scryfall catalog creature-types,Safe only as current native catalog fact.
scryall-data-accumulation-R230,scryall_data_accumulation,230,Prism,prism,Creature Type,,,,VERIFIED_NATIVE,Exact match in Scryfall catalog creature-types,Safe only as current native catalog fact.
scryall-data-accumulation-R231,scryall_data_accumulation,231,Processor,processor,Creature Type,,,,VERIFIED_NATIVE,Exact match in Scryfall catalog creature-types,Safe only as current native catalog fact.
scryall-data-accumulation-R232,scryall_data_accumulation,232,Qu,qu,Creature Type,,,,VERIFIED_NATIVE,Exact match in Scryfall catalog creature-types,Safe only as current native catalog fact.
scryall-data-accumulation-R233,scryall_data_accumulation,233,Rabbit,rabbit,Creature Type,,,,VERIFIED_NATIVE,Exact match in Scryfall catalog creature-types,Safe only as current native catalog fact.
scryall-data-accumulation-R234,scryall_data_accumulation,234,Raccoon,raccoon,Creature Type,,,,VERIFIED_NATIVE,Exact match in Scryfall catalog creature-types,Safe only as current native catalog fact.
scryall-data-accumulation-R235,scryall_data_accumulation,235,Ranger,ranger,Creature Type,,,,VERIFIED_NATIVE,Exact match in Scryfall catalog creature-types,Safe only as current native catalog fact.
scryall-data-accumulation-R236,scryall_data_accumulation,236,Rat,rat,Creature Type,,,,VERIFIED_NATIVE,Exact match in Scryfall catalog creature-types,Safe only as current native catalog fact.
scryall-data-accumulation-R237,scryall_data_accumulation,237,Rebel,rebel,Creature Type,,,,VERIFIED_NATIVE,Exact match in Scryfall catalog creature-types,Safe only as current native catalog fact.
scryall-data-accumulation-R238,scryall_data_accumulation,238,Reflection,reflection,Creature Type,,,,VERIFIED_NATIVE,Exact match in Scryfall catalog creature-types,Safe only as current native catalog fact.
scryall-data-accumulation-R239,scryall_data_accumulation,239,Reveler,reveler,Creature Type,,,,VERIFIED_NATIVE,Exact match in Scryfall catalog creature-types,Safe only as current native catalog fact.
scryall-data-accumulation-R240,scryall_data_accumulation,240,Rhino,rhino,Creature Type,,,,VERIFIED_NATIVE,Exact match in Scryfall catalog creature-types,Safe only as current native catalog fact.
scryall-data-accumulation-R241,scryall_data_accumulation,241,Rigger,rigger,Creature Type,,,,VERIFIED_NATIVE,Exact match in Scryfall catalog creature-types,Safe only as current native catalog fact.
scryall-data-accumulation-R242,scryall_data_accumulation,242,Robot,robot,Creature Type,,,,VERIFIED_NATIVE,Exact match in Scryfall catalog creature-types,Safe only as current native catalog fact.
scryall-data-accumulation-R243,scryall_data_accumulation,243,Rogue,rogue,Creature Type,,,,VERIFIED_NATIVE,Exact match in Scryfall catalog creature-types,Safe only as current native catalog fact.
scryall-data-accumulation-R244,scryall_data_accumulation,244,Rukh,rukh,Creature Type,,,,VERIFIED_NATIVE,Exact match in Scryfall catalog creature-types,Safe only as current native catalog fact.
scryall-data-accumulation-R245,scryall_data_accumulation,245,Sable,sable,Creature Type,,,,VERIFIED_NATIVE,Exact match in Scryfall catalog creature-types,Safe only as current native catalog fact.
scryall-data-accumulation-R246,scryall_data_accumulation,246,Salamander,salamander,Creature Type,,,,VERIFIED_NATIVE,Exact match in Scryfall catalog creature-types,Safe only as current native catalog fact.
scryall-data-accumulation-R247,scryall_data_accumulation,247,Samurai,samurai,Creature Type,,,,VERIFIED_NATIVE,Exact match in Scryfall catalog creature-types,Safe only as current native catalog fact.
scryall-data-accumulation-R248,scryall_data_accumulation,248,Sand,sand,Creature Type,,,,VERIFIED_NATIVE,Exact match in Scryfall catalog creature-types,Safe only as current native catalog fact.
scryall-data-accumulation-R249,scryall_data_accumulation,249,Saproling,saproling,Creature Type,,,,VERIFIED_NATIVE,Exact match in Scryfall catalog creature-types,Safe only as current native catalog fact.
scryall-data-accumulation-R250,scryall_data_accumulation,250,Satyr,satyr,Creature Type,,,,VERIFIED_NATIVE,Exact match in Scryfall catalog creature-types,Safe only as current native catalog fact.
scryall-data-accumulation-R251,scryall_data_accumulation,251,Scarecrow,scarecrow,Creature Type,,,,VERIFIED_NATIVE,Exact match in Scryfall catalog creature-types,Safe only as current native catalog fact.
scryall-data-accumulation-R252,scryall_data_accumulation,252,Scientist,scientist,Creature Type,,,,VERIFIED_NATIVE,Exact match in Scryfall catalog creature-types,Safe only as current native catalog fact.
scryall-data-accumulation-R253,scryall_data_accumulation,253,Scion,scion,Creature Type,,,,VERIFIED_NATIVE,Exact match in Scryfall catalog creature-types,Safe only as current native catalog fact.
scryall-data-accumulation-R254,scryall_data_accumulation,254,Scorpion,scorpion,Creature Type,,,,VERIFIED_NATIVE,Exact match in Scryfall catalog creature-types,Safe only as current native catalog fact.
scryall-data-accumulation-R255,scryall_data_accumulation,255,Scout,scout,Creature Type,,,,VERIFIED_NATIVE,Exact match in Scryfall catalog creature-types,Safe only as current native catalog fact.
scryall-data-accumulation-R256,scryall_data_accumulation,256,Sculpture,sculpture,Creature Type,,,,VERIFIED_NATIVE,Exact match in Scryfall catalog creature-types,Safe only as current native catalog fact.
scryall-data-accumulation-R257,scryall_data_accumulation,257,Seal,seal,Creature Type,,,,VERIFIED_NATIVE,Exact match in Scryfall catalog creature-types,Safe only as current native catalog fact.
scryall-data-accumulation-R258,scryall_data_accumulation,258,Serf,serf,Creature Type,,,,VERIFIED_NATIVE,Exact match in Scryfall catalog creature-types,Safe only as current native catalog fact.
scryall-data-accumulation-R259,scryall_data_accumulation,259,Serpent,serpent,Creature Type,,,,VERIFIED_NATIVE,Exact match in Scryfall catalog creature-types,Safe only as current native catalog fact.
scryall-data-accumulation-R260,scryall_data_accumulation,260,Servo,servo,Creature Type,,,,VERIFIED_NATIVE,Exact match in Scryfall catalog creature-types,Safe only as current native catalog fact.
scryall-data-accumulation-R261,scryall_data_accumulation,261,Shade,shade,Creature Type,,,,VERIFIED_NATIVE,Exact match in Scryfall catalog creature-types,Safe only as current native catalog fact.
scryall-data-accumulation-R262,scryall_data_accumulation,262,Shaman,shaman,Creature Type,,,,VERIFIED_NATIVE,Exact match in Scryfall catalog creature-types,Safe only as current native catalog fact.
scryall-data-accumulation-R263,scryall_data_accumulation,263,Shapeshifter,shapeshifter,Creature Type,,,,VERIFIED_NATIVE,Exact match in Scryfall catalog creature-types,Safe only as current native catalog fact.
scryall-data-accumulation-R264,scryall_data_accumulation,264,Shark,shark,Creature Type,,,,VERIFIED_NATIVE,Exact match in Scryfall catalog creature-types,Safe only as current native catalog fact.
scryall-data-accumulation-R265,scryall_data_accumulation,265,Sheep,sheep,Creature Type,,,,VERIFIED_NATIVE,Exact match in Scryfall catalog creature-types,Safe only as current native catalog fact.
scryall-data-accumulation-R266,scryall_data_accumulation,266,Shi'ar,shi'ar,Creature Type,,,,VERIFIED_NATIVE,Exact match in Scryfall catalog creature-types,Safe only as current native catalog fact.
scryall-data-accumulation-R267,scryall_data_accumulation,267,Siren,siren,Creature Type,,,,VERIFIED_NATIVE,Exact match in Scryfall catalog creature-types,Safe only as current native catalog fact.
scryall-data-accumulation-R268,scryall_data_accumulation,268,Skeleton,skeleton,Creature Type,,,,VERIFIED_NATIVE,Exact match in Scryfall catalog creature-types,Safe only as current native catalog fact.
scryall-data-accumulation-R269,scryall_data_accumulation,269,Skrull,skrull,Creature Type,,,,VERIFIED_NATIVE,Exact match in Scryfall catalog creature-types,Safe only as current native catalog fact.
scryall-data-accumulation-R270,scryall_data_accumulation,270,Skunk,skunk,Creature Type,,,,VERIFIED_NATIVE,Exact match in Scryfall catalog creature-types,Safe only as current native catalog fact.
scryall-data-accumulation-R271,scryall_data_accumulation,271,Slith,slith,Creature Type,,,,VERIFIED_NATIVE,Exact match in Scryfall catalog creature-types,Safe only as current native catalog fact.
scryall-data-accumulation-R272,scryall_data_accumulation,272,Sliver,sliver,Creature Type,,,,VERIFIED_NATIVE,Exact match in Scryfall catalog creature-types,Safe only as current native catalog fact.
scryall-data-accumulation-R273,scryall_data_accumulation,273,Sloth,sloth,Creature Type,,,,VERIFIED_NATIVE,Exact match in Scryfall catalog creature-types,Safe only as current native catalog fact.
scryall-data-accumulation-R274,scryall_data_accumulation,274,Slug,slug,Creature Type,,,,VERIFIED_NATIVE,Exact match in Scryfall catalog creature-types,Safe only as current native catalog fact.
scryall-data-accumulation-R275,scryall_data_accumulation,275,Snail,snail,Creature Type,,,,VERIFIED_NATIVE,Exact match in Scryfall catalog creature-types,Safe only as current native catalog fact.
scryall-data-accumulation-R276,scryall_data_accumulation,276,Snake,snake,Creature Type,,,,VERIFIED_NATIVE,Exact match in Scryfall catalog creature-types,Safe only as current native catalog fact.
scryall-data-accumulation-R277,scryall_data_accumulation,277,Soldier,soldier,Creature Type,,,,VERIFIED_NATIVE,Exact match in Scryfall catalog creature-types,Safe only as current native catalog fact.
scryall-data-accumulation-R278,scryall_data_accumulation,278,Soltari,soltari,Creature Type,,,,VERIFIED_NATIVE,Exact match in Scryfall catalog creature-types,Safe only as current native catalog fact.
scryall-data-accumulation-R279,scryall_data_accumulation,279,Sorcerer,sorcerer,Creature Type,,,,VERIFIED_NATIVE,Exact match in Scryfall catalog creature-types,Safe only as current native catalog fact.
scryall-data-accumulation-R280,scryall_data_accumulation,280,Spawn,spawn,Creature Type,,,,VERIFIED_NATIVE,Exact match in Scryfall catalog creature-types,Safe only as current native catalog fact.
scryall-data-accumulation-R281,scryall_data_accumulation,281,Specter,specter,Creature Type,,,,VERIFIED_NATIVE,Exact match in Scryfall catalog creature-types,Safe only as current native catalog fact.
scryall-data-accumulation-R282,scryall_data_accumulation,282,Spellshaper,spellshaper,Creature Type,,,,VERIFIED_NATIVE,Exact match in Scryfall catalog creature-types,Safe only as current native catalog fact.
scryall-data-accumulation-R283,scryall_data_accumulation,283,Sphinx,sphinx,Creature Type,,,,VERIFIED_NATIVE,Exact match in Scryfall catalog creature-types,Safe only as current native catalog fact.
scryall-data-accumulation-R284,scryall_data_accumulation,284,Spider,spider,Creature Type,,,,VERIFIED_NATIVE,Exact match in Scryfall catalog creature-types,Safe only as current native catalog fact.
scryall-data-accumulation-R285,scryall_data_accumulation,285,Spike,spike,Creature Type,,,,VERIFIED_NATIVE,Exact match in Scryfall catalog creature-types,Safe only as current native catalog fact.
scryall-data-accumulation-R286,scryall_data_accumulation,286,Spirit,spirit,Creature Type,,,,VERIFIED_NATIVE,Exact match in Scryfall catalog creature-types,Safe only as current native catalog fact.
scryall-data-accumulation-R287,scryall_data_accumulation,287,Splinter,splinter,Creature Type,,,,VERIFIED_NATIVE,Exact match in Scryfall catalog creature-types,Safe only as current native catalog fact.
scryall-data-accumulation-R288,scryall_data_accumulation,288,Sponge,sponge,Creature Type,,,,VERIFIED_NATIVE,Exact match in Scryfall catalog creature-types,Safe only as current native catalog fact.
scryall-data-accumulation-R289,scryall_data_accumulation,289,Spy,spy,Creature Type,,,,VERIFIED_NATIVE,Exact match in Scryfall catalog creature-types,Safe only as current native catalog fact.
scryall-data-accumulation-R290,scryall_data_accumulation,290,Squid,squid,Creature Type,,,,VERIFIED_NATIVE,Exact match in Scryfall catalog creature-types,Safe only as current native catalog fact.
scryall-data-accumulation-R291,scryall_data_accumulation,291,Squirrel,squirrel,Creature Type,,,,VERIFIED_NATIVE,Exact match in Scryfall catalog creature-types,Safe only as current native catalog fact.
scryall-data-accumulation-R292,scryall_data_accumulation,292,Starfish,starfish,Creature Type,,,,VERIFIED_NATIVE,Exact match in Scryfall catalog creature-types,Safe only as current native catalog fact.
scryall-data-accumulation-R293,scryall_data_accumulation,293,Surrakar,surrakar,Creature Type,,,,VERIFIED_NATIVE,Exact match in Scryfall catalog creature-types,Safe only as current native catalog fact.
scryall-data-accumulation-R294,scryall_data_accumulation,294,Survivor,survivor,Creature Type,,,,VERIFIED_NATIVE,Exact match in Scryfall catalog creature-types,Safe only as current native catalog fact.
scryall-data-accumulation-R295,scryall_data_accumulation,295,Symbiote,symbiote,Creature Type,,,,VERIFIED_NATIVE,Exact match in Scryfall catalog creature-types,Safe only as current native catalog fact.
scryall-data-accumulation-R296,scryall_data_accumulation,296,Synth,synth,Creature Type,,,,VERIFIED_NATIVE,Exact match in Scryfall catalog creature-types,Safe only as current native catalog fact.
scryall-data-accumulation-R297,scryall_data_accumulation,297,Teddy,teddy,Creature Type,,,,VERIFIED_NATIVE,Exact match in Scryfall catalog creature-types,Safe only as current native catalog fact.
scryall-data-accumulation-R298,scryall_data_accumulation,298,Tentacle,tentacle,Creature Type,,,,VERIFIED_NATIVE,Exact match in Scryfall catalog creature-types,Safe only as current native catalog fact.
scryall-data-accumulation-R299,scryall_data_accumulation,299,Tetravite,tetravite,Creature Type,,,,VERIFIED_NATIVE,Exact match in Scryfall catalog creature-types,Safe only as current native catalog fact.
scryall-data-accumulation-R300,scryall_data_accumulation,300,Thalakos,thalakos,Creature Type,,,,VERIFIED_NATIVE,Exact match in Scryfall catalog creature-types,Safe only as current native catalog fact.
scryall-data-accumulation-R301,scryall_data_accumulation,301,Thopter,thopter,Creature Type,,,,VERIFIED_NATIVE,Exact match in Scryfall catalog creature-types,Safe only as current native catalog fact.
scryall-data-accumulation-R302,scryall_data_accumulation,302,Thrull,thrull,Creature Type,,,,VERIFIED_NATIVE,Exact match in Scryfall catalog creature-types,Safe only as current native catalog fact.
scryall-data-accumulation-R303,scryall_data_accumulation,303,Tiefling,tiefling,Creature Type,,,,VERIFIED_NATIVE,Exact match in Scryfall catalog creature-types,Safe only as current native catalog fact.
scryall-data-accumulation-R304,scryall_data_accumulation,304,Time Lord,time lord,Creature Type,,,,VERIFIED_NATIVE,Exact match in Scryfall catalog creature-types,Safe only as current native catalog fact.
scryall-data-accumulation-R305,scryall_data_accumulation,305,Toy,toy,Creature Type,,,,VERIFIED_NATIVE,Exact match in Scryfall catalog creature-types,Safe only as current native catalog fact.
scryall-data-accumulation-R306,scryall_data_accumulation,306,Treefolk,treefolk,Creature Type,,,,VERIFIED_NATIVE,Exact match in Scryfall catalog creature-types,Safe only as current native catalog fact.
scryall-data-accumulation-R307,scryall_data_accumulation,307,Trilobite,trilobite,Creature Type,,,,VERIFIED_NATIVE,Exact match in Scryfall catalog creature-types,Safe only as current native catalog fact.
scryall-data-accumulation-R308,scryall_data_accumulation,308,Triskelavite,triskelavite,Creature Type,,,,VERIFIED_NATIVE,Exact match in Scryfall catalog creature-types,Safe only as current native catalog fact.
scryall-data-accumulation-R309,scryall_data_accumulation,309,Troll,troll,Creature Type,,,,VERIFIED_NATIVE,Exact match in Scryfall catalog creature-types,Safe only as current native catalog fact.
scryall-data-accumulation-R310,scryall_data_accumulation,310,Turtle,turtle,Creature Type,,,,VERIFIED_NATIVE,Exact match in Scryfall catalog creature-types,Safe only as current native catalog fact.
scryall-data-accumulation-R311,scryall_data_accumulation,311,Tyranid,tyranid,Creature Type,,,,VERIFIED_NATIVE,Exact match in Scryfall catalog creature-types,Safe only as current native catalog fact.
scryall-data-accumulation-R312,scryall_data_accumulation,312,Unicorn,unicorn,Creature Type,,,,VERIFIED_NATIVE,Exact match in Scryfall catalog creature-types,Safe only as current native catalog fact.
scryall-data-accumulation-R313,scryall_data_accumulation,313,Urzan,urzan,Creature Type,,,,VERIFIED_NATIVE,Exact match in Scryfall catalog creature-types,Safe only as current native catalog fact.
scryall-data-accumulation-R314,scryall_data_accumulation,314,Utrom,utrom,Creature Type,,,,VERIFIED_NATIVE,Exact match in Scryfall catalog creature-types,Safe only as current native catalog fact.
scryall-data-accumulation-R315,scryall_data_accumulation,315,Vampire,vampire,Creature Type,,,,VERIFIED_NATIVE,Exact match in Scryfall catalog creature-types,Safe only as current native catalog fact.
scryall-data-accumulation-R316,scryall_data_accumulation,316,Varmint,varmint,Creature Type,,,,VERIFIED_NATIVE,Exact match in Scryfall catalog creature-types,Safe only as current native catalog fact.
scryall-data-accumulation-R317,scryall_data_accumulation,317,Vedalken,vedalken,Creature Type,,,,VERIFIED_NATIVE,Exact match in Scryfall catalog creature-types,Safe only as current native catalog fact.
scryall-data-accumulation-R318,scryall_data_accumulation,318,Villain,villain,Creature Type,,,,VERIFIED_NATIVE,Exact match in Scryfall catalog creature-types,Safe only as current native catalog fact.
scryall-data-accumulation-R319,scryall_data_accumulation,319,Volver,volver,Creature Type,,,,VERIFIED_NATIVE,Exact match in Scryfall catalog creature-types,Safe only as current native catalog fact.
scryall-data-accumulation-R320,scryall_data_accumulation,320,Wall,wall,Creature Type,,,,VERIFIED_NATIVE,Exact match in Scryfall catalog creature-types,Safe only as current native catalog fact.
scryall-data-accumulation-R321,scryall_data_accumulation,321,Walrus,walrus,Creature Type,,,,VERIFIED_NATIVE,Exact match in Scryfall catalog creature-types,Safe only as current native catalog fact.
scryall-data-accumulation-R322,scryall_data_accumulation,322,Warlock,warlock,Creature Type,,,,VERIFIED_NATIVE,Exact match in Scryfall catalog creature-types,Safe only as current native catalog fact.
scryall-data-accumulation-R323,scryall_data_accumulation,323,Warrior,warrior,Creature Type,,,,VERIFIED_NATIVE,Exact match in Scryfall catalog creature-types,Safe only as current native catalog fact.
scryall-data-accumulation-R324,scryall_data_accumulation,324,Weasel,weasel,Creature Type,,,,VERIFIED_NATIVE,Exact match in Scryfall catalog creature-types,Safe only as current native catalog fact.
scryall-data-accumulation-R325,scryall_data_accumulation,325,Weird,weird,Creature Type,,,,VERIFIED_NATIVE,Exact match in Scryfall catalog creature-types,Safe only as current native catalog fact.
scryall-data-accumulation-R326,scryall_data_accumulation,326,Werewolf,werewolf,Creature Type,,,,VERIFIED_NATIVE,Exact match in Scryfall catalog creature-types,Safe only as current native catalog fact.
scryall-data-accumulation-R327,scryall_data_accumulation,327,Whale,whale,Creature Type,,,,VERIFIED_NATIVE,Exact match in Scryfall catalog creature-types,Safe only as current native catalog fact.
scryall-data-accumulation-R328,scryall_data_accumulation,328,Wizard,wizard,Creature Type,,,,VERIFIED_NATIVE,Exact match in Scryfall catalog creature-types,Safe only as current native catalog fact.
scryall-data-accumulation-R329,scryall_data_accumulation,329,Wolf,wolf,Creature Type,,,,VERIFIED_NATIVE,Exact match in Scryfall catalog creature-types,Safe only as current native catalog fact.
scryall-data-accumulation-R330,scryall_data_accumulation,330,Wolverine,wolverine,Creature Type,,,,VERIFIED_NATIVE,Exact match in Scryfall catalog creature-types,Safe only as current native catalog fact.
scryall-data-accumulation-R331,scryall_data_accumulation,331,Wombat,wombat,Creature Type,,,,VERIFIED_NATIVE,Exact match in Scryfall catalog creature-types,Safe only as current native catalog fact.
scryall-data-accumulation-R332,scryall_data_accumulation,332,Worm,worm,Creature Type,,,,VERIFIED_NATIVE,Exact match in Scryfall catalog creature-types,Safe only as current native catalog fact.
scryall-data-accumulation-R333,scryall_data_accumulation,333,Wraith,wraith,Creature Type,,,,VERIFIED_NATIVE,Exact match in Scryfall catalog creature-types,Safe only as current native catalog fact.
scryall-data-accumulation-R334,scryall_data_accumulation,334,Wurm,wurm,Creature Type,,,,VERIFIED_NATIVE,Exact match in Scryfall catalog creature-types,Safe only as current native catalog fact.
scryall-data-accumulation-R335,scryall_data_accumulation,335,Yeti,yeti,Creature Type,,,,VERIFIED_NATIVE,Exact match in Scryfall catalog creature-types,Safe only as current native catalog fact.
scryall-data-accumulation-R336,scryall_data_accumulation,336,Zombie,zombie,Creature Type,,,,VERIFIED_NATIVE,Exact match in Scryfall catalog creature-types,Safe only as current native catalog fact.
scryall-data-accumulation-R337,scryall_data_accumulation,337,Zubera,zubera,Creature Type,,,,VERIFIED_NATIVE,Exact match in Scryfall catalog creature-types,Safe only as current native catalog fact.
scryall-data-accumulation-R338,scryall_data_accumulation,338,Attach,attach,Evergreen Keyword Actions,,,,AMBIGUOUS,Same normalized term has multiple legitimate workbook meanings or mappings.,Add context-sensitive Plain Reading disambiguation; do not select a global winner.
scryall-data-accumulation-R339,scryall_data_accumulation,339,Counter,counter,Evergreen Keyword Actions,,,,AMBIGUOUS,Same normalized term has multiple legitimate workbook meanings or mappings.,Add context-sensitive Plain Reading disambiguation; do not select a global winner.
scryall-data-accumulation-R340,scryall_data_accumulation,340,Exile,exile,Evergreen Keyword Actions,,,,AMBIGUOUS,Same normalized term has multiple legitimate workbook meanings or mappings.,Add context-sensitive Plain Reading disambiguation; do not select a global winner.
scryall-data-accumulation-R341,scryall_data_accumulation,341,Fight,fight,Evergreen Keyword Actions,,,,AMBIGUOUS,Same normalized term has multiple legitimate workbook meanings or mappings.,Add context-sensitive Plain Reading disambiguation; do not select a global winner.
scryall-data-accumulation-R342,scryall_data_accumulation,342,Mill,mill,Evergreen Keyword Actions,,,,AMBIGUOUS,Same normalized term has multiple legitimate workbook meanings or mappings.,Add context-sensitive Plain Reading disambiguation; do not select a global winner.
scryall-data-accumulation-R343,scryall_data_accumulation,343,Sacrifice,sacrifice,Evergreen Keyword Actions,,,,AMBIGUOUS,Same normalized term has multiple legitimate workbook meanings or mappings.,Add context-sensitive Plain Reading disambiguation; do not select a global winner.
scryall-data-accumulation-R344,scryall_data_accumulation,344,Scry,scry,Evergreen Keyword Actions,,,,AMBIGUOUS,Same normalized term has multiple legitimate workbook meanings or mappings.,Add context-sensitive Plain Reading disambiguation; do not select a global winner.
scryall-data-accumulation-R345,scryall_data_accumulation,345,Tap/Untap,tap/untap,Evergreen Keyword Actions,,,,STALE,No exact match in Scryfall catalog keyword-actions,Review stale/native mismatch before use.
scryall-data-accumulation-R346,scryall_data_accumulation,346,Deathtouch,deathtouch,Evergreen Keywords,,,,AMBIGUOUS,Same normalized term has multiple legitimate workbook meanings or mappings.,Add context-sensitive Plain Reading disambiguation; do not select a global winner.
scryall-data-accumulation-R347,scryall_data_accumulation,347,Defender,defender,Evergreen Keywords,,,,AMBIGUOUS,Same normalized term has multiple legitimate workbook meanings or mappings.,Add context-sensitive Plain Reading disambiguation; do not select a global winner.
scryall-data-accumulation-R348,scryall_data_accumulation,348,Double strike,double strike,Evergreen Keywords,,,,AMBIGUOUS,Same normalized term has multiple legitimate workbook meanings or mappings.,Add context-sensitive Plain Reading disambiguation; do not select a global winner.
scryall-data-accumulation-R349,scryall_data_accumulation,349,Enchant,enchant,Evergreen Keywords,,,,VERIFIED_INTERNAL,Workbook governance/schema/internal record; no external Scryfall fact required by this verifier.,Keep as internal workbook governance unless a later source authority says otherwise.
scryall-data-accumulation-R350,scryall_data_accumulation,350,Equip,equip,Evergreen Keywords,,,,VERIFIED_INTERNAL,Workbook governance/schema/internal record; no external Scryfall fact required by this verifier.,Keep as internal workbook governance unless a later source authority says otherwise.
scryall-data-accumulation-R351,scryall_data_accumulation,351,First strike,first strike,Evergreen Keywords,,,,AMBIGUOUS,Same normalized term has multiple legitimate workbook meanings or mappings.,Add context-sensitive Plain Reading disambiguation; do not select a global winner.
scryall-data-accumulation-R352,scryall_data_accumulation,352,Flash,flash,Evergreen Keywords,,,,AMBIGUOUS,Same normalized term has multiple legitimate workbook meanings or mappings.,Add context-sensitive Plain Reading disambiguation; do not select a global winner.
scryall-data-accumulation-R353,scryall_data_accumulation,353,Flying,flying,Evergreen Keywords,,,,AMBIGUOUS,Same normalized term has multiple legitimate workbook meanings or mappings.,Add context-sensitive Plain Reading disambiguation; do not select a global winner.
scryall-data-accumulation-R354,scryall_data_accumulation,354,Haste,haste,Evergreen Keywords,,,,AMBIGUOUS,Same normalized term has multiple legitimate workbook meanings or mappings.,Add context-sensitive Plain Reading disambiguation; do not select a global winner.
scryall-data-accumulation-R355,scryall_data_accumulation,355,Hexproof,hexproof,Evergreen Keywords,,,,AMBIGUOUS,Same normalized term has multiple legitimate workbook meanings or mappings.,Add context-sensitive Plain Reading disambiguation; do not select a global winner.
scryall-data-accumulation-R356,scryall_data_accumulation,356,Indestructible,indestructible,Evergreen Keywords,,,,AMBIGUOUS,Same normalized term has multiple legitimate workbook meanings or mappings.,Add context-sensitive Plain Reading disambiguation; do not select a global winner.
scryall-data-accumulation-R357,scryall_data_accumulation,357,Lifelink,lifelink,Evergreen Keywords,,,,AMBIGUOUS,Same normalized term has multiple legitimate workbook meanings or mappings.,Add context-sensitive Plain Reading disambiguation; do not select a global winner.
scryall-data-accumulation-R358,scryall_data_accumulation,358,Menace,menace,Evergreen Keywords,,,,AMBIGUOUS,Same normalized term has multiple legitimate workbook meanings or mappings.,Add context-sensitive Plain Reading disambiguation; do not select a global winner.
scryall-data-accumulation-R359,scryall_data_accumulation,359,Protection,protection,Evergreen Keywords,,,,AMBIGUOUS,Same normalized term has multiple legitimate workbook meanings or mappings.,Add context-sensitive Plain Reading disambiguation; do not select a global winner.
scryall-data-accumulation-R360,scryall_data_accumulation,360,Prowess,prowess,Evergreen Keywords,,,,AMBIGUOUS,Same normalized term has multiple legitimate workbook meanings or mappings.,Add context-sensitive Plain Reading disambiguation; do not select a global winner.
scryall-data-accumulation-R361,scryall_data_accumulation,361,Reach,reach,Evergreen Keywords,,,,AMBIGUOUS,Same normalized term has multiple legitimate workbook meanings or mappings.,Add context-sensitive Plain Reading disambiguation; do not select a global winner.
scryall-data-accumulation-R362,scryall_data_accumulation,362,Trample,trample,Evergreen Keywords,,,,AMBIGUOUS,Same normalized term has multiple legitimate workbook meanings or mappings.,Add context-sensitive Plain Reading disambiguation; do not select a global winner.
scryall-data-accumulation-R363,scryall_data_accumulation,363,Vigilance,vigilance,Evergreen Keywords,,,,AMBIGUOUS,Same normalized term has multiple legitimate workbook meanings or mappings.,Add context-sensitive Plain Reading disambiguation; do not select a global winner.
scryall-data-accumulation-R364,scryall_data_accumulation,364,Absorb,absorb,Keywords from Expert-Level Expansions,,,,VERIFIED_INTERNAL,Workbook governance/schema/internal record; no external Scryfall fact required by this verifier.,Keep as internal workbook governance unless a later source authority says otherwise.
scryall-data-accumulation-R365,scryall_data_accumulation,365,Adapt,adapt,Keywords from Expert-Level Expansions,,,,AMBIGUOUS,Same normalized term has multiple legitimate workbook meanings or mappings.,Add context-sensitive Plain Reading disambiguation; do not select a global winner.
scryall-data-accumulation-R366,scryall_data_accumulation,366,Affinity,affinity,Keywords from Expert-Level Expansions,,,,VERIFIED_INTERNAL,Workbook governance/schema/internal record; no external Scryfall fact required by this verifier.,Keep as internal workbook governance unless a later source authority says otherwise.
scryall-data-accumulation-R367,scryall_data_accumulation,367,Afflict,afflict,Keywords from Expert-Level Expansions,,,,AMBIGUOUS,Same normalized term has multiple legitimate workbook meanings or mappings.,Add context-sensitive Plain Reading disambiguation; do not select a global winner.
scryall-data-accumulation-R368,scryall_data_accumulation,368,Afterlife,afterlife,Keywords from Expert-Level Expansions,,,,VERIFIED_INTERNAL,Workbook governance/schema/internal record; no external Scryfall fact required by this verifier.,Keep as internal workbook governance unless a later source authority says otherwise.
scryall-data-accumulation-R369,scryall_data_accumulation,369,Aftermath,aftermath,Keywords from Expert-Level Expansions,,,,VERIFIED_INTERNAL,Workbook governance/schema/internal record; no external Scryfall fact required by this verifier.,Keep as internal workbook governance unless a later source authority says otherwise.
scryall-data-accumulation-R370,scryall_data_accumulation,370,Amplify,amplify,Keywords from Expert-Level Expansions,,,,VERIFIED_INTERNAL,Workbook governance/schema/internal record; no external Scryfall fact required by this verifier.,Keep as internal workbook governance unless a later source authority says otherwise.
scryall-data-accumulation-R371,scryall_data_accumulation,371,Annihilator,annihilator,Keywords from Expert-Level Expansions,,,,VERIFIED_INTERNAL,Workbook governance/schema/internal record; no external Scryfall fact required by this verifier.,Keep as internal workbook governance unless a later source authority says otherwise.
scryall-data-accumulation-R372,scryall_data_accumulation,372,Ascend,ascend,Keywords from Expert-Level Expansions,,,,VERIFIED_INTERNAL,Workbook governance/schema/internal record; no external Scryfall fact required by this verifier.,Keep as internal workbook governance unless a later source authority says otherwise.
scryall-data-accumulation-R373,scryall_data_accumulation,373,Assist,assist,Keywords from Expert-Level Expansions,,,,VERIFIED_INTERNAL,Workbook governance/schema/internal record; no external Scryfall fact required by this verifier.,Keep as internal workbook governance unless a later source authority says otherwise.
scryall-data-accumulation-R374,scryall_data_accumulation,374,Aura swap,aura swap,Keywords from Expert-Level Expansions,,,,VERIFIED_INTERNAL,Workbook governance/schema/internal record; no external Scryfall fact required by this verifier.,Keep as internal workbook governance unless a later source authority says otherwise.
scryall-data-accumulation-R375,scryall_data_accumulation,375,Bands with other,bands with other,Keywords from Expert-Level Expansions,,,,VERIFIED_INTERNAL,Workbook governance/schema/internal record; no external Scryfall fact required by this verifier.,Keep as internal workbook governance unless a later source authority says otherwise.
scryall-data-accumulation-R376,scryall_data_accumulation,376,Battle cry,battle cry,Keywords from Expert-Level Expansions,,,,VERIFIED_INTERNAL,Workbook governance/schema/internal record; no external Scryfall fact required by this verifier.,Keep as internal workbook governance unless a later source authority says otherwise.
scryall-data-accumulation-R377,scryall_data_accumulation,377,Bestow,bestow,Keywords from Expert-Level Expansions,,,,VERIFIED_INTERNAL,Workbook governance/schema/internal record; no external Scryfall fact required by this verifier.,Keep as internal workbook governance unless a later source authority says otherwise.
scryall-data-accumulation-R378,scryall_data_accumulation,378,Bolster,bolster,Keywords from Expert-Level Expansions,,,,AMBIGUOUS,Same normalized term has multiple legitimate workbook meanings or mappings.,Add context-sensitive Plain Reading disambiguation; do not select a global winner.
scryall-data-accumulation-R379,scryall_data_accumulation,379,Bloodthirst,bloodthirst,Keywords from Expert-Level Expansions,,,,VERIFIED_INTERNAL,Workbook governance/schema/internal record; no external Scryfall fact required by this verifier.,Keep as internal workbook governance unless a later source authority says otherwise.
scryall-data-accumulation-R380,scryall_data_accumulation,380,Bushido,bushido,Keywords from Expert-Level Expansions,,,,VERIFIED_INTERNAL,Workbook governance/schema/internal record; no external Scryfall fact required by this verifier.,Keep as internal workbook governance unless a later source authority says otherwise.
scryall-data-accumulation-R381,scryall_data_accumulation,381,Buyback,buyback,Keywords from Expert-Level Expansions,,,,VERIFIED_INTERNAL,Workbook governance/schema/internal record; no external Scryfall fact required by this verifier.,Keep as internal workbook governance unless a later source authority says otherwise.
scryall-data-accumulation-R382,scryall_data_accumulation,382,Cascade,cascade,Keywords from Expert-Level Expansions,,,,VERIFIED_INTERNAL,Workbook governance/schema/internal record; no external Scryfall fact required by this verifier.,Keep as internal workbook governance unless a later source authority says otherwise.
scryall-data-accumulation-R383,scryall_data_accumulation,383,Champion,champion,Keywords from Expert-Level Expansions,,,,VERIFIED_INTERNAL,Workbook governance/schema/internal record; no external Scryfall fact required by this verifier.,Keep as internal workbook governance unless a later source authority says otherwise.
scryall-data-accumulation-R384,scryall_data_accumulation,384,Changeling,changeling,Keywords from Expert-Level Expansions,,,,VERIFIED_INTERNAL,Workbook governance/schema/internal record; no external Scryfall fact required by this verifier.,Keep as internal workbook governance unless a later source authority says otherwise.
scryall-data-accumulation-R385,scryall_data_accumulation,385,Cipher,cipher,Keywords from Expert-Level Expansions,,,,VERIFIED_INTERNAL,Workbook governance/schema/internal record; no external Scryfall fact required by this verifier.,Keep as internal workbook governance unless a later source authority says otherwise.
scryall-data-accumulation-R386,scryall_data_accumulation,386,Clash,clash,Keywords from Expert-Level Expansions,,,,AMBIGUOUS,Same normalized term has multiple legitimate workbook meanings or mappings.,Add context-sensitive Plain Reading disambiguation; do not select a global winner.
scryall-data-accumulation-R387,scryall_data_accumulation,387,Conspire,conspire,Keywords from Expert-Level Expansions,,,,VERIFIED_INTERNAL,Workbook governance/schema/internal record; no external Scryfall fact required by this verifier.,Keep as internal workbook governance unless a later source authority says otherwise.
scryall-data-accumulation-R388,scryall_data_accumulation,388,Convoke,convoke,Keywords from Expert-Level Expansions,,,,VERIFIED_INTERNAL,Workbook governance/schema/internal record; no external Scryfall fact required by this verifier.,Keep as internal workbook governance unless a later source authority says otherwise.
scryall-data-accumulation-R389,scryall_data_accumulation,389,Crew,crew,Keywords from Expert-Level Expansions,,,,VERIFIED_INTERNAL,Workbook governance/schema/internal record; no external Scryfall fact required by this verifier.,Keep as internal workbook governance unless a later source authority says otherwise.
scryall-data-accumulation-R390,scryall_data_accumulation,390,Cumulative upkeep,cumulative upkeep,Keywords from Expert-Level Expansions,,,,VERIFIED_INTERNAL,Workbook governance/schema/internal record; no external Scryfall fact required by this verifier.,Keep as internal workbook governance unless a later source authority says otherwise.
scryall-data-accumulation-R391,scryall_data_accumulation,391,Cycling,cycling,Keywords from Expert-Level Expansions,,,,VERIFIED_INTERNAL,Workbook governance/schema/internal record; no external Scryfall fact required by this verifier.,Keep as internal workbook governance unless a later source authority says otherwise.
scryall-data-accumulation-R392,scryall_data_accumulation,392,Dash,dash,Keywords from Expert-Level Expansions,,,,VERIFIED_INTERNAL,Workbook governance/schema/internal record; no external Scryfall fact required by this verifier.,Keep as internal workbook governance unless a later source authority says otherwise.
scryall-data-accumulation-R393,scryall_data_accumulation,393,Daybound & Nightbound,daybound & nightbound,Keywords from Expert-Level Expansions,,,,VERIFIED_INTERNAL,Workbook governance/schema/internal record; no external Scryfall fact required by this verifier.,Keep as internal workbook governance unless a later source authority says otherwise.
scryall-data-accumulation-R394,scryall_data_accumulation,394,Delve,delve,Keywords from Expert-Level Expansions,,,,VERIFIED_INTERNAL,Workbook governance/schema/internal record; no external Scryfall fact required by this verifier.,Keep as internal workbook governance unless a later source authority says otherwise.
scryall-data-accumulation-R395,scryall_data_accumulation,395,Detain,detain,Keywords from Expert-Level Expansions,,,,AMBIGUOUS,Same normalized term has multiple legitimate workbook meanings or mappings.,Add context-sensitive Plain Reading disambiguation; do not select a global winner.
scryall-data-accumulation-R396,scryall_data_accumulation,396,Devour,devour,Keywords from Expert-Level Expansions,,,,VERIFIED_INTERNAL,Workbook governance/schema/internal record; no external Scryfall fact required by this verifier.,Keep as internal workbook governance unless a later source authority says otherwise.
scryall-data-accumulation-R397,scryall_data_accumulation,397,Dredge,dredge,Keywords from Expert-Level Expansions,,,,VERIFIED_INTERNAL,Workbook governance/schema/internal record; no external Scryfall fact required by this verifier.,Keep as internal workbook governance unless a later source authority says otherwise.
scryall-data-accumulation-R398,scryall_data_accumulation,398,Echo,echo,Keywords from Expert-Level Expansions,,,,VERIFIED_INTERNAL,Workbook governance/schema/internal record; no external Scryfall fact required by this verifier.,Keep as internal workbook governance unless a later source authority says otherwise.
scryall-data-accumulation-R399,scryall_data_accumulation,399,Embalm,embalm,Keywords from Expert-Level Expansions,,,,VERIFIED_INTERNAL,Workbook governance/schema/internal record; no external Scryfall fact required by this verifier.,Keep as internal workbook governance unless a later source authority says otherwise.
scryall-data-accumulation-R400,scryall_data_accumulation,400,Emerge,emerge,Keywords from Expert-Level Expansions,,,,VERIFIED_INTERNAL,Workbook governance/schema/internal record; no external Scryfall fact required by this verifier.,Keep as internal workbook governance unless a later source authority says otherwise.
scryall-data-accumulation-R401,scryall_data_accumulation,401,Entwine,entwine,Keywords from Expert-Level Expansions,,,,VERIFIED_INTERNAL,Workbook governance/schema/internal record; no external Scryfall fact required by this verifier.,Keep as internal workbook governance unless a later source authority says otherwise.
scryall-data-accumulation-R402,scryall_data_accumulation,402,Epic,epic,Keywords from Expert-Level Expansions,,,,VERIFIED_INTERNAL,Workbook governance/schema/internal record; no external Scryfall fact required by this verifier.,Keep as internal workbook governance unless a later source authority says otherwise.
scryall-data-accumulation-R403,scryall_data_accumulation,403,Evolve,evolve,Keywords from Expert-Level Expansions,,,,VERIFIED_INTERNAL,Workbook governance/schema/internal record; no external Scryfall fact required by this verifier.,Keep as internal workbook governance unless a later source authority says otherwise.
scryall-data-accumulation-R404,scryall_data_accumulation,404,Evoke,evoke,Keywords from Expert-Level Expansions,,,,VERIFIED_INTERNAL,Workbook governance/schema/internal record; no external Scryfall fact required by this verifier.,Keep as internal workbook governance unless a later source authority says otherwise.
scryall-data-accumulation-R405,scryall_data_accumulation,405,Exalted,exalted,Keywords from Expert-Level Expansions,,,,VERIFIED_INTERNAL,Workbook governance/schema/internal record; no external Scryfall fact required by this verifier.,Keep as internal workbook governance unless a later source authority says otherwise.
scryall-data-accumulation-R406,scryall_data_accumulation,406,Exert,exert,Keywords from Expert-Level Expansions,,,,AMBIGUOUS,Same normalized term has multiple legitimate workbook meanings or mappings.,Add context-sensitive Plain Reading disambiguation; do not select a global winner.
scryall-data-accumulation-R407,scryall_data_accumulation,407,Exploit,exploit,Keywords from Expert-Level Expansions,,,,VERIFIED_INTERNAL,Workbook governance/schema/internal record; no external Scryfall fact required by this verifier.,Keep as internal workbook governance unless a later source authority says otherwise.
scryall-data-accumulation-R408,scryall_data_accumulation,408,Explore,explore,Keywords from Expert-Level Expansions,,,,AMBIGUOUS,Same normalized term has multiple legitimate workbook meanings or mappings.,Add context-sensitive Plain Reading disambiguation; do not select a global winner.
scryall-data-accumulation-R409,scryall_data_accumulation,409,Extort,extort,Keywords from Expert-Level Expansions,,,,VERIFIED_INTERNAL,Workbook governance/schema/internal record; no external Scryfall fact required by this verifier.,Keep as internal workbook governance unless a later source authority says otherwise.
scryall-data-accumulation-R410,scryall_data_accumulation,410,Fabricate,fabricate,Keywords from Expert-Level Expansions,,,,VERIFIED_INTERNAL,Workbook governance/schema/internal record; no external Scryfall fact required by this verifier.,Keep as internal workbook governance unless a later source authority says otherwise.
scryall-data-accumulation-R411,scryall_data_accumulation,411,Fading,fading,Keywords from Expert-Level Expansions,,,,VERIFIED_INTERNAL,Workbook governance/schema/internal record; no external Scryfall fact required by this verifier.,Keep as internal workbook governance unless a later source authority says otherwise.
scryall-data-accumulation-R412,scryall_data_accumulation,412,Fateseal,fateseal,Keywords from Expert-Level Expansions,,,,AMBIGUOUS,Same normalized term has multiple legitimate workbook meanings or mappings.,Add context-sensitive Plain Reading disambiguation; do not select a global winner.
scryall-data-accumulation-R413,scryall_data_accumulation,413,Flanking,flanking,Keywords from Expert-Level Expansions,,,,VERIFIED_INTERNAL,Workbook governance/schema/internal record; no external Scryfall fact required by this verifier.,Keep as internal workbook governance unless a later source authority says otherwise.
scryall-data-accumulation-R414,scryall_data_accumulation,414,Flashback,flashback,Keywords from Expert-Level Expansions,,,,VERIFIED_INTERNAL,Workbook governance/schema/internal record; no external Scryfall fact required by this verifier.,Keep as internal workbook governance unless a later source authority says otherwise.
scryall-data-accumulation-R415,scryall_data_accumulation,415,Flip,flip,Keywords from Expert-Level Expansions,,,,VERIFIED_INTERNAL,Workbook governance/schema/internal record; no external Scryfall fact required by this verifier.,Keep as internal workbook governance unless a later source authority says otherwise.
scryall-data-accumulation-R416,scryall_data_accumulation,416,Forecast,forecast,Keywords from Expert-Level Expansions,,,,VERIFIED_INTERNAL,Workbook governance/schema/internal record; no external Scryfall fact required by this verifier.,Keep as internal workbook governance unless a later source authority says otherwise.
scryall-data-accumulation-R417,scryall_data_accumulation,417,Foretell,foretell,Keywords from Expert-Level Expansions,,,,VERIFIED_INTERNAL,Workbook governance/schema/internal record; no external Scryfall fact required by this verifier.,Keep as internal workbook governance unless a later source authority says otherwise.
scryall-data-accumulation-R418,scryall_data_accumulation,418,Fortify,fortify,Keywords from Expert-Level Expansions,,,,VERIFIED_INTERNAL,Workbook governance/schema/internal record; no external Scryfall fact required by this verifier.,Keep as internal workbook governance unless a later source authority says otherwise.
scryall-data-accumulation-R419,scryall_data_accumulation,419,Frenzy,frenzy,Keywords from Expert-Level Expansions,,,,VERIFIED_INTERNAL,Workbook governance/schema/internal record; no external Scryfall fact required by this verifier.,Keep as internal workbook governance unless a later source authority says otherwise.
scryall-data-accumulation-R420,scryall_data_accumulation,420,Graft,graft,Keywords from Expert-Level Expansions,,,,VERIFIED_INTERNAL,Workbook governance/schema/internal record; no external Scryfall fact required by this verifier.,Keep as internal workbook governance unless a later source authority says otherwise.
scryall-data-accumulation-R421,scryall_data_accumulation,421,Gravestorm,gravestorm,Keywords from Expert-Level Expansions,,,,VERIFIED_INTERNAL,Workbook governance/schema/internal record; no external Scryfall fact required by this verifier.,Keep as internal workbook governance unless a later source authority says otherwise.
scryall-data-accumulation-R422,scryall_data_accumulation,422,Haunt,haunt,Keywords from Expert-Level Expansions,,,,VERIFIED_INTERNAL,Workbook governance/schema/internal record; no external Scryfall fact required by this verifier.,Keep as internal workbook governance unless a later source authority says otherwise.
scryall-data-accumulation-R423,scryall_data_accumulation,423,Hideaway,hideaway,Keywords from Expert-Level Expansions,,,,VERIFIED_INTERNAL,Workbook governance/schema/internal record; no external Scryfall fact required by this verifier.,Keep as internal workbook governance unless a later source authority says otherwise.
scryall-data-accumulation-R424,scryall_data_accumulation,424,Horsemanship,horsemanship,Keywords from Expert-Level Expansions,,,,AMBIGUOUS,Same normalized term has multiple legitimate workbook meanings or mappings.,Add context-sensitive Plain Reading disambiguation; do not select a global winner.
scryall-data-accumulation-R425,scryall_data_accumulation,425,Infect,infect,Keywords from Expert-Level Expansions,,,,VERIFIED_INTERNAL,Workbook governance/schema/internal record; no external Scryfall fact required by this verifier.,Keep as internal workbook governance unless a later source authority says otherwise.
scryall-data-accumulation-R426,scryall_data_accumulation,426,Jump-start,jump-start,Keywords from Expert-Level Expansions,,,,VERIFIED_INTERNAL,Workbook governance/schema/internal record; no external Scryfall fact required by this verifier.,Keep as internal workbook governance unless a later source authority says otherwise.
scryall-data-accumulation-R427,scryall_data_accumulation,427,Kicker,kicker,Keywords from Expert-Level Expansions,,,,VERIFIED_INTERNAL,Workbook governance/schema/internal record; no external Scryfall fact required by this verifier.,Keep as internal workbook governance unless a later source authority says otherwise.
scryall-data-accumulation-R428,scryall_data_accumulation,428,Level up,level up,Keywords from Expert-Level Expansions,,,,VERIFIED_INTERNAL,Workbook governance/schema/internal record; no external Scryfall fact required by this verifier.,Keep as internal workbook governance unless a later source authority says otherwise.
scryall-data-accumulation-R429,scryall_data_accumulation,429,Living weapon,living weapon,Keywords from Expert-Level Expansions,,,,VERIFIED_INTERNAL,Workbook governance/schema/internal record; no external Scryfall fact required by this verifier.,Keep as internal workbook governance unless a later source authority says otherwise.
scryall-data-accumulation-R430,scryall_data_accumulation,430,Madness,madness,Keywords from Expert-Level Expansions,,,,VERIFIED_INTERNAL,Workbook governance/schema/internal record; no external Scryfall fact required by this verifier.,Keep as internal workbook governance unless a later source authority says otherwise.
scryall-data-accumulation-R431,scryall_data_accumulation,431,Manifest,manifest,Keywords from Expert-Level Expansions,,,,AMBIGUOUS,Same normalized term has multiple legitimate workbook meanings or mappings.,Add context-sensitive Plain Reading disambiguation; do not select a global winner.
scryall-data-accumulation-R432,scryall_data_accumulation,432,Meld,meld,Keywords from Expert-Level Expansions,,,,AMBIGUOUS,Same normalized term has multiple legitimate workbook meanings or mappings.,Add context-sensitive Plain Reading disambiguation; do not select a global winner.
scryall-data-accumulation-R433,scryall_data_accumulation,433,Mentor,mentor,Keywords from Expert-Level Expansions,,,,VERIFIED_INTERNAL,Workbook governance/schema/internal record; no external Scryfall fact required by this verifier.,Keep as internal workbook governance unless a later source authority says otherwise.
scryall-data-accumulation-R434,scryall_data_accumulation,434,Miracle,miracle,Keywords from Expert-Level Expansions,,,,VERIFIED_INTERNAL,Workbook governance/schema/internal record; no external Scryfall fact required by this verifier.,Keep as internal workbook governance unless a later source authority says otherwise.
scryall-data-accumulation-R435,scryall_data_accumulation,435,Modular,modular,Keywords from Expert-Level Expansions,,,,VERIFIED_INTERNAL,Workbook governance/schema/internal record; no external Scryfall fact required by this verifier.,Keep as internal workbook governance unless a later source authority says otherwise.
scryall-data-accumulation-R436,scryall_data_accumulation,436,Monstrosity,monstrosity,Keywords from Expert-Level Expansions,,,,AMBIGUOUS,Same normalized term has multiple legitimate workbook meanings or mappings.,Add context-sensitive Plain Reading disambiguation; do not select a global winner.
scryall-data-accumulation-R437,scryall_data_accumulation,437,Morph,morph,Keywords from Expert-Level Expansions,,,,VERIFIED_INTERNAL,Workbook governance/schema/internal record; no external Scryfall fact required by this verifier.,Keep as internal workbook governance unless a later source authority says otherwise.
scryall-data-accumulation-R438,scryall_data_accumulation,438,Multikicker,multikicker,Keywords from Expert-Level Expansions,,,,VERIFIED_INTERNAL,Workbook governance/schema/internal record; no external Scryfall fact required by this verifier.,Keep as internal workbook governance unless a later source authority says otherwise.
scryall-data-accumulation-R439,scryall_data_accumulation,439,Mutate,mutate,Keywords from Expert-Level Expansions,,,,VERIFIED_INTERNAL,Workbook governance/schema/internal record; no external Scryfall fact required by this verifier.,Keep as internal workbook governance unless a later source authority says otherwise.
scryall-data-accumulation-R440,scryall_data_accumulation,440,Ninjutsu,ninjutsu,Keywords from Expert-Level Expansions,,,,AMBIGUOUS,Same normalized term has multiple legitimate workbook meanings or mappings.,Add context-sensitive Plain Reading disambiguation; do not select a global winner.
scryall-data-accumulation-R441,scryall_data_accumulation,441,Offering,offering,Keywords from Expert-Level Expansions,,,,VERIFIED_INTERNAL,Workbook governance/schema/internal record; no external Scryfall fact required by this verifier.,Keep as internal workbook governance unless a later source authority says otherwise.
scryall-data-accumulation-R442,scryall_data_accumulation,442,Overload,overload,Keywords from Expert-Level Expansions,,,,VERIFIED_INTERNAL,Workbook governance/schema/internal record; no external Scryfall fact required by this verifier.,Keep as internal workbook governance unless a later source authority says otherwise.
scryall-data-accumulation-R443,scryall_data_accumulation,443,Persist,persist,Keywords from Expert-Level Expansions,,,,VERIFIED_INTERNAL,Workbook governance/schema/internal record; no external Scryfall fact required by this verifier.,Keep as internal workbook governance unless a later source authority says otherwise.
scryall-data-accumulation-R444,scryall_data_accumulation,444,Plot,plot,Keywords from Expert-Level Expansions,,,,AMBIGUOUS,Same normalized term has multiple legitimate workbook meanings or mappings.,Add context-sensitive Plain Reading disambiguation; do not select a global winner.
scryall-data-accumulation-R445,scryall_data_accumulation,445,Poisonous,poisonous,Keywords from Expert-Level Expansions,,,,VERIFIED_INTERNAL,Workbook governance/schema/internal record; no external Scryfall fact required by this verifier.,Keep as internal workbook governance unless a later source authority says otherwise.
scryall-data-accumulation-R446,scryall_data_accumulation,446,Populate,populate,Keywords from Expert-Level Expansions,,,,AMBIGUOUS,Same normalized term has multiple legitimate workbook meanings or mappings.,Add context-sensitive Plain Reading disambiguation; do not select a global winner.
scryall-data-accumulation-R447,scryall_data_accumulation,447,Proliferate,proliferate,Keywords from Expert-Level Expansions,,,,AMBIGUOUS,Same normalized term has multiple legitimate workbook meanings or mappings.,Add context-sensitive Plain Reading disambiguation; do not select a global winner.
scryall-data-accumulation-R448,scryall_data_accumulation,448,Provoke,provoke,Keywords from Expert-Level Expansions,,,,VERIFIED_INTERNAL,Workbook governance/schema/internal record; no external Scryfall fact required by this verifier.,Keep as internal workbook governance unless a later source authority says otherwise.
scryall-data-accumulation-R449,scryall_data_accumulation,449,Prowl,prowl,Keywords from Expert-Level Expansions,,,,VERIFIED_INTERNAL,Workbook governance/schema/internal record; no external Scryfall fact required by this verifier.,Keep as internal workbook governance unless a later source authority says otherwise.
scryall-data-accumulation-R450,scryall_data_accumulation,450,Radiation,radiation,Keywords from Expert-Level Expansions,,,,VERIFIED_INTERNAL,Workbook governance/schema/internal record; no external Scryfall fact required by this verifier.,Keep as internal workbook governance unless a later source authority says otherwise.
scryall-data-accumulation-R451,scryall_data_accumulation,451,Rampage,rampage,Keywords from Expert-Level Expansions,,,,VERIFIED_INTERNAL,Workbook governance/schema/internal record; no external Scryfall fact required by this verifier.,Keep as internal workbook governance unless a later source authority says otherwise.
scryall-data-accumulation-R452,scryall_data_accumulation,452,Ravenous,ravenous,Keywords from Expert-Level Expansions,,,,VERIFIED_INTERNAL,Workbook governance/schema/internal record; no external Scryfall fact required by this verifier.,Keep as internal workbook governance unless a later source authority says otherwise.
scryall-data-accumulation-R453,scryall_data_accumulation,453,Rebound,rebound,Keywords from Expert-Level Expansions,,,,VERIFIED_INTERNAL,Workbook governance/schema/internal record; no external Scryfall fact required by this verifier.,Keep as internal workbook governance unless a later source authority says otherwise.
scryall-data-accumulation-R454,scryall_data_accumulation,454,Recover,recover,Keywords from Expert-Level Expansions,,,,VERIFIED_INTERNAL,Workbook governance/schema/internal record; no external Scryfall fact required by this verifier.,Keep as internal workbook governance unless a later source authority says otherwise.
scryall-data-accumulation-R455,scryall_data_accumulation,455,Reinforce,reinforce,Keywords from Expert-Level Expansions,,,,VERIFIED_INTERNAL,Workbook governance/schema/internal record; no external Scryfall fact required by this verifier.,Keep as internal workbook governance unless a later source authority says otherwise.
scryall-data-accumulation-R456,scryall_data_accumulation,456,Renown,renown,Keywords from Expert-Level Expansions,,,,VERIFIED_INTERNAL,Workbook governance/schema/internal record; no external Scryfall fact required by this verifier.,Keep as internal workbook governance unless a later source authority says otherwise.
scryall-data-accumulation-R457,scryall_data_accumulation,457,Replicate,replicate,Keywords from Expert-Level Expansions,,,,VERIFIED_INTERNAL,Workbook governance/schema/internal record; no external Scryfall fact required by this verifier.,Keep as internal workbook governance unless a later source authority says otherwise.
scryall-data-accumulation-R458,scryall_data_accumulation,458,Retrace,retrace,Keywords from Expert-Level Expansions,,,,VERIFIED_INTERNAL,Workbook governance/schema/internal record; no external Scryfall fact required by this verifier.,Keep as internal workbook governance unless a later source authority says otherwise.
scryall-data-accumulation-R459,scryall_data_accumulation,459,Riot,riot,Keywords from Expert-Level Expansions,,,,VERIFIED_INTERNAL,Workbook governance/schema/internal record; no external Scryfall fact required by this verifier.,Keep as internal workbook governance unless a later source authority says otherwise.
scryall-data-accumulation-R460,scryall_data_accumulation,460,Ripple,ripple,Keywords from Expert-Level Expansions,,,,VERIFIED_INTERNAL,Workbook governance/schema/internal record; no external Scryfall fact required by this verifier.,Keep as internal workbook governance unless a later source authority says otherwise.
scryall-data-accumulation-R461,scryall_data_accumulation,461,Saddle,saddle,Keywords from Expert-Level Expansions,,,,VERIFIED_INTERNAL,Workbook governance/schema/internal record; no external Scryfall fact required by this verifier.,Keep as internal workbook governance unless a later source authority says otherwise.
scryall-data-accumulation-R462,scryall_data_accumulation,462,Scavenge,scavenge,Keywords from Expert-Level Expansions,,,,VERIFIED_INTERNAL,Workbook governance/schema/internal record; no external Scryfall fact required by this verifier.,Keep as internal workbook governance unless a later source authority says otherwise.
scryall-data-accumulation-R463,scryall_data_accumulation,463,Shadow,shadow,Keywords from Expert-Level Expansions,,,,AMBIGUOUS,Same normalized term has multiple legitimate workbook meanings or mappings.,Add context-sensitive Plain Reading disambiguation; do not select a global winner.
scryall-data-accumulation-R464,scryall_data_accumulation,464,Skulk,skulk,Keywords from Expert-Level Expansions,,,,AMBIGUOUS,Same normalized term has multiple legitimate workbook meanings or mappings.,Add context-sensitive Plain Reading disambiguation; do not select a global winner.
scryall-data-accumulation-R465,scryall_data_accumulation,465,Soulbond,soulbond,Keywords from Expert-Level Expansions,,,,VERIFIED_INTERNAL,Workbook governance/schema/internal record; no external Scryfall fact required by this verifier.,Keep as internal workbook governance unless a later source authority says otherwise.
scryall-data-accumulation-R466,scryall_data_accumulation,466,Soulshift,soulshift,Keywords from Expert-Level Expansions,,,,VERIFIED_INTERNAL,Workbook governance/schema/internal record; no external Scryfall fact required by this verifier.,Keep as internal workbook governance unless a later source authority says otherwise.
scryall-data-accumulation-R467,scryall_data_accumulation,467,Spectacle,spectacle,Keywords from Expert-Level Expansions,,,,VERIFIED_INTERNAL,Workbook governance/schema/internal record; no external Scryfall fact required by this verifier.,Keep as internal workbook governance unless a later source authority says otherwise.
scryall-data-accumulation-R468,scryall_data_accumulation,468,Splice,splice,Keywords from Expert-Level Expansions,,,,VERIFIED_INTERNAL,Workbook governance/schema/internal record; no external Scryfall fact required by this verifier.,Keep as internal workbook governance unless a later source authority says otherwise.
scryall-data-accumulation-R469,scryall_data_accumulation,469,Split second,split second,Keywords from Expert-Level Expansions,,,,VERIFIED_INTERNAL,Workbook governance/schema/internal record; no external Scryfall fact required by this verifier.,Keep as internal workbook governance unless a later source authority says otherwise.
scryall-data-accumulation-R470,scryall_data_accumulation,470,Squad,squad,Keywords from Expert-Level Expansions,,,,VERIFIED_INTERNAL,Workbook governance/schema/internal record; no external Scryfall fact required by this verifier.,Keep as internal workbook governance unless a later source authority says otherwise.
scryall-data-accumulation-R471,scryall_data_accumulation,471,Storm,storm,Keywords from Expert-Level Expansions,,,,AMBIGUOUS,Same normalized term has multiple legitimate workbook meanings or mappings.,Add context-sensitive Plain Reading disambiguation; do not select a global winner.
scryall-data-accumulation-R472,scryall_data_accumulation,472,Sunburst,sunburst,Keywords from Expert-Level Expansions,,,,VERIFIED_INTERNAL,Workbook governance/schema/internal record; no external Scryfall fact required by this verifier.,Keep as internal workbook governance unless a later source authority says otherwise.
scryall-data-accumulation-R473,scryall_data_accumulation,473,Support,support,Keywords from Expert-Level Expansions,,,,AMBIGUOUS,Same normalized term has multiple legitimate workbook meanings or mappings.,Add context-sensitive Plain Reading disambiguation; do not select a global winner.
scryall-data-accumulation-R474,scryall_data_accumulation,474,Surge,surge,Keywords from Expert-Level Expansions,,,,VERIFIED_INTERNAL,Workbook governance/schema/internal record; no external Scryfall fact required by this verifier.,Keep as internal workbook governance unless a later source authority says otherwise.
scryall-data-accumulation-R475,scryall_data_accumulation,475,Surveil,surveil,Keywords from Expert-Level Expansions,,,,AMBIGUOUS,Same normalized term has multiple legitimate workbook meanings or mappings.,Add context-sensitive Plain Reading disambiguation; do not select a global winner.
scryall-data-accumulation-R476,scryall_data_accumulation,476,Suspend,suspend,Keywords from Expert-Level Expansions,,,,VERIFIED_INTERNAL,Workbook governance/schema/internal record; no external Scryfall fact required by this verifier.,Keep as internal workbook governance unless a later source authority says otherwise.
scryall-data-accumulation-R477,scryall_data_accumulation,477,Toxic,toxic,Keywords from Expert-Level Expansions,,,,VERIFIED_INTERNAL,Workbook governance/schema/internal record; no external Scryfall fact required by this verifier.,Keep as internal workbook governance unless a later source authority says otherwise.
scryall-data-accumulation-R478,scryall_data_accumulation,478,Transfigure,transfigure,Keywords from Expert-Level Expansions,,,,VERIFIED_INTERNAL,Workbook governance/schema/internal record; no external Scryfall fact required by this verifier.,Keep as internal workbook governance unless a later source authority says otherwise.
scryall-data-accumulation-R479,scryall_data_accumulation,479,Transform,transform,Keywords from Expert-Level Expansions,,,,AMBIGUOUS,Same normalized term has multiple legitimate workbook meanings or mappings.,Add context-sensitive Plain Reading disambiguation; do not select a global winner.
scryall-data-accumulation-R480,scryall_data_accumulation,480,Transmute,transmute,Keywords from Expert-Level Expansions,,,,VERIFIED_INTERNAL,Workbook governance/schema/internal record; no external Scryfall fact required by this verifier.,Keep as internal workbook governance unless a later source authority says otherwise.
scryall-data-accumulation-R481,scryall_data_accumulation,481,Typecycling,typecycling,Keywords from Expert-Level Expansions,,,,VERIFIED_INTERNAL,Workbook governance/schema/internal record; no external Scryfall fact required by this verifier.,Keep as internal workbook governance unless a later source authority says otherwise.
scryall-data-accumulation-R482,scryall_data_accumulation,482,Umbra armor,umbra armor,Keywords from Expert-Level Expansions,,,,VERIFIED_INTERNAL,Workbook governance/schema/internal record; no external Scryfall fact required by this verifier.,Keep as internal workbook governance unless a later source authority says otherwise.
scryall-data-accumulation-R483,scryall_data_accumulation,483,Undying,undying,Keywords from Expert-Level Expansions,,,,VERIFIED_INTERNAL,Workbook governance/schema/internal record; no external Scryfall fact required by this verifier.,Keep as internal workbook governance unless a later source authority says otherwise.
scryall-data-accumulation-R484,scryall_data_accumulation,484,Unearth,unearth,Keywords from Expert-Level Expansions,,,,VERIFIED_INTERNAL,Workbook governance/schema/internal record; no external Scryfall fact required by this verifier.,Keep as internal workbook governance unless a later source authority says otherwise.
scryall-data-accumulation-R485,scryall_data_accumulation,485,Unleash,unleash,Keywords from Expert-Level Expansions,,,,VERIFIED_INTERNAL,Workbook governance/schema/internal record; no external Scryfall fact required by this verifier.,Keep as internal workbook governance unless a later source authority says otherwise.
scryall-data-accumulation-R486,scryall_data_accumulation,486,Vanishing,vanishing,Keywords from Expert-Level Expansions,,,,VERIFIED_INTERNAL,Workbook governance/schema/internal record; no external Scryfall fact required by this verifier.,Keep as internal workbook governance unless a later source authority says otherwise.
scryall-data-accumulation-R487,scryall_data_accumulation,487,Ward,ward,Keywords from Expert-Level Expansions,,,,AMBIGUOUS,Same normalized term has multiple legitimate workbook meanings or mappings.,Add context-sensitive Plain Reading disambiguation; do not select a global winner.
scryall-data-accumulation-R488,scryall_data_accumulation,488,Wither,wither,Keywords from Expert-Level Expansions,,,,VERIFIED_INTERNAL,Workbook governance/schema/internal record; no external Scryfall fact required by this verifier.,Keep as internal workbook governance unless a later source authority says otherwise.
scryall-data-accumulation-R489,scryall_data_accumulation,489,Addendum,addendum,Ability Words,,,,AMBIGUOUS,Same normalized term has multiple legitimate workbook meanings or mappings.,Add context-sensitive Plain Reading disambiguation; do not select a global winner.
scryall-data-accumulation-R490,scryall_data_accumulation,490,Battalion,battalion,Ability Words,,,,AMBIGUOUS,Same normalized term has multiple legitimate workbook meanings or mappings.,Add context-sensitive Plain Reading disambiguation; do not select a global winner.
scryall-data-accumulation-R491,scryall_data_accumulation,491,Bloodrush,bloodrush,Ability Words,,,,AMBIGUOUS,Same normalized term has multiple legitimate workbook meanings or mappings.,Add context-sensitive Plain Reading disambiguation; do not select a global winner.
scryall-data-accumulation-R492,scryall_data_accumulation,492,Channel,channel,Ability Words,,,,AMBIGUOUS,Same normalized term has multiple legitimate workbook meanings or mappings.,Add context-sensitive Plain Reading disambiguation; do not select a global winner.
scryall-data-accumulation-R493,scryall_data_accumulation,493,Chroma,chroma,Ability Words,,,,AMBIGUOUS,Same normalized term has multiple legitimate workbook meanings or mappings.,Add context-sensitive Plain Reading disambiguation; do not select a global winner.
scryall-data-accumulation-R494,scryall_data_accumulation,494,Domain,domain,Ability Words,,,,AMBIGUOUS,Same normalized term has multiple legitimate workbook meanings or mappings.,Add context-sensitive Plain Reading disambiguation; do not select a global winner.
scryall-data-accumulation-R495,scryall_data_accumulation,495,Enrage,enrage,Ability Words,,,,AMBIGUOUS,Same normalized term has multiple legitimate workbook meanings or mappings.,Add context-sensitive Plain Reading disambiguation; do not select a global winner.
scryall-data-accumulation-R496,scryall_data_accumulation,496,Fateful hour,fateful hour,Ability Words,,,,AMBIGUOUS,Same normalized term has multiple legitimate workbook meanings or mappings.,Add context-sensitive Plain Reading disambiguation; do not select a global winner.
scryall-data-accumulation-R497,scryall_data_accumulation,497,Ferocious,ferocious,Ability Words,,,,AMBIGUOUS,Same normalized term has multiple legitimate workbook meanings or mappings.,Add context-sensitive Plain Reading disambiguation; do not select a global winner.
scryall-data-accumulation-R498,scryall_data_accumulation,498,Grandeur,grandeur,Ability Words,,,,AMBIGUOUS,Same normalized term has multiple legitimate workbook meanings or mappings.,Add context-sensitive Plain Reading disambiguation; do not select a global winner.
scryall-data-accumulation-R499,scryall_data_accumulation,499,Hellbent,hellbent,Ability Words,,,,AMBIGUOUS,Same normalized term has multiple legitimate workbook meanings or mappings.,Add context-sensitive Plain Reading disambiguation; do not select a global winner.
scryall-data-accumulation-R500,scryall_data_accumulation,500,Heroic,heroic,Ability Words,,,,AMBIGUOUS,Same normalized term has multiple legitimate workbook meanings or mappings.,Add context-sensitive Plain Reading disambiguation; do not select a global winner.
scryall-data-accumulation-R501,scryall_data_accumulation,501,Imprint,imprint,Ability Words,,,,AMBIGUOUS,Same normalized term has multiple legitimate workbook meanings or mappings.,Add context-sensitive Plain Reading disambiguation; do not select a global winner.
scryall-data-accumulation-R502,scryall_data_accumulation,502,Join forces,join forces,Ability Words,,,,AMBIGUOUS,Same normalized term has multiple legitimate workbook meanings or mappings.,Add context-sensitive Plain Reading disambiguation; do not select a global winner.
scryall-data-accumulation-R503,scryall_data_accumulation,503,Kinship,kinship,Ability Words,,,,AMBIGUOUS,Same normalized term has multiple legitimate workbook meanings or mappings.,Add context-sensitive Plain Reading disambiguation; do not select a global winner.
scryall-data-accumulation-R504,scryall_data_accumulation,504,Landfall,landfall,Ability Words,,,,AMBIGUOUS,Same normalized term has multiple legitimate workbook meanings or mappings.,Add context-sensitive Plain Reading disambiguation; do not select a global winner.
scryall-data-accumulation-R505,scryall_data_accumulation,505,Metalcraft,metalcraft,Ability Words,,,,AMBIGUOUS,Same normalized term has multiple legitimate workbook meanings or mappings.,Add context-sensitive Plain Reading disambiguation; do not select a global winner.
scryall-data-accumulation-R506,scryall_data_accumulation,506,Morbid,morbid,Ability Words,,,,AMBIGUOUS,Same normalized term has multiple legitimate workbook meanings or mappings.,Add context-sensitive Plain Reading disambiguation; do not select a global winner.
scryall-data-accumulation-R507,scryall_data_accumulation,507,Radiance,radiance,Ability Words,,,,AMBIGUOUS,Same normalized term has multiple legitimate workbook meanings or mappings.,Add context-sensitive Plain Reading disambiguation; do not select a global winner.
scryall-data-accumulation-R508,scryall_data_accumulation,508,Raid,raid,Ability Words,,,,AMBIGUOUS,Same normalized term has multiple legitimate workbook meanings or mappings.,Add context-sensitive Plain Reading disambiguation; do not select a global winner.
scryall-data-accumulation-R509,scryall_data_accumulation,509,Rally,rally,Ability Words,,,,AMBIGUOUS,Same normalized term has multiple legitimate workbook meanings or mappings.,Add context-sensitive Plain Reading disambiguation; do not select a global winner.
scryall-data-accumulation-R510,scryall_data_accumulation,510,Shroud,shroud,Ability Words,,,,STALE,No exact match in Scryfall catalog ability-words,Review stale/native mismatch before use.
scryall-data-accumulation-R511,scryall_data_accumulation,511,Sweep,sweep,Ability Words,,,,AMBIGUOUS,Same normalized term has multiple legitimate workbook meanings or mappings.,Add context-sensitive Plain Reading disambiguation; do not select a global winner.
scryall-data-accumulation-R512,scryall_data_accumulation,512,Threshold,threshold,Ability Words,,,,AMBIGUOUS,Same normalized term has multiple legitimate workbook meanings or mappings.,Add context-sensitive Plain Reading disambiguation; do not select a global winner.
scryall-data-accumulation-R513,scryall_data_accumulation,513,Undergrowth,undergrowth,Ability Words,,,,AMBIGUOUS,Same normalized term has multiple legitimate workbook meanings or mappings.,Add context-sensitive Plain Reading disambiguation; do not select a global winner.
scryall-data-accumulation-R514,scryall_data_accumulation,514,Banding,banding,Discontinued Keywords,,,,VERIFIED_INTERNAL,Workbook governance/schema/internal record; no external Scryfall fact required by this verifier.,Keep as internal workbook governance unless a later source authority says otherwise.
scryall-data-accumulation-R515,scryall_data_accumulation,515,Bury,bury,Discontinued Keywords,,,,VERIFIED_INTERNAL,Workbook governance/schema/internal record; no external Scryfall fact required by this verifier.,Keep as internal workbook governance unless a later source authority says otherwise.
scryall-data-accumulation-R516,scryall_data_accumulation,516,Fear,fear,Discontinued Keywords,,,,AMBIGUOUS,Same normalized term has multiple legitimate workbook meanings or mappings.,Add context-sensitive Plain Reading disambiguation; do not select a global winner.
scryall-data-accumulation-R517,scryall_data_accumulation,517,Intimidate,intimidate,Discontinued Keywords,,,,AMBIGUOUS,Same normalized term has multiple legitimate workbook meanings or mappings.,Add context-sensitive Plain Reading disambiguation; do not select a global winner.
scryall-data-accumulation-R518,scryall_data_accumulation,518,Landhome,landhome,Discontinued Keywords,,,,VERIFIED_INTERNAL,Workbook governance/schema/internal record; no external Scryfall fact required by this verifier.,Keep as internal workbook governance unless a later source authority says otherwise.
scryall-data-accumulation-R519,scryall_data_accumulation,519,Landwalk,landwalk,Discontinued Keywords,,,,AMBIGUOUS,Same normalized term has multiple legitimate workbook meanings or mappings.,Add context-sensitive Plain Reading disambiguation; do not select a global winner.
scryall-data-accumulation-R520,scryall_data_accumulation,520,Phasing,phasing,Discontinued Keywords,,,,VERIFIED_INTERNAL,Workbook governance/schema/internal record; no external Scryfall fact required by this verifier.,Keep as internal workbook governance unless a later source authority says otherwise.
scryall-data-accumulation-R521,scryall_data_accumulation,521,Regenerate,regenerate,Discontinued Keywords,,,,AMBIGUOUS,Same normalized term has multiple legitimate workbook meanings or mappings.,Add context-sensitive Plain Reading disambiguation; do not select a global winner.
scryall-data-accumulation-R522,scryall_data_accumulation,522,Substance,substance,Discontinued Keywords,,,,VERIFIED_INTERNAL,Workbook governance/schema/internal record; no external Scryfall fact required by this verifier.,Keep as internal workbook governance unless a later source authority says otherwise.
scryall-data-accumulation-R523,scryall_data_accumulation,523,Ability word,ability word,Ability Word,,,,SOURCE_ARTIFACT,Record term appears to be a heading/category label ingested as data.,Remove from semantic promotion candidates or correct the source row in a derived review process.
scryall-data-accumulation-R524,scryall_data_accumulation,524,Adamant,adamant,Ability Word,,,,VERIFIED_NATIVE,Exact match in Scryfall catalog ability-words,Safe only as current native catalog fact.
scryall-data-accumulation-R525,scryall_data_accumulation,525,Addendum,addendum,Ability Word,,,,AMBIGUOUS,Same normalized term has multiple legitimate workbook meanings or mappings.,Add context-sensitive Plain Reading disambiguation; do not select a global winner.
scryall-data-accumulation-R526,scryall_data_accumulation,526,Alliance,alliance,Ability Word,,,,VERIFIED_NATIVE,Exact match in Scryfall catalog ability-words,Safe only as current native catalog fact.
scryall-data-accumulation-R527,scryall_data_accumulation,527,Battalion,battalion,Ability Word,,,,AMBIGUOUS,Same normalized term has multiple legitimate workbook meanings or mappings.,Add context-sensitive Plain Reading disambiguation; do not select a global winner.
scryall-data-accumulation-R528,scryall_data_accumulation,528,Bloodrush,bloodrush,Ability Word,,,,AMBIGUOUS,Same normalized term has multiple legitimate workbook meanings or mappings.,Add context-sensitive Plain Reading disambiguation; do not select a global winner.
scryall-data-accumulation-R529,scryall_data_accumulation,529,Celebration,celebration,Ability Word,,,,VERIFIED_NATIVE,Exact match in Scryfall catalog ability-words,Safe only as current native catalog fact.
scryall-data-accumulation-R530,scryall_data_accumulation,530,Channel,channel,Ability Word,,,,AMBIGUOUS,Same normalized term has multiple legitimate workbook meanings or mappings.,Add context-sensitive Plain Reading disambiguation; do not select a global winner.
scryall-data-accumulation-R531,scryall_data_accumulation,531,Chroma,chroma,Ability Word,,,,AMBIGUOUS,Same normalized term has multiple legitimate workbook meanings or mappings.,Add context-sensitive Plain Reading disambiguation; do not select a global winner.
scryall-data-accumulation-R532,scryall_data_accumulation,532,Cohort,cohort,Ability Word,,,,VERIFIED_NATIVE,Exact match in Scryfall catalog ability-words,Safe only as current native catalog fact.
scryall-data-accumulation-R533,scryall_data_accumulation,533,Constellation,constellation,Ability Word,,,,VERIFIED_NATIVE,Exact match in Scryfall catalog ability-words,Safe only as current native catalog fact.
scryall-data-accumulation-R534,scryall_data_accumulation,534,Converge,converge,Ability Word,,,,VERIFIED_NATIVE,Exact match in Scryfall catalog ability-words,Safe only as current native catalog fact.
scryall-data-accumulation-R535,scryall_data_accumulation,535,Corrupted,corrupted,Ability Word,,,,VERIFIED_NATIVE,Exact match in Scryfall catalog ability-words,Safe only as current native catalog fact.
scryall-data-accumulation-R536,scryall_data_accumulation,536,Council's dilemma,council's dilemma,Ability Word,,,,VERIFIED_NATIVE,Exact match in Scryfall catalog ability-words,Safe only as current native catalog fact.
scryall-data-accumulation-R537,scryall_data_accumulation,537,Coven,coven,Ability Word,,,,VERIFIED_NATIVE,Exact match in Scryfall catalog ability-words,Safe only as current native catalog fact.
scryall-data-accumulation-R538,scryall_data_accumulation,538,Covercast,covercast,Ability Word,,,,VERIFIED_NATIVE,Exact match in Scryfall catalog ability-words,Safe only as current native catalog fact.
scryall-data-accumulation-R539,scryall_data_accumulation,539,Craft,craft,Ability Word,,,,STALE,No exact match in Scryfall catalog ability-words,Review stale/native mismatch before use.
scryall-data-accumulation-R540,scryall_data_accumulation,540,Delirium,delirium,Ability Word,,,,VERIFIED_NATIVE,Exact match in Scryfall catalog ability-words,Safe only as current native catalog fact.
scryall-data-accumulation-R541,scryall_data_accumulation,541,Descend,descend,Ability Word,,,,VERIFIED_NATIVE,Exact match in Scryfall catalog ability-words,Safe only as current native catalog fact.
scryall-data-accumulation-R542,scryall_data_accumulation,542,Disappear,disappear,Ability Word,,,,VERIFIED_NATIVE,Exact match in Scryfall catalog ability-words,Safe only as current native catalog fact.
scryall-data-accumulation-R543,scryall_data_accumulation,543,Domain,domain,Ability Word,,,,AMBIGUOUS,Same normalized term has multiple legitimate workbook meanings or mappings.,Add context-sensitive Plain Reading disambiguation; do not select a global winner.
scryall-data-accumulation-R544,scryall_data_accumulation,544,Eerie,eerie,Ability Word,,,,VERIFIED_NATIVE,Exact match in Scryfall catalog ability-words,Safe only as current native catalog fact.
scryall-data-accumulation-R545,scryall_data_accumulation,545,Eminence,eminence,Ability Word,,,,VERIFIED_NATIVE,Exact match in Scryfall catalog ability-words,Safe only as current native catalog fact.
scryall-data-accumulation-R546,scryall_data_accumulation,546,Enrage,enrage,Ability Word,,,,AMBIGUOUS,Same normalized term has multiple legitimate workbook meanings or mappings.,Add context-sensitive Plain Reading disambiguation; do not select a global winner.
scryall-data-accumulation-R547,scryall_data_accumulation,547,Family gathering,family gathering,Ability Word,,,,STALE,No exact match in Scryfall catalog ability-words,Review stale/native mismatch before use.
scryall-data-accumulation-R548,scryall_data_accumulation,548,Fateful hour,fateful hour,Ability Word,,,,AMBIGUOUS,Same normalized term has multiple legitimate workbook meanings or mappings.,Add context-sensitive Plain Reading disambiguation; do not select a global winner.
scryall-data-accumulation-R549,scryall_data_accumulation,549,Fathomless descent,fathomless descent,Ability Word,,,,VERIFIED_NATIVE,Exact match in Scryfall catalog ability-words,Safe only as current native catalog fact.
scryall-data-accumulation-R550,scryall_data_accumulation,550,Ferocious,ferocious,Ability Word,,,,AMBIGUOUS,Same normalized term has multiple legitimate workbook meanings or mappings.,Add context-sensitive Plain Reading disambiguation; do not select a global winner.
scryall-data-accumulation-R551,scryall_data_accumulation,551,Flavor word,flavor word,Ability Word,,,,STALE,No exact match in Scryfall catalog ability-words,Review stale/native mismatch before use.
scryall-data-accumulation-R552,scryall_data_accumulation,552,Flurry,flurry,Ability Word,,,,VERIFIED_NATIVE,Exact match in Scryfall catalog ability-words,Safe only as current native catalog fact.
scryall-data-accumulation-R553,scryall_data_accumulation,553,Formidable,formidable,Ability Word,,,,VERIFIED_NATIVE,Exact match in Scryfall catalog ability-words,Safe only as current native catalog fact.
scryall-data-accumulation-R554,scryall_data_accumulation,554,"Gear Up, sponsored by Wizards of the Coast","gear up, sponsored by wizards of the coast",Ability Word,,,,STALE,No exact match in Scryfall catalog ability-words,Review stale/native mismatch before use.
scryall-data-accumulation-R555,scryall_data_accumulation,555,Gotcha,gotcha,Ability Word,,,,STALE,No exact match in Scryfall catalog ability-words,Review stale/native mismatch before use.
scryall-data-accumulation-R556,scryall_data_accumulation,556,Grandeur,grandeur,Ability Word,,,,AMBIGUOUS,Same normalized term has multiple legitimate workbook meanings or mappings.,Add context-sensitive Plain Reading disambiguation; do not select a global winner.
scryall-data-accumulation-R557,scryall_data_accumulation,557,Hellbent,hellbent,Ability Word,,,,AMBIGUOUS,Same normalized term has multiple legitimate workbook meanings or mappings.,Add context-sensitive Plain Reading disambiguation; do not select a global winner.
scryall-data-accumulation-R558,scryall_data_accumulation,558,Hero's Reward,hero's reward,Ability Word,,,,VERIFIED_NATIVE,Exact match in Scryfall catalog ability-words,Safe only as current native catalog fact.
scryall-data-accumulation-R559,scryall_data_accumulation,559,Heroic,heroic,Ability Word,,,,AMBIGUOUS,Same normalized term has multiple legitimate workbook meanings or mappings.,Add context-sensitive Plain Reading disambiguation; do not select a global winner.
scryall-data-accumulation-R560,scryall_data_accumulation,560,Imprint,imprint,Ability Word,,,,AMBIGUOUS,Same normalized term has multiple legitimate workbook meanings or mappings.,Add context-sensitive Plain Reading disambiguation; do not select a global winner.
scryall-data-accumulation-R561,scryall_data_accumulation,561,Infusion,infusion,Ability Word,,,,VERIFIED_NATIVE,Exact match in Scryfall catalog ability-words,Safe only as current native catalog fact.
scryall-data-accumulation-R562,scryall_data_accumulation,562,Inspired,inspired,Ability Word,,,,VERIFIED_NATIVE,Exact match in Scryfall catalog ability-words,Safe only as current native catalog fact.
scryall-data-accumulation-R563,scryall_data_accumulation,563,Join forces,join forces,Ability Word,,,,AMBIGUOUS,Same normalized term has multiple legitimate workbook meanings or mappings.,Add context-sensitive Plain Reading disambiguation; do not select a global winner.
scryall-data-accumulation-R564,scryall_data_accumulation,564,Kinfall,kinfall,Ability Word,,,,VERIFIED_NATIVE,Exact match in Scryfall catalog ability-words,Safe only as current native catalog fact.
scryall-data-accumulation-R565,scryall_data_accumulation,565,Kinship,kinship,Ability Word,,,,AMBIGUOUS,Same normalized term has multiple legitimate workbook meanings or mappings.,Add context-sensitive Plain Reading disambiguation; do not select a global winner.
scryall-data-accumulation-R566,scryall_data_accumulation,566,Landfall,landfall,Ability Word,,,,AMBIGUOUS,Same normalized term has multiple legitimate workbook meanings or mappings.,Add context-sensitive Plain Reading disambiguation; do not select a global winner.
scryall-data-accumulation-R567,scryall_data_accumulation,567,Landship,landship,Ability Word,,,,VERIFIED_NATIVE,Exact match in Scryfall catalog ability-words,Safe only as current native catalog fact.
scryall-data-accumulation-R568,scryall_data_accumulation,568,Legacy,legacy,Ability Word,,,,VERIFIED_NATIVE,Exact match in Scryfall catalog ability-words,Safe only as current native catalog fact.
scryall-data-accumulation-R569,scryall_data_accumulation,569,Lieutenant,lieutenant,Ability Word,,,,VERIFIED_NATIVE,Exact match in Scryfall catalog ability-words,Safe only as current native catalog fact.
scryall-data-accumulation-R570,scryall_data_accumulation,570,Magecraft,magecraft,Ability Word,,,,VERIFIED_NATIVE,Exact match in Scryfall catalog ability-words,Safe only as current native catalog fact.
scryall-data-accumulation-R571,scryall_data_accumulation,571,Metalcraft,metalcraft,Ability Word,,,,AMBIGUOUS,Same normalized term has multiple legitimate workbook meanings or mappings.,Add context-sensitive Plain Reading disambiguation; do not select a global winner.
scryall-data-accumulation-R572,scryall_data_accumulation,572,Mono Eminence,mono eminence,Ability Word,,,,STALE,No exact match in Scryfall catalog ability-words,Review stale/native mismatch before use.
scryall-data-accumulation-R573,scryall_data_accumulation,573,Morbid,morbid,Ability Word,,,,AMBIGUOUS,Same normalized term has multiple legitimate workbook meanings or mappings.,Add context-sensitive Plain Reading disambiguation; do not select a global winner.
scryall-data-accumulation-R574,scryall_data_accumulation,574,Opus,opus,Ability Word,,,,VERIFIED_NATIVE,Exact match in Scryfall catalog ability-words,Safe only as current native catalog fact.
scryall-data-accumulation-R575,scryall_data_accumulation,575,Pack tactics,pack tactics,Ability Word,,,,VERIFIED_NATIVE,Exact match in Scryfall catalog ability-words,Safe only as current native catalog fact.
scryall-data-accumulation-R576,scryall_data_accumulation,576,Parade!,parade!,Ability Word,,,,STALE,No exact match in Scryfall catalog ability-words,Review stale/native mismatch before use.
scryall-data-accumulation-R577,scryall_data_accumulation,577,Paradox,paradox,Ability Word,,,,VERIFIED_NATIVE,Exact match in Scryfall catalog ability-words,Safe only as current native catalog fact.
scryall-data-accumulation-R578,scryall_data_accumulation,578,Parley,parley,Ability Word,,,,VERIFIED_NATIVE,Exact match in Scryfall catalog ability-words,Safe only as current native catalog fact.
scryall-data-accumulation-R579,scryall_data_accumulation,579,Radiance,radiance,Ability Word,,,,AMBIGUOUS,Same normalized term has multiple legitimate workbook meanings or mappings.,Add context-sensitive Plain Reading disambiguation; do not select a global winner.
scryall-data-accumulation-R580,scryall_data_accumulation,580,Raid,raid,Ability Word,,,,AMBIGUOUS,Same normalized term has multiple legitimate workbook meanings or mappings.,Add context-sensitive Plain Reading disambiguation; do not select a global winner.
scryall-data-accumulation-R581,scryall_data_accumulation,581,Rally,rally,Ability Word,,,,AMBIGUOUS,Same normalized term has multiple legitimate workbook meanings or mappings.,Add context-sensitive Plain Reading disambiguation; do not select a global winner.
scryall-data-accumulation-R582,scryall_data_accumulation,582,Renew,renew,Ability Word,,,,VERIFIED_NATIVE,Exact match in Scryfall catalog ability-words,Safe only as current native catalog fact.
scryall-data-accumulation-R583,scryall_data_accumulation,583,Repartee,repartee,Ability Word,,,,VERIFIED_NATIVE,Exact match in Scryfall catalog ability-words,Safe only as current native catalog fact.
scryall-data-accumulation-R584,scryall_data_accumulation,584,Revolt,revolt,Ability Word,,,,VERIFIED_NATIVE,Exact match in Scryfall catalog ability-words,Safe only as current native catalog fact.
scryall-data-accumulation-R585,scryall_data_accumulation,585,Rulebreaker,rulebreaker,Ability Word,,,,STALE,No exact match in Scryfall catalog ability-words,Review stale/native mismatch before use.
scryall-data-accumulation-R586,scryall_data_accumulation,586,Scryfall (ability word),scryfall (ability word),Ability Word,,,,STALE,No exact match in Scryfall catalog ability-words,Review stale/native mismatch before use.
scryall-data-accumulation-R587,scryall_data_accumulation,587,Secret council,secret council,Ability Word,,,,VERIFIED_NATIVE,Exact match in Scryfall catalog ability-words,Safe only as current native catalog fact.
scryall-data-accumulation-R588,scryall_data_accumulation,588,Spell mastery,spell mastery,Ability Word,,,,VERIFIED_NATIVE,Exact match in Scryfall catalog ability-words,Safe only as current native catalog fact.
scryall-data-accumulation-R589,scryall_data_accumulation,589,Start your engines!,start your engines!,Ability Word,,,,VERIFIED_NATIVE,Exact match in Scryfall catalog ability-words,Safe only as current native catalog fact.
scryall-data-accumulation-R590,scryall_data_accumulation,590,Strive,strive,Ability Word,,,,VERIFIED_NATIVE,Exact match in Scryfall catalog ability-words,Safe only as current native catalog fact.
scryall-data-accumulation-R591,scryall_data_accumulation,591,Survival,survival,Ability Word,,,,VERIFIED_NATIVE,Exact match in Scryfall catalog ability-words,Safe only as current native catalog fact.
scryall-data-accumulation-R592,scryall_data_accumulation,592,Sweep,sweep,Ability Word,,,,AMBIGUOUS,Same normalized term has multiple legitimate workbook meanings or mappings.,Add context-sensitive Plain Reading disambiguation; do not select a global winner.
scryall-data-accumulation-R593,scryall_data_accumulation,593,Tempting offer,tempting offer,Ability Word,,,,VERIFIED_NATIVE,Exact match in Scryfall catalog ability-words,Safe only as current native catalog fact.
scryall-data-accumulation-R594,scryall_data_accumulation,594,Threshold,threshold,Ability Word,,,,AMBIGUOUS,Same normalized term has multiple legitimate workbook meanings or mappings.,Add context-sensitive Plain Reading disambiguation; do not select a global winner.
scryall-data-accumulation-R595,scryall_data_accumulation,595,Underdog,underdog,Ability Word,,,,VERIFIED_NATIVE,Exact match in Scryfall catalog ability-words,Safe only as current native catalog fact.
scryall-data-accumulation-R596,scryall_data_accumulation,596,Undergrowth,undergrowth,Ability Word,,,,AMBIGUOUS,Same normalized term has multiple legitimate workbook meanings or mappings.,Add context-sensitive Plain Reading disambiguation; do not select a global winner.
scryall-data-accumulation-R597,scryall_data_accumulation,597,Valiant,valiant,Ability Word,,,,VERIFIED_NATIVE,Exact match in Scryfall catalog ability-words,Safe only as current native catalog fact.
scryall-data-accumulation-R598,scryall_data_accumulation,598,Vivid,vivid,Ability Word,,,,VERIFIED_NATIVE,Exact match in Scryfall catalog ability-words,Safe only as current native catalog fact.
scryall-data-accumulation-R599,scryall_data_accumulation,599,Void,void,Ability Word,,,,VERIFIED_NATIVE,Exact match in Scryfall catalog ability-words,Safe only as current native catalog fact.
scryall-data-accumulation-R600,scryall_data_accumulation,600,Will of the council,will of the council,Ability Word,,,,VERIFIED_NATIVE,Exact match in Scryfall catalog ability-words,Safe only as current native catalog fact.
scryall-data-accumulation-R601,scryall_data_accumulation,601,Will of the Planeswalkers,will of the planeswalkers,Ability Word,,,,VERIFIED_NATIVE,Exact match in Scryfall catalog ability-words,Safe only as current native catalog fact.
scryall-data-accumulation-R602,scryall_data_accumulation,602,Abandon,abandon,Keyword Action,,,,VERIFIED_NATIVE,Exact match in Scryfall catalog keyword-actions,Safe only as current native catalog fact.
scryall-data-accumulation-R603,scryall_data_accumulation,603,Activate,activate,Keyword Action,,,,VERIFIED_NATIVE,Exact match in Scryfall catalog keyword-actions,Safe only as current native catalog fact.
scryall-data-accumulation-R604,scryall_data_accumulation,604,Adapt,adapt,Keyword Action,,,,AMBIGUOUS,Same normalized term has multiple legitimate workbook meanings or mappings.,Add context-sensitive Plain Reading disambiguation; do not select a global winner.
scryall-data-accumulation-R605,scryall_data_accumulation,605,Airbend,airbend,Keyword Action,,,,VERIFIED_NATIVE,Exact match in Scryfall catalog keyword-actions,Safe only as current native catalog fact.
scryall-data-accumulation-R606,scryall_data_accumulation,606,Amass,amass,Keyword Action,,,,VERIFIED_NATIVE,Exact match in Scryfall catalog keyword-actions,Safe only as current native catalog fact.
scryall-data-accumulation-R607,scryall_data_accumulation,607,Assemble,assemble,Keyword Action,,,,VERIFIED_NATIVE,Exact match in Scryfall catalog keyword-actions,Safe only as current native catalog fact.
scryall-data-accumulation-R608,scryall_data_accumulation,608,Attach,attach,Keyword Action,,,,AMBIGUOUS,Same normalized term has multiple legitimate workbook meanings or mappings.,Add context-sensitive Plain Reading disambiguation; do not select a global winner.
scryall-data-accumulation-R609,scryall_data_accumulation,609,Behold,behold,Keyword Action,,,,VERIFIED_NATIVE,Exact match in Scryfall catalog keyword-actions,Safe only as current native catalog fact.
scryall-data-accumulation-R610,scryall_data_accumulation,610,Blight,blight,Keyword Action,,,,VERIFIED_NATIVE,Exact match in Scryfall catalog keyword-actions,Safe only as current native catalog fact.
scryall-data-accumulation-R611,scryall_data_accumulation,611,Bolster,bolster,Keyword Action,,,,AMBIGUOUS,Same normalized term has multiple legitimate workbook meanings or mappings.,Add context-sensitive Plain Reading disambiguation; do not select a global winner.
scryall-data-accumulation-R612,scryall_data_accumulation,612,Cast,cast,Keyword Action,,,,VERIFIED_NATIVE,Exact match in Scryfall catalog keyword-actions,Safe only as current native catalog fact.
scryall-data-accumulation-R613,scryall_data_accumulation,613,Clash,clash,Keyword Action,,,,AMBIGUOUS,Same normalized term has multiple legitimate workbook meanings or mappings.,Add context-sensitive Plain Reading disambiguation; do not select a global winner.
scryall-data-accumulation-R614,scryall_data_accumulation,614,Cloak,cloak,Keyword Action,,,,VERIFIED_NATIVE,Exact match in Scryfall catalog keyword-actions,Safe only as current native catalog fact.
scryall-data-accumulation-R615,scryall_data_accumulation,615,Collect Evidence,collect evidence,Keyword Action,,,,VERIFIED_NATIVE,Exact match in Scryfall catalog keyword-actions,Safe only as current native catalog fact.
scryall-data-accumulation-R616,scryall_data_accumulation,616,Conjure,conjure,Keyword Action,,,,VERIFIED_NATIVE,Exact match in Scryfall catalog keyword-actions,Safe only as current native catalog fact.
scryall-data-accumulation-R617,scryall_data_accumulation,617,Connive,connive,Keyword Action,,,,VERIFIED_NATIVE,Exact match in Scryfall catalog keyword-actions,Safe only as current native catalog fact.
scryall-data-accumulation-R618,scryall_data_accumulation,618,Convert,convert,Keyword Action,,,,VERIFIED_NATIVE,Exact match in Scryfall catalog keyword-actions,Safe only as current native catalog fact.
scryall-data-accumulation-R619,scryall_data_accumulation,619,Counter,counter,Keyword Action,,,,AMBIGUOUS,Same normalized term has multiple legitimate workbook meanings or mappings.,Add context-sensitive Plain Reading disambiguation; do not select a global winner.
scryall-data-accumulation-R620,scryall_data_accumulation,620,Create,create,Keyword Action,,,,VERIFIED_NATIVE,Exact match in Scryfall catalog keyword-actions,Safe only as current native catalog fact.
scryall-data-accumulation-R621,scryall_data_accumulation,621,Destroy,destroy,Keyword Action,,,,VERIFIED_NATIVE,Exact match in Scryfall catalog keyword-actions,Safe only as current native catalog fact.
scryall-data-accumulation-R622,scryall_data_accumulation,622,Detain,detain,Keyword Action,,,,AMBIGUOUS,Same normalized term has multiple legitimate workbook meanings or mappings.,Add context-sensitive Plain Reading disambiguation; do not select a global winner.
scryall-data-accumulation-R623,scryall_data_accumulation,623,Discard,discard,Keyword Action,,,,AMBIGUOUS,Same normalized term has multiple legitimate workbook meanings or mappings.,Add context-sensitive Plain Reading disambiguation; do not select a global winner.
scryall-data-accumulation-R624,scryall_data_accumulation,624,Discover,discover,Keyword Action,,,,VERIFIED_NATIVE,Exact match in Scryfall catalog keyword-actions,Safe only as current native catalog fact.
scryall-data-accumulation-R625,scryall_data_accumulation,625,Double,double,Keyword Action,,,,VERIFIED_NATIVE,Exact match in Scryfall catalog keyword-actions,Safe only as current native catalog fact.
scryall-data-accumulation-R626,scryall_data_accumulation,626,Draft from a spellbook,draft from a spellbook,Keyword Action,,,,VERIFIED_NATIVE,Exact match in Scryfall catalog keyword-actions,Safe only as current native catalog fact.
scryall-data-accumulation-R627,scryall_data_accumulation,627,Earthbend,earthbend,Keyword Action,,,,VERIFIED_NATIVE,Exact match in Scryfall catalog keyword-actions,Safe only as current native catalog fact.
scryall-data-accumulation-R628,scryall_data_accumulation,628,Endure,endure,Keyword Action,,,,VERIFIED_NATIVE,Exact match in Scryfall catalog keyword-actions,Safe only as current native catalog fact.
scryall-data-accumulation-R629,scryall_data_accumulation,629,Exchange,exchange,Keyword Action,,,,VERIFIED_NATIVE,Exact match in Scryfall catalog keyword-actions,Safe only as current native catalog fact.
scryall-data-accumulation-R630,scryall_data_accumulation,630,Exert,exert,Keyword Action,,,,AMBIGUOUS,Same normalized term has multiple legitimate workbook meanings or mappings.,Add context-sensitive Plain Reading disambiguation; do not select a global winner.
scryall-data-accumulation-R631,scryall_data_accumulation,631,Exile,exile,Keyword Action,,,,AMBIGUOUS,Same normalized term has multiple legitimate workbook meanings or mappings.,Add context-sensitive Plain Reading disambiguation; do not select a global winner.
scryall-data-accumulation-R632,scryall_data_accumulation,632,Explore,explore,Keyword Action,,,,AMBIGUOUS,Same normalized term has multiple legitimate workbook meanings or mappings.,Add context-sensitive Plain Reading disambiguation; do not select a global winner.
scryall-data-accumulation-R633,scryall_data_accumulation,633,Face a Villainous Choice,face a villainous choice,Keyword Action,,,,STALE,No exact match in Scryfall catalog keyword-actions,Review stale/native mismatch before use.
scryall-data-accumulation-R634,scryall_data_accumulation,634,Fateseal,fateseal,Keyword Action,,,,AMBIGUOUS,Same normalized term has multiple legitimate workbook meanings or mappings.,Add context-sensitive Plain Reading disambiguation; do not select a global winner.
scryall-data-accumulation-R635,scryall_data_accumulation,635,Fight,fight,Keyword Action,,,,AMBIGUOUS,Same normalized term has multiple legitimate workbook meanings or mappings.,Add context-sensitive Plain Reading disambiguation; do not select a global winner.
scryall-data-accumulation-R636,scryall_data_accumulation,636,Food,food,Keyword Action,,,,AMBIGUOUS,Same normalized term has multiple legitimate workbook meanings or mappings.,Add context-sensitive Plain Reading disambiguation; do not select a global winner.
scryall-data-accumulation-R637,scryall_data_accumulation,637,Forage,forage,Keyword Action,,,,VERIFIED_NATIVE,Exact match in Scryfall catalog keyword-actions,Safe only as current native catalog fact.
scryall-data-accumulation-R638,scryall_data_accumulation,638,Goad,goad,Keyword Action,,,,VERIFIED_NATIVE,Exact match in Scryfall catalog keyword-actions,Safe only as current native catalog fact.
scryall-data-accumulation-R639,scryall_data_accumulation,639,Harness,harness,Keyword Action,,,,VERIFIED_NATIVE,Exact match in Scryfall catalog keyword-actions,Safe only as current native catalog fact.
scryall-data-accumulation-R640,scryall_data_accumulation,640,Heal,heal,Keyword Action,,,,VERIFIED_NATIVE,Exact match in Scryfall catalog keyword-actions,Safe only as current native catalog fact.
scryall-data-accumulation-R641,scryall_data_accumulation,641,Heist,heist,Keyword Action,,,,VERIFIED_NATIVE,Exact match in Scryfall catalog keyword-actions,Safe only as current native catalog fact.
scryall-data-accumulation-R642,scryall_data_accumulation,642,Incorporate,incorporate,Keyword Action,,,,VERIFIED_NATIVE,Exact match in Scryfall catalog keyword-actions,Safe only as current native catalog fact.
scryall-data-accumulation-R643,scryall_data_accumulation,643,Incubate,incubate,Keyword Action,,,,VERIFIED_NATIVE,Exact match in Scryfall catalog keyword-actions,Safe only as current native catalog fact.
scryall-data-accumulation-R644,scryall_data_accumulation,644,Investigate,investigate,Keyword Action,,,,VERIFIED_NATIVE,Exact match in Scryfall catalog keyword-actions,Safe only as current native catalog fact.
scryall-data-accumulation-R645,scryall_data_accumulation,645,Learn,learn,Keyword Action,,,,VERIFIED_NATIVE,Exact match in Scryfall catalog keyword-actions,Safe only as current native catalog fact.
scryall-data-accumulation-R646,scryall_data_accumulation,646,Manifest,manifest,Keyword Action,,,,AMBIGUOUS,Same normalized term has multiple legitimate workbook meanings or mappings.,Add context-sensitive Plain Reading disambiguation; do not select a global winner.
scryall-data-accumulation-R647,scryall_data_accumulation,647,Manifest Dread,manifest dread,Keyword Action,,,,VERIFIED_NATIVE,Exact match in Scryfall catalog keyword-actions,Safe only as current native catalog fact.
scryall-data-accumulation-R648,scryall_data_accumulation,648,Meld,meld,Keyword Action,,,,AMBIGUOUS,Same normalized term has multiple legitimate workbook meanings or mappings.,Add context-sensitive Plain Reading disambiguation; do not select a global winner.
scryall-data-accumulation-R649,scryall_data_accumulation,649,Mill,mill,Keyword Action,,,,AMBIGUOUS,Same normalized term has multiple legitimate workbook meanings or mappings.,Add context-sensitive Plain Reading disambiguation; do not select a global winner.
scryall-data-accumulation-R650,scryall_data_accumulation,650,Monstrosity,monstrosity,Keyword Action,,,,AMBIGUOUS,Same normalized term has multiple legitimate workbook meanings or mappings.,Add context-sensitive Plain Reading disambiguation; do not select a global winner.
scryall-data-accumulation-R651,scryall_data_accumulation,651,Open an Attraction,open an attraction,Keyword Action,,,,VERIFIED_NATIVE,Exact match in Scryfall catalog keyword-actions,Safe only as current native catalog fact.
scryall-data-accumulation-R652,scryall_data_accumulation,652,Planeswalk,planeswalk,Keyword Action,,,,VERIFIED_NATIVE,Exact match in Scryfall catalog keyword-actions,Safe only as current native catalog fact.
scryall-data-accumulation-R653,scryall_data_accumulation,653,Play,play,Keyword Action,,,,VERIFIED_NATIVE,Exact match in Scryfall catalog keyword-actions,Safe only as current native catalog fact.
scryall-data-accumulation-R654,scryall_data_accumulation,654,Plot,plot,Keyword Action,,,,AMBIGUOUS,Same normalized term has multiple legitimate workbook meanings or mappings.,Add context-sensitive Plain Reading disambiguation; do not select a global winner.
scryall-data-accumulation-R655,scryall_data_accumulation,655,Populate,populate,Keyword Action,,,,AMBIGUOUS,Same normalized term has multiple legitimate workbook meanings or mappings.,Add context-sensitive Plain Reading disambiguation; do not select a global winner.
scryall-data-accumulation-R656,scryall_data_accumulation,656,Prepared,prepared,Keyword Action,,,,VERIFIED_NATIVE,Exact match in Scryfall catalog keyword-actions,Safe only as current native catalog fact.
scryall-data-accumulation-R657,scryall_data_accumulation,657,Proliferate,proliferate,Keyword Action,,,,AMBIGUOUS,Same normalized term has multiple legitimate workbook meanings or mappings.,Add context-sensitive Plain Reading disambiguation; do not select a global winner.
scryall-data-accumulation-R658,scryall_data_accumulation,658,Regenerate,regenerate,Keyword Action,,,,AMBIGUOUS,Same normalized term has multiple legitimate workbook meanings or mappings.,Add context-sensitive Plain Reading disambiguation; do not select a global winner.
scryall-data-accumulation-R659,scryall_data_accumulation,659,Reveal,reveal,Keyword Action,,,,VERIFIED_NATIVE,Exact match in Scryfall catalog keyword-actions,Safe only as current native catalog fact.
scryall-data-accumulation-R660,scryall_data_accumulation,660,Role token,role token,Keyword Action,,,,VERIFIED_NATIVE,Exact match in Scryfall catalog keyword-actions,Safe only as current native catalog fact.
scryall-data-accumulation-R661,scryall_data_accumulation,661,Roll to Visit Your Attractions,roll to visit your attractions,Keyword Action,,,,VERIFIED_NATIVE,Exact match in Scryfall catalog keyword-actions,Safe only as current native catalog fact.
scryall-data-accumulation-R662,scryall_data_accumulation,662,Sacrifice,sacrifice,Keyword Action,,,,AMBIGUOUS,Same normalized term has multiple legitimate workbook meanings or mappings.,Add context-sensitive Plain Reading disambiguation; do not select a global winner.
scryall-data-accumulation-R663,scryall_data_accumulation,663,Scry,scry,Keyword Action,,,,AMBIGUOUS,Same normalized term has multiple legitimate workbook meanings or mappings.,Add context-sensitive Plain Reading disambiguation; do not select a global winner.
scryall-data-accumulation-R664,scryall_data_accumulation,664,Search,search,Keyword Action,,,,STALE,No exact match in Scryfall catalog keyword-actions,Review stale/native mismatch before use.
scryall-data-accumulation-R665,scryall_data_accumulation,665,Seek,seek,Keyword Action,,,,VERIFIED_NATIVE,Exact match in Scryfall catalog keyword-actions,Safe only as current native catalog fact.
scryall-data-accumulation-R666,scryall_data_accumulation,666,Set in Motion,set in motion,Keyword Action,,,,VERIFIED_NATIVE,Exact match in Scryfall catalog keyword-actions,Safe only as current native catalog fact.
scryall-data-accumulation-R667,scryall_data_accumulation,667,Shuffle,shuffle,Keyword Action,,,,VERIFIED_NATIVE,Exact match in Scryfall catalog keyword-actions,Safe only as current native catalog fact.
scryall-data-accumulation-R668,scryall_data_accumulation,668,Support,support,Keyword Action,,,,AMBIGUOUS,Same normalized term has multiple legitimate workbook meanings or mappings.,Add context-sensitive Plain Reading disambiguation; do not select a global winner.
scryall-data-accumulation-R669,scryall_data_accumulation,669,Surveil,surveil,Keyword Action,,,,AMBIGUOUS,Same normalized term has multiple legitimate workbook meanings or mappings.,Add context-sensitive Plain Reading disambiguation; do not select a global winner.
scryall-data-accumulation-R670,scryall_data_accumulation,670,Suspect,suspect,Keyword Action,,,,VERIFIED_NATIVE,Exact match in Scryfall catalog keyword-actions,Safe only as current native catalog fact.
scryall-data-accumulation-R671,scryall_data_accumulation,671,Tap,tap,Keyword Action,,,,VERIFIED_NATIVE,Exact match in Scryfall catalog keyword-actions,Safe only as current native catalog fact.
scryall-data-accumulation-R672,scryall_data_accumulation,672,Tap and Untap,tap and untap,Keyword Action,,,,STALE,No exact match in Scryfall catalog keyword-actions,Review stale/native mismatch before use.
scryall-data-accumulation-R673,scryall_data_accumulation,673,The Ring Tempts You,the ring tempts you,Keyword Action,,,,STALE,No exact match in Scryfall catalog keyword-actions,Review stale/native mismatch before use.
scryall-data-accumulation-R674,scryall_data_accumulation,674,Time Travel,time travel,Keyword Action,,,,VERIFIED_NATIVE,Exact match in Scryfall catalog keyword-actions,Safe only as current native catalog fact.
scryall-data-accumulation-R675,scryall_data_accumulation,675,Transform,transform,Keyword Action,,,,AMBIGUOUS,Same normalized term has multiple legitimate workbook meanings or mappings.,Add context-sensitive Plain Reading disambiguation; do not select a global winner.
scryall-data-accumulation-R676,scryall_data_accumulation,676,Treasure,treasure,Keyword Action,,,,AMBIGUOUS,Same normalized term has multiple legitimate workbook meanings or mappings.,Add context-sensitive Plain Reading disambiguation; do not select a global winner.
scryall-data-accumulation-R677,scryall_data_accumulation,677,Triple,triple,Keyword Action,,,,VERIFIED_NATIVE,Exact match in Scryfall catalog keyword-actions,Safe only as current native catalog fact.
scryall-data-accumulation-R678,scryall_data_accumulation,678,Untap,untap,Keyword Action,,,,VERIFIED_NATIVE,Exact match in Scryfall catalog keyword-actions,Safe only as current native catalog fact.
scryall-data-accumulation-R679,scryall_data_accumulation,679,Venture into the Dungeon,venture into the dungeon,Keyword Action,,,,VERIFIED_NATIVE,Exact match in Scryfall catalog keyword-actions,Safe only as current native catalog fact.
scryall-data-accumulation-R680,scryall_data_accumulation,680,Vote,vote,Keyword Action,,,,VERIFIED_NATIVE,Exact match in Scryfall catalog keyword-actions,Safe only as current native catalog fact.
scryall-data-accumulation-R681,scryall_data_accumulation,681,Waterbend,waterbend,Keyword Action,,,,VERIFIED_NATIVE,Exact match in Scryfall catalog keyword-actions,Safe only as current native catalog fact.
scryall-data-accumulation-R682,scryall_data_accumulation,682,Flying,flying,Keyworded,,,,AMBIGUOUS,Same normalized term has multiple legitimate workbook meanings or mappings.,Add context-sensitive Plain Reading disambiguation; do not select a global winner.
scryall-data-accumulation-R683,scryall_data_accumulation,683,Fear,fear,Keyworded,,,,AMBIGUOUS,Same normalized term has multiple legitimate workbook meanings or mappings.,Add context-sensitive Plain Reading disambiguation; do not select a global winner.
scryall-data-accumulation-R684,scryall_data_accumulation,684,Intimidate,intimidate,Keyworded,,,,AMBIGUOUS,Same normalized term has multiple legitimate workbook meanings or mappings.,Add context-sensitive Plain Reading disambiguation; do not select a global winner.
scryall-data-accumulation-R685,scryall_data_accumulation,685,Horsemanship,horsemanship,Keyworded,,,,AMBIGUOUS,Same normalized term has multiple legitimate workbook meanings or mappings.,Add context-sensitive Plain Reading disambiguation; do not select a global winner.
scryall-data-accumulation-R686,scryall_data_accumulation,686,Skulk,skulk,Keyworded,,,,AMBIGUOUS,Same normalized term has multiple legitimate workbook meanings or mappings.,Add context-sensitive Plain Reading disambiguation; do not select a global winner.
scryall-data-accumulation-R687,scryall_data_accumulation,687,Shadow,shadow,Keyworded,,,,AMBIGUOUS,Same normalized term has multiple legitimate workbook meanings or mappings.,Add context-sensitive Plain Reading disambiguation; do not select a global winner.
scryall-data-accumulation-R688,scryall_data_accumulation,688,Menace,menace,Keyworded,,,,AMBIGUOUS,Same normalized term has multiple legitimate workbook meanings or mappings.,Add context-sensitive Plain Reading disambiguation; do not select a global winner.
scryall-data-accumulation-R689,scryall_data_accumulation,689,Landwalk,landwalk,Keyworded,,,,AMBIGUOUS,Same normalized term has multiple legitimate workbook meanings or mappings.,Add context-sensitive Plain Reading disambiguation; do not select a global winner.
scryall-data-accumulation-R690,scryall_data_accumulation,690,Protection from X,protection from x,Keyworded,,,,VERIFIED_INTERNAL,Workbook governance/schema/internal record; no external Scryfall fact required by this verifier.,Keep as internal workbook governance unless a later source authority says otherwise.
scryall-data-accumulation-R691,scryall_data_accumulation,691,Unblockable,unblockable,Unkeyworded (Colloquial),,,,VERIFIED_INTERNAL,Workbook governance/schema/internal record; no external Scryfall fact required by this verifier.,Keep as internal workbook governance unless a later source authority says otherwise.
scryall-data-accumulation-R692,scryall_data_accumulation,692,Burrowing,burrowing,Unkeyworded (Colloquial),,,,VERIFIED_INTERNAL,Workbook governance/schema/internal record; no external Scryfall fact required by this verifier.,Keep as internal workbook governance unless a later source authority says otherwise.
scryall-data-accumulation-R693,scryall_data_accumulation,693,Daunt,daunt,Unkeyworded (Colloquial),,,,VERIFIED_INTERNAL,Workbook governance/schema/internal record; no external Scryfall fact required by this verifier.,Keep as internal workbook governance unless a later source authority says otherwise.
scryall-data-accumulation-R694,scryall_data_accumulation,694,Gingerbrute ability,gingerbrute ability,Unkeyworded (Colloquial),,,,VERIFIED_INTERNAL,Workbook governance/schema/internal record; no external Scryfall fact required by this verifier.,Keep as internal workbook governance unless a later source authority says otherwise.
scryall-data-accumulation-R695,scryall_data_accumulation,695,Nimble,nimble,Unkeyworded (Colloquial),,,,VERIFIED_INTERNAL,Workbook governance/schema/internal record; no external Scryfall fact required by this verifier.,Keep as internal workbook governance unless a later source authority says otherwise.
scryall-data-accumulation-R696,scryall_data_accumulation,696,Afflict,afflict,Pseudo-evasion,,,,AMBIGUOUS,Same normalized term has multiple legitimate workbook meanings or mappings.,Add context-sensitive Plain Reading disambiguation; do not select a global winner.
scryall-data-accumulation-R697,scryall_data_accumulation,697,Trample,trample,Pseudo-evasion,,,,AMBIGUOUS,Same normalized term has multiple legitimate workbook meanings or mappings.,Add context-sensitive Plain Reading disambiguation; do not select a global winner.
scryall-data-accumulation-R698,scryall_data_accumulation,698,Unstoppable,unstoppable,Pseudo-evasion,,,,VERIFIED_INTERNAL,Workbook governance/schema/internal record; no external Scryfall fact required by this verifier.,Keep as internal workbook governance unless a later source authority says otherwise.
scryall-data-accumulation-R699,scryall_data_accumulation,699,Artifact,artifact,Card Type,,,,VERIFIED_NATIVE,Exact match in Scryfall catalog card-types,Safe only as current native catalog fact.
scryall-data-accumulation-R700,scryall_data_accumulation,700,Battle,battle,Card Type,,,,VERIFIED_NATIVE,Exact match in Scryfall catalog card-types,Safe only as current native catalog fact.
scryall-data-accumulation-R701,scryall_data_accumulation,701,Boss,boss,Card Type,,,,VERIFIED_NATIVE,Exact match in Scryfall catalog card-types,Safe only as current native catalog fact.
scryall-data-accumulation-R702,scryall_data_accumulation,702,Conspiracy,conspiracy,Card Type,,,,VERIFIED_NATIVE,Exact match in Scryfall catalog card-types,Safe only as current native catalog fact.
scryall-data-accumulation-R703,scryall_data_accumulation,703,Creature,creature,Card Type,,,,VERIFIED_NATIVE,Exact match in Scryfall catalog card-types,Safe only as current native catalog fact.
scryall-data-accumulation-R704,scryall_data_accumulation,704,Dungeon,dungeon,Card Type,,,,AMBIGUOUS,Same normalized term has multiple legitimate workbook meanings or mappings.,Add context-sensitive Plain Reading disambiguation; do not select a global winner.
scryall-data-accumulation-R705,scryall_data_accumulation,705,Emblem,emblem,Card Type,,,,VERIFIED_NATIVE,Exact match in Scryfall catalog card-types,Safe only as current native catalog fact.
scryall-data-accumulation-R706,scryall_data_accumulation,706,Enchantment,enchantment,Card Type,,,,VERIFIED_NATIVE,Exact match in Scryfall catalog card-types,Safe only as current native catalog fact.
scryall-data-accumulation-R707,scryall_data_accumulation,707,Event,event,Card Type,,,,VERIFIED_NATIVE,Exact match in Scryfall catalog card-types,Safe only as current native catalog fact.
scryall-data-accumulation-R708,scryall_data_accumulation,708,Hero,hero,Card Type,,,,AMBIGUOUS,Same normalized term has multiple legitimate workbook meanings or mappings.,Add context-sensitive Plain Reading disambiguation; do not select a global winner.
scryall-data-accumulation-R709,scryall_data_accumulation,709,Instant,instant,Card Type,,,,VERIFIED_NATIVE,Exact match in Scryfall catalog card-types,Safe only as current native catalog fact.
scryall-data-accumulation-R710,scryall_data_accumulation,710,Kindred,kindred,Card Type,,,,VERIFIED_NATIVE,Exact match in Scryfall catalog card-types,Safe only as current native catalog fact.
scryall-data-accumulation-R711,scryall_data_accumulation,711,Land,land,Card Type,,,,VERIFIED_NATIVE,Exact match in Scryfall catalog card-types,Safe only as current native catalog fact.
scryall-data-accumulation-R712,scryall_data_accumulation,712,Phenomenon,phenomenon,Card Type,,,,VERIFIED_NATIVE,Exact match in Scryfall catalog card-types,Safe only as current native catalog fact.
scryall-data-accumulation-R713,scryall_data_accumulation,713,Plane,plane,Card Type,,,,VERIFIED_NATIVE,Exact match in Scryfall catalog card-types,Safe only as current native catalog fact.
scryall-data-accumulation-R714,scryall_data_accumulation,714,Planeswalker,planeswalker,Card Type,,,,VERIFIED_NATIVE,Exact match in Scryfall catalog card-types,Safe only as current native catalog fact.
scryall-data-accumulation-R715,scryall_data_accumulation,715,Scheme,scheme,Card Type,,,,VERIFIED_NATIVE,Exact match in Scryfall catalog card-types,Safe only as current native catalog fact.
scryall-data-accumulation-R716,scryall_data_accumulation,716,Sorcery,sorcery,Card Type,,,,VERIFIED_NATIVE,Exact match in Scryfall catalog card-types,Safe only as current native catalog fact.
scryall-data-accumulation-R717,scryall_data_accumulation,717,Vanguard,vanguard,Card Type,,,,VERIFIED_NATIVE,Exact match in Scryfall catalog card-types,Safe only as current native catalog fact.
scryall-data-accumulation-R718,scryall_data_accumulation,718,Basic,basic,Supertype,,,,VERIFIED_NATIVE,Exact match in Scryfall catalog supertypes,Safe only as current native catalog fact.
scryall-data-accumulation-R719,scryall_data_accumulation,719,Elite,elite,Supertype,,,,VERIFIED_NATIVE,Exact match in Scryfall catalog supertypes,Safe only as current native catalog fact.
scryall-data-accumulation-R720,scryall_data_accumulation,720,Legendary,legendary,Supertype,,,,VERIFIED_NATIVE,Exact match in Scryfall catalog supertypes,Safe only as current native catalog fact.
scryall-data-accumulation-R721,scryall_data_accumulation,721,Ongoing,ongoing,Supertype,,,,VERIFIED_NATIVE,Exact match in Scryfall catalog supertypes,Safe only as current native catalog fact.
scryall-data-accumulation-R722,scryall_data_accumulation,722,Snow,snow,Supertype,,,,VERIFIED_NATIVE,Exact match in Scryfall catalog supertypes,Safe only as current native catalog fact.
scryall-data-accumulation-R723,scryall_data_accumulation,723,Token,token,Supertype,,,,VERIFIED_NATIVE,Exact match in Scryfall catalog supertypes,Safe only as current native catalog fact.
scryall-data-accumulation-R724,scryall_data_accumulation,724,World,world,Supertype,,,,VERIFIED_NATIVE,Exact match in Scryfall catalog supertypes,Safe only as current native catalog fact.
scryall-data-accumulation-R725,scryall_data_accumulation,725,Attraction,attraction,Artifact Type,,,,VERIFIED_NATIVE,Exact match in Scryfall catalog artifact-types,Safe only as current native catalog fact.
scryall-data-accumulation-R726,scryall_data_accumulation,726,Blood,blood,Artifact Type,,,,VERIFIED_NATIVE,Exact match in Scryfall catalog artifact-types,Safe only as current native catalog fact.
scryall-data-accumulation-R727,scryall_data_accumulation,727,Bobblehead,bobblehead,Artifact Type,,,,VERIFIED_NATIVE,Exact match in Scryfall catalog artifact-types,Safe only as current native catalog fact.
scryall-data-accumulation-R728,scryall_data_accumulation,728,Book,book,Artifact Type,,,,VERIFIED_NATIVE,Exact match in Scryfall catalog artifact-types,Safe only as current native catalog fact.
scryall-data-accumulation-R729,scryall_data_accumulation,729,Clue,clue,Artifact Type,,,,VERIFIED_NATIVE,Exact match in Scryfall catalog artifact-types,Safe only as current native catalog fact.
scryall-data-accumulation-R730,scryall_data_accumulation,730,Contraption,contraption,Artifact Type,,,,VERIFIED_NATIVE,Exact match in Scryfall catalog artifact-types,Safe only as current native catalog fact.
scryall-data-accumulation-R731,scryall_data_accumulation,731,Equipment,equipment,Artifact Type,,,,AMBIGUOUS,Same normalized term has multiple legitimate workbook meanings or mappings.,Add context-sensitive Plain Reading disambiguation; do not select a global winner.
scryall-data-accumulation-R732,scryall_data_accumulation,732,Food,food,Artifact Type,,,,AMBIGUOUS,Same normalized term has multiple legitimate workbook meanings or mappings.,Add context-sensitive Plain Reading disambiguation; do not select a global winner.
scryall-data-accumulation-R733,scryall_data_accumulation,733,Fortification,fortification,Artifact Type,,,,VERIFIED_NATIVE,Exact match in Scryfall catalog artifact-types,Safe only as current native catalog fact.
scryall-data-accumulation-R734,scryall_data_accumulation,734,Gold,gold,Artifact Type,,,,VERIFIED_NATIVE,Exact match in Scryfall catalog artifact-types,Safe only as current native catalog fact.
scryall-data-accumulation-R735,scryall_data_accumulation,735,Incubator,incubator,Artifact Type,,,,VERIFIED_NATIVE,Exact match in Scryfall catalog artifact-types,Safe only as current native catalog fact.
scryall-data-accumulation-R736,scryall_data_accumulation,736,Infinity,infinity,Artifact Type,,,,VERIFIED_NATIVE,Exact match in Scryfall catalog artifact-types,Safe only as current native catalog fact.
scryall-data-accumulation-R737,scryall_data_accumulation,737,Junk,junk,Artifact Type,,,,VERIFIED_NATIVE,Exact match in Scryfall catalog artifact-types,Safe only as current native catalog fact.
scryall-data-accumulation-R738,scryall_data_accumulation,738,Map,map,Artifact Type,,,,VERIFIED_NATIVE,Exact match in Scryfall catalog artifact-types,Safe only as current native catalog fact.
scryall-data-accumulation-R739,scryall_data_accumulation,739,Powerstone,powerstone,Artifact Type,,,,VERIFIED_NATIVE,Exact match in Scryfall catalog artifact-types,Safe only as current native catalog fact.
scryall-data-accumulation-R740,scryall_data_accumulation,740,Spacecraft,spacecraft,Artifact Type,,,,VERIFIED_NATIVE,Exact match in Scryfall catalog artifact-types,Safe only as current native catalog fact.
scryall-data-accumulation-R741,scryall_data_accumulation,741,Stone,stone,Artifact Type,,,,VERIFIED_NATIVE,Exact match in Scryfall catalog artifact-types,Safe only as current native catalog fact.
scryall-data-accumulation-R742,scryall_data_accumulation,742,Terminus,terminus,Artifact Type,,,,VERIFIED_NATIVE,Exact match in Scryfall catalog artifact-types,Safe only as current native catalog fact.
scryall-data-accumulation-R743,scryall_data_accumulation,743,Treasure,treasure,Artifact Type,,,,AMBIGUOUS,Same normalized term has multiple legitimate workbook meanings or mappings.,Add context-sensitive Plain Reading disambiguation; do not select a global winner.
scryall-data-accumulation-R744,scryall_data_accumulation,744,Vehicle,vehicle,Artifact Type,,,,VERIFIED_NATIVE,Exact match in Scryfall catalog artifact-types,Safe only as current native catalog fact.
scryall-data-accumulation-R745,scryall_data_accumulation,745,Aura,aura,Enchantment Type,,,,VERIFIED_NATIVE,Exact match in Scryfall catalog enchantment-types,Safe only as current native catalog fact.
scryall-data-accumulation-R746,scryall_data_accumulation,746,Background,background,Enchantment Type,,,,VERIFIED_NATIVE,Exact match in Scryfall catalog enchantment-types,Safe only as current native catalog fact.
scryall-data-accumulation-R747,scryall_data_accumulation,747,Cartouche,cartouche,Enchantment Type,,,,VERIFIED_NATIVE,Exact match in Scryfall catalog enchantment-types,Safe only as current native catalog fact.
scryall-data-accumulation-R748,scryall_data_accumulation,748,Case,case,Enchantment Type,,,,VERIFIED_NATIVE,Exact match in Scryfall catalog enchantment-types,Safe only as current native catalog fact.
scryall-data-accumulation-R749,scryall_data_accumulation,749,Class,class,Enchantment Type,,,,VERIFIED_NATIVE,Exact match in Scryfall catalog enchantment-types,Safe only as current native catalog fact.
scryall-data-accumulation-R750,scryall_data_accumulation,750,Curse,curse,Enchantment Type,,,,VERIFIED_NATIVE,Exact match in Scryfall catalog enchantment-types,Safe only as current native catalog fact.
scryall-data-accumulation-R751,scryall_data_accumulation,751,Plan,plan,Enchantment Type,,,,VERIFIED_NATIVE,Exact match in Scryfall catalog enchantment-types,Safe only as current native catalog fact.
scryall-data-accumulation-R752,scryall_data_accumulation,752,Role,role,Enchantment Type,,,,VERIFIED_NATIVE,Exact match in Scryfall catalog enchantment-types,Safe only as current native catalog fact.
scryall-data-accumulation-R753,scryall_data_accumulation,753,Room,room,Enchantment Type,,,,VERIFIED_NATIVE,Exact match in Scryfall catalog enchantment-types,Safe only as current native catalog fact.
scryall-data-accumulation-R754,scryall_data_accumulation,754,Rune,rune,Enchantment Type,,,,VERIFIED_NATIVE,Exact match in Scryfall catalog enchantment-types,Safe only as current native catalog fact.
scryall-data-accumulation-R755,scryall_data_accumulation,755,Saga,saga,Enchantment Type,,,,VERIFIED_NATIVE,Exact match in Scryfall catalog enchantment-types,Safe only as current native catalog fact.
scryall-data-accumulation-R756,scryall_data_accumulation,756,Shard,shard,Enchantment Type,,,,VERIFIED_NATIVE,Exact match in Scryfall catalog enchantment-types,Safe only as current native catalog fact.
scryall-data-accumulation-R757,scryall_data_accumulation,757,Shrine,shrine,Enchantment Type,,,,VERIFIED_NATIVE,Exact match in Scryfall catalog enchantment-types,Safe only as current native catalog fact.
scryall-data-accumulation-R758,scryall_data_accumulation,758,Cave,cave,Land Type,,,,VERIFIED_NATIVE,Exact match in Scryfall catalog land-types,Safe only as current native catalog fact.
scryall-data-accumulation-R759,scryall_data_accumulation,759,Cloud,cloud,Land Type,,,,VERIFIED_NATIVE,Exact match in Scryfall catalog land-types,Safe only as current native catalog fact.
scryall-data-accumulation-R760,scryall_data_accumulation,760,Desert,desert,Land Type,,,,VERIFIED_NATIVE,Exact match in Scryfall catalog land-types,Safe only as current native catalog fact.
scryall-data-accumulation-R761,scryall_data_accumulation,761,Forest,forest,Land Type,,,,VERIFIED_NATIVE,Exact match in Scryfall catalog land-types,Safe only as current native catalog fact.
scryall-data-accumulation-R762,scryall_data_accumulation,762,Gate,gate,Land Type,,,,VERIFIED_NATIVE,Exact match in Scryfall catalog land-types,Safe only as current native catalog fact.
scryall-data-accumulation-R763,scryall_data_accumulation,763,Island,island,Land Type,,,,VERIFIED_NATIVE,Exact match in Scryfall catalog land-types,Safe only as current native catalog fact.
scryall-data-accumulation-R764,scryall_data_accumulation,764,Lair,lair,Land Type,,,,VERIFIED_NATIVE,Exact match in Scryfall catalog land-types,Safe only as current native catalog fact.
scryall-data-accumulation-R765,scryall_data_accumulation,765,Locus,locus,Land Type,,,,VERIFIED_NATIVE,Exact match in Scryfall catalog land-types,Safe only as current native catalog fact.
scryall-data-accumulation-R766,scryall_data_accumulation,766,Mine,mine,Land Type,,,,VERIFIED_NATIVE,Exact match in Scryfall catalog land-types,Safe only as current native catalog fact.
scryall-data-accumulation-R767,scryall_data_accumulation,767,Mountain,mountain,Land Type,,,,VERIFIED_NATIVE,Exact match in Scryfall catalog land-types,Safe only as current native catalog fact.
scryall-data-accumulation-R768,scryall_data_accumulation,768,Plains,plains,Land Type,,,,VERIFIED_NATIVE,Exact match in Scryfall catalog land-types,Safe only as current native catalog fact.
scryall-data-accumulation-R769,scryall_data_accumulation,769,Planet,planet,Land Type,,,,VERIFIED_NATIVE,Exact match in Scryfall catalog land-types,Safe only as current native catalog fact.
scryall-data-accumulation-R770,scryall_data_accumulation,770,Power-Plant,power-plant,Land Type,,,,VERIFIED_NATIVE,Exact match in Scryfall catalog land-types,Safe only as current native catalog fact.
scryall-data-accumulation-R771,scryall_data_accumulation,771,Sphere,sphere,Land Type,,,,VERIFIED_NATIVE,Exact match in Scryfall catalog land-types,Safe only as current native catalog fact.
scryall-data-accumulation-R772,scryall_data_accumulation,772,Swamp,swamp,Land Type,,,,VERIFIED_NATIVE,Exact match in Scryfall catalog land-types,Safe only as current native catalog fact.
scryall-data-accumulation-R773,scryall_data_accumulation,773,Tower,tower,Land Type,,,,VERIFIED_NATIVE,Exact match in Scryfall catalog land-types,Safe only as current native catalog fact.
scryall-data-accumulation-R774,scryall_data_accumulation,774,Town,town,Land Type,,,,VERIFIED_NATIVE,Exact match in Scryfall catalog land-types,Safe only as current native catalog fact.
scryall-data-accumulation-R775,scryall_data_accumulation,775,Urza's,urza's,Land Type,,,,VERIFIED_NATIVE,Exact match in Scryfall catalog land-types,Safe only as current native catalog fact.
scryall-data-accumulation-R776,scryall_data_accumulation,776,Adventure,adventure,Spell Type,,,,VERIFIED_NATIVE,Exact match in Scryfall catalog spell-types,Safe only as current native catalog fact.
scryall-data-accumulation-R777,scryall_data_accumulation,777,Arcane,arcane,Spell Type,,,,VERIFIED_NATIVE,Exact match in Scryfall catalog spell-types,Safe only as current native catalog fact.
scryall-data-accumulation-R778,scryall_data_accumulation,778,Chorus,chorus,Spell Type,,,,VERIFIED_NATIVE,Exact match in Scryfall catalog spell-types,Safe only as current native catalog fact.
scryall-data-accumulation-R779,scryall_data_accumulation,779,Lesson,lesson,Spell Type,,,,VERIFIED_NATIVE,Exact match in Scryfall catalog spell-types,Safe only as current native catalog fact.
scryall-data-accumulation-R780,scryall_data_accumulation,780,Omen,omen,Spell Type,,,,VERIFIED_NATIVE,Exact match in Scryfall catalog spell-types,Safe only as current native catalog fact.
scryall-data-accumulation-R781,scryall_data_accumulation,781,Trap,trap,Spell Type,,,,VERIFIED_NATIVE,Exact match in Scryfall catalog spell-types,Safe only as current native catalog fact.
scryall-data-accumulation-R782,scryall_data_accumulation,782,Abian,abian,Planeswalker Type,,,,VERIFIED_NATIVE,Exact match in Scryfall catalog planeswalker-types,Safe only as current native catalog fact.
scryall-data-accumulation-R783,scryall_data_accumulation,783,Ajani,ajani,Planeswalker Type,,,,VERIFIED_NATIVE,Exact match in Scryfall catalog planeswalker-types,Safe only as current native catalog fact.
scryall-data-accumulation-R784,scryall_data_accumulation,784,Aminatou,aminatou,Planeswalker Type,,,,VERIFIED_NATIVE,Exact match in Scryfall catalog planeswalker-types,Safe only as current native catalog fact.
scryall-data-accumulation-R785,scryall_data_accumulation,785,Angrath,angrath,Planeswalker Type,,,,VERIFIED_NATIVE,Exact match in Scryfall catalog planeswalker-types,Safe only as current native catalog fact.
scryall-data-accumulation-R786,scryall_data_accumulation,786,Arlinn,arlinn,Planeswalker Type,,,,VERIFIED_NATIVE,Exact match in Scryfall catalog planeswalker-types,Safe only as current native catalog fact.
scryall-data-accumulation-R787,scryall_data_accumulation,787,Ashiok,ashiok,Planeswalker Type,,,,VERIFIED_NATIVE,Exact match in Scryfall catalog planeswalker-types,Safe only as current native catalog fact.
scryall-data-accumulation-R788,scryall_data_accumulation,788,B.O.B.,b.o.b.,Planeswalker Type,,,,VERIFIED_NATIVE,Exact match in Scryfall catalog planeswalker-types,Safe only as current native catalog fact.
scryall-data-accumulation-R789,scryall_data_accumulation,789,Bahamut,bahamut,Planeswalker Type,,,,VERIFIED_NATIVE,Exact match in Scryfall catalog planeswalker-types,Safe only as current native catalog fact.
scryall-data-accumulation-R790,scryall_data_accumulation,790,Basri,basri,Planeswalker Type,,,,VERIFIED_NATIVE,Exact match in Scryfall catalog planeswalker-types,Safe only as current native catalog fact.
scryall-data-accumulation-R791,scryall_data_accumulation,791,Bolas,bolas,Planeswalker Type,,,,VERIFIED_NATIVE,Exact match in Scryfall catalog planeswalker-types,Safe only as current native catalog fact.
scryall-data-accumulation-R792,scryall_data_accumulation,792,Calix,calix,Planeswalker Type,,,,VERIFIED_NATIVE,Exact match in Scryfall catalog planeswalker-types,Safe only as current native catalog fact.
scryall-data-accumulation-R793,scryall_data_accumulation,793,Chandra,chandra,Planeswalker Type,,,,VERIFIED_NATIVE,Exact match in Scryfall catalog planeswalker-types,Safe only as current native catalog fact.
scryall-data-accumulation-R794,scryall_data_accumulation,794,Comet,comet,Planeswalker Type,,,,VERIFIED_NATIVE,Exact match in Scryfall catalog planeswalker-types,Safe only as current native catalog fact.
scryall-data-accumulation-R795,scryall_data_accumulation,795,Dack,dack,Planeswalker Type,,,,VERIFIED_NATIVE,Exact match in Scryfall catalog planeswalker-types,Safe only as current native catalog fact.
scryall-data-accumulation-R796,scryall_data_accumulation,796,Dakkon,dakkon,Planeswalker Type,,,,VERIFIED_NATIVE,Exact match in Scryfall catalog planeswalker-types,Safe only as current native catalog fact.
scryall-data-accumulation-R797,scryall_data_accumulation,797,Daretti,daretti,Planeswalker Type,,,,VERIFIED_NATIVE,Exact match in Scryfall catalog planeswalker-types,Safe only as current native catalog fact.
scryall-data-accumulation-R798,scryall_data_accumulation,798,Davriel,davriel,Planeswalker Type,,,,VERIFIED_NATIVE,Exact match in Scryfall catalog planeswalker-types,Safe only as current native catalog fact.
scryall-data-accumulation-R799,scryall_data_accumulation,799,Deb,deb,Planeswalker Type,,,,VERIFIED_NATIVE,Exact match in Scryfall catalog planeswalker-types,Safe only as current native catalog fact.
scryall-data-accumulation-R800,scryall_data_accumulation,800,Dellian,dellian,Planeswalker Type,,,,VERIFIED_NATIVE,Exact match in Scryfall catalog planeswalker-types,Safe only as current native catalog fact.
scryall-data-accumulation-R801,scryall_data_accumulation,801,Dihada,dihada,Planeswalker Type,,,,VERIFIED_NATIVE,Exact match in Scryfall catalog planeswalker-types,Safe only as current native catalog fact.
scryall-data-accumulation-R802,scryall_data_accumulation,802,Domri,domri,Planeswalker Type,,,,VERIFIED_NATIVE,Exact match in Scryfall catalog planeswalker-types,Safe only as current native catalog fact.
scryall-data-accumulation-R803,scryall_data_accumulation,803,Dovin,dovin,Planeswalker Type,,,,VERIFIED_NATIVE,Exact match in Scryfall catalog planeswalker-types,Safe only as current native catalog fact.
scryall-data-accumulation-R804,scryall_data_accumulation,804,Duck,duck,Planeswalker Type,,,,VERIFIED_NATIVE,Exact match in Scryfall catalog planeswalker-types,Safe only as current native catalog fact.
scryall-data-accumulation-R805,scryall_data_accumulation,805,Dungeon,dungeon,Planeswalker Type,,,,AMBIGUOUS,Same normalized term has multiple legitimate workbook meanings or mappings.,Add context-sensitive Plain Reading disambiguation; do not select a global winner.
scryall-data-accumulation-R806,scryall_data_accumulation,806,Ellywick,ellywick,Planeswalker Type,,,,VERIFIED_NATIVE,Exact match in Scryfall catalog planeswalker-types,Safe only as current native catalog fact.
scryall-data-accumulation-R807,scryall_data_accumulation,807,Elminster,elminster,Planeswalker Type,,,,VERIFIED_NATIVE,Exact match in Scryfall catalog planeswalker-types,Safe only as current native catalog fact.
scryall-data-accumulation-R808,scryall_data_accumulation,808,Elspeth,elspeth,Planeswalker Type,,,,VERIFIED_NATIVE,Exact match in Scryfall catalog planeswalker-types,Safe only as current native catalog fact.
scryall-data-accumulation-R809,scryall_data_accumulation,809,Ersta,ersta,Planeswalker Type,,,,VERIFIED_NATIVE,Exact match in Scryfall catalog planeswalker-types,Safe only as current native catalog fact.
scryall-data-accumulation-R810,scryall_data_accumulation,810,Estrid,estrid,Planeswalker Type,,,,VERIFIED_NATIVE,Exact match in Scryfall catalog planeswalker-types,Safe only as current native catalog fact.
scryall-data-accumulation-R811,scryall_data_accumulation,811,Freyalise,freyalise,Planeswalker Type,,,,VERIFIED_NATIVE,Exact match in Scryfall catalog planeswalker-types,Safe only as current native catalog fact.
scryall-data-accumulation-R812,scryall_data_accumulation,812,Garruk,garruk,Planeswalker Type,,,,VERIFIED_NATIVE,Exact match in Scryfall catalog planeswalker-types,Safe only as current native catalog fact.
scryall-data-accumulation-R813,scryall_data_accumulation,813,Gideon,gideon,Planeswalker Type,,,,VERIFIED_NATIVE,Exact match in Scryfall catalog planeswalker-types,Safe only as current native catalog fact.
scryall-data-accumulation-R814,scryall_data_accumulation,814,Grist,grist,Planeswalker Type,,,,VERIFIED_NATIVE,Exact match in Scryfall catalog planeswalker-types,Safe only as current native catalog fact.
scryall-data-accumulation-R815,scryall_data_accumulation,815,Guff,guff,Planeswalker Type,,,,VERIFIED_NATIVE,Exact match in Scryfall catalog planeswalker-types,Safe only as current native catalog fact.
scryall-data-accumulation-R816,scryall_data_accumulation,816,Huatli,huatli,Planeswalker Type,,,,VERIFIED_NATIVE,Exact match in Scryfall catalog planeswalker-types,Safe only as current native catalog fact.
scryall-data-accumulation-R817,scryall_data_accumulation,817,Inzerva,inzerva,Planeswalker Type,,,,VERIFIED_NATIVE,Exact match in Scryfall catalog planeswalker-types,Safe only as current native catalog fact.
scryall-data-accumulation-R818,scryall_data_accumulation,818,Jace,jace,Planeswalker Type,,,,VERIFIED_NATIVE,Exact match in Scryfall catalog planeswalker-types,Safe only as current native catalog fact.
scryall-data-accumulation-R819,scryall_data_accumulation,819,Jared,jared,Planeswalker Type,,,,VERIFIED_NATIVE,Exact match in Scryfall catalog planeswalker-types,Safe only as current native catalog fact.
scryall-data-accumulation-R820,scryall_data_accumulation,820,Jaya,jaya,Planeswalker Type,,,,VERIFIED_NATIVE,Exact match in Scryfall catalog planeswalker-types,Safe only as current native catalog fact.
scryall-data-accumulation-R821,scryall_data_accumulation,821,Jeska,jeska,Planeswalker Type,,,,VERIFIED_NATIVE,Exact match in Scryfall catalog planeswalker-types,Safe only as current native catalog fact.
scryall-data-accumulation-R822,scryall_data_accumulation,822,Kaito,kaito,Planeswalker Type,,,,VERIFIED_NATIVE,Exact match in Scryfall catalog planeswalker-types,Safe only as current native catalog fact.
scryall-data-accumulation-R823,scryall_data_accumulation,823,Karn,karn,Planeswalker Type,,,,VERIFIED_NATIVE,Exact match in Scryfall catalog planeswalker-types,Safe only as current native catalog fact.
scryall-data-accumulation-R824,scryall_data_accumulation,824,Kasmina,kasmina,Planeswalker Type,,,,VERIFIED_NATIVE,Exact match in Scryfall catalog planeswalker-types,Safe only as current native catalog fact.
scryall-data-accumulation-R825,scryall_data_accumulation,825,Kaya,kaya,Planeswalker Type,,,,VERIFIED_NATIVE,Exact match in Scryfall catalog planeswalker-types,Safe only as current native catalog fact.
scryall-data-accumulation-R826,scryall_data_accumulation,826,Kiora,kiora,Planeswalker Type,,,,VERIFIED_NATIVE,Exact match in Scryfall catalog planeswalker-types,Safe only as current native catalog fact.
scryall-data-accumulation-R827,scryall_data_accumulation,827,Koth,koth,Planeswalker Type,,,,VERIFIED_NATIVE,Exact match in Scryfall catalog planeswalker-types,Safe only as current native catalog fact.
scryall-data-accumulation-R828,scryall_data_accumulation,828,Liliana,liliana,Planeswalker Type,,,,VERIFIED_NATIVE,Exact match in Scryfall catalog planeswalker-types,Safe only as current native catalog fact.
scryall-data-accumulation-R829,scryall_data_accumulation,829,Lolth,lolth,Planeswalker Type,,,,VERIFIED_NATIVE,Exact match in Scryfall catalog planeswalker-types,Safe only as current native catalog fact.
scryall-data-accumulation-R830,scryall_data_accumulation,830,Lukka,lukka,Planeswalker Type,,,,VERIFIED_NATIVE,Exact match in Scryfall catalog planeswalker-types,Safe only as current native catalog fact.
scryall-data-accumulation-R831,scryall_data_accumulation,831,Luxior,luxior,Planeswalker Type,,,,VERIFIED_NATIVE,Exact match in Scryfall catalog planeswalker-types,Safe only as current native catalog fact.
scryall-data-accumulation-R832,scryall_data_accumulation,832,Master,master,Planeswalker Type,,,,VERIFIED_NATIVE,Exact match in Scryfall catalog planeswalker-types,Safe only as current native catalog fact.
scryall-data-accumulation-R833,scryall_data_accumulation,833,Minsc,minsc,Planeswalker Type,,,,VERIFIED_NATIVE,Exact match in Scryfall catalog planeswalker-types,Safe only as current native catalog fact.
scryall-data-accumulation-R834,scryall_data_accumulation,834,Monopoly,monopoly,Planeswalker Type,,,,VERIFIED_NATIVE,Exact match in Scryfall catalog planeswalker-types,Safe only as current native catalog fact.
scryall-data-accumulation-R835,scryall_data_accumulation,835,Mordenkainen,mordenkainen,Planeswalker Type,,,,VERIFIED_NATIVE,Exact match in Scryfall catalog planeswalker-types,Safe only as current native catalog fact.
scryall-data-accumulation-R836,scryall_data_accumulation,836,Nahiri,nahiri,Planeswalker Type,,,,VERIFIED_NATIVE,Exact match in Scryfall catalog planeswalker-types,Safe only as current native catalog fact.
scryall-data-accumulation-R837,scryall_data_accumulation,837,Narset,narset,Planeswalker Type,,,,VERIFIED_NATIVE,Exact match in Scryfall catalog planeswalker-types,Safe only as current native catalog fact.
scryall-data-accumulation-R838,scryall_data_accumulation,838,Niko,niko,Planeswalker Type,,,,VERIFIED_NATIVE,Exact match in Scryfall catalog planeswalker-types,Safe only as current native catalog fact.
scryall-data-accumulation-R839,scryall_data_accumulation,839,Nissa,nissa,Planeswalker Type,,,,VERIFIED_NATIVE,Exact match in Scryfall catalog planeswalker-types,Safe only as current native catalog fact.
scryall-data-accumulation-R840,scryall_data_accumulation,840,Nixilis,nixilis,Planeswalker Type,,,,VERIFIED_NATIVE,Exact match in Scryfall catalog planeswalker-types,Safe only as current native catalog fact.
scryall-data-accumulation-R841,scryall_data_accumulation,841,Oko,oko,Planeswalker Type,,,,VERIFIED_NATIVE,Exact match in Scryfall catalog planeswalker-types,Safe only as current native catalog fact.
scryall-data-accumulation-R842,scryall_data_accumulation,842,Quintorius,quintorius,Planeswalker Type,,,,VERIFIED_NATIVE,Exact match in Scryfall catalog planeswalker-types,Safe only as current native catalog fact.
scryall-data-accumulation-R843,scryall_data_accumulation,843,Ral,ral,Planeswalker Type,,,,VERIFIED_NATIVE,Exact match in Scryfall catalog planeswalker-types,Safe only as current native catalog fact.
scryall-data-accumulation-R844,scryall_data_accumulation,844,Rowan,rowan,Planeswalker Type,,,,VERIFIED_NATIVE,Exact match in Scryfall catalog planeswalker-types,Safe only as current native catalog fact.
scryall-data-accumulation-R845,scryall_data_accumulation,845,Saheeli,saheeli,Planeswalker Type,,,,VERIFIED_NATIVE,Exact match in Scryfall catalog planeswalker-types,Safe only as current native catalog fact.
scryall-data-accumulation-R846,scryall_data_accumulation,846,Samut,samut,Planeswalker Type,,,,VERIFIED_NATIVE,Exact match in Scryfall catalog planeswalker-types,Safe only as current native catalog fact.
scryall-data-accumulation-R847,scryall_data_accumulation,847,Sarkhan,sarkhan,Planeswalker Type,,,,VERIFIED_NATIVE,Exact match in Scryfall catalog planeswalker-types,Safe only as current native catalog fact.
scryall-data-accumulation-R848,scryall_data_accumulation,848,Serra,serra,Planeswalker Type,,,,VERIFIED_NATIVE,Exact match in Scryfall catalog planeswalker-types,Safe only as current native catalog fact.
scryall-data-accumulation-R849,scryall_data_accumulation,849,Sivitri,sivitri,Planeswalker Type,,,,VERIFIED_NATIVE,Exact match in Scryfall catalog planeswalker-types,Safe only as current native catalog fact.
scryall-data-accumulation-R850,scryall_data_accumulation,850,Sorin,sorin,Planeswalker Type,,,,VERIFIED_NATIVE,Exact match in Scryfall catalog planeswalker-types,Safe only as current native catalog fact.
scryall-data-accumulation-R851,scryall_data_accumulation,851,Svega,svega,Planeswalker Type,,,,VERIFIED_NATIVE,Exact match in Scryfall catalog planeswalker-types,Safe only as current native catalog fact.
scryall-data-accumulation-R852,scryall_data_accumulation,852,Szat,szat,Planeswalker Type,,,,VERIFIED_NATIVE,Exact match in Scryfall catalog planeswalker-types,Safe only as current native catalog fact.
scryall-data-accumulation-R853,scryall_data_accumulation,853,Tamiyo,tamiyo,Planeswalker Type,,,,VERIFIED_NATIVE,Exact match in Scryfall catalog planeswalker-types,Safe only as current native catalog fact.
scryall-data-accumulation-R854,scryall_data_accumulation,854,Tasha,tasha,Planeswalker Type,,,,VERIFIED_NATIVE,Exact match in Scryfall catalog planeswalker-types,Safe only as current native catalog fact.
scryall-data-accumulation-R855,scryall_data_accumulation,855,Teferi,teferi,Planeswalker Type,,,,VERIFIED_NATIVE,Exact match in Scryfall catalog planeswalker-types,Safe only as current native catalog fact.
scryall-data-accumulation-R856,scryall_data_accumulation,856,Teyo,teyo,Planeswalker Type,,,,VERIFIED_NATIVE,Exact match in Scryfall catalog planeswalker-types,Safe only as current native catalog fact.
scryall-data-accumulation-R857,scryall_data_accumulation,857,Tezzeret,tezzeret,Planeswalker Type,,,,VERIFIED_NATIVE,Exact match in Scryfall catalog planeswalker-types,Safe only as current native catalog fact.
scryall-data-accumulation-R858,scryall_data_accumulation,858,Tibalt,tibalt,Planeswalker Type,,,,VERIFIED_NATIVE,Exact match in Scryfall catalog planeswalker-types,Safe only as current native catalog fact.
scryall-data-accumulation-R859,scryall_data_accumulation,859,Tyvar,tyvar,Planeswalker Type,,,,VERIFIED_NATIVE,Exact match in Scryfall catalog planeswalker-types,Safe only as current native catalog fact.
scryall-data-accumulation-R860,scryall_data_accumulation,860,Ugin,ugin,Planeswalker Type,,,,VERIFIED_NATIVE,Exact match in Scryfall catalog planeswalker-types,Safe only as current native catalog fact.
scryall-data-accumulation-R861,scryall_data_accumulation,861,Urza,urza,Planeswalker Type,,,,VERIFIED_NATIVE,Exact match in Scryfall catalog planeswalker-types,Safe only as current native catalog fact.
scryall-data-accumulation-R862,scryall_data_accumulation,862,Venser,venser,Planeswalker Type,,,,VERIFIED_NATIVE,Exact match in Scryfall catalog planeswalker-types,Safe only as current native catalog fact.
scryall-data-accumulation-R863,scryall_data_accumulation,863,Vivien,vivien,Planeswalker Type,,,,VERIFIED_NATIVE,Exact match in Scryfall catalog planeswalker-types,Safe only as current native catalog fact.
scryall-data-accumulation-R864,scryall_data_accumulation,864,Vraska,vraska,Planeswalker Type,,,,VERIFIED_NATIVE,Exact match in Scryfall catalog planeswalker-types,Safe only as current native catalog fact.
scryall-data-accumulation-R865,scryall_data_accumulation,865,Vronos,vronos,Planeswalker Type,,,,VERIFIED_NATIVE,Exact match in Scryfall catalog planeswalker-types,Safe only as current native catalog fact.
scryall-data-accumulation-R866,scryall_data_accumulation,866,Wanderer,wanderer,Planeswalker Type,,,,VERIFIED_NATIVE,Exact match in Scryfall catalog planeswalker-types,Safe only as current native catalog fact.
scryall-data-accumulation-R867,scryall_data_accumulation,867,Will,will,Planeswalker Type,,,,VERIFIED_NATIVE,Exact match in Scryfall catalog planeswalker-types,Safe only as current native catalog fact.
scryall-data-accumulation-R868,scryall_data_accumulation,868,Windgrace,windgrace,Planeswalker Type,,,,VERIFIED_NATIVE,Exact match in Scryfall catalog planeswalker-types,Safe only as current native catalog fact.
scryall-data-accumulation-R869,scryall_data_accumulation,869,Wrenn,wrenn,Planeswalker Type,,,,VERIFIED_NATIVE,Exact match in Scryfall catalog planeswalker-types,Safe only as current native catalog fact.
scryall-data-accumulation-R870,scryall_data_accumulation,870,Xenagos,xenagos,Planeswalker Type,,,,VERIFIED_NATIVE,Exact match in Scryfall catalog planeswalker-types,Safe only as current native catalog fact.
scryall-data-accumulation-R871,scryall_data_accumulation,871,Yanggu,yanggu,Planeswalker Type,,,,VERIFIED_NATIVE,Exact match in Scryfall catalog planeswalker-types,Safe only as current native catalog fact.
scryall-data-accumulation-R872,scryall_data_accumulation,872,Yanling,yanling,Planeswalker Type,,,,VERIFIED_NATIVE,Exact match in Scryfall catalog planeswalker-types,Safe only as current native catalog fact.
scryall-data-accumulation-R873,scryall_data_accumulation,873,Zariel,zariel,Planeswalker Type,,,,VERIFIED_NATIVE,Exact match in Scryfall catalog planeswalker-types,Safe only as current native catalog fact.
scryall-data-accumulation-R874,scryall_data_accumulation,874,Animating artifacts,animating artifacts,Color Pie Ability,,,,VERIFIED_INTERNAL,Workbook governance/schema/internal record; no external Scryfall fact required by this verifier.,Keep as internal workbook governance unless a later source authority says otherwise.
scryall-data-accumulation-R875,scryall_data_accumulation,875,Animating enchantments,animating enchantments,Color Pie Ability,,,,VERIFIED_INTERNAL,Workbook governance/schema/internal record; no external Scryfall fact required by this verifier.,Keep as internal workbook governance unless a later source authority says otherwise.
scryall-data-accumulation-R876,scryall_data_accumulation,876,Animating lands,animating lands,Color Pie Ability,,,,VERIFIED_INTERNAL,Workbook governance/schema/internal record; no external Scryfall fact required by this verifier.,Keep as internal workbook governance unless a later source authority says otherwise.
scryall-data-accumulation-R877,scryall_data_accumulation,877,Artifact destruction,artifact destruction,Color Pie Ability,,,,VERIFIED_INTERNAL,Workbook governance/schema/internal record; no external Scryfall fact required by this verifier.,Keep as internal workbook governance unless a later source authority says otherwise.
scryall-data-accumulation-R878,scryall_data_accumulation,878,Banisher Priest-like effect,banisher priest-like effect,Color Pie Ability,,,,VERIFIED_INTERNAL,Workbook governance/schema/internal record; no external Scryfall fact required by this verifier.,Keep as internal workbook governance unless a later source authority says otherwise.
scryall-data-accumulation-R879,scryall_data_accumulation,879,Basic land counting,basic land counting,Color Pie Ability,,,,VERIFIED_INTERNAL,Workbook governance/schema/internal record; no external Scryfall fact required by this verifier.,Keep as internal workbook governance unless a later source authority says otherwise.
scryall-data-accumulation-R880,scryall_data_accumulation,880,"""Bite""","""bite""",Color Pie Ability,,,,VERIFIED_INTERNAL,Workbook governance/schema/internal record; no external Scryfall fact required by this verifier.,Keep as internal workbook governance unless a later source authority says otherwise.
scryall-data-accumulation-R881,scryall_data_accumulation,881,Return to library,return to library,Color Pie Ability,,,,VERIFIED_INTERNAL,Workbook governance/schema/internal record; no external Scryfall fact required by this verifier.,Keep as internal workbook governance unless a later source authority says otherwise.
scryall-data-accumulation-R882,scryall_data_accumulation,882,Bring back creatures from graveyard this turn,bring back creatures from graveyard this turn,Color Pie Ability,,,,VERIFIED_INTERNAL,Workbook governance/schema/internal record; no external Scryfall fact required by this verifier.,Keep as internal workbook governance unless a later source authority says otherwise.
scryall-data-accumulation-R883,scryall_data_accumulation,883,Can't be attacked,can't be attacked,Color Pie Ability,,,,VERIFIED_INTERNAL,Workbook governance/schema/internal record; no external Scryfall fact required by this verifier.,Keep as internal workbook governance unless a later source authority says otherwise.
scryall-data-accumulation-R884,scryall_data_accumulation,884,Can't be blocked,can't be blocked,Color Pie Ability,,,,VERIFIED_INTERNAL,Workbook governance/schema/internal record; no external Scryfall fact required by this verifier.,Keep as internal workbook governance unless a later source authority says otherwise.
scryall-data-accumulation-R885,scryall_data_accumulation,885,Can't be countered,can't be countered,Color Pie Ability,,,,VERIFIED_INTERNAL,Workbook governance/schema/internal record; no external Scryfall fact required by this verifier.,Keep as internal workbook governance unless a later source authority says otherwise.
scryall-data-accumulation-R886,scryall_data_accumulation,886,Can't block,can't block,Color Pie Ability,,,,VERIFIED_INTERNAL,Workbook governance/schema/internal record; no external Scryfall fact required by this verifier.,Keep as internal workbook governance unless a later source authority says otherwise.
scryall-data-accumulation-R887,scryall_data_accumulation,887,Can't lose the game/opponent can't win,can't lose the game/opponent can't win,Color Pie Ability,,,,VERIFIED_INTERNAL,Workbook governance/schema/internal record; no external Scryfall fact required by this verifier.,Keep as internal workbook governance unless a later source authority says otherwise.
scryall-data-accumulation-R888,scryall_data_accumulation,888,Can't win the game/opponent can't lose,can't win the game/opponent can't lose,Color Pie Ability,,,,VERIFIED_INTERNAL,Workbook governance/schema/internal record; no external Scryfall fact required by this verifier.,Keep as internal workbook governance unless a later source authority says otherwise.
scryall-data-accumulation-R889,scryall_data_accumulation,889,Card draw,card draw,Color Pie Ability,,,,VERIFIED_INTERNAL,Workbook governance/schema/internal record; no external Scryfall fact required by this verifier.,Keep as internal workbook governance unless a later source authority says otherwise.
scryall-data-accumulation-R890,scryall_data_accumulation,890,Card filtering,card filtering,Color Pie Ability,,,,VERIFIED_INTERNAL,Workbook governance/schema/internal record; no external Scryfall fact required by this verifier.,Keep as internal workbook governance unless a later source authority says otherwise.
scryall-data-accumulation-R891,scryall_data_accumulation,891,Cast spells from opponent's graveyard/exile,cast spells from opponent's graveyard/exile,Color Pie Ability,,,,VERIFIED_INTERNAL,Workbook governance/schema/internal record; no external Scryfall fact required by this verifier.,Keep as internal workbook governance unless a later source authority says otherwise.
scryall-data-accumulation-R892,scryall_data_accumulation,892,Cast spells from your graveyard,cast spells from your graveyard,Color Pie Ability,,,,VERIFIED_INTERNAL,Workbook governance/schema/internal record; no external Scryfall fact required by this verifier.,Keep as internal workbook governance unless a later source authority says otherwise.
scryall-data-accumulation-R893,scryall_data_accumulation,893,Changing lands,changing lands,Color Pie Ability,,,,VERIFIED_INTERNAL,Workbook governance/schema/internal record; no external Scryfall fact required by this verifier.,Keep as internal workbook governance unless a later source authority says otherwise.
scryall-data-accumulation-R894,scryall_data_accumulation,894,Color changing,color changing,Color Pie Ability,,,,VERIFIED_INTERNAL,Workbook governance/schema/internal record; no external Scryfall fact required by this verifier.,Keep as internal workbook governance unless a later source authority says otherwise.
scryall-data-accumulation-R895,scryall_data_accumulation,895,"Copying permanents, permanently","copying permanents, permanently",Color Pie Ability,,,,VERIFIED_INTERNAL,Workbook governance/schema/internal record; no external Scryfall fact required by this verifier.,Keep as internal workbook governance unless a later source authority says otherwise.
scryall-data-accumulation-R896,scryall_data_accumulation,896,"Copying permanents, temporarily","copying permanents, temporarily",Color Pie Ability,,,,VERIFIED_INTERNAL,Workbook governance/schema/internal record; no external Scryfall fact required by this verifier.,Keep as internal workbook governance unless a later source authority says otherwise.
scryall-data-accumulation-R897,scryall_data_accumulation,897,+1/+1 counter (creation and caring),+1/+1 counter (creation and caring),Color Pie Ability,,,,VERIFIED_INTERNAL,Workbook governance/schema/internal record; no external Scryfall fact required by this verifier.,Keep as internal workbook governance unless a later source authority says otherwise.
scryall-data-accumulation-R898,scryall_data_accumulation,898,Counterspell,counterspell,Color Pie Ability,,,,AMBIGUOUS,Same normalized term has multiple legitimate workbook meanings or mappings.,Add context-sensitive Plain Reading disambiguation; do not select a global winner.
scryall-data-accumulation-R899,scryall_data_accumulation,899,Counter target activated/triggered ability,counter target activated/triggered ability,Color Pie Ability,,,,VERIFIED_INTERNAL,Workbook governance/schema/internal record; no external Scryfall fact required by this verifier.,Keep as internal workbook governance unless a later source authority says otherwise.
scryall-data-accumulation-R900,scryall_data_accumulation,900,"Creature destruction, single creature","creature destruction, single creature",Color Pie Ability,,,,VERIFIED_INTERNAL,Workbook governance/schema/internal record; no external Scryfall fact required by this verifier.,Keep as internal workbook governance unless a later source authority says otherwise.
scryall-data-accumulation-R901,scryall_data_accumulation,901,Creature destruction with compensation,creature destruction with compensation,Color Pie Ability,,,,VERIFIED_INTERNAL,Workbook governance/schema/internal record; no external Scryfall fact required by this verifier.,Keep as internal workbook governance unless a later source authority says otherwise.
scryall-data-accumulation-R902,scryall_data_accumulation,902,Destroy target attacking or blocking creature,destroy target attacking or blocking creature,Color Pie Ability,,,,VERIFIED_INTERNAL,Workbook governance/schema/internal record; no external Scryfall fact required by this verifier.,Keep as internal workbook governance unless a later source authority says otherwise.
scryall-data-accumulation-R903,scryall_data_accumulation,903,Destroy creature that damaged you,destroy creature that damaged you,Color Pie Ability,,,,VERIFIED_INTERNAL,Workbook governance/schema/internal record; no external Scryfall fact required by this verifier.,Keep as internal workbook governance unless a later source authority says otherwise.
scryall-data-accumulation-R904,scryall_data_accumulation,904,Destroy target tapped creature,destroy target tapped creature,Color Pie Ability,,,,VERIFIED_INTERNAL,Workbook governance/schema/internal record; no external Scryfall fact required by this verifier.,Keep as internal workbook governance unless a later source authority says otherwise.
scryall-data-accumulation-R905,scryall_data_accumulation,905,Destroy creature with power 3+,destroy creature with power 3+,Color Pie Ability,,,,VERIFIED_INTERNAL,Workbook governance/schema/internal record; no external Scryfall fact required by this verifier.,Keep as internal workbook governance unless a later source authority says otherwise.
scryall-data-accumulation-R906,scryall_data_accumulation,906,Destroy target creature with flying,destroy target creature with flying,Color Pie Ability,,,,VERIFIED_INTERNAL,Workbook governance/schema/internal record; no external Scryfall fact required by this verifier.,Keep as internal workbook governance unless a later source authority says otherwise.
scryall-data-accumulation-R907,scryall_data_accumulation,907,"Creature destruction, mass (Destroy all)","creature destruction, mass (destroy all)",Color Pie Ability,,,,VERIFIED_INTERNAL,Workbook governance/schema/internal record; no external Scryfall fact required by this verifier.,Keep as internal workbook governance unless a later source authority says otherwise.
scryall-data-accumulation-R908,scryall_data_accumulation,908,Destroy all creatures controlled by one player,destroy all creatures controlled by one player,Color Pie Ability,,,,VERIFIED_INTERNAL,Workbook governance/schema/internal record; no external Scryfall fact required by this verifier.,Keep as internal workbook governance unless a later source authority says otherwise.
scryall-data-accumulation-R909,scryall_data_accumulation,909,Destroy all creatures with power 3+,destroy all creatures with power 3+,Color Pie Ability,,,,VERIFIED_INTERNAL,Workbook governance/schema/internal record; no external Scryfall fact required by this verifier.,Keep as internal workbook governance unless a later source authority says otherwise.
scryall-data-accumulation-R910,scryall_data_accumulation,910,"+N/+N (on creatures, repeatable)","+n/+n (on creatures, repeatable)",Color Pie Ability,,,,VERIFIED_INTERNAL,Workbook governance/schema/internal record; no external Scryfall fact required by this verifier.,Keep as internal workbook governance unless a later source authority says otherwise.
scryall-data-accumulation-R911,scryall_data_accumulation,911,"+N/+N (on creatures, single use)","+n/+n (on creatures, single use)",Color Pie Ability,,,,VERIFIED_INTERNAL,Workbook governance/schema/internal record; no external Scryfall fact required by this verifier.,Keep as internal workbook governance unless a later source authority says otherwise.
scryall-data-accumulation-R912,scryall_data_accumulation,912,+N/+N (on spells),+n/+n (on spells),Color Pie Ability,,,,VERIFIED_INTERNAL,Workbook governance/schema/internal record; no external Scryfall fact required by this verifier.,Keep as internal workbook governance unless a later source authority says otherwise.
scryall-data-accumulation-R913,scryall_data_accumulation,913,+N/+N (on Auras),+n/+n (on auras),Color Pie Ability,,,,VERIFIED_INTERNAL,Workbook governance/schema/internal record; no external Scryfall fact required by this verifier.,Keep as internal workbook governance unless a later source authority says otherwise.
scryall-data-accumulation-R914,scryall_data_accumulation,914,+N/+0 (on creatures),+n/+0 (on creatures),Color Pie Ability,,,,VERIFIED_INTERNAL,Workbook governance/schema/internal record; no external Scryfall fact required by this verifier.,Keep as internal workbook governance unless a later source authority says otherwise.
scryall-data-accumulation-R915,scryall_data_accumulation,915,+N/+0 (on spells),+n/+0 (on spells),Color Pie Ability,,,,VERIFIED_INTERNAL,Workbook governance/schema/internal record; no external Scryfall fact required by this verifier.,Keep as internal workbook governance unless a later source authority says otherwise.
scryall-data-accumulation-R916,scryall_data_accumulation,916,+N/+0 (on Auras),+n/+0 (on auras),Color Pie Ability,,,,VERIFIED_INTERNAL,Workbook governance/schema/internal record; no external Scryfall fact required by this verifier.,Keep as internal workbook governance unless a later source authority says otherwise.
scryall-data-accumulation-R917,scryall_data_accumulation,917,+N/-N (on creatures),+n/-n (on creatures),Color Pie Ability,,,,VERIFIED_INTERNAL,Workbook governance/schema/internal record; no external Scryfall fact required by this verifier.,Keep as internal workbook governance unless a later source authority says otherwise.
scryall-data-accumulation-R918,scryall_data_accumulation,918,+N/-N (on spells),+n/-n (on spells),Color Pie Ability,,,,VERIFIED_INTERNAL,Workbook governance/schema/internal record; no external Scryfall fact required by this verifier.,Keep as internal workbook governance unless a later source authority says otherwise.
scryall-data-accumulation-R919,scryall_data_accumulation,919,+N/-N (on Auras),+n/-n (on auras),Color Pie Ability,,,,VERIFIED_INTERNAL,Workbook governance/schema/internal record; no external Scryfall fact required by this verifier.,Keep as internal workbook governance unless a later source authority says otherwise.
scryall-data-accumulation-R920,scryall_data_accumulation,920,-N/+N (on creatures),-n/+n (on creatures),Color Pie Ability,,,,VERIFIED_INTERNAL,Workbook governance/schema/internal record; no external Scryfall fact required by this verifier.,Keep as internal workbook governance unless a later source authority says otherwise.
scryall-data-accumulation-R921,scryall_data_accumulation,921,-N/-N (on creatures),-n/-n (on creatures),Color Pie Ability,,,,VERIFIED_INTERNAL,Workbook governance/schema/internal record; no external Scryfall fact required by this verifier.,Keep as internal workbook governance unless a later source authority says otherwise.
scryall-data-accumulation-R922,scryall_data_accumulation,922,-N/-N (on spells),-n/-n (on spells),Color Pie Ability,,,,VERIFIED_INTERNAL,Workbook governance/schema/internal record; no external Scryfall fact required by this verifier.,Keep as internal workbook governance unless a later source authority says otherwise.
scryall-data-accumulation-R923,scryall_data_accumulation,923,-N/-N (on Auras),-n/-n (on auras),Color Pie Ability,,,,VERIFIED_INTERNAL,Workbook governance/schema/internal record; no external Scryfall fact required by this verifier.,Keep as internal workbook governance unless a later source authority says otherwise.
scryall-data-accumulation-R924,scryall_data_accumulation,924,-N/-0 (on spells),-n/-0 (on spells),Color Pie Ability,,,,VERIFIED_INTERNAL,Workbook governance/schema/internal record; no external Scryfall fact required by this verifier.,Keep as internal workbook governance unless a later source authority says otherwise.
scryall-data-accumulation-R925,scryall_data_accumulation,925,-N/-0 (on Auras),-n/-0 (on auras),Color Pie Ability,,,,VERIFIED_INTERNAL,Workbook governance/schema/internal record; no external Scryfall fact required by this verifier.,Keep as internal workbook governance unless a later source authority says otherwise.
scryall-data-accumulation-R926,scryall_data_accumulation,926,+0/+N (on creatures),+0/+n (on creatures),Color Pie Ability,,,,VERIFIED_INTERNAL,Workbook governance/schema/internal record; no external Scryfall fact required by this verifier.,Keep as internal workbook governance unless a later source authority says otherwise.
scryall-data-accumulation-R927,scryall_data_accumulation,927,+0/+N (on spells),+0/+n (on spells),Color Pie Ability,,,,VERIFIED_INTERNAL,Workbook governance/schema/internal record; no external Scryfall fact required by this verifier.,Keep as internal workbook governance unless a later source authority says otherwise.
scryall-data-accumulation-R928,scryall_data_accumulation,928,+0/+N (on Auras),+0/+n (on auras),Color Pie Ability,,,,VERIFIED_INTERNAL,Workbook governance/schema/internal record; no external Scryfall fact required by this verifier.,Keep as internal workbook governance unless a later source authority says otherwise.
scryall-data-accumulation-R929,scryall_data_accumulation,929,"+N/+N to your team, one-shot","+n/+n to your team, one-shot",Color Pie Ability,,,,VERIFIED_INTERNAL,Workbook governance/schema/internal record; no external Scryfall fact required by this verifier.,Keep as internal workbook governance unless a later source authority says otherwise.
scryall-data-accumulation-R930,scryall_data_accumulation,930,"+N/+0 to your team, one-shot","+n/+0 to your team, one-shot",Color Pie Ability,,,,VERIFIED_INTERNAL,Workbook governance/schema/internal record; no external Scryfall fact required by this verifier.,Keep as internal workbook governance unless a later source authority says otherwise.
scryall-data-accumulation-R931,scryall_data_accumulation,931,"-N/-N to their team, one-shot","-n/-n to their team, one-shot",Color Pie Ability,,,,VERIFIED_INTERNAL,Workbook governance/schema/internal record; no external Scryfall fact required by this verifier.,Keep as internal workbook governance unless a later source authority says otherwise.
scryall-data-accumulation-R932,scryall_data_accumulation,932,"-N/-0 to their team, one-shot","-n/-0 to their team, one-shot",Color Pie Ability,,,,VERIFIED_INTERNAL,Workbook governance/schema/internal record; no external Scryfall fact required by this verifier.,Keep as internal workbook governance unless a later source authority says otherwise.
scryall-data-accumulation-R933,scryall_data_accumulation,933,"+N/+N to your team, ongoing","+n/+n to your team, ongoing",Color Pie Ability,,,,VERIFIED_INTERNAL,Workbook governance/schema/internal record; no external Scryfall fact required by this verifier.,Keep as internal workbook governance unless a later source authority says otherwise.
scryall-data-accumulation-R934,scryall_data_accumulation,934,"+N/+0 to your team, ongoing","+n/+0 to your team, ongoing",Color Pie Ability,,,,VERIFIED_INTERNAL,Workbook governance/schema/internal record; no external Scryfall fact required by this verifier.,Keep as internal workbook governance unless a later source authority says otherwise.
scryall-data-accumulation-R935,scryall_data_accumulation,935,"-N/-N to their team, ongoing","-n/-n to their team, ongoing",Color Pie Ability,,,,VERIFIED_INTERNAL,Workbook governance/schema/internal record; no external Scryfall fact required by this verifier.,Keep as internal workbook governance unless a later source authority says otherwise.
scryall-data-accumulation-R936,scryall_data_accumulation,936,"Creature sacrifice, forced repeatable","creature sacrifice, forced repeatable",Color Pie Ability,,,,VERIFIED_INTERNAL,Workbook governance/schema/internal record; no external Scryfall fact required by this verifier.,Keep as internal workbook governance unless a later source authority says otherwise.
scryall-data-accumulation-R937,scryall_data_accumulation,937,"""Curiosity""","""curiosity""",Color Pie Ability,,,,VERIFIED_INTERNAL,Workbook governance/schema/internal record; no external Scryfall fact required by this verifier.,Keep as internal workbook governance unless a later source authority says otherwise.
scryall-data-accumulation-R938,scryall_data_accumulation,938,Damage prevention,damage prevention,Color Pie Ability,,,,VERIFIED_INTERNAL,Workbook governance/schema/internal record; no external Scryfall fact required by this verifier.,Keep as internal workbook governance unless a later source authority says otherwise.
scryall-data-accumulation-R939,scryall_data_accumulation,939,Damage redirection,damage redirection,Color Pie Ability,,,,VERIFIED_INTERNAL,Workbook governance/schema/internal record; no external Scryfall fact required by this verifier.,Keep as internal workbook governance unless a later source authority says otherwise.
scryall-data-accumulation-R940,scryall_data_accumulation,940,"""Daunt""","""daunt""",Color Pie Ability,,,,VERIFIED_INTERNAL,Workbook governance/schema/internal record; no external Scryfall fact required by this verifier.,Keep as internal workbook governance unless a later source authority says otherwise.
scryall-data-accumulation-R941,scryall_data_accumulation,941,Deal damage when blocked,deal damage when blocked,Color Pie Ability,,,,VERIFIED_INTERNAL,Workbook governance/schema/internal record; no external Scryfall fact required by this verifier.,Keep as internal workbook governance unless a later source authority says otherwise.
scryall-data-accumulation-R942,scryall_data_accumulation,942,Deathtouch,deathtouch,Color Pie Ability,,,,AMBIGUOUS,Same normalized term has multiple legitimate workbook meanings or mappings.,Add context-sensitive Plain Reading disambiguation; do not select a global winner.
scryall-data-accumulation-R943,scryall_data_accumulation,943,Defender,defender,Color Pie Ability,,,,AMBIGUOUS,Same normalized term has multiple legitimate workbook meanings or mappings.,Add context-sensitive Plain Reading disambiguation; do not select a global winner.
scryall-data-accumulation-R944,scryall_data_accumulation,944,"""Devil's Deal"" permanents","""devil's deal"" permanents",Color Pie Ability,,,,VERIFIED_INTERNAL,Workbook governance/schema/internal record; no external Scryfall fact required by this verifier.,Keep as internal workbook governance unless a later source authority says otherwise.
scryall-data-accumulation-R945,scryall_data_accumulation,945,"Direct damage, single target","direct damage, single target",Color Pie Ability,,,,VERIFIED_INTERNAL,Workbook governance/schema/internal record; no external Scryfall fact required by this verifier.,Keep as internal workbook governance unless a later source authority says otherwise.
scryall-data-accumulation-R946,scryall_data_accumulation,946,Direct damage to damaged creature,direct damage to damaged creature,Color Pie Ability,,,,VERIFIED_INTERNAL,Workbook governance/schema/internal record; no external Scryfall fact required by this verifier.,Keep as internal workbook governance unless a later source authority says otherwise.
scryall-data-accumulation-R947,scryall_data_accumulation,947,Sacrifice creature and deal its power damage,sacrifice creature and deal its power damage,Color Pie Ability,,,,VERIFIED_INTERNAL,Workbook governance/schema/internal record; no external Scryfall fact required by this verifier.,Keep as internal workbook governance unless a later source authority says otherwise.
scryall-data-accumulation-R948,scryall_data_accumulation,948,Direct damage based on cards in hand,direct damage based on cards in hand,Color Pie Ability,,,,VERIFIED_INTERNAL,Workbook governance/schema/internal record; no external Scryfall fact required by this verifier.,Keep as internal workbook governance unless a later source authority says otherwise.
scryall-data-accumulation-R949,scryall_data_accumulation,949,Direct damage to attacking/blocking creature,direct damage to attacking/blocking creature,Color Pie Ability,,,,VERIFIED_INTERNAL,Workbook governance/schema/internal record; no external Scryfall fact required by this verifier.,Keep as internal workbook governance unless a later source authority says otherwise.
scryall-data-accumulation-R950,scryall_data_accumulation,950,Deal damage to creature with flying,deal damage to creature with flying,Color Pie Ability,,,,VERIFIED_INTERNAL,Workbook governance/schema/internal record; no external Scryfall fact required by this verifier.,Keep as internal workbook governance unless a later source authority says otherwise.
scryall-data-accumulation-R951,scryall_data_accumulation,951,"Direct damage, multiple targets","direct damage, multiple targets",Color Pie Ability,,,,VERIFIED_INTERNAL,Workbook governance/schema/internal record; no external Scryfall fact required by this verifier.,Keep as internal workbook governance unless a later source authority says otherwise.
scryall-data-accumulation-R952,scryall_data_accumulation,952,Discard as a cost,discard as a cost,Color Pie Ability,,,,VERIFIED_INTERNAL,Workbook governance/schema/internal record; no external Scryfall fact required by this verifier.,Keep as internal workbook governance unless a later source authority says otherwise.
scryall-data-accumulation-R953,scryall_data_accumulation,953,Discard as effect,discard as effect,Color Pie Ability,,,,VERIFIED_INTERNAL,Workbook governance/schema/internal record; no external Scryfall fact required by this verifier.,Keep as internal workbook governance unless a later source authority says otherwise.
scryall-data-accumulation-R954,scryall_data_accumulation,954,Double strike,double strike,Color Pie Ability,,,,AMBIGUOUS,Same normalized term has multiple legitimate workbook meanings or mappings.,Add context-sensitive Plain Reading disambiguation; do not select a global winner.
scryall-data-accumulation-R955,scryall_data_accumulation,955,"""Drain life""","""drain life""",Color Pie Ability,,,,VERIFIED_INTERNAL,Workbook governance/schema/internal record; no external Scryfall fact required by this verifier.,Keep as internal workbook governance unless a later source authority says otherwise.
scryall-data-accumulation-R956,scryall_data_accumulation,956,Enchantment destruction,enchantment destruction,Color Pie Ability,,,,VERIFIED_INTERNAL,Workbook governance/schema/internal record; no external Scryfall fact required by this verifier.,Keep as internal workbook governance unless a later source authority says otherwise.
scryall-data-accumulation-R957,scryall_data_accumulation,957,"""Enchantress"" ability","""enchantress"" ability",Color Pie Ability,,,,VERIFIED_INTERNAL,Workbook governance/schema/internal record; no external Scryfall fact required by this verifier.,Keep as internal workbook governance unless a later source authority says otherwise.
scryall-data-accumulation-R958,scryall_data_accumulation,958,Exiling cards from graveyard,exiling cards from graveyard,Color Pie Ability,,,,VERIFIED_INTERNAL,Workbook governance/schema/internal record; no external Scryfall fact required by this verifier.,Keep as internal workbook governance unless a later source authority says otherwise.
scryall-data-accumulation-R959,scryall_data_accumulation,959,Extra attack,extra attack,Color Pie Ability,,,,VERIFIED_INTERNAL,Workbook governance/schema/internal record; no external Scryfall fact required by this verifier.,Keep as internal workbook governance unless a later source authority says otherwise.
scryall-data-accumulation-R960,scryall_data_accumulation,960,Fight,fight,Color Pie Ability,,,,AMBIGUOUS,Same normalized term has multiple legitimate workbook meanings or mappings.,Add context-sensitive Plain Reading disambiguation; do not select a global winner.
scryall-data-accumulation-R961,scryall_data_accumulation,961,First strike,first strike,Color Pie Ability,,,,AMBIGUOUS,Same normalized term has multiple legitimate workbook meanings or mappings.,Add context-sensitive Plain Reading disambiguation; do not select a global winner.
scryall-data-accumulation-R962,scryall_data_accumulation,962,Flash,flash,Color Pie Ability,,,,AMBIGUOUS,Same normalized term has multiple legitimate workbook meanings or mappings.,Add context-sensitive Plain Reading disambiguation; do not select a global winner.
scryall-data-accumulation-R963,scryall_data_accumulation,963,"""Flicker""","""flicker""",Color Pie Ability,,,,VERIFIED_INTERNAL,Workbook governance/schema/internal record; no external Scryfall fact required by this verifier.,Keep as internal workbook governance unless a later source authority says otherwise.
scryall-data-accumulation-R964,scryall_data_accumulation,964,Flying,flying,Color Pie Ability,,,,AMBIGUOUS,Same normalized term has multiple legitimate workbook meanings or mappings.,Add context-sensitive Plain Reading disambiguation; do not select a global winner.
scryall-data-accumulation-R965,scryall_data_accumulation,965,"""Fog""","""fog""",Color Pie Ability,,,,VERIFIED_INTERNAL,Workbook governance/schema/internal record; no external Scryfall fact required by this verifier.,Keep as internal workbook governance unless a later source authority says otherwise.
scryall-data-accumulation-R966,scryall_data_accumulation,966,Forced attack,forced attack,Color Pie Ability,,,,VERIFIED_INTERNAL,Workbook governance/schema/internal record; no external Scryfall fact required by this verifier.,Keep as internal workbook governance unless a later source authority says otherwise.
scryall-data-accumulation-R967,scryall_data_accumulation,967,Forced block,forced block,Color Pie Ability,,,,VERIFIED_INTERNAL,Workbook governance/schema/internal record; no external Scryfall fact required by this verifier.,Keep as internal workbook governance unless a later source authority says otherwise.
scryall-data-accumulation-R968,scryall_data_accumulation,968,"Forced sacrifice, creature","forced sacrifice, creature",Color Pie Ability,,,,VERIFIED_INTERNAL,Workbook governance/schema/internal record; no external Scryfall fact required by this verifier.,Keep as internal workbook governance unless a later source authority says otherwise.
scryall-data-accumulation-R969,scryall_data_accumulation,969,"Forced sacrifice, artifact","forced sacrifice, artifact",Color Pie Ability,,,,VERIFIED_INTERNAL,Workbook governance/schema/internal record; no external Scryfall fact required by this verifier.,Keep as internal workbook governance unless a later source authority says otherwise.
scryall-data-accumulation-R970,scryall_data_accumulation,970,"Forced sacrifice, permanent","forced sacrifice, permanent",Color Pie Ability,,,,VERIFIED_INTERNAL,Workbook governance/schema/internal record; no external Scryfall fact required by this verifier.,Keep as internal workbook governance unless a later source authority says otherwise.
scryall-data-accumulation-R971,scryall_data_accumulation,971,"""Freeze"" creature","""freeze"" creature",Color Pie Ability,,,,VERIFIED_INTERNAL,Workbook governance/schema/internal record; no external Scryfall fact required by this verifier.,Keep as internal workbook governance unless a later source authority says otherwise.
scryall-data-accumulation-R972,scryall_data_accumulation,972,Friendly to artifacts,friendly to artifacts,Color Pie Ability,,,,VERIFIED_INTERNAL,Workbook governance/schema/internal record; no external Scryfall fact required by this verifier.,Keep as internal workbook governance unless a later source authority says otherwise.
scryall-data-accumulation-R973,scryall_data_accumulation,973,Friendly to creatures,friendly to creatures,Color Pie Ability,,,,VERIFIED_INTERNAL,Workbook governance/schema/internal record; no external Scryfall fact required by this verifier.,Keep as internal workbook governance unless a later source authority says otherwise.
scryall-data-accumulation-R974,scryall_data_accumulation,974,Friendly to enchantments,friendly to enchantments,Color Pie Ability,,,,VERIFIED_INTERNAL,Workbook governance/schema/internal record; no external Scryfall fact required by this verifier.,Keep as internal workbook governance unless a later source authority says otherwise.
scryall-data-accumulation-R975,scryall_data_accumulation,975,Friendly to instants and sorceries,friendly to instants and sorceries,Color Pie Ability,,,,VERIFIED_INTERNAL,Workbook governance/schema/internal record; no external Scryfall fact required by this verifier.,Keep as internal workbook governance unless a later source authority says otherwise.
scryall-data-accumulation-R976,scryall_data_accumulation,976,Friendly to lands,friendly to lands,Color Pie Ability,,,,VERIFIED_INTERNAL,Workbook governance/schema/internal record; no external Scryfall fact required by this verifier.,Keep as internal workbook governance unless a later source authority says otherwise.
scryall-data-accumulation-R977,scryall_data_accumulation,977,Friendly to planeswalkers,friendly to planeswalkers,Color Pie Ability,,,,VERIFIED_INTERNAL,Workbook governance/schema/internal record; no external Scryfall fact required by this verifier.,Keep as internal workbook governance unless a later source authority says otherwise.
scryall-data-accumulation-R978,scryall_data_accumulation,978,Friendly to legendary permanents,friendly to legendary permanents,Color Pie Ability,,,,VERIFIED_INTERNAL,Workbook governance/schema/internal record; no external Scryfall fact required by this verifier.,Keep as internal workbook governance unless a later source authority says otherwise.
scryall-data-accumulation-R979,scryall_data_accumulation,979,Friendly to low mana value cards,friendly to low mana value cards,Color Pie Ability,,,,VERIFIED_INTERNAL,Workbook governance/schema/internal record; no external Scryfall fact required by this verifier.,Keep as internal workbook governance unless a later source authority says otherwise.
scryall-data-accumulation-R980,scryall_data_accumulation,980,Gain control of target player's turn,gain control of target player's turn,Color Pie Ability,,,,VERIFIED_INTERNAL,Workbook governance/schema/internal record; no external Scryfall fact required by this verifier.,Keep as internal workbook governance unless a later source authority says otherwise.
scryall-data-accumulation-R981,scryall_data_accumulation,981,"""Gaseous Form""","""gaseous form""",Color Pie Ability,,,,VERIFIED_INTERNAL,Workbook governance/schema/internal record; no external Scryfall fact required by this verifier.,Keep as internal workbook governance unless a later source authority says otherwise.
scryall-data-accumulation-R982,scryall_data_accumulation,982,Haste,haste,Color Pie Ability,,,,AMBIGUOUS,Same normalized term has multiple legitimate workbook meanings or mappings.,Add context-sensitive Plain Reading disambiguation; do not select a global winner.
scryall-data-accumulation-R983,scryall_data_accumulation,983,Hexproof,hexproof,Color Pie Ability,,,,AMBIGUOUS,Same normalized term has multiple legitimate workbook meanings or mappings.,Add context-sensitive Plain Reading disambiguation; do not select a global winner.
scryall-data-accumulation-R984,scryall_data_accumulation,984,"""Illusion ability""","""illusion ability""",Color Pie Ability,,,,VERIFIED_INTERNAL,Workbook governance/schema/internal record; no external Scryfall fact required by this verifier.,Keep as internal workbook governance unless a later source authority says otherwise.
scryall-data-accumulation-R985,scryall_data_accumulation,985,"""Impulsive draw""","""impulsive draw""",Color Pie Ability,,,,VERIFIED_INTERNAL,Workbook governance/schema/internal record; no external Scryfall fact required by this verifier.,Keep as internal workbook governance unless a later source authority says otherwise.
scryall-data-accumulation-R986,scryall_data_accumulation,986,Increasing counters and/or tokens,increasing counters and/or tokens,Color Pie Ability,,,,VERIFIED_INTERNAL,Workbook governance/schema/internal record; no external Scryfall fact required by this verifier.,Keep as internal workbook governance unless a later source authority says otherwise.
scryall-data-accumulation-R987,scryall_data_accumulation,987,Indestructible,indestructible,Color Pie Ability,,,,AMBIGUOUS,Same normalized term has multiple legitimate workbook meanings or mappings.,Add context-sensitive Plain Reading disambiguation; do not select a global winner.
scryall-data-accumulation-R988,scryall_data_accumulation,988,Instant/sorcery triggers,instant/sorcery triggers,Color Pie Ability,,,,VERIFIED_INTERNAL,Workbook governance/schema/internal record; no external Scryfall fact required by this verifier.,Keep as internal workbook governance unless a later source authority says otherwise.
scryall-data-accumulation-R989,scryall_data_accumulation,989,Land destruction,land destruction,Color Pie Ability,,,,AMBIGUOUS,Same normalized term has multiple legitimate workbook meanings or mappings.,Add context-sensitive Plain Reading disambiguation; do not select a global winner.
scryall-data-accumulation-R990,scryall_data_accumulation,990,"""Lhurgoyf""","""lhurgoyf""",Color Pie Ability,,,,VERIFIED_INTERNAL,Workbook governance/schema/internal record; no external Scryfall fact required by this verifier.,Keep as internal workbook governance unless a later source authority says otherwise.
scryall-data-accumulation-R991,scryall_data_accumulation,991,Life gain,life gain,Color Pie Ability,,,,VERIFIED_INTERNAL,Workbook governance/schema/internal record; no external Scryfall fact required by this verifier.,Keep as internal workbook governance unless a later source authority says otherwise.
scryall-data-accumulation-R992,scryall_data_accumulation,992,Life loss as an effect,life loss as an effect,Color Pie Ability,,,,VERIFIED_INTERNAL,Workbook governance/schema/internal record; no external Scryfall fact required by this verifier.,Keep as internal workbook governance unless a later source authority says otherwise.
scryall-data-accumulation-R993,scryall_data_accumulation,993,Life loss as a cost,life loss as a cost,Color Pie Ability,,,,VERIFIED_INTERNAL,Workbook governance/schema/internal record; no external Scryfall fact required by this verifier.,Keep as internal workbook governance unless a later source authority says otherwise.
scryall-data-accumulation-R994,scryall_data_accumulation,994,Lifelink,lifelink,Color Pie Ability,,,,AMBIGUOUS,Same normalized term has multiple legitimate workbook meanings or mappings.,Add context-sensitive Plain Reading disambiguation; do not select a global winner.
scryall-data-accumulation-R995,scryall_data_accumulation,995,"""Lockdown""","""lockdown""",Color Pie Ability,,,,VERIFIED_INTERNAL,Workbook governance/schema/internal record; no external Scryfall fact required by this verifier.,Keep as internal workbook governance unless a later source authority says otherwise.
scryall-data-accumulation-R996,scryall_data_accumulation,996,"""Lobotomy""","""lobotomy""",Color Pie Ability,,,,VERIFIED_INTERNAL,Workbook governance/schema/internal record; no external Scryfall fact required by this verifier.,Keep as internal workbook governance unless a later source authority says otherwise.
scryall-data-accumulation-R997,scryall_data_accumulation,997,Looking at opponent's hand,looking at opponent's hand,Color Pie Ability,,,,VERIFIED_INTERNAL,Workbook governance/schema/internal record; no external Scryfall fact required by this verifier.,Keep as internal workbook governance unless a later source authority says otherwise.
scryall-data-accumulation-R998,scryall_data_accumulation,998,"""Looting""","""looting""",Color Pie Ability,,,,VERIFIED_INTERNAL,Workbook governance/schema/internal record; no external Scryfall fact required by this verifier.,Keep as internal workbook governance unless a later source authority says otherwise.
scryall-data-accumulation-R999,scryall_data_accumulation,999,"""Lure""","""lure""",Color Pie Ability,,,,VERIFIED_INTERNAL,Workbook governance/schema/internal record; no external Scryfall fact required by this verifier.,Keep as internal workbook governance unless a later source authority says otherwise.
scryall-data-accumulation-R1000,scryall_data_accumulation,1000,"""Lure,"" limited","""lure,"" limited",Color Pie Ability,,,,VERIFIED_INTERNAL,Workbook governance/schema/internal record; no external Scryfall fact required by this verifier.,Keep as internal workbook governance unless a later source authority says otherwise.
scryall-data-accumulation-R1001,scryall_data_accumulation,1001,"Mana production, permanent","mana production, permanent",Color Pie Ability,,,,VERIFIED_INTERNAL,Workbook governance/schema/internal record; no external Scryfall fact required by this verifier.,Keep as internal workbook governance unless a later source authority says otherwise.
scryall-data-accumulation-R1002,scryall_data_accumulation,1002,"Mana production, temporary","mana production, temporary",Color Pie Ability,,,,VERIFIED_INTERNAL,Workbook governance/schema/internal record; no external Scryfall fact required by this verifier.,Keep as internal workbook governance unless a later source authority says otherwise.
scryall-data-accumulation-R1003,scryall_data_accumulation,1003,"""Manipulate time""","""manipulate time""",Color Pie Ability,,,,VERIFIED_INTERNAL,Workbook governance/schema/internal record; no external Scryfall fact required by this verifier.,Keep as internal workbook governance unless a later source authority says otherwise.
scryall-data-accumulation-R1004,scryall_data_accumulation,1004,"""Maro"" ability","""maro"" ability",Color Pie Ability,,,,VERIFIED_INTERNAL,Workbook governance/schema/internal record; no external Scryfall fact required by this verifier.,Keep as internal workbook governance unless a later source authority says otherwise.
scryall-data-accumulation-R1005,scryall_data_accumulation,1005,"""Meddling""","""meddling""",Color Pie Ability,,,,VERIFIED_INTERNAL,Workbook governance/schema/internal record; no external Scryfall fact required by this verifier.,Keep as internal workbook governance unless a later source authority says otherwise.
scryall-data-accumulation-R1006,scryall_data_accumulation,1006,Menace,menace,Color Pie Ability,,,,AMBIGUOUS,Same normalized term has multiple legitimate workbook meanings or mappings.,Add context-sensitive Plain Reading disambiguation; do not select a global winner.
scryall-data-accumulation-R1007,scryall_data_accumulation,1007,Milling,milling,Color Pie Ability,,,,VERIFIED_INTERNAL,Workbook governance/schema/internal record; no external Scryfall fact required by this verifier.,Keep as internal workbook governance unless a later source authority says otherwise.
scryall-data-accumulation-R1008,scryall_data_accumulation,1008,Moving enchantments/counters,moving enchantments/counters,Color Pie Ability,,,,VERIFIED_INTERNAL,Workbook governance/schema/internal record; no external Scryfall fact required by this verifier.,Keep as internal workbook governance unless a later source authority says otherwise.
scryall-data-accumulation-R1009,scryall_data_accumulation,1009,Must attack,must attack,Color Pie Ability,,,,VERIFIED_INTERNAL,Workbook governance/schema/internal record; no external Scryfall fact required by this verifier.,Keep as internal workbook governance unless a later source authority says otherwise.
scryall-data-accumulation-R1010,scryall_data_accumulation,1010,Pacifism-like effect,pacifism-like effect,Color Pie Ability,,,,VERIFIED_INTERNAL,Workbook governance/schema/internal record; no external Scryfall fact required by this verifier.,Keep as internal workbook governance unless a later source authority says otherwise.
scryall-data-accumulation-R1011,scryall_data_accumulation,1011,"""Panic""","""panic""",Color Pie Ability,,,,VERIFIED_INTERNAL,Workbook governance/schema/internal record; no external Scryfall fact required by this verifier.,Keep as internal workbook governance unless a later source authority says otherwise.
scryall-data-accumulation-R1012,scryall_data_accumulation,1012,Planeswalker destruction,planeswalker destruction,Color Pie Ability,,,,VERIFIED_INTERNAL,Workbook governance/schema/internal record; no external Scryfall fact required by this verifier.,Keep as internal workbook governance unless a later source authority says otherwise.
scryall-data-accumulation-R1013,scryall_data_accumulation,1013,Playing cards off top of library (paying cost),playing cards off top of library (paying cost),Color Pie Ability,,,,VERIFIED_INTERNAL,Workbook governance/schema/internal record; no external Scryfall fact required by this verifier.,Keep as internal workbook governance unless a later source authority says otherwise.
scryall-data-accumulation-R1014,scryall_data_accumulation,1014,Playing cards off top of library (for free),playing cards off top of library (for free),Color Pie Ability,,,,VERIFIED_INTERNAL,Workbook governance/schema/internal record; no external Scryfall fact required by this verifier.,Keep as internal workbook governance unless a later source authority says otherwise.
scryall-data-accumulation-R1015,scryall_data_accumulation,1015,Playing cards off top of opponent's library,playing cards off top of opponent's library,Color Pie Ability,,,,VERIFIED_INTERNAL,Workbook governance/schema/internal record; no external Scryfall fact required by this verifier.,Keep as internal workbook governance unless a later source authority says otherwise.
scryall-data-accumulation-R1016,scryall_data_accumulation,1016,Play extra lands,play extra lands,Color Pie Ability,,,,VERIFIED_INTERNAL,Workbook governance/schema/internal record; no external Scryfall fact required by this verifier.,Keep as internal workbook governance unless a later source authority says otherwise.
scryall-data-accumulation-R1017,scryall_data_accumulation,1017,"""Polymorph""","""polymorph""",Color Pie Ability,,,,VERIFIED_INTERNAL,Workbook governance/schema/internal record; no external Scryfall fact required by this verifier.,Keep as internal workbook governance unless a later source authority says otherwise.
scryall-data-accumulation-R1018,scryall_data_accumulation,1018,Preventing actions,preventing actions,Color Pie Ability,,,,VERIFIED_INTERNAL,Workbook governance/schema/internal record; no external Scryfall fact required by this verifier.,Keep as internal workbook governance unless a later source authority says otherwise.
scryall-data-accumulation-R1019,scryall_data_accumulation,1019,Protection,protection,Color Pie Ability,,,,AMBIGUOUS,Same normalized term has multiple legitimate workbook meanings or mappings.,Add context-sensitive Plain Reading disambiguation; do not select a global winner.
scryall-data-accumulation-R1020,scryall_data_accumulation,1020,Prowess,prowess,Color Pie Ability,,,,AMBIGUOUS,Same normalized term has multiple legitimate workbook meanings or mappings.,Add context-sensitive Plain Reading disambiguation; do not select a global winner.
scryall-data-accumulation-R1021,scryall_data_accumulation,1021,"""Punisher"" effects","""punisher"" effects",Color Pie Ability,,,,VERIFIED_INTERNAL,Workbook governance/schema/internal record; no external Scryfall fact required by this verifier.,Keep as internal workbook governance unless a later source authority says otherwise.
scryall-data-accumulation-R1022,scryall_data_accumulation,1022,Putting artifacts from hand onto battlefield,putting artifacts from hand onto battlefield,Color Pie Ability,,,,VERIFIED_INTERNAL,Workbook governance/schema/internal record; no external Scryfall fact required by this verifier.,Keep as internal workbook governance unless a later source authority says otherwise.
scryall-data-accumulation-R1023,scryall_data_accumulation,1023,Putting creatures from hand onto battlefield,putting creatures from hand onto battlefield,Color Pie Ability,,,,VERIFIED_INTERNAL,Workbook governance/schema/internal record; no external Scryfall fact required by this verifier.,Keep as internal workbook governance unless a later source authority says otherwise.
scryall-data-accumulation-R1024,scryall_data_accumulation,1024,Putting enchantments from hand onto battlefield,putting enchantments from hand onto battlefield,Color Pie Ability,,,,VERIFIED_INTERNAL,Workbook governance/schema/internal record; no external Scryfall fact required by this verifier.,Keep as internal workbook governance unless a later source authority says otherwise.
scryall-data-accumulation-R1025,scryall_data_accumulation,1025,Putting lands from hand onto battlefield,putting lands from hand onto battlefield,Color Pie Ability,,,,VERIFIED_INTERNAL,Workbook governance/schema/internal record; no external Scryfall fact required by this verifier.,Keep as internal workbook governance unless a later source authority says otherwise.
scryall-data-accumulation-R1026,scryall_data_accumulation,1026,Putting planeswalkers from hand onto battlefield,putting planeswalkers from hand onto battlefield,Color Pie Ability,,,,VERIFIED_INTERNAL,Workbook governance/schema/internal record; no external Scryfall fact required by this verifier.,Keep as internal workbook governance unless a later source authority says otherwise.
scryall-data-accumulation-R1027,scryall_data_accumulation,1027,Random destruction effects,random destruction effects,Color Pie Ability,,,,VERIFIED_INTERNAL,Workbook governance/schema/internal record; no external Scryfall fact required by this verifier.,Keep as internal workbook governance unless a later source authority says otherwise.
scryall-data-accumulation-R1028,scryall_data_accumulation,1028,Reach,reach,Color Pie Ability,,,,AMBIGUOUS,Same normalized term has multiple legitimate workbook meanings or mappings.,Add context-sensitive Plain Reading disambiguation; do not select a global winner.
scryall-data-accumulation-R1029,scryall_data_accumulation,1029,"""Reanimate"" permanent","""reanimate"" permanent",Color Pie Ability,,,,VERIFIED_INTERNAL,Workbook governance/schema/internal record; no external Scryfall fact required by this verifier.,Keep as internal workbook governance unless a later source authority says otherwise.
scryall-data-accumulation-R1030,scryall_data_accumulation,1030,"""Reanimation"" (creatures)","""reanimation"" (creatures)",Color Pie Ability,,,,VERIFIED_INTERNAL,Workbook governance/schema/internal record; no external Scryfall fact required by this verifier.,Keep as internal workbook governance unless a later source authority says otherwise.
scryall-data-accumulation-R1031,scryall_data_accumulation,1031,Removing counters,removing counters,Color Pie Ability,,,,VERIFIED_INTERNAL,Workbook governance/schema/internal record; no external Scryfall fact required by this verifier.,Keep as internal workbook governance unless a later source authority says otherwise.
scryall-data-accumulation-R1032,scryall_data_accumulation,1032,"""Restocking""","""restocking""",Color Pie Ability,,,,VERIFIED_INTERNAL,Workbook governance/schema/internal record; no external Scryfall fact required by this verifier.,Keep as internal workbook governance unless a later source authority says otherwise.
scryall-data-accumulation-R1033,scryall_data_accumulation,1033,Return target card from graveyard to hand,return target card from graveyard to hand,Color Pie Ability,,,,VERIFIED_INTERNAL,Workbook governance/schema/internal record; no external Scryfall fact required by this verifier.,Keep as internal workbook governance unless a later source authority says otherwise.
scryall-data-accumulation-R1034,scryall_data_accumulation,1034,Return target artifact from graveyard to hand,return target artifact from graveyard to hand,Color Pie Ability,,,,VERIFIED_INTERNAL,Workbook governance/schema/internal record; no external Scryfall fact required by this verifier.,Keep as internal workbook governance unless a later source authority says otherwise.
scryall-data-accumulation-R1035,scryall_data_accumulation,1035,Return target creature from graveyard to hand,return target creature from graveyard to hand,Color Pie Ability,,,,VERIFIED_INTERNAL,Workbook governance/schema/internal record; no external Scryfall fact required by this verifier.,Keep as internal workbook governance unless a later source authority says otherwise.
scryall-data-accumulation-R1036,scryall_data_accumulation,1036,Return target enchantment from graveyard to hand,return target enchantment from graveyard to hand,Color Pie Ability,,,,VERIFIED_INTERNAL,Workbook governance/schema/internal record; no external Scryfall fact required by this verifier.,Keep as internal workbook governance unless a later source authority says otherwise.
scryall-data-accumulation-R1037,scryall_data_accumulation,1037,Return target instant from graveyard to hand,return target instant from graveyard to hand,Color Pie Ability,,,,VERIFIED_INTERNAL,Workbook governance/schema/internal record; no external Scryfall fact required by this verifier.,Keep as internal workbook governance unless a later source authority says otherwise.
scryall-data-accumulation-R1038,scryall_data_accumulation,1038,Return target land from graveyard to hand,return target land from graveyard to hand,Color Pie Ability,,,,VERIFIED_INTERNAL,Workbook governance/schema/internal record; no external Scryfall fact required by this verifier.,Keep as internal workbook governance unless a later source authority says otherwise.
scryall-data-accumulation-R1039,scryall_data_accumulation,1039,Return target sorcery from graveyard to hand,return target sorcery from graveyard to hand,Color Pie Ability,,,,VERIFIED_INTERNAL,Workbook governance/schema/internal record; no external Scryfall fact required by this verifier.,Keep as internal workbook governance unless a later source authority says otherwise.
scryall-data-accumulation-R1040,scryall_data_accumulation,1040,"""Return to hand""","""return to hand""",Color Pie Ability,,,,VERIFIED_INTERNAL,Workbook governance/schema/internal record; no external Scryfall fact required by this verifier.,Keep as internal workbook governance unless a later source authority says otherwise.
scryall-data-accumulation-R1041,scryall_data_accumulation,1041,"""Rewards for death""","""rewards for death""",Color Pie Ability,,,,VERIFIED_INTERNAL,Workbook governance/schema/internal record; no external Scryfall fact required by this verifier.,Keep as internal workbook governance unless a later source authority says otherwise.
scryall-data-accumulation-R1042,scryall_data_accumulation,1042,Rules setting,rules setting,Color Pie Ability,,,,VERIFIED_INTERNAL,Workbook governance/schema/internal record; no external Scryfall fact required by this verifier.,Keep as internal workbook governance unless a later source authority says otherwise.
scryall-data-accumulation-R1043,scryall_data_accumulation,1043,"""Rummaging""","""rummaging""",Color Pie Ability,,,,VERIFIED_INTERNAL,Workbook governance/schema/internal record; no external Scryfall fact required by this verifier.,Keep as internal workbook governance unless a later source authority says otherwise.
scryall-data-accumulation-R1044,scryall_data_accumulation,1044,Sacrifice an artifact,sacrifice an artifact,Color Pie Ability,,,,VERIFIED_INTERNAL,Workbook governance/schema/internal record; no external Scryfall fact required by this verifier.,Keep as internal workbook governance unless a later source authority says otherwise.
scryall-data-accumulation-R1045,scryall_data_accumulation,1045,Sacrifice a creature,sacrifice a creature,Color Pie Ability,,,,VERIFIED_INTERNAL,Workbook governance/schema/internal record; no external Scryfall fact required by this verifier.,Keep as internal workbook governance unless a later source authority says otherwise.
scryall-data-accumulation-R1046,scryall_data_accumulation,1046,Sacrifice an enchantment,sacrifice an enchantment,Color Pie Ability,,,,VERIFIED_INTERNAL,Workbook governance/schema/internal record; no external Scryfall fact required by this verifier.,Keep as internal workbook governance unless a later source authority says otherwise.
scryall-data-accumulation-R1047,scryall_data_accumulation,1047,Sacrifice a land,sacrifice a land,Color Pie Ability,,,,VERIFIED_INTERNAL,Workbook governance/schema/internal record; no external Scryfall fact required by this verifier.,Keep as internal workbook governance unless a later source authority says otherwise.
scryall-data-accumulation-R1048,scryall_data_accumulation,1048,Sacrifice a permanent,sacrifice a permanent,Color Pie Ability,,,,VERIFIED_INTERNAL,Workbook governance/schema/internal record; no external Scryfall fact required by this verifier.,Keep as internal workbook governance unless a later source authority says otherwise.
scryall-data-accumulation-R1049,scryall_data_accumulation,1049,Scry,scry,Color Pie Ability,,,,AMBIGUOUS,Same normalized term has multiple legitimate workbook meanings or mappings.,Add context-sensitive Plain Reading disambiguation; do not select a global winner.
scryall-data-accumulation-R1050,scryall_data_accumulation,1050,"""Sengir"" ability","""sengir"" ability",Color Pie Ability,,,,VERIFIED_INTERNAL,Workbook governance/schema/internal record; no external Scryfall fact required by this verifier.,Keep as internal workbook governance unless a later source authority says otherwise.
scryall-data-accumulation-R1051,scryall_data_accumulation,1051,"""Specter"" ability","""specter"" ability",Color Pie Ability,,,,VERIFIED_INTERNAL,Workbook governance/schema/internal record; no external Scryfall fact required by this verifier.,Keep as internal workbook governance unless a later source authority says otherwise.
scryall-data-accumulation-R1052,scryall_data_accumulation,1052,Spell copying,spell copying,Color Pie Ability,,,,VERIFIED_INTERNAL,Workbook governance/schema/internal record; no external Scryfall fact required by this verifier.,Keep as internal workbook governance unless a later source authority says otherwise.
scryall-data-accumulation-R1053,scryall_data_accumulation,1053,Spell redirection,spell redirection,Color Pie Ability,,,,VERIFIED_INTERNAL,Workbook governance/schema/internal record; no external Scryfall fact required by this verifier.,Keep as internal workbook governance unless a later source authority says otherwise.
scryall-data-accumulation-R1054,scryall_data_accumulation,1054,"""Stalking""","""stalking""",Color Pie Ability,,,,VERIFIED_INTERNAL,Workbook governance/schema/internal record; no external Scryfall fact required by this verifier.,Keep as internal workbook governance unless a later source authority says otherwise.
scryall-data-accumulation-R1055,scryall_data_accumulation,1055,"Stealing permanents, temporarily","stealing permanents, temporarily",Color Pie Ability,,,,VERIFIED_INTERNAL,Workbook governance/schema/internal record; no external Scryfall fact required by this verifier.,Keep as internal workbook governance unless a later source authority says otherwise.
scryall-data-accumulation-R1056,scryall_data_accumulation,1056,"Stealing permanents, permanently","stealing permanents, permanently",Color Pie Ability,,,,VERIFIED_INTERNAL,Workbook governance/schema/internal record; no external Scryfall fact required by this verifier.,Keep as internal workbook governance unless a later source authority says otherwise.
scryall-data-accumulation-R1057,scryall_data_accumulation,1057,"""Super trample""","""super trample""",Color Pie Ability,,,,VERIFIED_INTERNAL,Workbook governance/schema/internal record; no external Scryfall fact required by this verifier.,Keep as internal workbook governance unless a later source authority says otherwise.
scryall-data-accumulation-R1058,scryall_data_accumulation,1058,Switching power/toughness,switching power/toughness,Color Pie Ability,,,,VERIFIED_INTERNAL,Workbook governance/schema/internal record; no external Scryfall fact required by this verifier.,Keep as internal workbook governance unless a later source authority says otherwise.
scryall-data-accumulation-R1059,scryall_data_accumulation,1059,Tapping creatures,tapping creatures,Color Pie Ability,,,,VERIFIED_INTERNAL,Workbook governance/schema/internal record; no external Scryfall fact required by this verifier.,Keep as internal workbook governance unless a later source authority says otherwise.
scryall-data-accumulation-R1060,scryall_data_accumulation,1060,Taxing,taxing,Color Pie Ability,,,,VERIFIED_INTERNAL,Workbook governance/schema/internal record; no external Scryfall fact required by this verifier.,Keep as internal workbook governance unless a later source authority says otherwise.
scryall-data-accumulation-R1061,scryall_data_accumulation,1061,"""Time Walk""","""time walk""",Color Pie Ability,,,,VERIFIED_INTERNAL,Workbook governance/schema/internal record; no external Scryfall fact required by this verifier.,Keep as internal workbook governance unless a later source authority says otherwise.
scryall-data-accumulation-R1062,scryall_data_accumulation,1062,Token generation,token generation,Color Pie Ability,,,,VERIFIED_INTERNAL,Workbook governance/schema/internal record; no external Scryfall fact required by this verifier.,Keep as internal workbook governance unless a later source authority says otherwise.
scryall-data-accumulation-R1063,scryall_data_accumulation,1063,Trample,trample,Color Pie Ability,,,,AMBIGUOUS,Same normalized term has multiple legitimate workbook meanings or mappings.,Add context-sensitive Plain Reading disambiguation; do not select a global winner.
scryall-data-accumulation-R1064,scryall_data_accumulation,1064,"""Transformation""","""transformation""",Color Pie Ability,,,,VERIFIED_INTERNAL,Workbook governance/schema/internal record; no external Scryfall fact required by this verifier.,Keep as internal workbook governance unless a later source authority says otherwise.
scryall-data-accumulation-R1065,scryall_data_accumulation,1065,Treasure creation,treasure creation,Color Pie Ability,,,,VERIFIED_INTERNAL,Workbook governance/schema/internal record; no external Scryfall fact required by this verifier.,Keep as internal workbook governance unless a later source authority says otherwise.
scryall-data-accumulation-R1066,scryall_data_accumulation,1066,"""Torment""","""torment""",Color Pie Ability,,,,VERIFIED_INTERNAL,Workbook governance/schema/internal record; no external Scryfall fact required by this verifier.,Keep as internal workbook governance unless a later source authority says otherwise.
scryall-data-accumulation-R1067,scryall_data_accumulation,1067,Tutoring (for any card),tutoring (for any card),Color Pie Ability,,,,VERIFIED_INTERNAL,Workbook governance/schema/internal record; no external Scryfall fact required by this verifier.,Keep as internal workbook governance unless a later source authority says otherwise.
scryall-data-accumulation-R1068,scryall_data_accumulation,1068,Tutoring (for a creature),tutoring (for a creature),Color Pie Ability,,,,VERIFIED_INTERNAL,Workbook governance/schema/internal record; no external Scryfall fact required by this verifier.,Keep as internal workbook governance unless a later source authority says otherwise.
scryall-data-accumulation-R1069,scryall_data_accumulation,1069,Tutoring (for an artifact),tutoring (for an artifact),Color Pie Ability,,,,VERIFIED_INTERNAL,Workbook governance/schema/internal record; no external Scryfall fact required by this verifier.,Keep as internal workbook governance unless a later source authority says otherwise.
scryall-data-accumulation-R1070,scryall_data_accumulation,1070,Tutoring (for an enchantment),tutoring (for an enchantment),Color Pie Ability,,,,VERIFIED_INTERNAL,Workbook governance/schema/internal record; no external Scryfall fact required by this verifier.,Keep as internal workbook governance unless a later source authority says otherwise.
scryall-data-accumulation-R1071,scryall_data_accumulation,1071,Tutoring (for an instant or sorcery),tutoring (for an instant or sorcery),Color Pie Ability,,,,VERIFIED_INTERNAL,Workbook governance/schema/internal record; no external Scryfall fact required by this verifier.,Keep as internal workbook governance unless a later source authority says otherwise.
scryall-data-accumulation-R1072,scryall_data_accumulation,1072,Tutoring (for a land),tutoring (for a land),Color Pie Ability,,,,VERIFIED_INTERNAL,Workbook governance/schema/internal record; no external Scryfall fact required by this verifier.,Keep as internal workbook governance unless a later source authority says otherwise.
scryall-data-accumulation-R1073,scryall_data_accumulation,1073,Tutoring (for a planeswalker),tutoring (for a planeswalker),Color Pie Ability,,,,VERIFIED_INTERNAL,Workbook governance/schema/internal record; no external Scryfall fact required by this verifier.,Keep as internal workbook governance unless a later source authority says otherwise.
scryall-data-accumulation-R1074,scryall_data_accumulation,1074,"""Twiddle""","""twiddle""",Color Pie Ability,,,,VERIFIED_INTERNAL,Workbook governance/schema/internal record; no external Scryfall fact required by this verifier.,Keep as internal workbook governance unless a later source authority says otherwise.
scryall-data-accumulation-R1075,scryall_data_accumulation,1075,Untapping creatures,untapping creatures,Color Pie Ability,,,,VERIFIED_INTERNAL,Workbook governance/schema/internal record; no external Scryfall fact required by this verifier.,Keep as internal workbook governance unless a later source authority says otherwise.
scryall-data-accumulation-R1076,scryall_data_accumulation,1076,Untapping lands,untapping lands,Color Pie Ability,,,,VERIFIED_INTERNAL,Workbook governance/schema/internal record; no external Scryfall fact required by this verifier.,Keep as internal workbook governance unless a later source authority says otherwise.
scryall-data-accumulation-R1077,scryall_data_accumulation,1077,Vigilance,vigilance,Color Pie Ability,,,,AMBIGUOUS,Same normalized term has multiple legitimate workbook meanings or mappings.,Add context-sensitive Plain Reading disambiguation; do not select a global winner.
scryall-data-accumulation-R1078,scryall_data_accumulation,1078,Variable creature,variable creature,Color Pie Ability,,,,VERIFIED_INTERNAL,Workbook governance/schema/internal record; no external Scryfall fact required by this verifier.,Keep as internal workbook governance unless a later source authority says otherwise.
scryall-data-accumulation-R1079,scryall_data_accumulation,1079,Ward,ward,Color Pie Ability,,,,AMBIGUOUS,Same normalized term has multiple legitimate workbook meanings or mappings.,Add context-sensitive Plain Reading disambiguation; do not select a global winner.
scryall-data-accumulation-R1080,scryall_data_accumulation,1080,"""Warlord"" ability","""warlord"" ability",Color Pie Ability,,,,VERIFIED_INTERNAL,Workbook governance/schema/internal record; no external Scryfall fact required by this verifier.,Keep as internal workbook governance unless a later source authority says otherwise.
scryall-data-accumulation-R1081,scryall_data_accumulation,1081,"""Wheeling""","""wheeling""",Color Pie Ability,,,,VERIFIED_INTERNAL,Workbook governance/schema/internal record; no external Scryfall fact required by this verifier.,Keep as internal workbook governance unless a later source authority says otherwise.
scryall-data-accumulation-R1082,scryall_data_accumulation,1082,"""Word"" changing","""word"" changing",Color Pie Ability,,,,VERIFIED_INTERNAL,Workbook governance/schema/internal record; no external Scryfall fact required by this verifier.,Keep as internal workbook governance unless a later source authority says otherwise.
scryall-data-accumulation-R1083,scryall_data_accumulation,1083,"""You don't lose""","""you don't lose""",Color Pie Ability,,,,VERIFIED_INTERNAL,Workbook governance/schema/internal record; no external Scryfall fact required by this verifier.,Keep as internal workbook governance unless a later source authority says otherwise.
scryall-data-accumulation-R1084,scryall_data_accumulation,1084,Tokens,tokens,Deck Archetype,,,,SEMANTIC_REVIEW,"Legitimate player/semantic terminology, but interpretation depends on context or non-native assumptions.",Owner/domain review before executable mapping.
scryall-data-accumulation-R1085,scryall_data_accumulation,1085,+1/+1 Counters,+1/+1 counters,Deck Archetype,,,,SEMANTIC_REVIEW,"Legitimate player/semantic terminology, but interpretation depends on context or non-native assumptions.",Owner/domain review before executable mapping.
scryall-data-accumulation-R1086,scryall_data_accumulation,1086,Artifacts,artifacts,Deck Archetype,,,,SEMANTIC_REVIEW,"Legitimate player/semantic terminology, but interpretation depends on context or non-native assumptions.",Owner/domain review before executable mapping.
scryall-data-accumulation-R1087,scryall_data_accumulation,1087,Combo,combo,Deck Archetype,,,,SEMANTIC_REVIEW,"Legitimate player/semantic terminology, but interpretation depends on context or non-native assumptions.",Owner/domain review before executable mapping.
scryall-data-accumulation-R1088,scryall_data_accumulation,1088,Lifegain,lifegain,Deck Archetype,,,,SEMANTIC_REVIEW,"Legitimate player/semantic terminology, but interpretation depends on context or non-native assumptions.",Owner/domain review before executable mapping.
scryall-data-accumulation-R1089,scryall_data_accumulation,1089,Spellslinger,spellslinger,Deck Archetype,,,,SEMANTIC_REVIEW,"Legitimate player/semantic terminology, but interpretation depends on context or non-native assumptions.",Owner/domain review before executable mapping.
scryall-data-accumulation-R1090,scryall_data_accumulation,1090,Aristocrats,aristocrats,Deck Archetype,,,,SEMANTIC_REVIEW,"Legitimate player/semantic terminology, but interpretation depends on context or non-native assumptions.",Owner/domain review before executable mapping.
scryall-data-accumulation-R1091,scryall_data_accumulation,1091,Reanimator,reanimator,Deck Archetype,,,,SEMANTIC_REVIEW,"Legitimate player/semantic terminology, but interpretation depends on context or non-native assumptions.",Owner/domain review before executable mapping.
scryall-data-accumulation-R1092,scryall_data_accumulation,1092,Ramp,ramp,Deck Archetype,,,,AMBIGUOUS,Same normalized term has multiple legitimate workbook meanings or mappings.,Add context-sensitive Plain Reading disambiguation; do not select a global winner.
scryall-data-accumulation-R1093,scryall_data_accumulation,1093,Lands Matter,lands matter,Deck Archetype,,,,SEMANTIC_REVIEW,"Legitimate player/semantic terminology, but interpretation depends on context or non-native assumptions.",Owner/domain review before executable mapping.
scryall-data-accumulation-R1094,scryall_data_accumulation,1094,Landfall,landfall,Deck Archetype,,,,AMBIGUOUS,Same normalized term has multiple legitimate workbook meanings or mappings.,Add context-sensitive Plain Reading disambiguation; do not select a global winner.
scryall-data-accumulation-R1095,scryall_data_accumulation,1095,Treasure,treasure,Deck Archetype,,,,AMBIGUOUS,Same normalized term has multiple legitimate workbook meanings or mappings.,Add context-sensitive Plain Reading disambiguation; do not select a global winner.
scryall-data-accumulation-R1096,scryall_data_accumulation,1096,Equipment,equipment,Deck Archetype,,,,AMBIGUOUS,Same normalized term has multiple legitimate workbook meanings or mappings.,Add context-sensitive Plain Reading disambiguation; do not select a global winner.
scryall-data-accumulation-R1097,scryall_data_accumulation,1097,Enchantress,enchantress,Deck Archetype,,,,SEMANTIC_REVIEW,"Legitimate player/semantic terminology, but interpretation depends on context or non-native assumptions.",Owner/domain review before executable mapping.
scryall-data-accumulation-R1098,scryall_data_accumulation,1098,Control,control,Deck Archetype,,,,SEMANTIC_REVIEW,"Legitimate player/semantic terminology, but interpretation depends on context or non-native assumptions.",Owner/domain review before executable mapping.
scryall-data-accumulation-R1099,scryall_data_accumulation,1099,Voltron,voltron,Deck Archetype,,,,SEMANTIC_REVIEW,"Legitimate player/semantic terminology, but interpretation depends on context or non-native assumptions.",Owner/domain review before executable mapping.
scryall-data-accumulation-R1100,scryall_data_accumulation,1100,Blink / Flicker,blink / flicker,Deck Archetype,,,,SEMANTIC_REVIEW,"Legitimate player/semantic terminology, but interpretation depends on context or non-native assumptions.",Owner/domain review before executable mapping.
scryall-data-accumulation-R1101,scryall_data_accumulation,1101,Graveyard Value,graveyard value,Deck Archetype,,,,SEMANTIC_REVIEW,"Legitimate player/semantic terminology, but interpretation depends on context or non-native assumptions.",Owner/domain review before executable mapping.
scryall-data-accumulation-R1102,scryall_data_accumulation,1102,Mill,mill,Deck Archetype,,,,AMBIGUOUS,Same normalized term has multiple legitimate workbook meanings or mappings.,Add context-sensitive Plain Reading disambiguation; do not select a global winner.
scryall-data-accumulation-R1103,scryall_data_accumulation,1103,Big Mana / Stompy,big mana / stompy,Deck Archetype,,,,SEMANTIC_REVIEW,"Legitimate player/semantic terminology, but interpretation depends on context or non-native assumptions.",Owner/domain review before executable mapping.
scryall-data-accumulation-R1104,scryall_data_accumulation,1104,Typal,typal,Deck Archetype,,,,SEMANTIC_REVIEW,"Legitimate player/semantic terminology, but interpretation depends on context or non-native assumptions.",Owner/domain review before executable mapping.
scryall-data-accumulation-R1105,scryall_data_accumulation,1105,Midrange Value,midrange value,Deck Archetype,,,,SEMANTIC_REVIEW,"Legitimate player/semantic terminology, but interpretation depends on context or non-native assumptions.",Owner/domain review before executable mapping.
scryall-data-accumulation-R1106,scryall_data_accumulation,1106,Politics / Deals,politics / deals,Deck Archetype,,,,SEMANTIC_REVIEW,"Legitimate player/semantic terminology, but interpretation depends on context or non-native assumptions.",Owner/domain review before executable mapping.
scryall-data-accumulation-R1107,scryall_data_accumulation,1107,Auras,auras,Deck Archetype,,,,SEMANTIC_REVIEW,"Legitimate player/semantic terminology, but interpretation depends on context or non-native assumptions.",Owner/domain review before executable mapping.
scryall-data-accumulation-R1108,scryall_data_accumulation,1108,Burn,burn,Deck Archetype,,,,SEMANTIC_REVIEW,"Legitimate player/semantic terminology, but interpretation depends on context or non-native assumptions.",Owner/domain review before executable mapping.
scryall-data-accumulation-R1109,scryall_data_accumulation,1109,Wheels,wheels,Deck Archetype,,,,SEMANTIC_REVIEW,"Legitimate player/semantic terminology, but interpretation depends on context or non-native assumptions.",Owner/domain review before executable mapping.
scryall-data-accumulation-R1110,scryall_data_accumulation,1110,Discard,discard,Deck Archetype,,,,AMBIGUOUS,Same normalized term has multiple legitimate workbook meanings or mappings.,Add context-sensitive Plain Reading disambiguation; do not select a global winner.
scryall-data-accumulation-R1111,scryall_data_accumulation,1111,Clones,clones,Deck Archetype,,,,SEMANTIC_REVIEW,"Legitimate player/semantic terminology, but interpretation depends on context or non-native assumptions.",Owner/domain review before executable mapping.
scryall-data-accumulation-R1112,scryall_data_accumulation,1112,Theft / Copy,theft / copy,Deck Archetype,,,,SEMANTIC_REVIEW,"Legitimate player/semantic terminology, but interpretation depends on context or non-native assumptions.",Owner/domain review before executable mapping.
scryall-data-accumulation-R1113,scryall_data_accumulation,1113,Sacrifice,sacrifice,Deck Archetype,,,,AMBIGUOUS,Same normalized term has multiple legitimate workbook meanings or mappings.,Add context-sensitive Plain Reading disambiguation; do not select a global winner.
scryall-data-accumulation-R1114,scryall_data_accumulation,1114,Storm,storm,Deck Archetype,,,,AMBIGUOUS,Same normalized term has multiple legitimate workbook meanings or mappings.,Add context-sensitive Plain Reading disambiguation; do not select a global winner.
scryall-data-accumulation-R1115,scryall_data_accumulation,1115,Stax / Resource Denial,stax / resource denial,Deck Archetype,,,,SEMANTIC_REVIEW,"Legitimate player/semantic terminology, but interpretation depends on context or non-native assumptions.",Owner/domain review before executable mapping.
scryall-data-accumulation-R1116,scryall_data_accumulation,1116,Group Slug,group slug,Deck Archetype,,,,SEMANTIC_REVIEW,"Legitimate player/semantic terminology, but interpretation depends on context or non-native assumptions.",Owner/domain review before executable mapping.
scryall-data-accumulation-R1117,scryall_data_accumulation,1117,Group Hug,group hug,Deck Archetype,,,,SEMANTIC_REVIEW,"Legitimate player/semantic terminology, but interpretation depends on context or non-native assumptions.",Owner/domain review before executable mapping.
scryall-data-accumulation-R1118,scryall_data_accumulation,1118,Pillow Fort,pillow fort,Deck Archetype,,,,SEMANTIC_REVIEW,"Legitimate player/semantic terminology, but interpretation depends on context or non-native assumptions.",Owner/domain review before executable mapping.
scryall-data-accumulation-R1119,scryall_data_accumulation,1119,Superfriends,superfriends,Deck Archetype,,,,SEMANTIC_REVIEW,"Legitimate player/semantic terminology, but interpretation depends on context or non-native assumptions.",Owner/domain review before executable mapping.
scryall-data-accumulation-R1120,scryall_data_accumulation,1120,Vehicles,vehicles,Deck Archetype,,,,SEMANTIC_REVIEW,"Legitimate player/semantic terminology, but interpretation depends on context or non-native assumptions.",Owner/domain review before executable mapping.
scryall-data-accumulation-R1121,scryall_data_accumulation,1121,Forced Combat / Goad,forced combat / goad,Deck Archetype,,,,SEMANTIC_REVIEW,"Legitimate player/semantic terminology, but interpretation depends on context or non-native assumptions.",Owner/domain review before executable mapping.
scryall-data-accumulation-R1122,scryall_data_accumulation,1122,Extra Turns,extra turns,Deck Archetype,,,,SEMANTIC_REVIEW,"Legitimate player/semantic terminology, but interpretation depends on context or non-native assumptions.",Owner/domain review before executable mapping.
scryall-data-accumulation-R1123,scryall_data_accumulation,1123,Proliferate,proliferate,Deck Archetype,,,,AMBIGUOUS,Same normalized term has multiple legitimate workbook meanings or mappings.,Add context-sensitive Plain Reading disambiguation; do not select a global winner.
scryall-data-accumulation-R1124,scryall_data_accumulation,1124,Hatebears,hatebears,Deck Archetype,,,,SEMANTIC_REVIEW,"Legitimate player/semantic terminology, but interpretation depends on context or non-native assumptions.",Owner/domain review before executable mapping.
scryall-data-accumulation-R1125,scryall_data_accumulation,1125,Topdeck,topdeck,Deck Archetype,,,,SEMANTIC_REVIEW,"Legitimate player/semantic terminology, but interpretation depends on context or non-native assumptions.",Owner/domain review before executable mapping.
scryall-data-accumulation-R1126,scryall_data_accumulation,1126,X Spells,x spells,Deck Archetype,,,,SEMANTIC_REVIEW,"Legitimate player/semantic terminology, but interpretation depends on context or non-native assumptions.",Owner/domain review before executable mapping.
scryall-data-accumulation-R1127,scryall_data_accumulation,1127,Cascade / Discover,cascade / discover,Deck Archetype,,,,SEMANTIC_REVIEW,"Legitimate player/semantic terminology, but interpretation depends on context or non-native assumptions.",Owner/domain review before executable mapping.
scryall-data-accumulation-R1128,scryall_data_accumulation,1128,Commander Matters,commander matters,Deck Archetype,,,,SEMANTIC_REVIEW,"Legitimate player/semantic terminology, but interpretation depends on context or non-native assumptions.",Owner/domain review before executable mapping.
scryall-data-accumulation-R1129,scryall_data_accumulation,1129,Ninjutsu,ninjutsu,Deck Archetype,,,,AMBIGUOUS,Same normalized term has multiple legitimate workbook meanings or mappings.,Add context-sensitive Plain Reading disambiguation; do not select a global winner.
scryall-data-accumulation-R1130,scryall_data_accumulation,1130,Prowess,prowess,Deck Archetype,,,,AMBIGUOUS,Same normalized term has multiple legitimate workbook meanings or mappings.,Add context-sensitive Plain Reading disambiguation; do not select a global winner.
scryall-data-accumulation-R1131,scryall_data_accumulation,1131,Legends Matter,legends matter,Deck Archetype,,,,SEMANTIC_REVIEW,"Legitimate player/semantic terminology, but interpretation depends on context or non-native assumptions.",Owner/domain review before executable mapping.
scryall-data-accumulation-R1132,scryall_data_accumulation,1132,ETB Value,etb value,Deck Archetype,,,,SEMANTIC_REVIEW,"Legitimate player/semantic terminology, but interpretation depends on context or non-native assumptions.",Owner/domain review before executable mapping.
scryall-data-accumulation-R1133,scryall_data_accumulation,1133,Infect / Toxic,infect / toxic,Deck Archetype,,,,SEMANTIC_REVIEW,"Legitimate player/semantic terminology, but interpretation depends on context or non-native assumptions.",Owner/domain review before executable mapping.
scryall-data-accumulation-R1134,scryall_data_accumulation,1134,Toolbox / Tutors,toolbox / tutors,Deck Archetype,,,,SEMANTIC_REVIEW,"Legitimate player/semantic terminology, but interpretation depends on context or non-native assumptions.",Owner/domain review before executable mapping.
scryall-data-accumulation-R1135,scryall_data_accumulation,1135,Land Destruction,land destruction,Deck Archetype,,,,AMBIGUOUS,Same normalized term has multiple legitimate workbook meanings or mappings.,Add context-sensitive Plain Reading disambiguation; do not select a global winner.
scryall-data-accumulation-R1136,scryall_data_accumulation,1136,Chaos,chaos,Deck Archetype,,,,SEMANTIC_REVIEW,"Legitimate player/semantic terminology, but interpretation depends on context or non-native assumptions.",Owner/domain review before executable mapping.
scryall-data-accumulation-R1137,scryall_data_accumulation,1137,Goodstuff,goodstuff,Deck Archetype,,,,SEMANTIC_REVIEW,"Legitimate player/semantic terminology, but interpretation depends on context or non-native assumptions.",Owner/domain review before executable mapping.
scryall-data-accumulation-R1138,scryall_data_accumulation,1138,Sneak and Show,sneak and show,Deck Archetype,,,,SEMANTIC_REVIEW,"Legitimate player/semantic terminology, but interpretation depends on context or non-native assumptions.",Owner/domain review before executable mapping.
scryall-data-accumulation-R1139,scryall_data_accumulation,1139,Self-Mill,self-mill,Deck Archetype,,,,SEMANTIC_REVIEW,"Legitimate player/semantic terminology, but interpretation depends on context or non-native assumptions.",Owner/domain review before executable mapping.
scryall-data-accumulation-R1140,scryall_data_accumulation,1140,-1/-1 Counters,-1/-1 counters,Deck Archetype,,,,SEMANTIC_REVIEW,"Legitimate player/semantic terminology, but interpretation depends on context or non-native assumptions.",Owner/domain review before executable mapping.
scryall-data-accumulation-R1141,scryall_data_accumulation,1141,Energy,energy,Deck Archetype,,,,SEMANTIC_REVIEW,"Legitimate player/semantic terminology, but interpretation depends on context or non-native assumptions.",Owner/domain review before executable mapping.
readme-R6,README,6,Know which native field should represent each kind of user intent.,know which native field should represent each kind of user intent.,,,Know which native field should represent each kind of user intent.,,VERIFIED_INTERNAL,Workbook governance/schema/internal record; no external Scryfall fact required by this verifier.,Keep as internal workbook governance unless a later source authority says otherwise.
readme-R7,README,7,"Translate ETB, sac, blink, ramp, budget, color-group names, etc.","translate etb, sac, blink, ramp, budget, color-group names, etc.",,,"Translate ETB, sac, blink, ramp, budget, color-group names, etc.",,VERIFIED_INTERNAL,Workbook governance/schema/internal record; no external Scryfall fact required by this verifier.,Keep as internal workbook governance unless a later source authority says otherwise.
readme-R8,README,8,"Avoid fake `otag:""Human Label""` mappings.","avoid fake `otag:""human label""` mappings.",,,"Avoid fake `otag:""Human Label""` mappings.",,UNVERIFIED,No external or internal verifier matched this record.,Owner/domain review required before promotion.
readme-R9,README,9,Compose common Commander/deckbuilding searches safely.,compose common commander/deckbuilding searches safely.,,,Compose common Commander/deckbuilding searches safely.,,VERIFIED_INTERNAL,Workbook governance/schema/internal record; no external Scryfall fact required by this verifier.,Keep as internal workbook governance unless a later source authority says otherwise.
readme-R10,README,10,Use wording patterns only when native fields/tags are insufficient.,use wording patterns only when native fields/tags are insufficient.,,,Use wording patterns only when native fields/tags are insufficient.,,VERIFIED_INTERNAL,Workbook governance/schema/internal record; no external Scryfall fact required by this verifier.,Keep as internal workbook governance unless a later source authority says otherwise.
readme-R11,README,11,"Implement the Plain Reading translator as structured fields, not string concatenation.","implement the plain reading translator as structured fields, not string concatenation.",,,"Implement the Plain Reading translator as structured fields, not string concatenation.",,VERIFIED_INTERNAL,Workbook governance/schema/internal record; no external Scryfall fact required by this verifier.,Keep as internal workbook governance unless a later source authority says otherwise.
readme-R12,README,12,Prevent parser drift and false-confidence behavior.,prevent parser drift and false-confidence behavior.,,,Prevent parser drift and false-confidence behavior.,,VERIFIED_INTERNAL,Workbook governance/schema/internal record; no external Scryfall fact required by this verifier.,Keep as internal workbook governance unless a later source authority says otherwise.
readme-R13,README,13,Stop bad aliases or guessed tags from entering production.,stop bad aliases or guessed tags from entering production.,,,Stop bad aliases or guessed tags from entering production.,,VERIFIED_INTERNAL,Workbook governance/schema/internal record; no external Scryfall fact required by this verifier.,Keep as internal workbook governance unless a later source authority says otherwise.
readme-R14,README,14,Version Scryfall/Tagger dependencies and governance.,version scryfall/tagger dependencies and governance.,,,Version Scryfall/Tagger dependencies and governance.,,VERIFIED_INTERNAL,Workbook governance/schema/internal record; no external Scryfall fact required by this verifier.,Keep as internal workbook governance unless a later source authority says otherwise.
readme-R15,README,15,Historical/raw provenance.,historical/raw provenance.,,,Historical/raw provenance.,,VERIFIED_INTERNAL,Workbook governance/schema/internal record; no external Scryfall fact required by this verifier.,Keep as internal workbook governance unless a later source authority says otherwise.
readme-R16,README,16,Prevent invented/approximate otag generation and track verification provenance.,prevent invented/approximate otag generation and track verification provenance.,,,Prevent invented/approximate otag generation and track verification provenance.,,VERIFIED_INTERNAL,Workbook governance/schema/internal record; no external Scryfall fact required by this verifier.,Keep as internal workbook governance unless a later source authority says otherwise.
master-lexicon-R4,Master_Lexicon,4,Advisor,advisor,Creature Type,Production-ready,0.99,"t:""Advisor""",VERIFIED_NATIVE,Exact match in Scryfall catalog creature-types,Safe only as current native catalog fact.
master-lexicon-R5,Master_Lexicon,5,Aetherborn,aetherborn,Creature Type,Production-ready,0.99,"t:""Aetherborn""",VERIFIED_NATIVE,Exact match in Scryfall catalog creature-types,Safe only as current native catalog fact.
master-lexicon-R6,Master_Lexicon,6,Alien,alien,Creature Type,Production-ready,0.99,"t:""Alien""",VERIFIED_NATIVE,Exact match in Scryfall catalog creature-types,Safe only as current native catalog fact.
master-lexicon-R7,Master_Lexicon,7,Ally,ally,Creature Type,Production-ready,0.99,"t:""Ally""",VERIFIED_NATIVE,Exact match in Scryfall catalog creature-types,Safe only as current native catalog fact.
master-lexicon-R8,Master_Lexicon,8,Angel,angel,Creature Type,Production-ready,0.99,"t:""Angel""",VERIFIED_NATIVE,Exact match in Scryfall catalog creature-types,Safe only as current native catalog fact.
master-lexicon-R9,Master_Lexicon,9,Antelope,antelope,Creature Type,Production-ready,0.99,"t:""Antelope""",VERIFIED_NATIVE,Exact match in Scryfall catalog creature-types,Safe only as current native catalog fact.
master-lexicon-R10,Master_Lexicon,10,Ape,ape,Creature Type,Production-ready,0.99,"t:""Ape""",VERIFIED_NATIVE,Exact match in Scryfall catalog creature-types,Safe only as current native catalog fact.
master-lexicon-R11,Master_Lexicon,11,Archer,archer,Creature Type,Production-ready,0.99,"t:""Archer""",VERIFIED_NATIVE,Exact match in Scryfall catalog creature-types,Safe only as current native catalog fact.
master-lexicon-R12,Master_Lexicon,12,Archon,archon,Creature Type,Production-ready,0.99,"t:""Archon""",VERIFIED_NATIVE,Exact match in Scryfall catalog creature-types,Safe only as current native catalog fact.
master-lexicon-R13,Master_Lexicon,13,Armadillo,armadillo,Creature Type,Production-ready,0.99,"t:""Armadillo""",VERIFIED_NATIVE,Exact match in Scryfall catalog creature-types,Safe only as current native catalog fact.
master-lexicon-R14,Master_Lexicon,14,Army,army,Creature Type,Production-ready,0.99,"t:""Army""",VERIFIED_NATIVE,Exact match in Scryfall catalog creature-types,Safe only as current native catalog fact.
master-lexicon-R15,Master_Lexicon,15,Artificer,artificer,Creature Type,Production-ready,0.99,"t:""Artificer""",VERIFIED_NATIVE,Exact match in Scryfall catalog creature-types,Safe only as current native catalog fact.
master-lexicon-R16,Master_Lexicon,16,Assassin,assassin,Creature Type,Production-ready,0.99,"t:""Assassin""",VERIFIED_NATIVE,Exact match in Scryfall catalog creature-types,Safe only as current native catalog fact.
master-lexicon-R17,Master_Lexicon,17,Assembly-Worker,assembly-worker,Creature Type,Production-ready,0.99,"t:""Assembly-Worker""",VERIFIED_NATIVE,Exact match in Scryfall catalog creature-types,Safe only as current native catalog fact.
master-lexicon-R18,Master_Lexicon,18,Astartes,astartes,Creature Type,Production-ready,0.99,"t:""Astartes""",VERIFIED_NATIVE,Exact match in Scryfall catalog creature-types,Safe only as current native catalog fact.
master-lexicon-R19,Master_Lexicon,19,Atog,atog,Creature Type,Production-ready,0.99,"t:""Atog""",VERIFIED_NATIVE,Exact match in Scryfall catalog creature-types,Safe only as current native catalog fact.
master-lexicon-R20,Master_Lexicon,20,Aurochs,aurochs,Creature Type,Production-ready,0.99,"t:""Aurochs""",VERIFIED_NATIVE,Exact match in Scryfall catalog creature-types,Safe only as current native catalog fact.
master-lexicon-R21,Master_Lexicon,21,Automaton,automaton,Creature Type,Production-ready,0.99,"t:""Automaton""",VERIFIED_NATIVE,Exact match in Scryfall catalog creature-types,Safe only as current native catalog fact.
master-lexicon-R22,Master_Lexicon,22,Avatar,avatar,Creature Type,Production-ready,0.99,"t:""Avatar""",VERIFIED_NATIVE,Exact match in Scryfall catalog creature-types,Safe only as current native catalog fact.
master-lexicon-R23,Master_Lexicon,23,Azra,azra,Creature Type,Production-ready,0.99,"t:""Azra""",VERIFIED_NATIVE,Exact match in Scryfall catalog creature-types,Safe only as current native catalog fact.
master-lexicon-R24,Master_Lexicon,24,Badger,badger,Creature Type,Production-ready,0.99,"t:""Badger""",VERIFIED_NATIVE,Exact match in Scryfall catalog creature-types,Safe only as current native catalog fact.
master-lexicon-R25,Master_Lexicon,25,Balloon,balloon,Creature Type,Production-ready,0.99,"t:""Balloon""",VERIFIED_NATIVE,Exact match in Scryfall catalog creature-types,Safe only as current native catalog fact.
master-lexicon-R26,Master_Lexicon,26,Barbarian,barbarian,Creature Type,Production-ready,0.99,"t:""Barbarian""",VERIFIED_NATIVE,Exact match in Scryfall catalog creature-types,Safe only as current native catalog fact.
master-lexicon-R27,Master_Lexicon,27,Bard,bard,Creature Type,Production-ready,0.99,"t:""Bard""",VERIFIED_NATIVE,Exact match in Scryfall catalog creature-types,Safe only as current native catalog fact.
master-lexicon-R28,Master_Lexicon,28,Basilisk,basilisk,Creature Type,Production-ready,0.99,"t:""Basilisk""",VERIFIED_NATIVE,Exact match in Scryfall catalog creature-types,Safe only as current native catalog fact.
master-lexicon-R29,Master_Lexicon,29,Bat,bat,Creature Type,Production-ready,0.99,"t:""Bat""",VERIFIED_NATIVE,Exact match in Scryfall catalog creature-types,Safe only as current native catalog fact.
master-lexicon-R30,Master_Lexicon,30,Bear,bear,Creature Type,Production-ready,0.99,"t:""Bear""",VERIFIED_NATIVE,Exact match in Scryfall catalog creature-types,Safe only as current native catalog fact.
master-lexicon-R31,Master_Lexicon,31,Beast,beast,Creature Type,Production-ready,0.99,"t:""Beast""",VERIFIED_NATIVE,Exact match in Scryfall catalog creature-types,Safe only as current native catalog fact.
master-lexicon-R32,Master_Lexicon,32,Beaver,beaver,Creature Type,Production-ready,0.99,"t:""Beaver""",VERIFIED_NATIVE,Exact match in Scryfall catalog creature-types,Safe only as current native catalog fact.
master-lexicon-R33,Master_Lexicon,33,Beeble,beeble,Creature Type,Production-ready,0.99,"t:""Beeble""",VERIFIED_NATIVE,Exact match in Scryfall catalog creature-types,Safe only as current native catalog fact.
master-lexicon-R34,Master_Lexicon,34,Beholder,beholder,Creature Type,Production-ready,0.99,"t:""Beholder""",VERIFIED_NATIVE,Exact match in Scryfall catalog creature-types,Safe only as current native catalog fact.
master-lexicon-R35,Master_Lexicon,35,Berserker,berserker,Creature Type,Production-ready,0.99,"t:""Berserker""",VERIFIED_NATIVE,Exact match in Scryfall catalog creature-types,Safe only as current native catalog fact.
master-lexicon-R36,Master_Lexicon,36,Bird,bird,Creature Type,Production-ready,0.99,"t:""Bird""",VERIFIED_NATIVE,Exact match in Scryfall catalog creature-types,Safe only as current native catalog fact.
master-lexicon-R37,Master_Lexicon,37,Bison,bison,Creature Type,Production-ready,0.99,"t:""Bison""",VERIFIED_NATIVE,Exact match in Scryfall catalog creature-types,Safe only as current native catalog fact.
master-lexicon-R38,Master_Lexicon,38,Blinkmoth,blinkmoth,Creature Type,Production-ready,0.99,"t:""Blinkmoth""",VERIFIED_NATIVE,Exact match in Scryfall catalog creature-types,Safe only as current native catalog fact.
master-lexicon-R39,Master_Lexicon,39,Boar,boar,Creature Type,Production-ready,0.99,"t:""Boar""",VERIFIED_NATIVE,Exact match in Scryfall catalog creature-types,Safe only as current native catalog fact.
master-lexicon-R40,Master_Lexicon,40,Brainiac,brainiac,Creature Type,Production-ready,0.99,"t:""Brainiac""",VERIFIED_NATIVE,Exact match in Scryfall catalog creature-types,Safe only as current native catalog fact.
master-lexicon-R41,Master_Lexicon,41,Bringer,bringer,Creature Type,Production-ready,0.99,"t:""Bringer""",VERIFIED_NATIVE,Exact match in Scryfall catalog creature-types,Safe only as current native catalog fact.
master-lexicon-R42,Master_Lexicon,42,Brushwagg,brushwagg,Creature Type,Production-ready,0.99,"t:""Brushwagg""",VERIFIED_NATIVE,Exact match in Scryfall catalog creature-types,Safe only as current native catalog fact.
master-lexicon-R43,Master_Lexicon,43,C’tan,c'tan,Creature Type,Production-ready,0.99,"t:""C’tan""",VERIFIED_NATIVE,Exact match in Scryfall catalog creature-types,Safe only as current native catalog fact.
master-lexicon-R44,Master_Lexicon,44,Camarid,camarid,Creature Type,Production-ready,0.99,"t:""Camarid""",VERIFIED_NATIVE,Exact match in Scryfall catalog creature-types,Safe only as current native catalog fact.
master-lexicon-R45,Master_Lexicon,45,Camel,camel,Creature Type,Production-ready,0.99,"t:""Camel""",VERIFIED_NATIVE,Exact match in Scryfall catalog creature-types,Safe only as current native catalog fact.
master-lexicon-R46,Master_Lexicon,46,Capybara,capybara,Creature Type,Production-ready,0.99,"t:""Capybara""",VERIFIED_NATIVE,Exact match in Scryfall catalog creature-types,Safe only as current native catalog fact.
master-lexicon-R47,Master_Lexicon,47,Caribou,caribou,Creature Type,Production-ready,0.99,"t:""Caribou""",VERIFIED_NATIVE,Exact match in Scryfall catalog creature-types,Safe only as current native catalog fact.
master-lexicon-R48,Master_Lexicon,48,Carrier,carrier,Creature Type,Production-ready,0.99,"t:""Carrier""",VERIFIED_NATIVE,Exact match in Scryfall catalog creature-types,Safe only as current native catalog fact.
master-lexicon-R49,Master_Lexicon,49,Cat,cat,Creature Type,Production-ready,0.99,"t:""Cat""",VERIFIED_NATIVE,Exact match in Scryfall catalog creature-types,Safe only as current native catalog fact.
master-lexicon-R50,Master_Lexicon,50,Centaur,centaur,Creature Type,Production-ready,0.99,"t:""Centaur""",VERIFIED_NATIVE,Exact match in Scryfall catalog creature-types,Safe only as current native catalog fact.
master-lexicon-R51,Master_Lexicon,51,Chicken,chicken,Creature Type,Production-ready,0.99,"t:""Chicken""",VERIFIED_NATIVE,Exact match in Scryfall catalog creature-types,Safe only as current native catalog fact.
master-lexicon-R52,Master_Lexicon,52,Child,child,Creature Type,Production-ready,0.99,"t:""Child""",VERIFIED_NATIVE,Exact match in Scryfall catalog creature-types,Safe only as current native catalog fact.
master-lexicon-R53,Master_Lexicon,53,Chimera,chimera,Creature Type,Production-ready,0.99,"t:""Chimera""",VERIFIED_NATIVE,Exact match in Scryfall catalog creature-types,Safe only as current native catalog fact.
master-lexicon-R54,Master_Lexicon,54,Citizen,citizen,Creature Type,Production-ready,0.99,"t:""Citizen""",VERIFIED_NATIVE,Exact match in Scryfall catalog creature-types,Safe only as current native catalog fact.
master-lexicon-R55,Master_Lexicon,55,Cleric,cleric,Creature Type,Production-ready,0.99,"t:""Cleric""",VERIFIED_NATIVE,Exact match in Scryfall catalog creature-types,Safe only as current native catalog fact.
master-lexicon-R56,Master_Lexicon,56,Clown,clown,Creature Type,Production-ready,0.99,"t:""Clown""",VERIFIED_NATIVE,Exact match in Scryfall catalog creature-types,Safe only as current native catalog fact.
master-lexicon-R57,Master_Lexicon,57,Cockatrice,cockatrice,Creature Type,Production-ready,0.99,"t:""Cockatrice""",VERIFIED_NATIVE,Exact match in Scryfall catalog creature-types,Safe only as current native catalog fact.
master-lexicon-R58,Master_Lexicon,58,Construct,construct,Creature Type,Production-ready,0.99,"t:""Construct""",VERIFIED_NATIVE,Exact match in Scryfall catalog creature-types,Safe only as current native catalog fact.
master-lexicon-R59,Master_Lexicon,59,Coward,coward,Creature Type,Production-ready,0.99,"t:""Coward""",VERIFIED_NATIVE,Exact match in Scryfall catalog creature-types,Safe only as current native catalog fact.
master-lexicon-R60,Master_Lexicon,60,Coyote,coyote,Creature Type,Production-ready,0.99,"t:""Coyote""",VERIFIED_NATIVE,Exact match in Scryfall catalog creature-types,Safe only as current native catalog fact.
master-lexicon-R61,Master_Lexicon,61,Crab,crab,Creature Type,Production-ready,0.99,"t:""Crab""",VERIFIED_NATIVE,Exact match in Scryfall catalog creature-types,Safe only as current native catalog fact.
master-lexicon-R62,Master_Lexicon,62,Crocodile,crocodile,Creature Type,Production-ready,0.99,"t:""Crocodile""",VERIFIED_NATIVE,Exact match in Scryfall catalog creature-types,Safe only as current native catalog fact.
master-lexicon-R63,Master_Lexicon,63,Custodes,custodes,Creature Type,Production-ready,0.99,"t:""Custodes""",VERIFIED_NATIVE,Exact match in Scryfall catalog creature-types,Safe only as current native catalog fact.
master-lexicon-R64,Master_Lexicon,64,Cyberman,cyberman,Creature Type,Production-ready,0.99,"t:""Cyberman""",VERIFIED_NATIVE,Exact match in Scryfall catalog creature-types,Safe only as current native catalog fact.
master-lexicon-R65,Master_Lexicon,65,Cyclops,cyclops,Creature Type,Production-ready,0.99,"t:""Cyclops""",VERIFIED_NATIVE,Exact match in Scryfall catalog creature-types,Safe only as current native catalog fact.
master-lexicon-R66,Master_Lexicon,66,Dalek,dalek,Creature Type,Production-ready,0.99,"t:""Dalek""",VERIFIED_NATIVE,Exact match in Scryfall catalog creature-types,Safe only as current native catalog fact.
master-lexicon-R67,Master_Lexicon,67,Dauthi,dauthi,Creature Type,Production-ready,0.99,"t:""Dauthi""",VERIFIED_NATIVE,Exact match in Scryfall catalog creature-types,Safe only as current native catalog fact.
master-lexicon-R68,Master_Lexicon,68,Demigod,demigod,Creature Type,Production-ready,0.99,"t:""Demigod""",VERIFIED_NATIVE,Exact match in Scryfall catalog creature-types,Safe only as current native catalog fact.
master-lexicon-R69,Master_Lexicon,69,Demon,demon,Creature Type,Production-ready,0.99,"t:""Demon""",VERIFIED_NATIVE,Exact match in Scryfall catalog creature-types,Safe only as current native catalog fact.
master-lexicon-R70,Master_Lexicon,70,Deserter,deserter,Creature Type,Production-ready,0.99,"t:""Deserter""",VERIFIED_NATIVE,Exact match in Scryfall catalog creature-types,Safe only as current native catalog fact.
master-lexicon-R71,Master_Lexicon,71,Detective,detective,Creature Type,Production-ready,0.99,"t:""Detective""",VERIFIED_NATIVE,Exact match in Scryfall catalog creature-types,Safe only as current native catalog fact.
master-lexicon-R72,Master_Lexicon,72,Devil,devil,Creature Type,Production-ready,0.99,"t:""Devil""",VERIFIED_NATIVE,Exact match in Scryfall catalog creature-types,Safe only as current native catalog fact.
master-lexicon-R73,Master_Lexicon,73,Dinosaur,dinosaur,Creature Type,Production-ready,0.99,"t:""Dinosaur""",VERIFIED_NATIVE,Exact match in Scryfall catalog creature-types,Safe only as current native catalog fact.
master-lexicon-R74,Master_Lexicon,74,Djinn,djinn,Creature Type,Production-ready,0.99,"t:""Djinn""",VERIFIED_NATIVE,Exact match in Scryfall catalog creature-types,Safe only as current native catalog fact.
master-lexicon-R75,Master_Lexicon,75,Doctor,doctor,Creature Type,Production-ready,0.99,"t:""Doctor""",VERIFIED_NATIVE,Exact match in Scryfall catalog creature-types,Safe only as current native catalog fact.
master-lexicon-R76,Master_Lexicon,76,Dog,dog,Creature Type,Production-ready,0.99,"t:""Dog""",VERIFIED_NATIVE,Exact match in Scryfall catalog creature-types,Safe only as current native catalog fact.
master-lexicon-R77,Master_Lexicon,77,Dragon,dragon,Creature Type,Production-ready,0.99,"t:""Dragon""",VERIFIED_NATIVE,Exact match in Scryfall catalog creature-types,Safe only as current native catalog fact.
master-lexicon-R78,Master_Lexicon,78,Drake,drake,Creature Type,Production-ready,0.99,"t:""Drake""",VERIFIED_NATIVE,Exact match in Scryfall catalog creature-types,Safe only as current native catalog fact.
master-lexicon-R79,Master_Lexicon,79,Dreadnought,dreadnought,Creature Type,Production-ready,0.99,"t:""Dreadnought""",VERIFIED_NATIVE,Exact match in Scryfall catalog creature-types,Safe only as current native catalog fact.
master-lexicon-R80,Master_Lexicon,80,Drix,drix,Creature Type,Production-ready,0.99,"t:""Drix""",VERIFIED_NATIVE,Exact match in Scryfall catalog creature-types,Safe only as current native catalog fact.
master-lexicon-R81,Master_Lexicon,81,Drone,drone,Creature Type,Production-ready,0.99,"t:""Drone""",VERIFIED_NATIVE,Exact match in Scryfall catalog creature-types,Safe only as current native catalog fact.
master-lexicon-R82,Master_Lexicon,82,Druid,druid,Creature Type,Production-ready,0.99,"t:""Druid""",VERIFIED_NATIVE,Exact match in Scryfall catalog creature-types,Safe only as current native catalog fact.
master-lexicon-R83,Master_Lexicon,83,Dryad,dryad,Creature Type,Production-ready,0.99,"t:""Dryad""",VERIFIED_NATIVE,Exact match in Scryfall catalog creature-types,Safe only as current native catalog fact.
master-lexicon-R84,Master_Lexicon,84,Dwarf,dwarf,Creature Type,Production-ready,0.99,"t:""Dwarf""",VERIFIED_NATIVE,Exact match in Scryfall catalog creature-types,Safe only as current native catalog fact.
master-lexicon-R85,Master_Lexicon,85,Echidna,echidna,Creature Type,Production-ready,0.99,"t:""Echidna""",VERIFIED_NATIVE,Exact match in Scryfall catalog creature-types,Safe only as current native catalog fact.
master-lexicon-R86,Master_Lexicon,86,Efreet,efreet,Creature Type,Production-ready,0.99,"t:""Efreet""",VERIFIED_NATIVE,Exact match in Scryfall catalog creature-types,Safe only as current native catalog fact.
master-lexicon-R87,Master_Lexicon,87,Egg,egg,Creature Type,Production-ready,0.99,"t:""Egg""",VERIFIED_NATIVE,Exact match in Scryfall catalog creature-types,Safe only as current native catalog fact.
master-lexicon-R88,Master_Lexicon,88,Elder,elder,Creature Type,Production-ready,0.99,"t:""Elder""",VERIFIED_NATIVE,Exact match in Scryfall catalog creature-types,Safe only as current native catalog fact.
master-lexicon-R89,Master_Lexicon,89,Eldrazi,eldrazi,Creature Type,Production-ready,0.99,"t:""Eldrazi""",VERIFIED_NATIVE,Exact match in Scryfall catalog creature-types,Safe only as current native catalog fact.
master-lexicon-R90,Master_Lexicon,90,Elemental,elemental,Creature Type,Production-ready,0.99,"t:""Elemental""",VERIFIED_NATIVE,Exact match in Scryfall catalog creature-types,Safe only as current native catalog fact.
master-lexicon-R91,Master_Lexicon,91,Elephant,elephant,Creature Type,Production-ready,0.99,"t:""Elephant""",VERIFIED_NATIVE,Exact match in Scryfall catalog creature-types,Safe only as current native catalog fact.
master-lexicon-R92,Master_Lexicon,92,Elf,elf,Creature Type,Production-ready,0.99,"t:""Elf""",VERIFIED_NATIVE,Exact match in Scryfall catalog creature-types,Safe only as current native catalog fact.
master-lexicon-R93,Master_Lexicon,93,Elk,elk,Creature Type,Production-ready,0.99,"t:""Elk""",VERIFIED_NATIVE,Exact match in Scryfall catalog creature-types,Safe only as current native catalog fact.
master-lexicon-R94,Master_Lexicon,94,Employee,employee,Creature Type,Production-ready,0.99,"t:""Employee""",VERIFIED_NATIVE,Exact match in Scryfall catalog creature-types,Safe only as current native catalog fact.
master-lexicon-R95,Master_Lexicon,95,Eternal,eternal,Creature Type,Production-ready,0.99,"t:""Eternal""",VERIFIED_NATIVE,Exact match in Scryfall catalog creature-types,Safe only as current native catalog fact.
master-lexicon-R96,Master_Lexicon,96,Eye,eye,Creature Type,Production-ready,0.99,"t:""Eye""",VERIFIED_NATIVE,Exact match in Scryfall catalog creature-types,Safe only as current native catalog fact.
master-lexicon-R97,Master_Lexicon,97,Faerie,faerie,Creature Type,Production-ready,0.99,"t:""Faerie""",VERIFIED_NATIVE,Exact match in Scryfall catalog creature-types,Safe only as current native catalog fact.
master-lexicon-R98,Master_Lexicon,98,Ferret,ferret,Creature Type,Production-ready,0.99,"t:""Ferret""",VERIFIED_NATIVE,Exact match in Scryfall catalog creature-types,Safe only as current native catalog fact.
master-lexicon-R99,Master_Lexicon,99,Fish,fish,Creature Type,Production-ready,0.99,"t:""Fish""",VERIFIED_NATIVE,Exact match in Scryfall catalog creature-types,Safe only as current native catalog fact.
master-lexicon-R100,Master_Lexicon,100,Flagbearer,flagbearer,Creature Type,Production-ready,0.99,"t:""Flagbearer""",VERIFIED_NATIVE,Exact match in Scryfall catalog creature-types,Safe only as current native catalog fact.
master-lexicon-R101,Master_Lexicon,101,Fox,fox,Creature Type,Production-ready,0.99,"t:""Fox""",VERIFIED_NATIVE,Exact match in Scryfall catalog creature-types,Safe only as current native catalog fact.
master-lexicon-R102,Master_Lexicon,102,Fractal,fractal,Creature Type,Production-ready,0.99,"t:""Fractal""",VERIFIED_NATIVE,Exact match in Scryfall catalog creature-types,Safe only as current native catalog fact.
master-lexicon-R103,Master_Lexicon,103,Frog,frog,Creature Type,Production-ready,0.99,"t:""Frog""",VERIFIED_NATIVE,Exact match in Scryfall catalog creature-types,Safe only as current native catalog fact.
master-lexicon-R104,Master_Lexicon,104,Fungus,fungus,Creature Type,Production-ready,0.99,"t:""Fungus""",VERIFIED_NATIVE,Exact match in Scryfall catalog creature-types,Safe only as current native catalog fact.
master-lexicon-R105,Master_Lexicon,105,Gamer,gamer,Creature Type,Production-ready,0.99,"t:""Gamer""",VERIFIED_NATIVE,Exact match in Scryfall catalog creature-types,Safe only as current native catalog fact.
master-lexicon-R106,Master_Lexicon,106,Gamma,gamma,Creature Type,Production-ready,0.99,"t:""Gamma""",VERIFIED_NATIVE,Exact match in Scryfall catalog creature-types,Safe only as current native catalog fact.
master-lexicon-R107,Master_Lexicon,107,Gargoyle,gargoyle,Creature Type,Production-ready,0.99,"t:""Gargoyle""",VERIFIED_NATIVE,Exact match in Scryfall catalog creature-types,Safe only as current native catalog fact.
master-lexicon-R108,Master_Lexicon,108,Germ,germ,Creature Type,Production-ready,0.99,"t:""Germ""",VERIFIED_NATIVE,Exact match in Scryfall catalog creature-types,Safe only as current native catalog fact.
master-lexicon-R109,Master_Lexicon,109,Giant,giant,Creature Type,Production-ready,0.99,"t:""Giant""",VERIFIED_NATIVE,Exact match in Scryfall catalog creature-types,Safe only as current native catalog fact.
master-lexicon-R110,Master_Lexicon,110,Giraffe,giraffe,Creature Type,Production-ready,0.99,"t:""Giraffe""",VERIFIED_NATIVE,Exact match in Scryfall catalog creature-types,Safe only as current native catalog fact.
master-lexicon-R111,Master_Lexicon,111,Gith,gith,Creature Type,Production-ready,0.99,"t:""Gith""",VERIFIED_NATIVE,Exact match in Scryfall catalog creature-types,Safe only as current native catalog fact.
master-lexicon-R112,Master_Lexicon,112,Glimmer,glimmer,Creature Type,Production-ready,0.99,"t:""Glimmer""",VERIFIED_NATIVE,Exact match in Scryfall catalog creature-types,Safe only as current native catalog fact.
master-lexicon-R113,Master_Lexicon,113,Gnoll,gnoll,Creature Type,Production-ready,0.99,"t:""Gnoll""",VERIFIED_NATIVE,Exact match in Scryfall catalog creature-types,Safe only as current native catalog fact.
master-lexicon-R114,Master_Lexicon,114,Gnome,gnome,Creature Type,Production-ready,0.99,"t:""Gnome""",VERIFIED_NATIVE,Exact match in Scryfall catalog creature-types,Safe only as current native catalog fact.
master-lexicon-R115,Master_Lexicon,115,Goat,goat,Creature Type,Production-ready,0.99,"t:""Goat""",VERIFIED_NATIVE,Exact match in Scryfall catalog creature-types,Safe only as current native catalog fact.
master-lexicon-R116,Master_Lexicon,116,Goblin,goblin,Creature Type,Production-ready,0.99,"t:""Goblin""",VERIFIED_NATIVE,Exact match in Scryfall catalog creature-types,Safe only as current native catalog fact.
master-lexicon-R117,Master_Lexicon,117,God,god,Creature Type,Production-ready,0.99,"t:""God""",VERIFIED_NATIVE,Exact match in Scryfall catalog creature-types,Safe only as current native catalog fact.
master-lexicon-R118,Master_Lexicon,118,Golem,golem,Creature Type,Production-ready,0.99,"t:""Golem""",VERIFIED_NATIVE,Exact match in Scryfall catalog creature-types,Safe only as current native catalog fact.
master-lexicon-R119,Master_Lexicon,119,Gorgon,gorgon,Creature Type,Production-ready,0.99,"t:""Gorgon""",VERIFIED_NATIVE,Exact match in Scryfall catalog creature-types,Safe only as current native catalog fact.
master-lexicon-R120,Master_Lexicon,120,Graveborn,graveborn,Creature Type,Production-ready,0.99,"t:""Graveborn""",VERIFIED_NATIVE,Exact match in Scryfall catalog creature-types,Safe only as current native catalog fact.
master-lexicon-R121,Master_Lexicon,121,Gremlin,gremlin,Creature Type,Production-ready,0.99,"t:""Gremlin""",VERIFIED_NATIVE,Exact match in Scryfall catalog creature-types,Safe only as current native catalog fact.
master-lexicon-R122,Master_Lexicon,122,Griffin,griffin,Creature Type,Production-ready,0.99,"t:""Griffin""",VERIFIED_NATIVE,Exact match in Scryfall catalog creature-types,Safe only as current native catalog fact.
master-lexicon-R123,Master_Lexicon,123,Guest,guest,Creature Type,Production-ready,0.99,"t:""Guest""",VERIFIED_NATIVE,Exact match in Scryfall catalog creature-types,Safe only as current native catalog fact.
master-lexicon-R124,Master_Lexicon,124,Hag,hag,Creature Type,Production-ready,0.99,"t:""Hag""",VERIFIED_NATIVE,Exact match in Scryfall catalog creature-types,Safe only as current native catalog fact.
master-lexicon-R125,Master_Lexicon,125,Halfling,halfling,Creature Type,Production-ready,0.99,"t:""Halfling""",VERIFIED_NATIVE,Exact match in Scryfall catalog creature-types,Safe only as current native catalog fact.
master-lexicon-R126,Master_Lexicon,126,Hamster,hamster,Creature Type,Production-ready,0.99,"t:""Hamster""",VERIFIED_NATIVE,Exact match in Scryfall catalog creature-types,Safe only as current native catalog fact.
master-lexicon-R127,Master_Lexicon,127,Harpy,harpy,Creature Type,Production-ready,0.99,"t:""Harpy""",VERIFIED_NATIVE,Exact match in Scryfall catalog creature-types,Safe only as current native catalog fact.
master-lexicon-R128,Master_Lexicon,128,Head,head,Creature Type,Production-ready,0.99,"t:""Head""",VERIFIED_NATIVE,Exact match in Scryfall catalog creature-types,Safe only as current native catalog fact.
master-lexicon-R129,Master_Lexicon,129,Hedgehog,hedgehog,Creature Type,Production-ready,0.99,"t:""Hedgehog""",VERIFIED_NATIVE,Exact match in Scryfall catalog creature-types,Safe only as current native catalog fact.
master-lexicon-R130,Master_Lexicon,130,Hellion,hellion,Creature Type,Production-ready,0.99,"t:""Hellion""",VERIFIED_NATIVE,Exact match in Scryfall catalog creature-types,Safe only as current native catalog fact.
master-lexicon-R131,Master_Lexicon,131,Hero,hero,Creature Type,Production-ready,0.99,"t:""Hero""",AMBIGUOUS,Same normalized term has multiple legitimate workbook meanings or mappings.,Add context-sensitive Plain Reading disambiguation; do not select a global winner.
master-lexicon-R132,Master_Lexicon,132,Hippo,hippo,Creature Type,Production-ready,0.99,"t:""Hippo""",VERIFIED_NATIVE,Exact match in Scryfall catalog creature-types,Safe only as current native catalog fact.
master-lexicon-R133,Master_Lexicon,133,Hippogriff,hippogriff,Creature Type,Production-ready,0.99,"t:""Hippogriff""",VERIFIED_NATIVE,Exact match in Scryfall catalog creature-types,Safe only as current native catalog fact.
master-lexicon-R134,Master_Lexicon,134,Homarid,homarid,Creature Type,Production-ready,0.99,"t:""Homarid""",VERIFIED_NATIVE,Exact match in Scryfall catalog creature-types,Safe only as current native catalog fact.
master-lexicon-R135,Master_Lexicon,135,Homunculus,homunculus,Creature Type,Production-ready,0.99,"t:""Homunculus""",VERIFIED_NATIVE,Exact match in Scryfall catalog creature-types,Safe only as current native catalog fact.
master-lexicon-R136,Master_Lexicon,136,Horror,horror,Creature Type,Production-ready,0.99,"t:""Horror""",VERIFIED_NATIVE,Exact match in Scryfall catalog creature-types,Safe only as current native catalog fact.
master-lexicon-R137,Master_Lexicon,137,Horse,horse,Creature Type,Production-ready,0.99,"t:""Horse""",VERIFIED_NATIVE,Exact match in Scryfall catalog creature-types,Safe only as current native catalog fact.
master-lexicon-R138,Master_Lexicon,138,Human,human,Creature Type,Production-ready,0.99,"t:""Human""",VERIFIED_NATIVE,Exact match in Scryfall catalog creature-types,Safe only as current native catalog fact.
master-lexicon-R139,Master_Lexicon,139,Hydra,hydra,Creature Type,Production-ready,0.99,"t:""Hydra""",VERIFIED_NATIVE,Exact match in Scryfall catalog creature-types,Safe only as current native catalog fact.
master-lexicon-R140,Master_Lexicon,140,Hyena,hyena,Creature Type,Production-ready,0.99,"t:""Hyena""",VERIFIED_NATIVE,Exact match in Scryfall catalog creature-types,Safe only as current native catalog fact.
master-lexicon-R141,Master_Lexicon,141,Illusion,illusion,Creature Type,Production-ready,0.99,"t:""Illusion""",VERIFIED_NATIVE,Exact match in Scryfall catalog creature-types,Safe only as current native catalog fact.
master-lexicon-R142,Master_Lexicon,142,Imp,imp,Creature Type,Production-ready,0.99,"t:""Imp""",VERIFIED_NATIVE,Exact match in Scryfall catalog creature-types,Safe only as current native catalog fact.
master-lexicon-R143,Master_Lexicon,143,Incarnation,incarnation,Creature Type,Production-ready,0.99,"t:""Incarnation""",VERIFIED_NATIVE,Exact match in Scryfall catalog creature-types,Safe only as current native catalog fact.
master-lexicon-R144,Master_Lexicon,144,Inhuman,inhuman,Creature Type,Production-ready,0.99,"t:""Inhuman""",VERIFIED_NATIVE,Exact match in Scryfall catalog creature-types,Safe only as current native catalog fact.
master-lexicon-R145,Master_Lexicon,145,Inkling,inkling,Creature Type,Production-ready,0.99,"t:""Inkling""",VERIFIED_NATIVE,Exact match in Scryfall catalog creature-types,Safe only as current native catalog fact.
master-lexicon-R146,Master_Lexicon,146,Inquisitor,inquisitor,Creature Type,Production-ready,0.99,"t:""Inquisitor""",VERIFIED_NATIVE,Exact match in Scryfall catalog creature-types,Safe only as current native catalog fact.
master-lexicon-R147,Master_Lexicon,147,Insect,insect,Creature Type,Production-ready,0.99,"t:""Insect""",VERIFIED_NATIVE,Exact match in Scryfall catalog creature-types,Safe only as current native catalog fact.
master-lexicon-R148,Master_Lexicon,148,Jackal,jackal,Creature Type,Production-ready,0.99,"t:""Jackal""",VERIFIED_NATIVE,Exact match in Scryfall catalog creature-types,Safe only as current native catalog fact.
master-lexicon-R149,Master_Lexicon,149,Jellyfish,jellyfish,Creature Type,Production-ready,0.99,"t:""Jellyfish""",VERIFIED_NATIVE,Exact match in Scryfall catalog creature-types,Safe only as current native catalog fact.
master-lexicon-R150,Master_Lexicon,150,Juggernaut,juggernaut,Creature Type,Production-ready,0.99,"t:""Juggernaut""",VERIFIED_NATIVE,Exact match in Scryfall catalog creature-types,Safe only as current native catalog fact.
master-lexicon-R151,Master_Lexicon,151,Kangaroo,kangaroo,Creature Type,Production-ready,0.99,"t:""Kangaroo""",VERIFIED_NATIVE,Exact match in Scryfall catalog creature-types,Safe only as current native catalog fact.
master-lexicon-R152,Master_Lexicon,152,Kavu,kavu,Creature Type,Production-ready,0.99,"t:""Kavu""",VERIFIED_NATIVE,Exact match in Scryfall catalog creature-types,Safe only as current native catalog fact.
master-lexicon-R153,Master_Lexicon,153,Kirin,kirin,Creature Type,Production-ready,0.99,"t:""Kirin""",VERIFIED_NATIVE,Exact match in Scryfall catalog creature-types,Safe only as current native catalog fact.
master-lexicon-R154,Master_Lexicon,154,Kithkin,kithkin,Creature Type,Production-ready,0.99,"t:""Kithkin""",VERIFIED_NATIVE,Exact match in Scryfall catalog creature-types,Safe only as current native catalog fact.
master-lexicon-R155,Master_Lexicon,155,Knight,knight,Creature Type,Production-ready,0.99,"t:""Knight""",VERIFIED_NATIVE,Exact match in Scryfall catalog creature-types,Safe only as current native catalog fact.
master-lexicon-R156,Master_Lexicon,156,Kobold,kobold,Creature Type,Production-ready,0.99,"t:""Kobold""",VERIFIED_NATIVE,Exact match in Scryfall catalog creature-types,Safe only as current native catalog fact.
master-lexicon-R157,Master_Lexicon,157,Kor,kor,Creature Type,Production-ready,0.99,"t:""Kor""",VERIFIED_NATIVE,Exact match in Scryfall catalog creature-types,Safe only as current native catalog fact.
master-lexicon-R158,Master_Lexicon,158,Kraken,kraken,Creature Type,Production-ready,0.99,"t:""Kraken""",VERIFIED_NATIVE,Exact match in Scryfall catalog creature-types,Safe only as current native catalog fact.
master-lexicon-R159,Master_Lexicon,159,Kree,kree,Creature Type,Production-ready,0.99,"t:""Kree""",VERIFIED_NATIVE,Exact match in Scryfall catalog creature-types,Safe only as current native catalog fact.
master-lexicon-R160,Master_Lexicon,160,Lamia,lamia,Creature Type,Production-ready,0.99,"t:""Lamia""",VERIFIED_NATIVE,Exact match in Scryfall catalog creature-types,Safe only as current native catalog fact.
master-lexicon-R161,Master_Lexicon,161,Lammasu,lammasu,Creature Type,Production-ready,0.99,"t:""Lammasu""",VERIFIED_NATIVE,Exact match in Scryfall catalog creature-types,Safe only as current native catalog fact.
master-lexicon-R162,Master_Lexicon,162,Leech,leech,Creature Type,Production-ready,0.99,"t:""Leech""",VERIFIED_NATIVE,Exact match in Scryfall catalog creature-types,Safe only as current native catalog fact.
master-lexicon-R163,Master_Lexicon,163,Lemur,lemur,Creature Type,Production-ready,0.99,"t:""Lemur""",VERIFIED_NATIVE,Exact match in Scryfall catalog creature-types,Safe only as current native catalog fact.
master-lexicon-R164,Master_Lexicon,164,Leviathan,leviathan,Creature Type,Production-ready,0.99,"t:""Leviathan""",VERIFIED_NATIVE,Exact match in Scryfall catalog creature-types,Safe only as current native catalog fact.
master-lexicon-R165,Master_Lexicon,165,Lhurgoyf,lhurgoyf,Creature Type,Production-ready,0.99,"t:""Lhurgoyf""",VERIFIED_NATIVE,Exact match in Scryfall catalog creature-types,Safe only as current native catalog fact.
master-lexicon-R166,Master_Lexicon,166,Licid,licid,Creature Type,Production-ready,0.99,"t:""Licid""",VERIFIED_NATIVE,Exact match in Scryfall catalog creature-types,Safe only as current native catalog fact.
master-lexicon-R167,Master_Lexicon,167,Lizard,lizard,Creature Type,Production-ready,0.99,"t:""Lizard""",VERIFIED_NATIVE,Exact match in Scryfall catalog creature-types,Safe only as current native catalog fact.
master-lexicon-R168,Master_Lexicon,168,Llama,llama,Creature Type,Production-ready,0.99,"t:""Llama""",VERIFIED_NATIVE,Exact match in Scryfall catalog creature-types,Safe only as current native catalog fact.
master-lexicon-R169,Master_Lexicon,169,Lobster,lobster,Creature Type,Production-ready,0.99,"t:""Lobster""",VERIFIED_NATIVE,Exact match in Scryfall catalog creature-types,Safe only as current native catalog fact.
master-lexicon-R170,Master_Lexicon,170,Manticore,manticore,Creature Type,Production-ready,0.99,"t:""Manticore""",VERIFIED_NATIVE,Exact match in Scryfall catalog creature-types,Safe only as current native catalog fact.
master-lexicon-R171,Master_Lexicon,171,Masticore,masticore,Creature Type,Production-ready,0.99,"t:""Masticore""",VERIFIED_NATIVE,Exact match in Scryfall catalog creature-types,Safe only as current native catalog fact.
master-lexicon-R172,Master_Lexicon,172,Mercenary,mercenary,Creature Type,Production-ready,0.99,"t:""Mercenary""",VERIFIED_NATIVE,Exact match in Scryfall catalog creature-types,Safe only as current native catalog fact.
master-lexicon-R173,Master_Lexicon,173,Merfolk,merfolk,Creature Type,Production-ready,0.99,"t:""Merfolk""",VERIFIED_NATIVE,Exact match in Scryfall catalog creature-types,Safe only as current native catalog fact.
master-lexicon-R174,Master_Lexicon,174,Metathran,metathran,Creature Type,Production-ready,0.99,"t:""Metathran""",VERIFIED_NATIVE,Exact match in Scryfall catalog creature-types,Safe only as current native catalog fact.
master-lexicon-R175,Master_Lexicon,175,Minion,minion,Creature Type,Production-ready,0.99,"t:""Minion""",VERIFIED_NATIVE,Exact match in Scryfall catalog creature-types,Safe only as current native catalog fact.
master-lexicon-R176,Master_Lexicon,176,Minotaur,minotaur,Creature Type,Production-ready,0.99,"t:""Minotaur""",VERIFIED_NATIVE,Exact match in Scryfall catalog creature-types,Safe only as current native catalog fact.
master-lexicon-R177,Master_Lexicon,177,Mite,mite,Creature Type,Production-ready,0.99,"t:""Mite""",VERIFIED_NATIVE,Exact match in Scryfall catalog creature-types,Safe only as current native catalog fact.
master-lexicon-R178,Master_Lexicon,178,Mole,mole,Creature Type,Production-ready,0.99,"t:""Mole""",VERIFIED_NATIVE,Exact match in Scryfall catalog creature-types,Safe only as current native catalog fact.
master-lexicon-R179,Master_Lexicon,179,Monger,monger,Creature Type,Production-ready,0.99,"t:""Monger""",VERIFIED_NATIVE,Exact match in Scryfall catalog creature-types,Safe only as current native catalog fact.
master-lexicon-R180,Master_Lexicon,180,Mongoose,mongoose,Creature Type,Production-ready,0.99,"t:""Mongoose""",VERIFIED_NATIVE,Exact match in Scryfall catalog creature-types,Safe only as current native catalog fact.
master-lexicon-R181,Master_Lexicon,181,Monk,monk,Creature Type,Production-ready,0.99,"t:""Monk""",VERIFIED_NATIVE,Exact match in Scryfall catalog creature-types,Safe only as current native catalog fact.
master-lexicon-R182,Master_Lexicon,182,Monkey,monkey,Creature Type,Production-ready,0.99,"t:""Monkey""",VERIFIED_NATIVE,Exact match in Scryfall catalog creature-types,Safe only as current native catalog fact.
master-lexicon-R183,Master_Lexicon,183,Moogle,moogle,Creature Type,Production-ready,0.99,"t:""Moogle""",VERIFIED_NATIVE,Exact match in Scryfall catalog creature-types,Safe only as current native catalog fact.
master-lexicon-R184,Master_Lexicon,184,Moonfolk,moonfolk,Creature Type,Production-ready,0.99,"t:""Moonfolk""",VERIFIED_NATIVE,Exact match in Scryfall catalog creature-types,Safe only as current native catalog fact.
master-lexicon-R185,Master_Lexicon,185,Mount,mount,Creature Type,Production-ready,0.99,"t:""Mount""",VERIFIED_NATIVE,Exact match in Scryfall catalog creature-types,Safe only as current native catalog fact.
master-lexicon-R186,Master_Lexicon,186,Mouse,mouse,Creature Type,Production-ready,0.99,"t:""Mouse""",VERIFIED_NATIVE,Exact match in Scryfall catalog creature-types,Safe only as current native catalog fact.
master-lexicon-R187,Master_Lexicon,187,Mutant,mutant,Creature Type,Production-ready,0.99,"t:""Mutant""",VERIFIED_NATIVE,Exact match in Scryfall catalog creature-types,Safe only as current native catalog fact.
master-lexicon-R188,Master_Lexicon,188,Myr,myr,Creature Type,Production-ready,0.99,"t:""Myr""",VERIFIED_NATIVE,Exact match in Scryfall catalog creature-types,Safe only as current native catalog fact.
master-lexicon-R189,Master_Lexicon,189,Mystic,mystic,Creature Type,Production-ready,0.99,"t:""Mystic""",VERIFIED_NATIVE,Exact match in Scryfall catalog creature-types,Safe only as current native catalog fact.
master-lexicon-R190,Master_Lexicon,190,Naga,naga,Creature Type,Production-ready,0.99,"t:""Naga""",VERIFIED_NATIVE,Exact match in Scryfall catalog creature-types,Safe only as current native catalog fact.
master-lexicon-R191,Master_Lexicon,191,Nautilus,nautilus,Creature Type,Production-ready,0.99,"t:""Nautilus""",VERIFIED_NATIVE,Exact match in Scryfall catalog creature-types,Safe only as current native catalog fact.
master-lexicon-R192,Master_Lexicon,192,Necron,necron,Creature Type,Production-ready,0.99,"t:""Necron""",VERIFIED_NATIVE,Exact match in Scryfall catalog creature-types,Safe only as current native catalog fact.
master-lexicon-R193,Master_Lexicon,193,Nephilim,nephilim,Creature Type,Production-ready,0.99,"t:""Nephilim""",VERIFIED_NATIVE,Exact match in Scryfall catalog creature-types,Safe only as current native catalog fact.
master-lexicon-R194,Master_Lexicon,194,Nightmare,nightmare,Creature Type,Production-ready,0.99,"t:""Nightmare""",VERIFIED_NATIVE,Exact match in Scryfall catalog creature-types,Safe only as current native catalog fact.
master-lexicon-R195,Master_Lexicon,195,Nightstalker,nightstalker,Creature Type,Production-ready,0.99,"t:""Nightstalker""",VERIFIED_NATIVE,Exact match in Scryfall catalog creature-types,Safe only as current native catalog fact.
master-lexicon-R196,Master_Lexicon,196,Ninja,ninja,Creature Type,Production-ready,0.99,"t:""Ninja""",VERIFIED_NATIVE,Exact match in Scryfall catalog creature-types,Safe only as current native catalog fact.
master-lexicon-R197,Master_Lexicon,197,Noble,noble,Creature Type,Production-ready,0.99,"t:""Noble""",VERIFIED_NATIVE,Exact match in Scryfall catalog creature-types,Safe only as current native catalog fact.
master-lexicon-R198,Master_Lexicon,198,Noggle,noggle,Creature Type,Production-ready,0.99,"t:""Noggle""",VERIFIED_NATIVE,Exact match in Scryfall catalog creature-types,Safe only as current native catalog fact.
master-lexicon-R199,Master_Lexicon,199,Nomad,nomad,Creature Type,Production-ready,0.99,"t:""Nomad""",VERIFIED_NATIVE,Exact match in Scryfall catalog creature-types,Safe only as current native catalog fact.
master-lexicon-R200,Master_Lexicon,200,Nymph,nymph,Creature Type,Production-ready,0.99,"t:""Nymph""",VERIFIED_NATIVE,Exact match in Scryfall catalog creature-types,Safe only as current native catalog fact.
master-lexicon-R201,Master_Lexicon,201,Octopus,octopus,Creature Type,Production-ready,0.99,"t:""Octopus""",VERIFIED_NATIVE,Exact match in Scryfall catalog creature-types,Safe only as current native catalog fact.
master-lexicon-R202,Master_Lexicon,202,Officer,officer,Creature Type,Production-ready,0.99,"t:""Officer""",VERIFIED_NATIVE,Exact match in Scryfall catalog creature-types,Safe only as current native catalog fact.
master-lexicon-R203,Master_Lexicon,203,Ogre,ogre,Creature Type,Production-ready,0.99,"t:""Ogre""",VERIFIED_NATIVE,Exact match in Scryfall catalog creature-types,Safe only as current native catalog fact.
master-lexicon-R204,Master_Lexicon,204,Ooze,ooze,Creature Type,Production-ready,0.99,"t:""Ooze""",VERIFIED_NATIVE,Exact match in Scryfall catalog creature-types,Safe only as current native catalog fact.
master-lexicon-R205,Master_Lexicon,205,Orb,orb,Creature Type,Production-ready,0.99,"t:""Orb""",VERIFIED_NATIVE,Exact match in Scryfall catalog creature-types,Safe only as current native catalog fact.
master-lexicon-R206,Master_Lexicon,206,Orc,orc,Creature Type,Production-ready,0.99,"t:""Orc""",VERIFIED_NATIVE,Exact match in Scryfall catalog creature-types,Safe only as current native catalog fact.
master-lexicon-R207,Master_Lexicon,207,Orgg,orgg,Creature Type,Production-ready,0.99,"t:""Orgg""",VERIFIED_NATIVE,Exact match in Scryfall catalog creature-types,Safe only as current native catalog fact.
master-lexicon-R208,Master_Lexicon,208,Otter,otter,Creature Type,Production-ready,0.99,"t:""Otter""",VERIFIED_NATIVE,Exact match in Scryfall catalog creature-types,Safe only as current native catalog fact.
master-lexicon-R209,Master_Lexicon,209,Ouphe,ouphe,Creature Type,Production-ready,0.99,"t:""Ouphe""",VERIFIED_NATIVE,Exact match in Scryfall catalog creature-types,Safe only as current native catalog fact.
master-lexicon-R210,Master_Lexicon,210,Ox,ox,Creature Type,Production-ready,0.99,"t:""Ox""",VERIFIED_NATIVE,Exact match in Scryfall catalog creature-types,Safe only as current native catalog fact.
master-lexicon-R211,Master_Lexicon,211,Oyster,oyster,Creature Type,Production-ready,0.99,"t:""Oyster""",VERIFIED_NATIVE,Exact match in Scryfall catalog creature-types,Safe only as current native catalog fact.
master-lexicon-R212,Master_Lexicon,212,Pangolin,pangolin,Creature Type,Production-ready,0.99,"t:""Pangolin""",VERIFIED_NATIVE,Exact match in Scryfall catalog creature-types,Safe only as current native catalog fact.
master-lexicon-R213,Master_Lexicon,213,Peasant,peasant,Creature Type,Production-ready,0.99,"t:""Peasant""",VERIFIED_NATIVE,Exact match in Scryfall catalog creature-types,Safe only as current native catalog fact.
master-lexicon-R214,Master_Lexicon,214,Pegasus,pegasus,Creature Type,Production-ready,0.99,"t:""Pegasus""",VERIFIED_NATIVE,Exact match in Scryfall catalog creature-types,Safe only as current native catalog fact.
master-lexicon-R215,Master_Lexicon,215,Pentavite,pentavite,Creature Type,Production-ready,0.99,"t:""Pentavite""",VERIFIED_NATIVE,Exact match in Scryfall catalog creature-types,Safe only as current native catalog fact.
master-lexicon-R216,Master_Lexicon,216,Performer,performer,Creature Type,Production-ready,0.99,"t:""Performer""",VERIFIED_NATIVE,Exact match in Scryfall catalog creature-types,Safe only as current native catalog fact.
master-lexicon-R217,Master_Lexicon,217,Pest,pest,Creature Type,Production-ready,0.99,"t:""Pest""",VERIFIED_NATIVE,Exact match in Scryfall catalog creature-types,Safe only as current native catalog fact.
master-lexicon-R218,Master_Lexicon,218,Phelddagrif,phelddagrif,Creature Type,Production-ready,0.99,"t:""Phelddagrif""",VERIFIED_NATIVE,Exact match in Scryfall catalog creature-types,Safe only as current native catalog fact.
master-lexicon-R219,Master_Lexicon,219,Phoenix,phoenix,Creature Type,Production-ready,0.99,"t:""Phoenix""",VERIFIED_NATIVE,Exact match in Scryfall catalog creature-types,Safe only as current native catalog fact.
master-lexicon-R220,Master_Lexicon,220,Phyrexian,phyrexian,Creature Type,Production-ready,0.99,"t:""Phyrexian""",VERIFIED_NATIVE,Exact match in Scryfall catalog creature-types,Safe only as current native catalog fact.
master-lexicon-R221,Master_Lexicon,221,Pilot,pilot,Creature Type,Production-ready,0.99,"t:""Pilot""",VERIFIED_NATIVE,Exact match in Scryfall catalog creature-types,Safe only as current native catalog fact.
master-lexicon-R222,Master_Lexicon,222,Pincher,pincher,Creature Type,Production-ready,0.99,"t:""Pincher""",VERIFIED_NATIVE,Exact match in Scryfall catalog creature-types,Safe only as current native catalog fact.
master-lexicon-R223,Master_Lexicon,223,Pirate,pirate,Creature Type,Production-ready,0.99,"t:""Pirate""",VERIFIED_NATIVE,Exact match in Scryfall catalog creature-types,Safe only as current native catalog fact.
master-lexicon-R224,Master_Lexicon,224,Plant,plant,Creature Type,Production-ready,0.99,"t:""Plant""",VERIFIED_NATIVE,Exact match in Scryfall catalog creature-types,Safe only as current native catalog fact.
master-lexicon-R225,Master_Lexicon,225,Platypus,platypus,Creature Type,Production-ready,0.99,"t:""Platypus""",VERIFIED_NATIVE,Exact match in Scryfall catalog creature-types,Safe only as current native catalog fact.
master-lexicon-R226,Master_Lexicon,226,Porcupine,porcupine,Creature Type,Production-ready,0.99,"t:""Porcupine""",VERIFIED_NATIVE,Exact match in Scryfall catalog creature-types,Safe only as current native catalog fact.
master-lexicon-R227,Master_Lexicon,227,Possum,possum,Creature Type,Production-ready,0.99,"t:""Possum""",VERIFIED_NATIVE,Exact match in Scryfall catalog creature-types,Safe only as current native catalog fact.
master-lexicon-R228,Master_Lexicon,228,Praetor,praetor,Creature Type,Production-ready,0.99,"t:""Praetor""",VERIFIED_NATIVE,Exact match in Scryfall catalog creature-types,Safe only as current native catalog fact.
master-lexicon-R229,Master_Lexicon,229,Primarch,primarch,Creature Type,Production-ready,0.99,"t:""Primarch""",VERIFIED_NATIVE,Exact match in Scryfall catalog creature-types,Safe only as current native catalog fact.
master-lexicon-R230,Master_Lexicon,230,Prism,prism,Creature Type,Production-ready,0.99,"t:""Prism""",VERIFIED_NATIVE,Exact match in Scryfall catalog creature-types,Safe only as current native catalog fact.
master-lexicon-R231,Master_Lexicon,231,Processor,processor,Creature Type,Production-ready,0.99,"t:""Processor""",VERIFIED_NATIVE,Exact match in Scryfall catalog creature-types,Safe only as current native catalog fact.
master-lexicon-R232,Master_Lexicon,232,Qu,qu,Creature Type,Production-ready,0.99,"t:""Qu""",VERIFIED_NATIVE,Exact match in Scryfall catalog creature-types,Safe only as current native catalog fact.
master-lexicon-R233,Master_Lexicon,233,Rabbit,rabbit,Creature Type,Production-ready,0.99,"t:""Rabbit""",VERIFIED_NATIVE,Exact match in Scryfall catalog creature-types,Safe only as current native catalog fact.
master-lexicon-R234,Master_Lexicon,234,Raccoon,raccoon,Creature Type,Production-ready,0.99,"t:""Raccoon""",VERIFIED_NATIVE,Exact match in Scryfall catalog creature-types,Safe only as current native catalog fact.
master-lexicon-R235,Master_Lexicon,235,Ranger,ranger,Creature Type,Production-ready,0.99,"t:""Ranger""",VERIFIED_NATIVE,Exact match in Scryfall catalog creature-types,Safe only as current native catalog fact.
master-lexicon-R236,Master_Lexicon,236,Rat,rat,Creature Type,Production-ready,0.99,"t:""Rat""",VERIFIED_NATIVE,Exact match in Scryfall catalog creature-types,Safe only as current native catalog fact.
master-lexicon-R237,Master_Lexicon,237,Rebel,rebel,Creature Type,Production-ready,0.99,"t:""Rebel""",VERIFIED_NATIVE,Exact match in Scryfall catalog creature-types,Safe only as current native catalog fact.
master-lexicon-R238,Master_Lexicon,238,Reflection,reflection,Creature Type,Production-ready,0.99,"t:""Reflection""",VERIFIED_NATIVE,Exact match in Scryfall catalog creature-types,Safe only as current native catalog fact.
master-lexicon-R239,Master_Lexicon,239,Reveler,reveler,Creature Type,Production-ready,0.99,"t:""Reveler""",VERIFIED_NATIVE,Exact match in Scryfall catalog creature-types,Safe only as current native catalog fact.
master-lexicon-R240,Master_Lexicon,240,Rhino,rhino,Creature Type,Production-ready,0.99,"t:""Rhino""",VERIFIED_NATIVE,Exact match in Scryfall catalog creature-types,Safe only as current native catalog fact.
master-lexicon-R241,Master_Lexicon,241,Rigger,rigger,Creature Type,Production-ready,0.99,"t:""Rigger""",VERIFIED_NATIVE,Exact match in Scryfall catalog creature-types,Safe only as current native catalog fact.
master-lexicon-R242,Master_Lexicon,242,Robot,robot,Creature Type,Production-ready,0.99,"t:""Robot""",VERIFIED_NATIVE,Exact match in Scryfall catalog creature-types,Safe only as current native catalog fact.
master-lexicon-R243,Master_Lexicon,243,Rogue,rogue,Creature Type,Production-ready,0.99,"t:""Rogue""",VERIFIED_NATIVE,Exact match in Scryfall catalog creature-types,Safe only as current native catalog fact.
master-lexicon-R244,Master_Lexicon,244,Rukh,rukh,Creature Type,Production-ready,0.99,"t:""Rukh""",VERIFIED_NATIVE,Exact match in Scryfall catalog creature-types,Safe only as current native catalog fact.
master-lexicon-R245,Master_Lexicon,245,Sable,sable,Creature Type,Production-ready,0.99,"t:""Sable""",VERIFIED_NATIVE,Exact match in Scryfall catalog creature-types,Safe only as current native catalog fact.
master-lexicon-R246,Master_Lexicon,246,Salamander,salamander,Creature Type,Production-ready,0.99,"t:""Salamander""",VERIFIED_NATIVE,Exact match in Scryfall catalog creature-types,Safe only as current native catalog fact.
master-lexicon-R247,Master_Lexicon,247,Samurai,samurai,Creature Type,Production-ready,0.99,"t:""Samurai""",VERIFIED_NATIVE,Exact match in Scryfall catalog creature-types,Safe only as current native catalog fact.
master-lexicon-R248,Master_Lexicon,248,Sand,sand,Creature Type,Production-ready,0.99,"t:""Sand""",VERIFIED_NATIVE,Exact match in Scryfall catalog creature-types,Safe only as current native catalog fact.
master-lexicon-R249,Master_Lexicon,249,Saproling,saproling,Creature Type,Production-ready,0.99,"t:""Saproling""",VERIFIED_NATIVE,Exact match in Scryfall catalog creature-types,Safe only as current native catalog fact.
master-lexicon-R250,Master_Lexicon,250,Satyr,satyr,Creature Type,Production-ready,0.99,"t:""Satyr""",VERIFIED_NATIVE,Exact match in Scryfall catalog creature-types,Safe only as current native catalog fact.
master-lexicon-R251,Master_Lexicon,251,Scarecrow,scarecrow,Creature Type,Production-ready,0.99,"t:""Scarecrow""",VERIFIED_NATIVE,Exact match in Scryfall catalog creature-types,Safe only as current native catalog fact.
master-lexicon-R252,Master_Lexicon,252,Scientist,scientist,Creature Type,Production-ready,0.99,"t:""Scientist""",VERIFIED_NATIVE,Exact match in Scryfall catalog creature-types,Safe only as current native catalog fact.
master-lexicon-R253,Master_Lexicon,253,Scion,scion,Creature Type,Production-ready,0.99,"t:""Scion""",VERIFIED_NATIVE,Exact match in Scryfall catalog creature-types,Safe only as current native catalog fact.
master-lexicon-R254,Master_Lexicon,254,Scorpion,scorpion,Creature Type,Production-ready,0.99,"t:""Scorpion""",VERIFIED_NATIVE,Exact match in Scryfall catalog creature-types,Safe only as current native catalog fact.
master-lexicon-R255,Master_Lexicon,255,Scout,scout,Creature Type,Production-ready,0.99,"t:""Scout""",VERIFIED_NATIVE,Exact match in Scryfall catalog creature-types,Safe only as current native catalog fact.
master-lexicon-R256,Master_Lexicon,256,Sculpture,sculpture,Creature Type,Production-ready,0.99,"t:""Sculpture""",VERIFIED_NATIVE,Exact match in Scryfall catalog creature-types,Safe only as current native catalog fact.
master-lexicon-R257,Master_Lexicon,257,Seal,seal,Creature Type,Production-ready,0.99,"t:""Seal""",VERIFIED_NATIVE,Exact match in Scryfall catalog creature-types,Safe only as current native catalog fact.
master-lexicon-R258,Master_Lexicon,258,Serf,serf,Creature Type,Production-ready,0.99,"t:""Serf""",VERIFIED_NATIVE,Exact match in Scryfall catalog creature-types,Safe only as current native catalog fact.
master-lexicon-R259,Master_Lexicon,259,Serpent,serpent,Creature Type,Production-ready,0.99,"t:""Serpent""",VERIFIED_NATIVE,Exact match in Scryfall catalog creature-types,Safe only as current native catalog fact.
master-lexicon-R260,Master_Lexicon,260,Servo,servo,Creature Type,Production-ready,0.99,"t:""Servo""",VERIFIED_NATIVE,Exact match in Scryfall catalog creature-types,Safe only as current native catalog fact.
master-lexicon-R261,Master_Lexicon,261,Shade,shade,Creature Type,Production-ready,0.99,"t:""Shade""",VERIFIED_NATIVE,Exact match in Scryfall catalog creature-types,Safe only as current native catalog fact.
master-lexicon-R262,Master_Lexicon,262,Shaman,shaman,Creature Type,Production-ready,0.99,"t:""Shaman""",VERIFIED_NATIVE,Exact match in Scryfall catalog creature-types,Safe only as current native catalog fact.
master-lexicon-R263,Master_Lexicon,263,Shapeshifter,shapeshifter,Creature Type,Production-ready,0.99,"t:""Shapeshifter""",VERIFIED_NATIVE,Exact match in Scryfall catalog creature-types,Safe only as current native catalog fact.
master-lexicon-R264,Master_Lexicon,264,Shark,shark,Creature Type,Production-ready,0.99,"t:""Shark""",VERIFIED_NATIVE,Exact match in Scryfall catalog creature-types,Safe only as current native catalog fact.
master-lexicon-R265,Master_Lexicon,265,Sheep,sheep,Creature Type,Production-ready,0.99,"t:""Sheep""",VERIFIED_NATIVE,Exact match in Scryfall catalog creature-types,Safe only as current native catalog fact.
master-lexicon-R266,Master_Lexicon,266,Shi'ar,shi'ar,Creature Type,Production-ready,0.99,"t:""Shi'ar""",VERIFIED_NATIVE,Exact match in Scryfall catalog creature-types,Safe only as current native catalog fact.
master-lexicon-R267,Master_Lexicon,267,Siren,siren,Creature Type,Production-ready,0.99,"t:""Siren""",VERIFIED_NATIVE,Exact match in Scryfall catalog creature-types,Safe only as current native catalog fact.
master-lexicon-R268,Master_Lexicon,268,Skeleton,skeleton,Creature Type,Production-ready,0.99,"t:""Skeleton""",VERIFIED_NATIVE,Exact match in Scryfall catalog creature-types,Safe only as current native catalog fact.
master-lexicon-R269,Master_Lexicon,269,Skrull,skrull,Creature Type,Production-ready,0.99,"t:""Skrull""",VERIFIED_NATIVE,Exact match in Scryfall catalog creature-types,Safe only as current native catalog fact.
master-lexicon-R270,Master_Lexicon,270,Skunk,skunk,Creature Type,Production-ready,0.99,"t:""Skunk""",VERIFIED_NATIVE,Exact match in Scryfall catalog creature-types,Safe only as current native catalog fact.
master-lexicon-R271,Master_Lexicon,271,Slith,slith,Creature Type,Production-ready,0.99,"t:""Slith""",VERIFIED_NATIVE,Exact match in Scryfall catalog creature-types,Safe only as current native catalog fact.
master-lexicon-R272,Master_Lexicon,272,Sliver,sliver,Creature Type,Production-ready,0.99,"t:""Sliver""",VERIFIED_NATIVE,Exact match in Scryfall catalog creature-types,Safe only as current native catalog fact.
master-lexicon-R273,Master_Lexicon,273,Sloth,sloth,Creature Type,Production-ready,0.99,"t:""Sloth""",VERIFIED_NATIVE,Exact match in Scryfall catalog creature-types,Safe only as current native catalog fact.
master-lexicon-R274,Master_Lexicon,274,Slug,slug,Creature Type,Production-ready,0.99,"t:""Slug""",VERIFIED_NATIVE,Exact match in Scryfall catalog creature-types,Safe only as current native catalog fact.
master-lexicon-R275,Master_Lexicon,275,Snail,snail,Creature Type,Production-ready,0.99,"t:""Snail""",VERIFIED_NATIVE,Exact match in Scryfall catalog creature-types,Safe only as current native catalog fact.
master-lexicon-R276,Master_Lexicon,276,Snake,snake,Creature Type,Production-ready,0.99,"t:""Snake""",VERIFIED_NATIVE,Exact match in Scryfall catalog creature-types,Safe only as current native catalog fact.
master-lexicon-R277,Master_Lexicon,277,Soldier,soldier,Creature Type,Production-ready,0.99,"t:""Soldier""",VERIFIED_NATIVE,Exact match in Scryfall catalog creature-types,Safe only as current native catalog fact.
master-lexicon-R278,Master_Lexicon,278,Soltari,soltari,Creature Type,Production-ready,0.99,"t:""Soltari""",VERIFIED_NATIVE,Exact match in Scryfall catalog creature-types,Safe only as current native catalog fact.
master-lexicon-R279,Master_Lexicon,279,Sorcerer,sorcerer,Creature Type,Production-ready,0.99,"t:""Sorcerer""",VERIFIED_NATIVE,Exact match in Scryfall catalog creature-types,Safe only as current native catalog fact.
master-lexicon-R280,Master_Lexicon,280,Spawn,spawn,Creature Type,Production-ready,0.99,"t:""Spawn""",VERIFIED_NATIVE,Exact match in Scryfall catalog creature-types,Safe only as current native catalog fact.
master-lexicon-R281,Master_Lexicon,281,Specter,specter,Creature Type,Production-ready,0.99,"t:""Specter""",VERIFIED_NATIVE,Exact match in Scryfall catalog creature-types,Safe only as current native catalog fact.
master-lexicon-R282,Master_Lexicon,282,Spellshaper,spellshaper,Creature Type,Production-ready,0.99,"t:""Spellshaper""",VERIFIED_NATIVE,Exact match in Scryfall catalog creature-types,Safe only as current native catalog fact.
master-lexicon-R283,Master_Lexicon,283,Sphinx,sphinx,Creature Type,Production-ready,0.99,"t:""Sphinx""",VERIFIED_NATIVE,Exact match in Scryfall catalog creature-types,Safe only as current native catalog fact.
master-lexicon-R284,Master_Lexicon,284,Spider,spider,Creature Type,Production-ready,0.99,"t:""Spider""",VERIFIED_NATIVE,Exact match in Scryfall catalog creature-types,Safe only as current native catalog fact.
master-lexicon-R285,Master_Lexicon,285,Spike,spike,Creature Type,Production-ready,0.99,"t:""Spike""",VERIFIED_NATIVE,Exact match in Scryfall catalog creature-types,Safe only as current native catalog fact.
master-lexicon-R286,Master_Lexicon,286,Spirit,spirit,Creature Type,Production-ready,0.99,"t:""Spirit""",VERIFIED_NATIVE,Exact match in Scryfall catalog creature-types,Safe only as current native catalog fact.
master-lexicon-R287,Master_Lexicon,287,Splinter,splinter,Creature Type,Production-ready,0.99,"t:""Splinter""",VERIFIED_NATIVE,Exact match in Scryfall catalog creature-types,Safe only as current native catalog fact.
master-lexicon-R288,Master_Lexicon,288,Sponge,sponge,Creature Type,Production-ready,0.99,"t:""Sponge""",VERIFIED_NATIVE,Exact match in Scryfall catalog creature-types,Safe only as current native catalog fact.
master-lexicon-R289,Master_Lexicon,289,Spy,spy,Creature Type,Production-ready,0.99,"t:""Spy""",VERIFIED_NATIVE,Exact match in Scryfall catalog creature-types,Safe only as current native catalog fact.
master-lexicon-R290,Master_Lexicon,290,Squid,squid,Creature Type,Production-ready,0.99,"t:""Squid""",VERIFIED_NATIVE,Exact match in Scryfall catalog creature-types,Safe only as current native catalog fact.
master-lexicon-R291,Master_Lexicon,291,Squirrel,squirrel,Creature Type,Production-ready,0.99,"t:""Squirrel""",VERIFIED_NATIVE,Exact match in Scryfall catalog creature-types,Safe only as current native catalog fact.
master-lexicon-R292,Master_Lexicon,292,Starfish,starfish,Creature Type,Production-ready,0.99,"t:""Starfish""",VERIFIED_NATIVE,Exact match in Scryfall catalog creature-types,Safe only as current native catalog fact.
master-lexicon-R293,Master_Lexicon,293,Surrakar,surrakar,Creature Type,Production-ready,0.99,"t:""Surrakar""",VERIFIED_NATIVE,Exact match in Scryfall catalog creature-types,Safe only as current native catalog fact.
master-lexicon-R294,Master_Lexicon,294,Survivor,survivor,Creature Type,Production-ready,0.99,"t:""Survivor""",VERIFIED_NATIVE,Exact match in Scryfall catalog creature-types,Safe only as current native catalog fact.
master-lexicon-R295,Master_Lexicon,295,Symbiote,symbiote,Creature Type,Production-ready,0.99,"t:""Symbiote""",VERIFIED_NATIVE,Exact match in Scryfall catalog creature-types,Safe only as current native catalog fact.
master-lexicon-R296,Master_Lexicon,296,Synth,synth,Creature Type,Production-ready,0.99,"t:""Synth""",VERIFIED_NATIVE,Exact match in Scryfall catalog creature-types,Safe only as current native catalog fact.
master-lexicon-R297,Master_Lexicon,297,Teddy,teddy,Creature Type,Production-ready,0.99,"t:""Teddy""",VERIFIED_NATIVE,Exact match in Scryfall catalog creature-types,Safe only as current native catalog fact.
master-lexicon-R298,Master_Lexicon,298,Tentacle,tentacle,Creature Type,Production-ready,0.99,"t:""Tentacle""",VERIFIED_NATIVE,Exact match in Scryfall catalog creature-types,Safe only as current native catalog fact.
master-lexicon-R299,Master_Lexicon,299,Tetravite,tetravite,Creature Type,Production-ready,0.99,"t:""Tetravite""",VERIFIED_NATIVE,Exact match in Scryfall catalog creature-types,Safe only as current native catalog fact.
master-lexicon-R300,Master_Lexicon,300,Thalakos,thalakos,Creature Type,Production-ready,0.99,"t:""Thalakos""",VERIFIED_NATIVE,Exact match in Scryfall catalog creature-types,Safe only as current native catalog fact.
master-lexicon-R301,Master_Lexicon,301,Thopter,thopter,Creature Type,Production-ready,0.99,"t:""Thopter""",VERIFIED_NATIVE,Exact match in Scryfall catalog creature-types,Safe only as current native catalog fact.
master-lexicon-R302,Master_Lexicon,302,Thrull,thrull,Creature Type,Production-ready,0.99,"t:""Thrull""",VERIFIED_NATIVE,Exact match in Scryfall catalog creature-types,Safe only as current native catalog fact.
master-lexicon-R303,Master_Lexicon,303,Tiefling,tiefling,Creature Type,Production-ready,0.99,"t:""Tiefling""",VERIFIED_NATIVE,Exact match in Scryfall catalog creature-types,Safe only as current native catalog fact.
master-lexicon-R304,Master_Lexicon,304,Time Lord,time lord,Creature Type,Production-ready,0.99,"t:""Time Lord""",VERIFIED_NATIVE,Exact match in Scryfall catalog creature-types,Safe only as current native catalog fact.
master-lexicon-R305,Master_Lexicon,305,Toy,toy,Creature Type,Production-ready,0.99,"t:""Toy""",VERIFIED_NATIVE,Exact match in Scryfall catalog creature-types,Safe only as current native catalog fact.
master-lexicon-R306,Master_Lexicon,306,Treefolk,treefolk,Creature Type,Production-ready,0.99,"t:""Treefolk""",VERIFIED_NATIVE,Exact match in Scryfall catalog creature-types,Safe only as current native catalog fact.
master-lexicon-R307,Master_Lexicon,307,Trilobite,trilobite,Creature Type,Production-ready,0.99,"t:""Trilobite""",VERIFIED_NATIVE,Exact match in Scryfall catalog creature-types,Safe only as current native catalog fact.
master-lexicon-R308,Master_Lexicon,308,Triskelavite,triskelavite,Creature Type,Production-ready,0.99,"t:""Triskelavite""",VERIFIED_NATIVE,Exact match in Scryfall catalog creature-types,Safe only as current native catalog fact.
master-lexicon-R309,Master_Lexicon,309,Troll,troll,Creature Type,Production-ready,0.99,"t:""Troll""",VERIFIED_NATIVE,Exact match in Scryfall catalog creature-types,Safe only as current native catalog fact.
master-lexicon-R310,Master_Lexicon,310,Turtle,turtle,Creature Type,Production-ready,0.99,"t:""Turtle""",VERIFIED_NATIVE,Exact match in Scryfall catalog creature-types,Safe only as current native catalog fact.
master-lexicon-R311,Master_Lexicon,311,Tyranid,tyranid,Creature Type,Production-ready,0.99,"t:""Tyranid""",VERIFIED_NATIVE,Exact match in Scryfall catalog creature-types,Safe only as current native catalog fact.
master-lexicon-R312,Master_Lexicon,312,Unicorn,unicorn,Creature Type,Production-ready,0.99,"t:""Unicorn""",VERIFIED_NATIVE,Exact match in Scryfall catalog creature-types,Safe only as current native catalog fact.
master-lexicon-R313,Master_Lexicon,313,Urzan,urzan,Creature Type,Production-ready,0.99,"t:""Urzan""",VERIFIED_NATIVE,Exact match in Scryfall catalog creature-types,Safe only as current native catalog fact.
master-lexicon-R314,Master_Lexicon,314,Utrom,utrom,Creature Type,Production-ready,0.99,"t:""Utrom""",VERIFIED_NATIVE,Exact match in Scryfall catalog creature-types,Safe only as current native catalog fact.
master-lexicon-R315,Master_Lexicon,315,Vampire,vampire,Creature Type,Production-ready,0.99,"t:""Vampire""",VERIFIED_NATIVE,Exact match in Scryfall catalog creature-types,Safe only as current native catalog fact.
master-lexicon-R316,Master_Lexicon,316,Varmint,varmint,Creature Type,Production-ready,0.99,"t:""Varmint""",VERIFIED_NATIVE,Exact match in Scryfall catalog creature-types,Safe only as current native catalog fact.
master-lexicon-R317,Master_Lexicon,317,Vedalken,vedalken,Creature Type,Production-ready,0.99,"t:""Vedalken""",VERIFIED_NATIVE,Exact match in Scryfall catalog creature-types,Safe only as current native catalog fact.
master-lexicon-R318,Master_Lexicon,318,Villain,villain,Creature Type,Production-ready,0.99,"t:""Villain""",VERIFIED_NATIVE,Exact match in Scryfall catalog creature-types,Safe only as current native catalog fact.
master-lexicon-R319,Master_Lexicon,319,Volver,volver,Creature Type,Production-ready,0.99,"t:""Volver""",VERIFIED_NATIVE,Exact match in Scryfall catalog creature-types,Safe only as current native catalog fact.
master-lexicon-R320,Master_Lexicon,320,Wall,wall,Creature Type,Production-ready,0.99,"t:""Wall""",VERIFIED_NATIVE,Exact match in Scryfall catalog creature-types,Safe only as current native catalog fact.
master-lexicon-R321,Master_Lexicon,321,Walrus,walrus,Creature Type,Production-ready,0.99,"t:""Walrus""",VERIFIED_NATIVE,Exact match in Scryfall catalog creature-types,Safe only as current native catalog fact.
master-lexicon-R322,Master_Lexicon,322,Warlock,warlock,Creature Type,Production-ready,0.99,"t:""Warlock""",VERIFIED_NATIVE,Exact match in Scryfall catalog creature-types,Safe only as current native catalog fact.
master-lexicon-R323,Master_Lexicon,323,Warrior,warrior,Creature Type,Production-ready,0.99,"t:""Warrior""",VERIFIED_NATIVE,Exact match in Scryfall catalog creature-types,Safe only as current native catalog fact.
master-lexicon-R324,Master_Lexicon,324,Weasel,weasel,Creature Type,Production-ready,0.99,"t:""Weasel""",VERIFIED_NATIVE,Exact match in Scryfall catalog creature-types,Safe only as current native catalog fact.
master-lexicon-R325,Master_Lexicon,325,Weird,weird,Creature Type,Production-ready,0.99,"t:""Weird""",VERIFIED_NATIVE,Exact match in Scryfall catalog creature-types,Safe only as current native catalog fact.
master-lexicon-R326,Master_Lexicon,326,Werewolf,werewolf,Creature Type,Production-ready,0.99,"t:""Werewolf""",VERIFIED_NATIVE,Exact match in Scryfall catalog creature-types,Safe only as current native catalog fact.
master-lexicon-R327,Master_Lexicon,327,Whale,whale,Creature Type,Production-ready,0.99,"t:""Whale""",VERIFIED_NATIVE,Exact match in Scryfall catalog creature-types,Safe only as current native catalog fact.
master-lexicon-R328,Master_Lexicon,328,Wizard,wizard,Creature Type,Production-ready,0.99,"t:""Wizard""",VERIFIED_NATIVE,Exact match in Scryfall catalog creature-types,Safe only as current native catalog fact.
master-lexicon-R329,Master_Lexicon,329,Wolf,wolf,Creature Type,Production-ready,0.99,"t:""Wolf""",VERIFIED_NATIVE,Exact match in Scryfall catalog creature-types,Safe only as current native catalog fact.
master-lexicon-R330,Master_Lexicon,330,Wolverine,wolverine,Creature Type,Production-ready,0.99,"t:""Wolverine""",VERIFIED_NATIVE,Exact match in Scryfall catalog creature-types,Safe only as current native catalog fact.
master-lexicon-R331,Master_Lexicon,331,Wombat,wombat,Creature Type,Production-ready,0.99,"t:""Wombat""",VERIFIED_NATIVE,Exact match in Scryfall catalog creature-types,Safe only as current native catalog fact.
master-lexicon-R332,Master_Lexicon,332,Worm,worm,Creature Type,Production-ready,0.99,"t:""Worm""",VERIFIED_NATIVE,Exact match in Scryfall catalog creature-types,Safe only as current native catalog fact.
master-lexicon-R333,Master_Lexicon,333,Wraith,wraith,Creature Type,Production-ready,0.99,"t:""Wraith""",VERIFIED_NATIVE,Exact match in Scryfall catalog creature-types,Safe only as current native catalog fact.
master-lexicon-R334,Master_Lexicon,334,Wurm,wurm,Creature Type,Production-ready,0.99,"t:""Wurm""",VERIFIED_NATIVE,Exact match in Scryfall catalog creature-types,Safe only as current native catalog fact.
master-lexicon-R335,Master_Lexicon,335,Yeti,yeti,Creature Type,Production-ready,0.99,"t:""Yeti""",VERIFIED_NATIVE,Exact match in Scryfall catalog creature-types,Safe only as current native catalog fact.
master-lexicon-R336,Master_Lexicon,336,Zombie,zombie,Creature Type,Production-ready,0.99,"t:""Zombie""",VERIFIED_NATIVE,Exact match in Scryfall catalog creature-types,Safe only as current native catalog fact.
master-lexicon-R337,Master_Lexicon,337,Zubera,zubera,Creature Type,Production-ready,0.99,"t:""Zubera""",VERIFIED_NATIVE,Exact match in Scryfall catalog creature-types,Safe only as current native catalog fact.
master-lexicon-R338,Master_Lexicon,338,Attach,attach,Evergreen Keyword Actions,Review,0.82,"o:""Attach""",AMBIGUOUS,Same normalized term has multiple legitimate workbook meanings or mappings.,Add context-sensitive Plain Reading disambiguation; do not select a global winner.
master-lexicon-R339,Master_Lexicon,339,Counter,counter,Evergreen Keyword Actions,Review,0.82,"o:""Counter""",AMBIGUOUS,Same normalized term has multiple legitimate workbook meanings or mappings.,Add context-sensitive Plain Reading disambiguation; do not select a global winner.
master-lexicon-R340,Master_Lexicon,340,Exile,exile,Evergreen Keyword Actions,Review,0.82,"o:""Exile""",AMBIGUOUS,Same normalized term has multiple legitimate workbook meanings or mappings.,Add context-sensitive Plain Reading disambiguation; do not select a global winner.
master-lexicon-R341,Master_Lexicon,341,Fight,fight,Evergreen Keyword Actions,Review,0.82,"o:""Fight""",AMBIGUOUS,Same normalized term has multiple legitimate workbook meanings or mappings.,Add context-sensitive Plain Reading disambiguation; do not select a global winner.
master-lexicon-R342,Master_Lexicon,342,Mill,mill,Evergreen Keyword Actions,Review,0.82,"o:""Mill""",AMBIGUOUS,Same normalized term has multiple legitimate workbook meanings or mappings.,Add context-sensitive Plain Reading disambiguation; do not select a global winner.
master-lexicon-R343,Master_Lexicon,343,Sacrifice,sacrifice,Evergreen Keyword Actions,Review,0.82,"o:""Sacrifice""",AMBIGUOUS,Same normalized term has multiple legitimate workbook meanings or mappings.,Add context-sensitive Plain Reading disambiguation; do not select a global winner.
master-lexicon-R344,Master_Lexicon,344,Scry,scry,Evergreen Keyword Actions,Review,0.82,"o:""Scry""",AMBIGUOUS,Same normalized term has multiple legitimate workbook meanings or mappings.,Add context-sensitive Plain Reading disambiguation; do not select a global winner.
master-lexicon-R345,Master_Lexicon,345,Tap/Untap,tap/untap,Evergreen Keyword Actions,Review,0.82,"o:""Tap/Untap""",STALE,No exact match in Scryfall catalog keyword-actions,Review stale/native mismatch before use.
master-lexicon-R346,Master_Lexicon,346,Deathtouch,deathtouch,Evergreen Keywords,Production-ready,0.99,kw:Deathtouch,AMBIGUOUS,Same normalized term has multiple legitimate workbook meanings or mappings.,Add context-sensitive Plain Reading disambiguation; do not select a global winner.
master-lexicon-R347,Master_Lexicon,347,Defender,defender,Evergreen Keywords,Production-ready,0.99,kw:Defender,AMBIGUOUS,Same normalized term has multiple legitimate workbook meanings or mappings.,Add context-sensitive Plain Reading disambiguation; do not select a global winner.
master-lexicon-R348,Master_Lexicon,348,Double strike,double strike,Evergreen Keywords,Production-ready,0.99,"kw:""Double strike""",AMBIGUOUS,Same normalized term has multiple legitimate workbook meanings or mappings.,Add context-sensitive Plain Reading disambiguation; do not select a global winner.
master-lexicon-R349,Master_Lexicon,349,Enchant,enchant,Evergreen Keywords,Production-ready,0.99,kw:Enchant,UNVERIFIED,No external or internal verifier matched this record.,Owner/domain review required before promotion.
master-lexicon-R350,Master_Lexicon,350,Equip,equip,Evergreen Keywords,Production-ready,0.99,kw:Equip,UNVERIFIED,No external or internal verifier matched this record.,Owner/domain review required before promotion.
master-lexicon-R351,Master_Lexicon,351,First strike,first strike,Evergreen Keywords,Production-ready,0.99,"kw:""First strike""",AMBIGUOUS,Same normalized term has multiple legitimate workbook meanings or mappings.,Add context-sensitive Plain Reading disambiguation; do not select a global winner.
master-lexicon-R352,Master_Lexicon,352,Flash,flash,Evergreen Keywords,Production-ready,0.99,kw:Flash,AMBIGUOUS,Same normalized term has multiple legitimate workbook meanings or mappings.,Add context-sensitive Plain Reading disambiguation; do not select a global winner.
master-lexicon-R353,Master_Lexicon,353,Flying,flying,Evergreen Keywords,Production-ready,0.99,kw:Flying,AMBIGUOUS,Same normalized term has multiple legitimate workbook meanings or mappings.,Add context-sensitive Plain Reading disambiguation; do not select a global winner.
master-lexicon-R354,Master_Lexicon,354,Haste,haste,Evergreen Keywords,Production-ready,0.99,kw:Haste,AMBIGUOUS,Same normalized term has multiple legitimate workbook meanings or mappings.,Add context-sensitive Plain Reading disambiguation; do not select a global winner.
master-lexicon-R355,Master_Lexicon,355,Hexproof,hexproof,Evergreen Keywords,Production-ready,0.99,kw:Hexproof,AMBIGUOUS,Same normalized term has multiple legitimate workbook meanings or mappings.,Add context-sensitive Plain Reading disambiguation; do not select a global winner.
master-lexicon-R356,Master_Lexicon,356,Indestructible,indestructible,Evergreen Keywords,Production-ready,0.99,kw:Indestructible,AMBIGUOUS,Same normalized term has multiple legitimate workbook meanings or mappings.,Add context-sensitive Plain Reading disambiguation; do not select a global winner.
master-lexicon-R357,Master_Lexicon,357,Lifelink,lifelink,Evergreen Keywords,Production-ready,0.99,kw:Lifelink,AMBIGUOUS,Same normalized term has multiple legitimate workbook meanings or mappings.,Add context-sensitive Plain Reading disambiguation; do not select a global winner.
master-lexicon-R358,Master_Lexicon,358,Menace,menace,Evergreen Keywords,Production-ready,0.99,kw:Menace,AMBIGUOUS,Same normalized term has multiple legitimate workbook meanings or mappings.,Add context-sensitive Plain Reading disambiguation; do not select a global winner.
master-lexicon-R359,Master_Lexicon,359,Protection,protection,Evergreen Keywords,Production-ready,0.99,kw:Protection,AMBIGUOUS,Same normalized term has multiple legitimate workbook meanings or mappings.,Add context-sensitive Plain Reading disambiguation; do not select a global winner.
master-lexicon-R360,Master_Lexicon,360,Prowess,prowess,Evergreen Keywords,Production-ready,0.99,kw:Prowess,AMBIGUOUS,Same normalized term has multiple legitimate workbook meanings or mappings.,Add context-sensitive Plain Reading disambiguation; do not select a global winner.
master-lexicon-R361,Master_Lexicon,361,Reach,reach,Evergreen Keywords,Production-ready,0.99,kw:Reach,AMBIGUOUS,Same normalized term has multiple legitimate workbook meanings or mappings.,Add context-sensitive Plain Reading disambiguation; do not select a global winner.
master-lexicon-R362,Master_Lexicon,362,Trample,trample,Evergreen Keywords,Production-ready,0.99,kw:Trample,AMBIGUOUS,Same normalized term has multiple legitimate workbook meanings or mappings.,Add context-sensitive Plain Reading disambiguation; do not select a global winner.
master-lexicon-R363,Master_Lexicon,363,Vigilance,vigilance,Evergreen Keywords,Production-ready,0.99,kw:Vigilance,AMBIGUOUS,Same normalized term has multiple legitimate workbook meanings or mappings.,Add context-sensitive Plain Reading disambiguation; do not select a global winner.
master-lexicon-R364,Master_Lexicon,364,Absorb,absorb,Keywords from Expert-Level Expansions,Review,0.88,kw:Absorb,UNVERIFIED,No external or internal verifier matched this record.,Owner/domain review required before promotion.
master-lexicon-R365,Master_Lexicon,365,Adapt,adapt,Keywords from Expert-Level Expansions,Review,0.88,kw:Adapt,AMBIGUOUS,Same normalized term has multiple legitimate workbook meanings or mappings.,Add context-sensitive Plain Reading disambiguation; do not select a global winner.
master-lexicon-R366,Master_Lexicon,366,Affinity,affinity,Keywords from Expert-Level Expansions,Review,0.88,kw:Affinity,UNVERIFIED,No external or internal verifier matched this record.,Owner/domain review required before promotion.
master-lexicon-R367,Master_Lexicon,367,Afflict,afflict,Keywords from Expert-Level Expansions,Review,0.88,kw:Afflict,AMBIGUOUS,Same normalized term has multiple legitimate workbook meanings or mappings.,Add context-sensitive Plain Reading disambiguation; do not select a global winner.
master-lexicon-R368,Master_Lexicon,368,Afterlife,afterlife,Keywords from Expert-Level Expansions,Review,0.88,kw:Afterlife,UNVERIFIED,No external or internal verifier matched this record.,Owner/domain review required before promotion.
master-lexicon-R369,Master_Lexicon,369,Aftermath,aftermath,Keywords from Expert-Level Expansions,Review,0.88,kw:Aftermath,UNVERIFIED,No external or internal verifier matched this record.,Owner/domain review required before promotion.
master-lexicon-R370,Master_Lexicon,370,Amplify,amplify,Keywords from Expert-Level Expansions,Review,0.88,kw:Amplify,UNVERIFIED,No external or internal verifier matched this record.,Owner/domain review required before promotion.
master-lexicon-R371,Master_Lexicon,371,Annihilator,annihilator,Keywords from Expert-Level Expansions,Review,0.88,kw:Annihilator,UNVERIFIED,No external or internal verifier matched this record.,Owner/domain review required before promotion.
master-lexicon-R372,Master_Lexicon,372,Ascend,ascend,Keywords from Expert-Level Expansions,Review,0.88,kw:Ascend,UNVERIFIED,No external or internal verifier matched this record.,Owner/domain review required before promotion.
master-lexicon-R373,Master_Lexicon,373,Assist,assist,Keywords from Expert-Level Expansions,Review,0.88,kw:Assist,UNVERIFIED,No external or internal verifier matched this record.,Owner/domain review required before promotion.
master-lexicon-R374,Master_Lexicon,374,Aura swap,aura swap,Keywords from Expert-Level Expansions,Review,0.88,"kw:""Aura swap""",UNVERIFIED,No external or internal verifier matched this record.,Owner/domain review required before promotion.
master-lexicon-R375,Master_Lexicon,375,Bands with other,bands with other,Keywords from Expert-Level Expansions,Review,0.88,"kw:""Bands with other""",UNVERIFIED,No external or internal verifier matched this record.,Owner/domain review required before promotion.
master-lexicon-R376,Master_Lexicon,376,Battle cry,battle cry,Keywords from Expert-Level Expansions,Review,0.88,"kw:""Battle cry""",UNVERIFIED,No external or internal verifier matched this record.,Owner/domain review required before promotion.
master-lexicon-R377,Master_Lexicon,377,Bestow,bestow,Keywords from Expert-Level Expansions,Review,0.88,kw:Bestow,UNVERIFIED,No external or internal verifier matched this record.,Owner/domain review required before promotion.
master-lexicon-R378,Master_Lexicon,378,Bolster,bolster,Keywords from Expert-Level Expansions,Review,0.88,kw:Bolster,AMBIGUOUS,Same normalized term has multiple legitimate workbook meanings or mappings.,Add context-sensitive Plain Reading disambiguation; do not select a global winner.
master-lexicon-R379,Master_Lexicon,379,Bloodthirst,bloodthirst,Keywords from Expert-Level Expansions,Review,0.88,kw:Bloodthirst,UNVERIFIED,No external or internal verifier matched this record.,Owner/domain review required before promotion.
master-lexicon-R380,Master_Lexicon,380,Bushido,bushido,Keywords from Expert-Level Expansions,Review,0.88,kw:Bushido,UNVERIFIED,No external or internal verifier matched this record.,Owner/domain review required before promotion.
master-lexicon-R381,Master_Lexicon,381,Buyback,buyback,Keywords from Expert-Level Expansions,Review,0.88,kw:Buyback,UNVERIFIED,No external or internal verifier matched this record.,Owner/domain review required before promotion.
master-lexicon-R382,Master_Lexicon,382,Cascade,cascade,Keywords from Expert-Level Expansions,Review,0.88,kw:Cascade,UNVERIFIED,No external or internal verifier matched this record.,Owner/domain review required before promotion.
master-lexicon-R383,Master_Lexicon,383,Champion,champion,Keywords from Expert-Level Expansions,Review,0.88,kw:Champion,UNVERIFIED,No external or internal verifier matched this record.,Owner/domain review required before promotion.
master-lexicon-R384,Master_Lexicon,384,Changeling,changeling,Keywords from Expert-Level Expansions,Review,0.88,kw:Changeling,UNVERIFIED,No external or internal verifier matched this record.,Owner/domain review required before promotion.
master-lexicon-R385,Master_Lexicon,385,Cipher,cipher,Keywords from Expert-Level Expansions,Review,0.88,kw:Cipher,UNVERIFIED,No external or internal verifier matched this record.,Owner/domain review required before promotion.
master-lexicon-R386,Master_Lexicon,386,Clash,clash,Keywords from Expert-Level Expansions,Review,0.88,kw:Clash,AMBIGUOUS,Same normalized term has multiple legitimate workbook meanings or mappings.,Add context-sensitive Plain Reading disambiguation; do not select a global winner.
master-lexicon-R387,Master_Lexicon,387,Conspire,conspire,Keywords from Expert-Level Expansions,Review,0.88,kw:Conspire,UNVERIFIED,No external or internal verifier matched this record.,Owner/domain review required before promotion.
master-lexicon-R388,Master_Lexicon,388,Convoke,convoke,Keywords from Expert-Level Expansions,Review,0.88,kw:Convoke,UNVERIFIED,No external or internal verifier matched this record.,Owner/domain review required before promotion.
master-lexicon-R389,Master_Lexicon,389,Crew,crew,Keywords from Expert-Level Expansions,Review,0.88,kw:Crew,UNVERIFIED,No external or internal verifier matched this record.,Owner/domain review required before promotion.
master-lexicon-R390,Master_Lexicon,390,Cumulative upkeep,cumulative upkeep,Keywords from Expert-Level Expansions,Review,0.88,"kw:""Cumulative upkeep""",UNVERIFIED,No external or internal verifier matched this record.,Owner/domain review required before promotion.
master-lexicon-R391,Master_Lexicon,391,Cycling,cycling,Keywords from Expert-Level Expansions,Review,0.88,kw:Cycling,UNVERIFIED,No external or internal verifier matched this record.,Owner/domain review required before promotion.
master-lexicon-R392,Master_Lexicon,392,Dash,dash,Keywords from Expert-Level Expansions,Review,0.88,kw:Dash,UNVERIFIED,No external or internal verifier matched this record.,Owner/domain review required before promotion.
master-lexicon-R393,Master_Lexicon,393,Daybound & Nightbound,daybound & nightbound,Keywords from Expert-Level Expansions,Review,0.88,(kw:daybound or kw:nightbound),UNVERIFIED,No external or internal verifier matched this record.,Owner/domain review required before promotion.
master-lexicon-R394,Master_Lexicon,394,Delve,delve,Keywords from Expert-Level Expansions,Review,0.88,kw:Delve,UNVERIFIED,No external or internal verifier matched this record.,Owner/domain review required before promotion.
master-lexicon-R395,Master_Lexicon,395,Detain,detain,Keywords from Expert-Level Expansions,Review,0.88,kw:Detain,AMBIGUOUS,Same normalized term has multiple legitimate workbook meanings or mappings.,Add context-sensitive Plain Reading disambiguation; do not select a global winner.
master-lexicon-R396,Master_Lexicon,396,Devour,devour,Keywords from Expert-Level Expansions,Review,0.88,kw:Devour,UNVERIFIED,No external or internal verifier matched this record.,Owner/domain review required before promotion.
master-lexicon-R397,Master_Lexicon,397,Dredge,dredge,Keywords from Expert-Level Expansions,Review,0.88,kw:Dredge,UNVERIFIED,No external or internal verifier matched this record.,Owner/domain review required before promotion.
master-lexicon-R398,Master_Lexicon,398,Echo,echo,Keywords from Expert-Level Expansions,Review,0.88,kw:Echo,UNVERIFIED,No external or internal verifier matched this record.,Owner/domain review required before promotion.
master-lexicon-R399,Master_Lexicon,399,Embalm,embalm,Keywords from Expert-Level Expansions,Review,0.88,kw:Embalm,UNVERIFIED,No external or internal verifier matched this record.,Owner/domain review required before promotion.
master-lexicon-R400,Master_Lexicon,400,Emerge,emerge,Keywords from Expert-Level Expansions,Review,0.88,kw:Emerge,UNVERIFIED,No external or internal verifier matched this record.,Owner/domain review required before promotion.
master-lexicon-R401,Master_Lexicon,401,Entwine,entwine,Keywords from Expert-Level Expansions,Review,0.88,kw:Entwine,UNVERIFIED,No external or internal verifier matched this record.,Owner/domain review required before promotion.
master-lexicon-R402,Master_Lexicon,402,Epic,epic,Keywords from Expert-Level Expansions,Review,0.88,kw:Epic,UNVERIFIED,No external or internal verifier matched this record.,Owner/domain review required before promotion.
master-lexicon-R403,Master_Lexicon,403,Evolve,evolve,Keywords from Expert-Level Expansions,Review,0.88,kw:Evolve,UNVERIFIED,No external or internal verifier matched this record.,Owner/domain review required before promotion.
master-lexicon-R404,Master_Lexicon,404,Evoke,evoke,Keywords from Expert-Level Expansions,Review,0.88,kw:Evoke,UNVERIFIED,No external or internal verifier matched this record.,Owner/domain review required before promotion.
master-lexicon-R405,Master_Lexicon,405,Exalted,exalted,Keywords from Expert-Level Expansions,Review,0.88,kw:Exalted,UNVERIFIED,No external or internal verifier matched this record.,Owner/domain review required before promotion.
master-lexicon-R406,Master_Lexicon,406,Exert,exert,Keywords from Expert-Level Expansions,Review,0.88,kw:Exert,AMBIGUOUS,Same normalized term has multiple legitimate workbook meanings or mappings.,Add context-sensitive Plain Reading disambiguation; do not select a global winner.
master-lexicon-R407,Master_Lexicon,407,Exploit,exploit,Keywords from Expert-Level Expansions,Review,0.88,kw:Exploit,UNVERIFIED,No external or internal verifier matched this record.,Owner/domain review required before promotion.
master-lexicon-R408,Master_Lexicon,408,Explore,explore,Keywords from Expert-Level Expansions,Review,0.88,kw:Explore,AMBIGUOUS,Same normalized term has multiple legitimate workbook meanings or mappings.,Add context-sensitive Plain Reading disambiguation; do not select a global winner.
master-lexicon-R409,Master_Lexicon,409,Extort,extort,Keywords from Expert-Level Expansions,Review,0.88,kw:Extort,UNVERIFIED,No external or internal verifier matched this record.,Owner/domain review required before promotion.
master-lexicon-R410,Master_Lexicon,410,Fabricate,fabricate,Keywords from Expert-Level Expansions,Review,0.88,kw:Fabricate,UNVERIFIED,No external or internal verifier matched this record.,Owner/domain review required before promotion.
master-lexicon-R411,Master_Lexicon,411,Fading,fading,Keywords from Expert-Level Expansions,Review,0.88,kw:Fading,UNVERIFIED,No external or internal verifier matched this record.,Owner/domain review required before promotion.
master-lexicon-R412,Master_Lexicon,412,Fateseal,fateseal,Keywords from Expert-Level Expansions,Review,0.88,kw:Fateseal,AMBIGUOUS,Same normalized term has multiple legitimate workbook meanings or mappings.,Add context-sensitive Plain Reading disambiguation; do not select a global winner.
master-lexicon-R413,Master_Lexicon,413,Flanking,flanking,Keywords from Expert-Level Expansions,Review,0.88,kw:Flanking,UNVERIFIED,No external or internal verifier matched this record.,Owner/domain review required before promotion.
master-lexicon-R414,Master_Lexicon,414,Flashback,flashback,Keywords from Expert-Level Expansions,Review,0.88,kw:Flashback,UNVERIFIED,No external or internal verifier matched this record.,Owner/domain review required before promotion.
master-lexicon-R415,Master_Lexicon,415,Flip,flip,Keywords from Expert-Level Expansions,Review,0.88,is:flip,UNVERIFIED,No external or internal verifier matched this record.,Owner/domain review required before promotion.
master-lexicon-R416,Master_Lexicon,416,Forecast,forecast,Keywords from Expert-Level Expansions,Review,0.88,kw:Forecast,UNVERIFIED,No external or internal verifier matched this record.,Owner/domain review required before promotion.
master-lexicon-R417,Master_Lexicon,417,Foretell,foretell,Keywords from Expert-Level Expansions,Review,0.88,kw:Foretell,UNVERIFIED,No external or internal verifier matched this record.,Owner/domain review required before promotion.
master-lexicon-R418,Master_Lexicon,418,Fortify,fortify,Keywords from Expert-Level Expansions,Review,0.88,kw:Fortify,UNVERIFIED,No external or internal verifier matched this record.,Owner/domain review required before promotion.
master-lexicon-R419,Master_Lexicon,419,Frenzy,frenzy,Keywords from Expert-Level Expansions,Review,0.88,kw:Frenzy,UNVERIFIED,No external or internal verifier matched this record.,Owner/domain review required before promotion.
master-lexicon-R420,Master_Lexicon,420,Graft,graft,Keywords from Expert-Level Expansions,Review,0.88,kw:Graft,UNVERIFIED,No external or internal verifier matched this record.,Owner/domain review required before promotion.
master-lexicon-R421,Master_Lexicon,421,Gravestorm,gravestorm,Keywords from Expert-Level Expansions,Review,0.88,kw:Gravestorm,UNVERIFIED,No external or internal verifier matched this record.,Owner/domain review required before promotion.
master-lexicon-R422,Master_Lexicon,422,Haunt,haunt,Keywords from Expert-Level Expansions,Review,0.88,kw:Haunt,UNVERIFIED,No external or internal verifier matched this record.,Owner/domain review required before promotion.
master-lexicon-R423,Master_Lexicon,423,Hideaway,hideaway,Keywords from Expert-Level Expansions,Review,0.88,kw:Hideaway,UNVERIFIED,No external or internal verifier matched this record.,Owner/domain review required before promotion.
master-lexicon-R424,Master_Lexicon,424,Horsemanship,horsemanship,Keywords from Expert-Level Expansions,Review,0.88,kw:Horsemanship,AMBIGUOUS,Same normalized term has multiple legitimate workbook meanings or mappings.,Add context-sensitive Plain Reading disambiguation; do not select a global winner.
master-lexicon-R425,Master_Lexicon,425,Infect,infect,Keywords from Expert-Level Expansions,Review,0.88,kw:Infect,UNVERIFIED,No external or internal verifier matched this record.,Owner/domain review required before promotion.
master-lexicon-R426,Master_Lexicon,426,Jump-start,jump-start,Keywords from Expert-Level Expansions,Review,0.88,"kw:""Jump-start""",UNVERIFIED,No external or internal verifier matched this record.,Owner/domain review required before promotion.
master-lexicon-R427,Master_Lexicon,427,Kicker,kicker,Keywords from Expert-Level Expansions,Review,0.88,kw:Kicker,UNVERIFIED,No external or internal verifier matched this record.,Owner/domain review required before promotion.
master-lexicon-R428,Master_Lexicon,428,Level up,level up,Keywords from Expert-Level Expansions,Review,0.88,"kw:""Level up""",UNVERIFIED,No external or internal verifier matched this record.,Owner/domain review required before promotion.
master-lexicon-R429,Master_Lexicon,429,Living weapon,living weapon,Keywords from Expert-Level Expansions,Review,0.88,"kw:""Living weapon""",UNVERIFIED,No external or internal verifier matched this record.,Owner/domain review required before promotion.
master-lexicon-R430,Master_Lexicon,430,Madness,madness,Keywords from Expert-Level Expansions,Review,0.88,kw:Madness,UNVERIFIED,No external or internal verifier matched this record.,Owner/domain review required before promotion.
master-lexicon-R431,Master_Lexicon,431,Manifest,manifest,Keywords from Expert-Level Expansions,Review,0.88,kw:Manifest,AMBIGUOUS,Same normalized term has multiple legitimate workbook meanings or mappings.,Add context-sensitive Plain Reading disambiguation; do not select a global winner.
master-lexicon-R432,Master_Lexicon,432,Meld,meld,Keywords from Expert-Level Expansions,Review,0.88,kw:Meld,AMBIGUOUS,Same normalized term has multiple legitimate workbook meanings or mappings.,Add context-sensitive Plain Reading disambiguation; do not select a global winner.
master-lexicon-R433,Master_Lexicon,433,Mentor,mentor,Keywords from Expert-Level Expansions,Review,0.88,kw:Mentor,UNVERIFIED,No external or internal verifier matched this record.,Owner/domain review required before promotion.
master-lexicon-R434,Master_Lexicon,434,Miracle,miracle,Keywords from Expert-Level Expansions,Review,0.88,kw:Miracle,UNVERIFIED,No external or internal verifier matched this record.,Owner/domain review required before promotion.
master-lexicon-R435,Master_Lexicon,435,Modular,modular,Keywords from Expert-Level Expansions,Review,0.88,kw:Modular,UNVERIFIED,No external or internal verifier matched this record.,Owner/domain review required before promotion.
master-lexicon-R436,Master_Lexicon,436,Monstrosity,monstrosity,Keywords from Expert-Level Expansions,Review,0.88,kw:Monstrosity,AMBIGUOUS,Same normalized term has multiple legitimate workbook meanings or mappings.,Add context-sensitive Plain Reading disambiguation; do not select a global winner.
master-lexicon-R437,Master_Lexicon,437,Morph,morph,Keywords from Expert-Level Expansions,Review,0.88,kw:Morph,UNVERIFIED,No external or internal verifier matched this record.,Owner/domain review required before promotion.
master-lexicon-R438,Master_Lexicon,438,Multikicker,multikicker,Keywords from Expert-Level Expansions,Review,0.88,kw:Multikicker,UNVERIFIED,No external or internal verifier matched this record.,Owner/domain review required before promotion.
master-lexicon-R439,Master_Lexicon,439,Mutate,mutate,Keywords from Expert-Level Expansions,Review,0.88,kw:Mutate,UNVERIFIED,No external or internal verifier matched this record.,Owner/domain review required before promotion.
master-lexicon-R440,Master_Lexicon,440,Ninjutsu,ninjutsu,Keywords from Expert-Level Expansions,Review,0.88,kw:Ninjutsu,AMBIGUOUS,Same normalized term has multiple legitimate workbook meanings or mappings.,Add context-sensitive Plain Reading disambiguation; do not select a global winner.
master-lexicon-R441,Master_Lexicon,441,Offering,offering,Keywords from Expert-Level Expansions,Review,0.88,kw:Offering,UNVERIFIED,No external or internal verifier matched this record.,Owner/domain review required before promotion.
master-lexicon-R442,Master_Lexicon,442,Overload,overload,Keywords from Expert-Level Expansions,Review,0.88,kw:Overload,UNVERIFIED,No external or internal verifier matched this record.,Owner/domain review required before promotion.
master-lexicon-R443,Master_Lexicon,443,Persist,persist,Keywords from Expert-Level Expansions,Review,0.88,kw:Persist,UNVERIFIED,No external or internal verifier matched this record.,Owner/domain review required before promotion.
master-lexicon-R444,Master_Lexicon,444,Plot,plot,Keywords from Expert-Level Expansions,Review,0.88,kw:Plot,AMBIGUOUS,Same normalized term has multiple legitimate workbook meanings or mappings.,Add context-sensitive Plain Reading disambiguation; do not select a global winner.
master-lexicon-R445,Master_Lexicon,445,Poisonous,poisonous,Keywords from Expert-Level Expansions,Review,0.88,kw:Poisonous,UNVERIFIED,No external or internal verifier matched this record.,Owner/domain review required before promotion.
master-lexicon-R446,Master_Lexicon,446,Populate,populate,Keywords from Expert-Level Expansions,Review,0.88,kw:Populate,AMBIGUOUS,Same normalized term has multiple legitimate workbook meanings or mappings.,Add context-sensitive Plain Reading disambiguation; do not select a global winner.
master-lexicon-R447,Master_Lexicon,447,Proliferate,proliferate,Keywords from Expert-Level Expansions,Review,0.88,kw:Proliferate,AMBIGUOUS,Same normalized term has multiple legitimate workbook meanings or mappings.,Add context-sensitive Plain Reading disambiguation; do not select a global winner.
master-lexicon-R448,Master_Lexicon,448,Provoke,provoke,Keywords from Expert-Level Expansions,Review,0.88,kw:Provoke,UNVERIFIED,No external or internal verifier matched this record.,Owner/domain review required before promotion.
master-lexicon-R449,Master_Lexicon,449,Prowl,prowl,Keywords from Expert-Level Expansions,Review,0.88,kw:Prowl,UNVERIFIED,No external or internal verifier matched this record.,Owner/domain review required before promotion.
master-lexicon-R450,Master_Lexicon,450,Radiation,radiation,Keywords from Expert-Level Expansions,Review,0.88,kw:Radiation,UNVERIFIED,No external or internal verifier matched this record.,Owner/domain review required before promotion.
master-lexicon-R451,Master_Lexicon,451,Rampage,rampage,Keywords from Expert-Level Expansions,Review,0.88,kw:Rampage,UNVERIFIED,No external or internal verifier matched this record.,Owner/domain review required before promotion.
master-lexicon-R452,Master_Lexicon,452,Ravenous,ravenous,Keywords from Expert-Level Expansions,Review,0.88,kw:Ravenous,UNVERIFIED,No external or internal verifier matched this record.,Owner/domain review required before promotion.
master-lexicon-R453,Master_Lexicon,453,Rebound,rebound,Keywords from Expert-Level Expansions,Review,0.88,kw:Rebound,UNVERIFIED,No external or internal verifier matched this record.,Owner/domain review required before promotion.
master-lexicon-R454,Master_Lexicon,454,Recover,recover,Keywords from Expert-Level Expansions,Review,0.88,kw:Recover,UNVERIFIED,No external or internal verifier matched this record.,Owner/domain review required before promotion.
master-lexicon-R455,Master_Lexicon,455,Reinforce,reinforce,Keywords from Expert-Level Expansions,Review,0.88,kw:Reinforce,UNVERIFIED,No external or internal verifier matched this record.,Owner/domain review required before promotion.
master-lexicon-R456,Master_Lexicon,456,Renown,renown,Keywords from Expert-Level Expansions,Review,0.88,kw:Renown,UNVERIFIED,No external or internal verifier matched this record.,Owner/domain review required before promotion.
master-lexicon-R457,Master_Lexicon,457,Replicate,replicate,Keywords from Expert-Level Expansions,Review,0.88,kw:Replicate,UNVERIFIED,No external or internal verifier matched this record.,Owner/domain review required before promotion.
master-lexicon-R458,Master_Lexicon,458,Retrace,retrace,Keywords from Expert-Level Expansions,Review,0.88,kw:Retrace,UNVERIFIED,No external or internal verifier matched this record.,Owner/domain review required before promotion.
master-lexicon-R459,Master_Lexicon,459,Riot,riot,Keywords from Expert-Level Expansions,Review,0.88,kw:Riot,UNVERIFIED,No external or internal verifier matched this record.,Owner/domain review required before promotion.
master-lexicon-R460,Master_Lexicon,460,Ripple,ripple,Keywords from Expert-Level Expansions,Review,0.88,kw:Ripple,UNVERIFIED,No external or internal verifier matched this record.,Owner/domain review required before promotion.
master-lexicon-R461,Master_Lexicon,461,Saddle,saddle,Keywords from Expert-Level Expansions,Review,0.88,kw:Saddle,UNVERIFIED,No external or internal verifier matched this record.,Owner/domain review required before promotion.
master-lexicon-R462,Master_Lexicon,462,Scavenge,scavenge,Keywords from Expert-Level Expansions,Review,0.88,kw:Scavenge,UNVERIFIED,No external or internal verifier matched this record.,Owner/domain review required before promotion.
master-lexicon-R463,Master_Lexicon,463,Shadow,shadow,Keywords from Expert-Level Expansions,Review,0.88,kw:Shadow,AMBIGUOUS,Same normalized term has multiple legitimate workbook meanings or mappings.,Add context-sensitive Plain Reading disambiguation; do not select a global winner.
master-lexicon-R464,Master_Lexicon,464,Skulk,skulk,Keywords from Expert-Level Expansions,Review,0.88,kw:Skulk,AMBIGUOUS,Same normalized term has multiple legitimate workbook meanings or mappings.,Add context-sensitive Plain Reading disambiguation; do not select a global winner.
master-lexicon-R465,Master_Lexicon,465,Soulbond,soulbond,Keywords from Expert-Level Expansions,Review,0.88,kw:Soulbond,UNVERIFIED,No external or internal verifier matched this record.,Owner/domain review required before promotion.
master-lexicon-R466,Master_Lexicon,466,Soulshift,soulshift,Keywords from Expert-Level Expansions,Review,0.88,kw:Soulshift,UNVERIFIED,No external or internal verifier matched this record.,Owner/domain review required before promotion.
master-lexicon-R467,Master_Lexicon,467,Spectacle,spectacle,Keywords from Expert-Level Expansions,Review,0.88,kw:Spectacle,UNVERIFIED,No external or internal verifier matched this record.,Owner/domain review required before promotion.
master-lexicon-R468,Master_Lexicon,468,Splice,splice,Keywords from Expert-Level Expansions,Review,0.88,kw:Splice,UNVERIFIED,No external or internal verifier matched this record.,Owner/domain review required before promotion.
master-lexicon-R469,Master_Lexicon,469,Split second,split second,Keywords from Expert-Level Expansions,Review,0.88,"kw:""Split second""",UNVERIFIED,No external or internal verifier matched this record.,Owner/domain review required before promotion.
master-lexicon-R470,Master_Lexicon,470,Squad,squad,Keywords from Expert-Level Expansions,Review,0.88,kw:Squad,UNVERIFIED,No external or internal verifier matched this record.,Owner/domain review required before promotion.
master-lexicon-R471,Master_Lexicon,471,Storm,storm,Keywords from Expert-Level Expansions,Review,0.88,kw:Storm,AMBIGUOUS,Same normalized term has multiple legitimate workbook meanings or mappings.,Add context-sensitive Plain Reading disambiguation; do not select a global winner.
master-lexicon-R472,Master_Lexicon,472,Sunburst,sunburst,Keywords from Expert-Level Expansions,Review,0.88,kw:Sunburst,UNVERIFIED,No external or internal verifier matched this record.,Owner/domain review required before promotion.
master-lexicon-R473,Master_Lexicon,473,Support,support,Keywords from Expert-Level Expansions,Review,0.88,kw:Support,AMBIGUOUS,Same normalized term has multiple legitimate workbook meanings or mappings.,Add context-sensitive Plain Reading disambiguation; do not select a global winner.
master-lexicon-R474,Master_Lexicon,474,Surge,surge,Keywords from Expert-Level Expansions,Review,0.88,kw:Surge,UNVERIFIED,No external or internal verifier matched this record.,Owner/domain review required before promotion.
master-lexicon-R475,Master_Lexicon,475,Surveil,surveil,Keywords from Expert-Level Expansions,Review,0.88,kw:Surveil,AMBIGUOUS,Same normalized term has multiple legitimate workbook meanings or mappings.,Add context-sensitive Plain Reading disambiguation; do not select a global winner.
master-lexicon-R476,Master_Lexicon,476,Suspend,suspend,Keywords from Expert-Level Expansions,Review,0.88,kw:Suspend,UNVERIFIED,No external or internal verifier matched this record.,Owner/domain review required before promotion.
master-lexicon-R477,Master_Lexicon,477,Toxic,toxic,Keywords from Expert-Level Expansions,Review,0.88,kw:Toxic,UNVERIFIED,No external or internal verifier matched this record.,Owner/domain review required before promotion.
master-lexicon-R478,Master_Lexicon,478,Transfigure,transfigure,Keywords from Expert-Level Expansions,Review,0.88,kw:Transfigure,UNVERIFIED,No external or internal verifier matched this record.,Owner/domain review required before promotion.
master-lexicon-R479,Master_Lexicon,479,Transform,transform,Keywords from Expert-Level Expansions,Review,0.88,is:transform,AMBIGUOUS,Same normalized term has multiple legitimate workbook meanings or mappings.,Add context-sensitive Plain Reading disambiguation; do not select a global winner.
master-lexicon-R480,Master_Lexicon,480,Transmute,transmute,Keywords from Expert-Level Expansions,Review,0.88,kw:Transmute,UNVERIFIED,No external or internal verifier matched this record.,Owner/domain review required before promotion.
master-lexicon-R481,Master_Lexicon,481,Typecycling,typecycling,Keywords from Expert-Level Expansions,Review,0.88,kw:Typecycling,UNVERIFIED,No external or internal verifier matched this record.,Owner/domain review required before promotion.
master-lexicon-R482,Master_Lexicon,482,Umbra armor,umbra armor,Keywords from Expert-Level Expansions,Review,0.88,"kw:""Umbra armor""",UNVERIFIED,No external or internal verifier matched this record.,Owner/domain review required before promotion.
master-lexicon-R483,Master_Lexicon,483,Undying,undying,Keywords from Expert-Level Expansions,Review,0.88,kw:Undying,UNVERIFIED,No external or internal verifier matched this record.,Owner/domain review required before promotion.
master-lexicon-R484,Master_Lexicon,484,Unearth,unearth,Keywords from Expert-Level Expansions,Review,0.88,kw:Unearth,UNVERIFIED,No external or internal verifier matched this record.,Owner/domain review required before promotion.
master-lexicon-R485,Master_Lexicon,485,Unleash,unleash,Keywords from Expert-Level Expansions,Review,0.88,kw:Unleash,UNVERIFIED,No external or internal verifier matched this record.,Owner/domain review required before promotion.
master-lexicon-R486,Master_Lexicon,486,Vanishing,vanishing,Keywords from Expert-Level Expansions,Review,0.88,kw:Vanishing,UNVERIFIED,No external or internal verifier matched this record.,Owner/domain review required before promotion.
master-lexicon-R487,Master_Lexicon,487,Ward,ward,Keywords from Expert-Level Expansions,Review,0.88,kw:Ward,AMBIGUOUS,Same normalized term has multiple legitimate workbook meanings or mappings.,Add context-sensitive Plain Reading disambiguation; do not select a global winner.
master-lexicon-R488,Master_Lexicon,488,Wither,wither,Keywords from Expert-Level Expansions,Review,0.88,kw:Wither,UNVERIFIED,No external or internal verifier matched this record.,Owner/domain review required before promotion.
master-lexicon-R489,Master_Lexicon,489,Addendum,addendum,Ability Words,Production-ready,0.95,"o:""Addendum""",AMBIGUOUS,Same normalized term has multiple legitimate workbook meanings or mappings.,Add context-sensitive Plain Reading disambiguation; do not select a global winner.
master-lexicon-R490,Master_Lexicon,490,Battalion,battalion,Ability Words,Production-ready,0.95,"o:""Battalion""",AMBIGUOUS,Same normalized term has multiple legitimate workbook meanings or mappings.,Add context-sensitive Plain Reading disambiguation; do not select a global winner.
master-lexicon-R491,Master_Lexicon,491,Bloodrush,bloodrush,Ability Words,Production-ready,0.95,"o:""Bloodrush""",AMBIGUOUS,Same normalized term has multiple legitimate workbook meanings or mappings.,Add context-sensitive Plain Reading disambiguation; do not select a global winner.
master-lexicon-R492,Master_Lexicon,492,Channel,channel,Ability Words,Production-ready,0.95,"o:""Channel""",AMBIGUOUS,Same normalized term has multiple legitimate workbook meanings or mappings.,Add context-sensitive Plain Reading disambiguation; do not select a global winner.
master-lexicon-R493,Master_Lexicon,493,Chroma,chroma,Ability Words,Production-ready,0.95,"o:""Chroma""",AMBIGUOUS,Same normalized term has multiple legitimate workbook meanings or mappings.,Add context-sensitive Plain Reading disambiguation; do not select a global winner.
master-lexicon-R494,Master_Lexicon,494,Domain,domain,Ability Words,Production-ready,0.95,"o:""Domain""",AMBIGUOUS,Same normalized term has multiple legitimate workbook meanings or mappings.,Add context-sensitive Plain Reading disambiguation; do not select a global winner.
master-lexicon-R495,Master_Lexicon,495,Enrage,enrage,Ability Words,Production-ready,0.95,"o:""Enrage""",AMBIGUOUS,Same normalized term has multiple legitimate workbook meanings or mappings.,Add context-sensitive Plain Reading disambiguation; do not select a global winner.
master-lexicon-R496,Master_Lexicon,496,Fateful hour,fateful hour,Ability Words,Production-ready,0.95,"o:""Fateful hour""",AMBIGUOUS,Same normalized term has multiple legitimate workbook meanings or mappings.,Add context-sensitive Plain Reading disambiguation; do not select a global winner.
master-lexicon-R497,Master_Lexicon,497,Ferocious,ferocious,Ability Words,Production-ready,0.95,"o:""Ferocious""",AMBIGUOUS,Same normalized term has multiple legitimate workbook meanings or mappings.,Add context-sensitive Plain Reading disambiguation; do not select a global winner.
master-lexicon-R498,Master_Lexicon,498,Grandeur,grandeur,Ability Words,Production-ready,0.95,"o:""Grandeur""",AMBIGUOUS,Same normalized term has multiple legitimate workbook meanings or mappings.,Add context-sensitive Plain Reading disambiguation; do not select a global winner.
master-lexicon-R499,Master_Lexicon,499,Hellbent,hellbent,Ability Words,Production-ready,0.95,"o:""Hellbent""",AMBIGUOUS,Same normalized term has multiple legitimate workbook meanings or mappings.,Add context-sensitive Plain Reading disambiguation; do not select a global winner.
master-lexicon-R500,Master_Lexicon,500,Heroic,heroic,Ability Words,Production-ready,0.95,"o:""Heroic""",AMBIGUOUS,Same normalized term has multiple legitimate workbook meanings or mappings.,Add context-sensitive Plain Reading disambiguation; do not select a global winner.
master-lexicon-R501,Master_Lexicon,501,Imprint,imprint,Ability Words,Production-ready,0.95,"o:""Imprint""",AMBIGUOUS,Same normalized term has multiple legitimate workbook meanings or mappings.,Add context-sensitive Plain Reading disambiguation; do not select a global winner.
master-lexicon-R502,Master_Lexicon,502,Join forces,join forces,Ability Words,Production-ready,0.95,"o:""Join forces""",AMBIGUOUS,Same normalized term has multiple legitimate workbook meanings or mappings.,Add context-sensitive Plain Reading disambiguation; do not select a global winner.
master-lexicon-R503,Master_Lexicon,503,Kinship,kinship,Ability Words,Production-ready,0.95,"o:""Kinship""",AMBIGUOUS,Same normalized term has multiple legitimate workbook meanings or mappings.,Add context-sensitive Plain Reading disambiguation; do not select a global winner.
master-lexicon-R504,Master_Lexicon,504,Landfall,landfall,Ability Words,Production-ready,0.95,"o:""Landfall""",AMBIGUOUS,Same normalized term has multiple legitimate workbook meanings or mappings.,Add context-sensitive Plain Reading disambiguation; do not select a global winner.
master-lexicon-R505,Master_Lexicon,505,Metalcraft,metalcraft,Ability Words,Production-ready,0.95,"o:""Metalcraft""",AMBIGUOUS,Same normalized term has multiple legitimate workbook meanings or mappings.,Add context-sensitive Plain Reading disambiguation; do not select a global winner.
master-lexicon-R506,Master_Lexicon,506,Morbid,morbid,Ability Words,Production-ready,0.95,"o:""Morbid""",AMBIGUOUS,Same normalized term has multiple legitimate workbook meanings or mappings.,Add context-sensitive Plain Reading disambiguation; do not select a global winner.
master-lexicon-R507,Master_Lexicon,507,Radiance,radiance,Ability Words,Production-ready,0.95,"o:""Radiance""",AMBIGUOUS,Same normalized term has multiple legitimate workbook meanings or mappings.,Add context-sensitive Plain Reading disambiguation; do not select a global winner.
master-lexicon-R508,Master_Lexicon,508,Raid,raid,Ability Words,Production-ready,0.95,"o:""Raid""",AMBIGUOUS,Same normalized term has multiple legitimate workbook meanings or mappings.,Add context-sensitive Plain Reading disambiguation; do not select a global winner.
master-lexicon-R509,Master_Lexicon,509,Rally,rally,Ability Words,Production-ready,0.95,"o:""Rally""",AMBIGUOUS,Same normalized term has multiple legitimate workbook meanings or mappings.,Add context-sensitive Plain Reading disambiguation; do not select a global winner.
master-lexicon-R510,Master_Lexicon,510,Shroud,shroud,Ability Words,Production-ready,0.95,"o:""Shroud""",STALE,No exact match in Scryfall catalog ability-words,Review stale/native mismatch before use.
master-lexicon-R511,Master_Lexicon,511,Sweep,sweep,Ability Words,Production-ready,0.95,"o:""Sweep""",AMBIGUOUS,Same normalized term has multiple legitimate workbook meanings or mappings.,Add context-sensitive Plain Reading disambiguation; do not select a global winner.
master-lexicon-R512,Master_Lexicon,512,Threshold,threshold,Ability Words,Production-ready,0.95,"o:""Threshold""",AMBIGUOUS,Same normalized term has multiple legitimate workbook meanings or mappings.,Add context-sensitive Plain Reading disambiguation; do not select a global winner.
master-lexicon-R513,Master_Lexicon,513,Undergrowth,undergrowth,Ability Words,Production-ready,0.95,"o:""Undergrowth""",AMBIGUOUS,Same normalized term has multiple legitimate workbook meanings or mappings.,Add context-sensitive Plain Reading disambiguation; do not select a global winner.
master-lexicon-R514,Master_Lexicon,514,Banding,banding,Discontinued Keywords,Review,0.88,kw:Banding,UNVERIFIED,No external or internal verifier matched this record.,Owner/domain review required before promotion.
master-lexicon-R515,Master_Lexicon,515,Bury,bury,Discontinued Keywords,Review,0.88,kw:Bury,UNVERIFIED,No external or internal verifier matched this record.,Owner/domain review required before promotion.
master-lexicon-R516,Master_Lexicon,516,Fear,fear,Discontinued Keywords,Review,0.88,kw:Fear,AMBIGUOUS,Same normalized term has multiple legitimate workbook meanings or mappings.,Add context-sensitive Plain Reading disambiguation; do not select a global winner.
master-lexicon-R517,Master_Lexicon,517,Intimidate,intimidate,Discontinued Keywords,Review,0.88,kw:Intimidate,AMBIGUOUS,Same normalized term has multiple legitimate workbook meanings or mappings.,Add context-sensitive Plain Reading disambiguation; do not select a global winner.
master-lexicon-R518,Master_Lexicon,518,Landhome,landhome,Discontinued Keywords,Review,0.88,kw:Landhome,UNVERIFIED,No external or internal verifier matched this record.,Owner/domain review required before promotion.
master-lexicon-R519,Master_Lexicon,519,Landwalk,landwalk,Discontinued Keywords,Review,0.88,kw:Landwalk,AMBIGUOUS,Same normalized term has multiple legitimate workbook meanings or mappings.,Add context-sensitive Plain Reading disambiguation; do not select a global winner.
master-lexicon-R520,Master_Lexicon,520,Phasing,phasing,Discontinued Keywords,Review,0.88,kw:Phasing,UNVERIFIED,No external or internal verifier matched this record.,Owner/domain review required before promotion.
master-lexicon-R521,Master_Lexicon,521,Regenerate,regenerate,Discontinued Keywords,Review,0.88,kw:Regenerate,AMBIGUOUS,Same normalized term has multiple legitimate workbook meanings or mappings.,Add context-sensitive Plain Reading disambiguation; do not select a global winner.
master-lexicon-R522,Master_Lexicon,522,Substance,substance,Discontinued Keywords,Review,0.88,kw:Substance,UNVERIFIED,No external or internal verifier matched this record.,Owner/domain review required before promotion.
master-lexicon-R523,Master_Lexicon,523,Ability word,ability word,Ability Word,Production-ready,0.95,"o:""Ability word""",SOURCE_ARTIFACT,Record term appears to be a heading/category label ingested as data.,Remove from semantic promotion candidates or correct the source row in a derived review process.
master-lexicon-R524,Master_Lexicon,524,Adamant,adamant,Ability Word,Production-ready,0.95,"o:""Adamant""",VERIFIED_NATIVE,Exact match in Scryfall catalog ability-words,Safe only as current native catalog fact.
master-lexicon-R525,Master_Lexicon,525,Addendum,addendum,Ability Word,Production-ready,0.95,"o:""Addendum""",AMBIGUOUS,Same normalized term has multiple legitimate workbook meanings or mappings.,Add context-sensitive Plain Reading disambiguation; do not select a global winner.
master-lexicon-R526,Master_Lexicon,526,Alliance,alliance,Ability Word,Production-ready,0.95,"o:""Alliance""",VERIFIED_NATIVE,Exact match in Scryfall catalog ability-words,Safe only as current native catalog fact.
master-lexicon-R527,Master_Lexicon,527,Battalion,battalion,Ability Word,Production-ready,0.95,"o:""Battalion""",AMBIGUOUS,Same normalized term has multiple legitimate workbook meanings or mappings.,Add context-sensitive Plain Reading disambiguation; do not select a global winner.
master-lexicon-R528,Master_Lexicon,528,Bloodrush,bloodrush,Ability Word,Production-ready,0.95,"o:""Bloodrush""",AMBIGUOUS,Same normalized term has multiple legitimate workbook meanings or mappings.,Add context-sensitive Plain Reading disambiguation; do not select a global winner.
master-lexicon-R529,Master_Lexicon,529,Celebration,celebration,Ability Word,Production-ready,0.95,"o:""Celebration""",VERIFIED_NATIVE,Exact match in Scryfall catalog ability-words,Safe only as current native catalog fact.
master-lexicon-R530,Master_Lexicon,530,Channel,channel,Ability Word,Production-ready,0.95,"o:""Channel""",AMBIGUOUS,Same normalized term has multiple legitimate workbook meanings or mappings.,Add context-sensitive Plain Reading disambiguation; do not select a global winner.
master-lexicon-R531,Master_Lexicon,531,Chroma,chroma,Ability Word,Production-ready,0.95,"o:""Chroma""",AMBIGUOUS,Same normalized term has multiple legitimate workbook meanings or mappings.,Add context-sensitive Plain Reading disambiguation; do not select a global winner.
master-lexicon-R532,Master_Lexicon,532,Cohort,cohort,Ability Word,Production-ready,0.95,"o:""Cohort""",VERIFIED_NATIVE,Exact match in Scryfall catalog ability-words,Safe only as current native catalog fact.
master-lexicon-R533,Master_Lexicon,533,Constellation,constellation,Ability Word,Production-ready,0.95,"o:""Constellation""",VERIFIED_NATIVE,Exact match in Scryfall catalog ability-words,Safe only as current native catalog fact.
master-lexicon-R534,Master_Lexicon,534,Converge,converge,Ability Word,Production-ready,0.95,"o:""Converge""",VERIFIED_NATIVE,Exact match in Scryfall catalog ability-words,Safe only as current native catalog fact.
master-lexicon-R535,Master_Lexicon,535,Corrupted,corrupted,Ability Word,Production-ready,0.95,"o:""Corrupted""",VERIFIED_NATIVE,Exact match in Scryfall catalog ability-words,Safe only as current native catalog fact.
master-lexicon-R536,Master_Lexicon,536,Council's dilemma,council's dilemma,Ability Word,Production-ready,0.95,"o:""Council's dilemma""",VERIFIED_NATIVE,Exact match in Scryfall catalog ability-words,Safe only as current native catalog fact.
master-lexicon-R537,Master_Lexicon,537,Coven,coven,Ability Word,Production-ready,0.95,"o:""Coven""",VERIFIED_NATIVE,Exact match in Scryfall catalog ability-words,Safe only as current native catalog fact.
master-lexicon-R538,Master_Lexicon,538,Covercast,covercast,Ability Word,Production-ready,0.95,"o:""Covercast""",VERIFIED_NATIVE,Exact match in Scryfall catalog ability-words,Safe only as current native catalog fact.
master-lexicon-R539,Master_Lexicon,539,Craft,craft,Ability Word,Production-ready,0.95,"o:""Craft""",STALE,No exact match in Scryfall catalog ability-words,Review stale/native mismatch before use.
master-lexicon-R540,Master_Lexicon,540,Delirium,delirium,Ability Word,Production-ready,0.95,"o:""Delirium""",VERIFIED_NATIVE,Exact match in Scryfall catalog ability-words,Safe only as current native catalog fact.
master-lexicon-R541,Master_Lexicon,541,Descend,descend,Ability Word,Production-ready,0.95,"o:""Descend""",VERIFIED_NATIVE,Exact match in Scryfall catalog ability-words,Safe only as current native catalog fact.
master-lexicon-R542,Master_Lexicon,542,Disappear,disappear,Ability Word,Production-ready,0.95,"o:""Disappear""",VERIFIED_NATIVE,Exact match in Scryfall catalog ability-words,Safe only as current native catalog fact.
master-lexicon-R543,Master_Lexicon,543,Domain,domain,Ability Word,Production-ready,0.95,"o:""Domain""",AMBIGUOUS,Same normalized term has multiple legitimate workbook meanings or mappings.,Add context-sensitive Plain Reading disambiguation; do not select a global winner.
master-lexicon-R544,Master_Lexicon,544,Eerie,eerie,Ability Word,Production-ready,0.95,"o:""Eerie""",VERIFIED_NATIVE,Exact match in Scryfall catalog ability-words,Safe only as current native catalog fact.
master-lexicon-R545,Master_Lexicon,545,Eminence,eminence,Ability Word,Production-ready,0.95,"o:""Eminence""",VERIFIED_NATIVE,Exact match in Scryfall catalog ability-words,Safe only as current native catalog fact.
master-lexicon-R546,Master_Lexicon,546,Enrage,enrage,Ability Word,Production-ready,0.95,"o:""Enrage""",AMBIGUOUS,Same normalized term has multiple legitimate workbook meanings or mappings.,Add context-sensitive Plain Reading disambiguation; do not select a global winner.
master-lexicon-R547,Master_Lexicon,547,Family gathering,family gathering,Ability Word,Production-ready,0.95,"o:""Family gathering""",STALE,No exact match in Scryfall catalog ability-words,Review stale/native mismatch before use.
master-lexicon-R548,Master_Lexicon,548,Fateful hour,fateful hour,Ability Word,Production-ready,0.95,"o:""Fateful hour""",AMBIGUOUS,Same normalized term has multiple legitimate workbook meanings or mappings.,Add context-sensitive Plain Reading disambiguation; do not select a global winner.
master-lexicon-R549,Master_Lexicon,549,Fathomless descent,fathomless descent,Ability Word,Production-ready,0.95,"o:""Fathomless descent""",VERIFIED_NATIVE,Exact match in Scryfall catalog ability-words,Safe only as current native catalog fact.
master-lexicon-R550,Master_Lexicon,550,Ferocious,ferocious,Ability Word,Production-ready,0.95,"o:""Ferocious""",AMBIGUOUS,Same normalized term has multiple legitimate workbook meanings or mappings.,Add context-sensitive Plain Reading disambiguation; do not select a global winner.
master-lexicon-R551,Master_Lexicon,551,Flavor word,flavor word,Ability Word,Production-ready,0.95,"o:""Flavor word""",STALE,No exact match in Scryfall catalog ability-words,Review stale/native mismatch before use.
master-lexicon-R552,Master_Lexicon,552,Flurry,flurry,Ability Word,Production-ready,0.95,"o:""Flurry""",VERIFIED_NATIVE,Exact match in Scryfall catalog ability-words,Safe only as current native catalog fact.
master-lexicon-R553,Master_Lexicon,553,Formidable,formidable,Ability Word,Production-ready,0.95,"o:""Formidable""",VERIFIED_NATIVE,Exact match in Scryfall catalog ability-words,Safe only as current native catalog fact.
master-lexicon-R554,Master_Lexicon,554,"Gear Up, sponsored by Wizards of the Coast","gear up, sponsored by wizards of the coast",Ability Word,Production-ready,0.95,"o:""Gear Up, sponsored by Wizards of the Coast""",STALE,No exact match in Scryfall catalog ability-words,Review stale/native mismatch before use.
master-lexicon-R555,Master_Lexicon,555,Gotcha,gotcha,Ability Word,Production-ready,0.95,"o:""Gotcha""",STALE,No exact match in Scryfall catalog ability-words,Review stale/native mismatch before use.
master-lexicon-R556,Master_Lexicon,556,Grandeur,grandeur,Ability Word,Production-ready,0.95,"o:""Grandeur""",AMBIGUOUS,Same normalized term has multiple legitimate workbook meanings or mappings.,Add context-sensitive Plain Reading disambiguation; do not select a global winner.
master-lexicon-R557,Master_Lexicon,557,Hellbent,hellbent,Ability Word,Production-ready,0.95,"o:""Hellbent""",AMBIGUOUS,Same normalized term has multiple legitimate workbook meanings or mappings.,Add context-sensitive Plain Reading disambiguation; do not select a global winner.
master-lexicon-R558,Master_Lexicon,558,Hero's Reward,hero's reward,Ability Word,Production-ready,0.95,"o:""Hero's Reward""",VERIFIED_NATIVE,Exact match in Scryfall catalog ability-words,Safe only as current native catalog fact.
master-lexicon-R559,Master_Lexicon,559,Heroic,heroic,Ability Word,Production-ready,0.95,"o:""Heroic""",AMBIGUOUS,Same normalized term has multiple legitimate workbook meanings or mappings.,Add context-sensitive Plain Reading disambiguation; do not select a global winner.
master-lexicon-R560,Master_Lexicon,560,Imprint,imprint,Ability Word,Production-ready,0.95,"o:""Imprint""",AMBIGUOUS,Same normalized term has multiple legitimate workbook meanings or mappings.,Add context-sensitive Plain Reading disambiguation; do not select a global winner.
master-lexicon-R561,Master_Lexicon,561,Infusion,infusion,Ability Word,Production-ready,0.95,"o:""Infusion""",VERIFIED_NATIVE,Exact match in Scryfall catalog ability-words,Safe only as current native catalog fact.
master-lexicon-R562,Master_Lexicon,562,Inspired,inspired,Ability Word,Production-ready,0.95,"o:""Inspired""",VERIFIED_NATIVE,Exact match in Scryfall catalog ability-words,Safe only as current native catalog fact.
master-lexicon-R563,Master_Lexicon,563,Join forces,join forces,Ability Word,Production-ready,0.95,"o:""Join forces""",AMBIGUOUS,Same normalized term has multiple legitimate workbook meanings or mappings.,Add context-sensitive Plain Reading disambiguation; do not select a global winner.
master-lexicon-R564,Master_Lexicon,564,Kinfall,kinfall,Ability Word,Production-ready,0.95,"o:""Kinfall""",VERIFIED_NATIVE,Exact match in Scryfall catalog ability-words,Safe only as current native catalog fact.
master-lexicon-R565,Master_Lexicon,565,Kinship,kinship,Ability Word,Production-ready,0.95,"o:""Kinship""",AMBIGUOUS,Same normalized term has multiple legitimate workbook meanings or mappings.,Add context-sensitive Plain Reading disambiguation; do not select a global winner.
master-lexicon-R566,Master_Lexicon,566,Landfall,landfall,Ability Word,Production-ready,0.95,"o:""Landfall""",AMBIGUOUS,Same normalized term has multiple legitimate workbook meanings or mappings.,Add context-sensitive Plain Reading disambiguation; do not select a global winner.
master-lexicon-R567,Master_Lexicon,567,Landship,landship,Ability Word,Production-ready,0.95,"o:""Landship""",VERIFIED_NATIVE,Exact match in Scryfall catalog ability-words,Safe only as current native catalog fact.
master-lexicon-R568,Master_Lexicon,568,Legacy,legacy,Ability Word,Production-ready,0.95,"o:""Legacy""",VERIFIED_NATIVE,Exact match in Scryfall catalog ability-words,Safe only as current native catalog fact.
master-lexicon-R569,Master_Lexicon,569,Lieutenant,lieutenant,Ability Word,Production-ready,0.95,"o:""Lieutenant""",VERIFIED_NATIVE,Exact match in Scryfall catalog ability-words,Safe only as current native catalog fact.
master-lexicon-R570,Master_Lexicon,570,Magecraft,magecraft,Ability Word,Production-ready,0.95,"o:""Magecraft""",VERIFIED_NATIVE,Exact match in Scryfall catalog ability-words,Safe only as current native catalog fact.
master-lexicon-R571,Master_Lexicon,571,Metalcraft,metalcraft,Ability Word,Production-ready,0.95,"o:""Metalcraft""",AMBIGUOUS,Same normalized term has multiple legitimate workbook meanings or mappings.,Add context-sensitive Plain Reading disambiguation; do not select a global winner.
master-lexicon-R572,Master_Lexicon,572,Mono Eminence,mono eminence,Ability Word,Production-ready,0.95,"o:""Mono Eminence""",STALE,No exact match in Scryfall catalog ability-words,Review stale/native mismatch before use.
master-lexicon-R573,Master_Lexicon,573,Morbid,morbid,Ability Word,Production-ready,0.95,"o:""Morbid""",AMBIGUOUS,Same normalized term has multiple legitimate workbook meanings or mappings.,Add context-sensitive Plain Reading disambiguation; do not select a global winner.
master-lexicon-R574,Master_Lexicon,574,Opus,opus,Ability Word,Production-ready,0.95,"o:""Opus""",VERIFIED_NATIVE,Exact match in Scryfall catalog ability-words,Safe only as current native catalog fact.
master-lexicon-R575,Master_Lexicon,575,Pack tactics,pack tactics,Ability Word,Production-ready,0.95,"o:""Pack tactics""",VERIFIED_NATIVE,Exact match in Scryfall catalog ability-words,Safe only as current native catalog fact.
master-lexicon-R576,Master_Lexicon,576,Parade!,parade!,Ability Word,Production-ready,0.95,"o:""Parade!""",STALE,No exact match in Scryfall catalog ability-words,Review stale/native mismatch before use.
master-lexicon-R577,Master_Lexicon,577,Paradox,paradox,Ability Word,Production-ready,0.95,"o:""Paradox""",VERIFIED_NATIVE,Exact match in Scryfall catalog ability-words,Safe only as current native catalog fact.
master-lexicon-R578,Master_Lexicon,578,Parley,parley,Ability Word,Production-ready,0.95,"o:""Parley""",VERIFIED_NATIVE,Exact match in Scryfall catalog ability-words,Safe only as current native catalog fact.
master-lexicon-R579,Master_Lexicon,579,Radiance,radiance,Ability Word,Production-ready,0.95,"o:""Radiance""",AMBIGUOUS,Same normalized term has multiple legitimate workbook meanings or mappings.,Add context-sensitive Plain Reading disambiguation; do not select a global winner.
master-lexicon-R580,Master_Lexicon,580,Raid,raid,Ability Word,Production-ready,0.95,"o:""Raid""",AMBIGUOUS,Same normalized term has multiple legitimate workbook meanings or mappings.,Add context-sensitive Plain Reading disambiguation; do not select a global winner.
master-lexicon-R581,Master_Lexicon,581,Rally,rally,Ability Word,Production-ready,0.95,"o:""Rally""",AMBIGUOUS,Same normalized term has multiple legitimate workbook meanings or mappings.,Add context-sensitive Plain Reading disambiguation; do not select a global winner.
master-lexicon-R582,Master_Lexicon,582,Renew,renew,Ability Word,Production-ready,0.95,"o:""Renew""",VERIFIED_NATIVE,Exact match in Scryfall catalog ability-words,Safe only as current native catalog fact.
master-lexicon-R583,Master_Lexicon,583,Repartee,repartee,Ability Word,Production-ready,0.95,"o:""Repartee""",VERIFIED_NATIVE,Exact match in Scryfall catalog ability-words,Safe only as current native catalog fact.
master-lexicon-R584,Master_Lexicon,584,Revolt,revolt,Ability Word,Production-ready,0.95,"o:""Revolt""",VERIFIED_NATIVE,Exact match in Scryfall catalog ability-words,Safe only as current native catalog fact.
master-lexicon-R585,Master_Lexicon,585,Rulebreaker,rulebreaker,Ability Word,Production-ready,0.95,"o:""Rulebreaker""",STALE,No exact match in Scryfall catalog ability-words,Review stale/native mismatch before use.
master-lexicon-R586,Master_Lexicon,586,Scryfall (ability word),scryfall (ability word),Ability Word,Production-ready,0.95,"o:""Scryfall (ability word)""",STALE,No exact match in Scryfall catalog ability-words,Review stale/native mismatch before use.
master-lexicon-R587,Master_Lexicon,587,Secret council,secret council,Ability Word,Production-ready,0.95,"o:""Secret council""",VERIFIED_NATIVE,Exact match in Scryfall catalog ability-words,Safe only as current native catalog fact.
master-lexicon-R588,Master_Lexicon,588,Spell mastery,spell mastery,Ability Word,Production-ready,0.95,"o:""Spell mastery""",VERIFIED_NATIVE,Exact match in Scryfall catalog ability-words,Safe only as current native catalog fact.
master-lexicon-R589,Master_Lexicon,589,Start your engines!,start your engines!,Ability Word,Production-ready,0.95,"o:""Start your engines!""",VERIFIED_NATIVE,Exact match in Scryfall catalog ability-words,Safe only as current native catalog fact.
master-lexicon-R590,Master_Lexicon,590,Strive,strive,Ability Word,Production-ready,0.95,"o:""Strive""",VERIFIED_NATIVE,Exact match in Scryfall catalog ability-words,Safe only as current native catalog fact.
master-lexicon-R591,Master_Lexicon,591,Survival,survival,Ability Word,Production-ready,0.95,"o:""Survival""",VERIFIED_NATIVE,Exact match in Scryfall catalog ability-words,Safe only as current native catalog fact.
master-lexicon-R592,Master_Lexicon,592,Sweep,sweep,Ability Word,Production-ready,0.95,"o:""Sweep""",AMBIGUOUS,Same normalized term has multiple legitimate workbook meanings or mappings.,Add context-sensitive Plain Reading disambiguation; do not select a global winner.
master-lexicon-R593,Master_Lexicon,593,Tempting offer,tempting offer,Ability Word,Production-ready,0.95,"o:""Tempting offer""",VERIFIED_NATIVE,Exact match in Scryfall catalog ability-words,Safe only as current native catalog fact.
master-lexicon-R594,Master_Lexicon,594,Threshold,threshold,Ability Word,Production-ready,0.95,"o:""Threshold""",AMBIGUOUS,Same normalized term has multiple legitimate workbook meanings or mappings.,Add context-sensitive Plain Reading disambiguation; do not select a global winner.
master-lexicon-R595,Master_Lexicon,595,Underdog,underdog,Ability Word,Production-ready,0.95,"o:""Underdog""",VERIFIED_NATIVE,Exact match in Scryfall catalog ability-words,Safe only as current native catalog fact.
master-lexicon-R596,Master_Lexicon,596,Undergrowth,undergrowth,Ability Word,Production-ready,0.95,"o:""Undergrowth""",AMBIGUOUS,Same normalized term has multiple legitimate workbook meanings or mappings.,Add context-sensitive Plain Reading disambiguation; do not select a global winner.
master-lexicon-R597,Master_Lexicon,597,Valiant,valiant,Ability Word,Production-ready,0.95,"o:""Valiant""",VERIFIED_NATIVE,Exact match in Scryfall catalog ability-words,Safe only as current native catalog fact.
master-lexicon-R598,Master_Lexicon,598,Vivid,vivid,Ability Word,Production-ready,0.95,"o:""Vivid""",VERIFIED_NATIVE,Exact match in Scryfall catalog ability-words,Safe only as current native catalog fact.
master-lexicon-R599,Master_Lexicon,599,Void,void,Ability Word,Production-ready,0.95,"o:""Void""",VERIFIED_NATIVE,Exact match in Scryfall catalog ability-words,Safe only as current native catalog fact.
master-lexicon-R600,Master_Lexicon,600,Will of the council,will of the council,Ability Word,Production-ready,0.95,"o:""Will of the council""",VERIFIED_NATIVE,Exact match in Scryfall catalog ability-words,Safe only as current native catalog fact.
master-lexicon-R601,Master_Lexicon,601,Will of the Planeswalkers,will of the planeswalkers,Ability Word,Production-ready,0.95,"o:""Will of the Planeswalkers""",VERIFIED_NATIVE,Exact match in Scryfall catalog ability-words,Safe only as current native catalog fact.
master-lexicon-R602,Master_Lexicon,602,Abandon,abandon,Keyword Action,Review,0.82,"o:""Abandon""",VERIFIED_NATIVE,Exact match in Scryfall catalog keyword-actions,Safe only as current native catalog fact.
master-lexicon-R603,Master_Lexicon,603,Activate,activate,Keyword Action,Review,0.82,"o:""Activate""",VERIFIED_NATIVE,Exact match in Scryfall catalog keyword-actions,Safe only as current native catalog fact.
master-lexicon-R604,Master_Lexicon,604,Adapt,adapt,Keyword Action,Review,0.82,"o:""Adapt""",AMBIGUOUS,Same normalized term has multiple legitimate workbook meanings or mappings.,Add context-sensitive Plain Reading disambiguation; do not select a global winner.
master-lexicon-R605,Master_Lexicon,605,Airbend,airbend,Keyword Action,Review,0.82,"o:""Airbend""",VERIFIED_NATIVE,Exact match in Scryfall catalog keyword-actions,Safe only as current native catalog fact.
master-lexicon-R606,Master_Lexicon,606,Amass,amass,Keyword Action,Review,0.82,"o:""Amass""",VERIFIED_NATIVE,Exact match in Scryfall catalog keyword-actions,Safe only as current native catalog fact.
master-lexicon-R607,Master_Lexicon,607,Assemble,assemble,Keyword Action,Review,0.82,"o:""Assemble""",VERIFIED_NATIVE,Exact match in Scryfall catalog keyword-actions,Safe only as current native catalog fact.
master-lexicon-R608,Master_Lexicon,608,Attach,attach,Keyword Action,Review,0.82,"o:""Attach""",AMBIGUOUS,Same normalized term has multiple legitimate workbook meanings or mappings.,Add context-sensitive Plain Reading disambiguation; do not select a global winner.
master-lexicon-R609,Master_Lexicon,609,Behold,behold,Keyword Action,Review,0.82,"o:""Behold""",VERIFIED_NATIVE,Exact match in Scryfall catalog keyword-actions,Safe only as current native catalog fact.
master-lexicon-R610,Master_Lexicon,610,Blight,blight,Keyword Action,Review,0.82,"o:""Blight""",VERIFIED_NATIVE,Exact match in Scryfall catalog keyword-actions,Safe only as current native catalog fact.
master-lexicon-R611,Master_Lexicon,611,Bolster,bolster,Keyword Action,Review,0.82,"o:""Bolster""",AMBIGUOUS,Same normalized term has multiple legitimate workbook meanings or mappings.,Add context-sensitive Plain Reading disambiguation; do not select a global winner.
master-lexicon-R612,Master_Lexicon,612,Cast,cast,Keyword Action,Review,0.82,"o:""Cast""",VERIFIED_NATIVE,Exact match in Scryfall catalog keyword-actions,Safe only as current native catalog fact.
master-lexicon-R613,Master_Lexicon,613,Clash,clash,Keyword Action,Review,0.82,"o:""Clash""",AMBIGUOUS,Same normalized term has multiple legitimate workbook meanings or mappings.,Add context-sensitive Plain Reading disambiguation; do not select a global winner.
master-lexicon-R614,Master_Lexicon,614,Cloak,cloak,Keyword Action,Review,0.82,"o:""Cloak""",VERIFIED_NATIVE,Exact match in Scryfall catalog keyword-actions,Safe only as current native catalog fact.
master-lexicon-R615,Master_Lexicon,615,Collect Evidence,collect evidence,Keyword Action,Review,0.82,"o:""Collect Evidence""",VERIFIED_NATIVE,Exact match in Scryfall catalog keyword-actions,Safe only as current native catalog fact.
master-lexicon-R616,Master_Lexicon,616,Conjure,conjure,Keyword Action,Review,0.82,"o:""Conjure""",VERIFIED_NATIVE,Exact match in Scryfall catalog keyword-actions,Safe only as current native catalog fact.
master-lexicon-R617,Master_Lexicon,617,Connive,connive,Keyword Action,Review,0.82,"o:""Connive""",VERIFIED_NATIVE,Exact match in Scryfall catalog keyword-actions,Safe only as current native catalog fact.
master-lexicon-R618,Master_Lexicon,618,Convert,convert,Keyword Action,Review,0.82,"o:""Convert""",VERIFIED_NATIVE,Exact match in Scryfall catalog keyword-actions,Safe only as current native catalog fact.
master-lexicon-R619,Master_Lexicon,619,Counter,counter,Keyword Action,Review,0.82,"o:""Counter""",AMBIGUOUS,Same normalized term has multiple legitimate workbook meanings or mappings.,Add context-sensitive Plain Reading disambiguation; do not select a global winner.
master-lexicon-R620,Master_Lexicon,620,Create,create,Keyword Action,Review,0.82,"o:""Create""",VERIFIED_NATIVE,Exact match in Scryfall catalog keyword-actions,Safe only as current native catalog fact.
master-lexicon-R621,Master_Lexicon,621,Destroy,destroy,Keyword Action,Review,0.82,"o:""Destroy""",VERIFIED_NATIVE,Exact match in Scryfall catalog keyword-actions,Safe only as current native catalog fact.
master-lexicon-R622,Master_Lexicon,622,Detain,detain,Keyword Action,Review,0.82,"o:""Detain""",AMBIGUOUS,Same normalized term has multiple legitimate workbook meanings or mappings.,Add context-sensitive Plain Reading disambiguation; do not select a global winner.
master-lexicon-R623,Master_Lexicon,623,Discard,discard,Keyword Action,Review,0.82,"o:""Discard""",AMBIGUOUS,Same normalized term has multiple legitimate workbook meanings or mappings.,Add context-sensitive Plain Reading disambiguation; do not select a global winner.
master-lexicon-R624,Master_Lexicon,624,Discover,discover,Keyword Action,Review,0.82,"o:""Discover""",VERIFIED_NATIVE,Exact match in Scryfall catalog keyword-actions,Safe only as current native catalog fact.
master-lexicon-R625,Master_Lexicon,625,Double,double,Keyword Action,Review,0.82,"o:""Double""",VERIFIED_NATIVE,Exact match in Scryfall catalog keyword-actions,Safe only as current native catalog fact.
master-lexicon-R626,Master_Lexicon,626,Draft from a spellbook,draft from a spellbook,Keyword Action,Review,0.82,"o:""Draft from a spellbook""",VERIFIED_NATIVE,Exact match in Scryfall catalog keyword-actions,Safe only as current native catalog fact.
master-lexicon-R627,Master_Lexicon,627,Earthbend,earthbend,Keyword Action,Review,0.82,"o:""Earthbend""",VERIFIED_NATIVE,Exact match in Scryfall catalog keyword-actions,Safe only as current native catalog fact.
master-lexicon-R628,Master_Lexicon,628,Endure,endure,Keyword Action,Review,0.82,"o:""Endure""",VERIFIED_NATIVE,Exact match in Scryfall catalog keyword-actions,Safe only as current native catalog fact.
master-lexicon-R629,Master_Lexicon,629,Exchange,exchange,Keyword Action,Review,0.82,"o:""Exchange""",VERIFIED_NATIVE,Exact match in Scryfall catalog keyword-actions,Safe only as current native catalog fact.
master-lexicon-R630,Master_Lexicon,630,Exert,exert,Keyword Action,Review,0.82,"o:""Exert""",AMBIGUOUS,Same normalized term has multiple legitimate workbook meanings or mappings.,Add context-sensitive Plain Reading disambiguation; do not select a global winner.
master-lexicon-R631,Master_Lexicon,631,Exile,exile,Keyword Action,Review,0.82,"o:""Exile""",AMBIGUOUS,Same normalized term has multiple legitimate workbook meanings or mappings.,Add context-sensitive Plain Reading disambiguation; do not select a global winner.
master-lexicon-R632,Master_Lexicon,632,Explore,explore,Keyword Action,Review,0.82,"o:""Explore""",AMBIGUOUS,Same normalized term has multiple legitimate workbook meanings or mappings.,Add context-sensitive Plain Reading disambiguation; do not select a global winner.
master-lexicon-R633,Master_Lexicon,633,Face a Villainous Choice,face a villainous choice,Keyword Action,Review,0.82,"o:""Face a Villainous Choice""",STALE,No exact match in Scryfall catalog keyword-actions,Review stale/native mismatch before use.
master-lexicon-R634,Master_Lexicon,634,Fateseal,fateseal,Keyword Action,Review,0.82,"o:""Fateseal""",AMBIGUOUS,Same normalized term has multiple legitimate workbook meanings or mappings.,Add context-sensitive Plain Reading disambiguation; do not select a global winner.
master-lexicon-R635,Master_Lexicon,635,Fight,fight,Keyword Action,Review,0.82,"o:""Fight""",AMBIGUOUS,Same normalized term has multiple legitimate workbook meanings or mappings.,Add context-sensitive Plain Reading disambiguation; do not select a global winner.
master-lexicon-R636,Master_Lexicon,636,Food,food,Keyword Action,Review,0.82,"o:""Food""",AMBIGUOUS,Same normalized term has multiple legitimate workbook meanings or mappings.,Add context-sensitive Plain Reading disambiguation; do not select a global winner.
master-lexicon-R637,Master_Lexicon,637,Forage,forage,Keyword Action,Review,0.82,"o:""Forage""",VERIFIED_NATIVE,Exact match in Scryfall catalog keyword-actions,Safe only as current native catalog fact.
master-lexicon-R638,Master_Lexicon,638,Goad,goad,Keyword Action,Review,0.82,"o:""Goad""",VERIFIED_NATIVE,Exact match in Scryfall catalog keyword-actions,Safe only as current native catalog fact.
master-lexicon-R639,Master_Lexicon,639,Harness,harness,Keyword Action,Review,0.82,"o:""Harness""",VERIFIED_NATIVE,Exact match in Scryfall catalog keyword-actions,Safe only as current native catalog fact.
master-lexicon-R640,Master_Lexicon,640,Heal,heal,Keyword Action,Review,0.82,"o:""Heal""",VERIFIED_NATIVE,Exact match in Scryfall catalog keyword-actions,Safe only as current native catalog fact.
master-lexicon-R641,Master_Lexicon,641,Heist,heist,Keyword Action,Review,0.82,"o:""Heist""",VERIFIED_NATIVE,Exact match in Scryfall catalog keyword-actions,Safe only as current native catalog fact.
master-lexicon-R642,Master_Lexicon,642,Incorporate,incorporate,Keyword Action,Review,0.82,"o:""Incorporate""",VERIFIED_NATIVE,Exact match in Scryfall catalog keyword-actions,Safe only as current native catalog fact.
master-lexicon-R643,Master_Lexicon,643,Incubate,incubate,Keyword Action,Review,0.82,"o:""Incubate""",VERIFIED_NATIVE,Exact match in Scryfall catalog keyword-actions,Safe only as current native catalog fact.
master-lexicon-R644,Master_Lexicon,644,Investigate,investigate,Keyword Action,Review,0.82,"o:""Investigate""",VERIFIED_NATIVE,Exact match in Scryfall catalog keyword-actions,Safe only as current native catalog fact.
master-lexicon-R645,Master_Lexicon,645,Learn,learn,Keyword Action,Review,0.82,"o:""Learn""",VERIFIED_NATIVE,Exact match in Scryfall catalog keyword-actions,Safe only as current native catalog fact.
master-lexicon-R646,Master_Lexicon,646,Manifest,manifest,Keyword Action,Review,0.82,"o:""Manifest""",AMBIGUOUS,Same normalized term has multiple legitimate workbook meanings or mappings.,Add context-sensitive Plain Reading disambiguation; do not select a global winner.
master-lexicon-R647,Master_Lexicon,647,Manifest Dread,manifest dread,Keyword Action,Review,0.82,"o:""Manifest Dread""",VERIFIED_NATIVE,Exact match in Scryfall catalog keyword-actions,Safe only as current native catalog fact.
master-lexicon-R648,Master_Lexicon,648,Meld,meld,Keyword Action,Review,0.82,"o:""Meld""",AMBIGUOUS,Same normalized term has multiple legitimate workbook meanings or mappings.,Add context-sensitive Plain Reading disambiguation; do not select a global winner.
master-lexicon-R649,Master_Lexicon,649,Mill,mill,Keyword Action,Review,0.82,"o:""Mill""",AMBIGUOUS,Same normalized term has multiple legitimate workbook meanings or mappings.,Add context-sensitive Plain Reading disambiguation; do not select a global winner.
master-lexicon-R650,Master_Lexicon,650,Monstrosity,monstrosity,Keyword Action,Review,0.82,"o:""Monstrosity""",AMBIGUOUS,Same normalized term has multiple legitimate workbook meanings or mappings.,Add context-sensitive Plain Reading disambiguation; do not select a global winner.
master-lexicon-R651,Master_Lexicon,651,Open an Attraction,open an attraction,Keyword Action,Review,0.82,"o:""Open an Attraction""",VERIFIED_NATIVE,Exact match in Scryfall catalog keyword-actions,Safe only as current native catalog fact.
master-lexicon-R652,Master_Lexicon,652,Planeswalk,planeswalk,Keyword Action,Review,0.82,"o:""Planeswalk""",VERIFIED_NATIVE,Exact match in Scryfall catalog keyword-actions,Safe only as current native catalog fact.
master-lexicon-R653,Master_Lexicon,653,Play,play,Keyword Action,Review,0.82,"o:""Play""",VERIFIED_NATIVE,Exact match in Scryfall catalog keyword-actions,Safe only as current native catalog fact.
master-lexicon-R654,Master_Lexicon,654,Plot,plot,Keyword Action,Review,0.82,"o:""Plot""",AMBIGUOUS,Same normalized term has multiple legitimate workbook meanings or mappings.,Add context-sensitive Plain Reading disambiguation; do not select a global winner.
master-lexicon-R655,Master_Lexicon,655,Populate,populate,Keyword Action,Review,0.82,"o:""Populate""",AMBIGUOUS,Same normalized term has multiple legitimate workbook meanings or mappings.,Add context-sensitive Plain Reading disambiguation; do not select a global winner.
master-lexicon-R656,Master_Lexicon,656,Prepared,prepared,Keyword Action,Review,0.82,"o:""Prepared""",VERIFIED_NATIVE,Exact match in Scryfall catalog keyword-actions,Safe only as current native catalog fact.
master-lexicon-R657,Master_Lexicon,657,Proliferate,proliferate,Keyword Action,Review,0.82,"o:""Proliferate""",AMBIGUOUS,Same normalized term has multiple legitimate workbook meanings or mappings.,Add context-sensitive Plain Reading disambiguation; do not select a global winner.
master-lexicon-R658,Master_Lexicon,658,Regenerate,regenerate,Keyword Action,Review,0.82,"o:""Regenerate""",AMBIGUOUS,Same normalized term has multiple legitimate workbook meanings or mappings.,Add context-sensitive Plain Reading disambiguation; do not select a global winner.
master-lexicon-R659,Master_Lexicon,659,Reveal,reveal,Keyword Action,Review,0.82,"o:""Reveal""",VERIFIED_NATIVE,Exact match in Scryfall catalog keyword-actions,Safe only as current native catalog fact.
master-lexicon-R660,Master_Lexicon,660,Role token,role token,Keyword Action,Review,0.82,"o:""Role token""",VERIFIED_NATIVE,Exact match in Scryfall catalog keyword-actions,Safe only as current native catalog fact.
master-lexicon-R661,Master_Lexicon,661,Roll to Visit Your Attractions,roll to visit your attractions,Keyword Action,Review,0.82,"o:""Roll to Visit Your Attractions""",VERIFIED_NATIVE,Exact match in Scryfall catalog keyword-actions,Safe only as current native catalog fact.
master-lexicon-R662,Master_Lexicon,662,Sacrifice,sacrifice,Keyword Action,Review,0.82,"o:""Sacrifice""",AMBIGUOUS,Same normalized term has multiple legitimate workbook meanings or mappings.,Add context-sensitive Plain Reading disambiguation; do not select a global winner.
master-lexicon-R663,Master_Lexicon,663,Scry,scry,Keyword Action,Review,0.82,"o:""Scry""",AMBIGUOUS,Same normalized term has multiple legitimate workbook meanings or mappings.,Add context-sensitive Plain Reading disambiguation; do not select a global winner.
master-lexicon-R664,Master_Lexicon,664,Search,search,Keyword Action,Review,0.82,"o:""Search""",STALE,No exact match in Scryfall catalog keyword-actions,Review stale/native mismatch before use.
master-lexicon-R665,Master_Lexicon,665,Seek,seek,Keyword Action,Review,0.82,"o:""Seek""",VERIFIED_NATIVE,Exact match in Scryfall catalog keyword-actions,Safe only as current native catalog fact.
master-lexicon-R666,Master_Lexicon,666,Set in Motion,set in motion,Keyword Action,Review,0.82,"o:""Set in Motion""",VERIFIED_NATIVE,Exact match in Scryfall catalog keyword-actions,Safe only as current native catalog fact.
master-lexicon-R667,Master_Lexicon,667,Shuffle,shuffle,Keyword Action,Review,0.82,"o:""Shuffle""",VERIFIED_NATIVE,Exact match in Scryfall catalog keyword-actions,Safe only as current native catalog fact.
master-lexicon-R668,Master_Lexicon,668,Support,support,Keyword Action,Review,0.82,"o:""Support""",AMBIGUOUS,Same normalized term has multiple legitimate workbook meanings or mappings.,Add context-sensitive Plain Reading disambiguation; do not select a global winner.
master-lexicon-R669,Master_Lexicon,669,Surveil,surveil,Keyword Action,Review,0.82,"o:""Surveil""",AMBIGUOUS,Same normalized term has multiple legitimate workbook meanings or mappings.,Add context-sensitive Plain Reading disambiguation; do not select a global winner.
master-lexicon-R670,Master_Lexicon,670,Suspect,suspect,Keyword Action,Review,0.82,"o:""Suspect""",VERIFIED_NATIVE,Exact match in Scryfall catalog keyword-actions,Safe only as current native catalog fact.
master-lexicon-R671,Master_Lexicon,671,Tap,tap,Keyword Action,Review,0.82,"o:""Tap""",VERIFIED_NATIVE,Exact match in Scryfall catalog keyword-actions,Safe only as current native catalog fact.
master-lexicon-R672,Master_Lexicon,672,Tap and Untap,tap and untap,Keyword Action,Review,0.82,"o:""Tap and Untap""",STALE,No exact match in Scryfall catalog keyword-actions,Review stale/native mismatch before use.
master-lexicon-R673,Master_Lexicon,673,The Ring Tempts You,the ring tempts you,Keyword Action,Review,0.82,"o:""The Ring Tempts You""",STALE,No exact match in Scryfall catalog keyword-actions,Review stale/native mismatch before use.
master-lexicon-R674,Master_Lexicon,674,Time Travel,time travel,Keyword Action,Review,0.82,"o:""Time Travel""",VERIFIED_NATIVE,Exact match in Scryfall catalog keyword-actions,Safe only as current native catalog fact.
master-lexicon-R675,Master_Lexicon,675,Transform,transform,Keyword Action,Review,0.82,"o:""Transform""",AMBIGUOUS,Same normalized term has multiple legitimate workbook meanings or mappings.,Add context-sensitive Plain Reading disambiguation; do not select a global winner.
master-lexicon-R676,Master_Lexicon,676,Treasure,treasure,Keyword Action,Review,0.82,"o:""Treasure""",AMBIGUOUS,Same normalized term has multiple legitimate workbook meanings or mappings.,Add context-sensitive Plain Reading disambiguation; do not select a global winner.
master-lexicon-R677,Master_Lexicon,677,Triple,triple,Keyword Action,Review,0.82,"o:""Triple""",VERIFIED_NATIVE,Exact match in Scryfall catalog keyword-actions,Safe only as current native catalog fact.
master-lexicon-R678,Master_Lexicon,678,Untap,untap,Keyword Action,Review,0.82,"o:""Untap""",VERIFIED_NATIVE,Exact match in Scryfall catalog keyword-actions,Safe only as current native catalog fact.
master-lexicon-R679,Master_Lexicon,679,Venture into the Dungeon,venture into the dungeon,Keyword Action,Review,0.82,"o:""Venture into the Dungeon""",VERIFIED_NATIVE,Exact match in Scryfall catalog keyword-actions,Safe only as current native catalog fact.
master-lexicon-R680,Master_Lexicon,680,Vote,vote,Keyword Action,Review,0.82,"o:""Vote""",VERIFIED_NATIVE,Exact match in Scryfall catalog keyword-actions,Safe only as current native catalog fact.
master-lexicon-R681,Master_Lexicon,681,Waterbend,waterbend,Keyword Action,Review,0.82,"o:""Waterbend""",VERIFIED_NATIVE,Exact match in Scryfall catalog keyword-actions,Safe only as current native catalog fact.
master-lexicon-R682,Master_Lexicon,682,Flying,flying,Keyworded,Production-ready,0.96,kw:Flying,AMBIGUOUS,Same normalized term has multiple legitimate workbook meanings or mappings.,Add context-sensitive Plain Reading disambiguation; do not select a global winner.
master-lexicon-R683,Master_Lexicon,683,Fear,fear,Keyworded,Production-ready,0.96,kw:Fear,AMBIGUOUS,Same normalized term has multiple legitimate workbook meanings or mappings.,Add context-sensitive Plain Reading disambiguation; do not select a global winner.
master-lexicon-R684,Master_Lexicon,684,Intimidate,intimidate,Keyworded,Production-ready,0.96,kw:Intimidate,AMBIGUOUS,Same normalized term has multiple legitimate workbook meanings or mappings.,Add context-sensitive Plain Reading disambiguation; do not select a global winner.
master-lexicon-R685,Master_Lexicon,685,Horsemanship,horsemanship,Keyworded,Production-ready,0.96,kw:Horsemanship,AMBIGUOUS,Same normalized term has multiple legitimate workbook meanings or mappings.,Add context-sensitive Plain Reading disambiguation; do not select a global winner.
master-lexicon-R686,Master_Lexicon,686,Skulk,skulk,Keyworded,Production-ready,0.96,kw:Skulk,AMBIGUOUS,Same normalized term has multiple legitimate workbook meanings or mappings.,Add context-sensitive Plain Reading disambiguation; do not select a global winner.
master-lexicon-R687,Master_Lexicon,687,Shadow,shadow,Keyworded,Production-ready,0.96,kw:Shadow,AMBIGUOUS,Same normalized term has multiple legitimate workbook meanings or mappings.,Add context-sensitive Plain Reading disambiguation; do not select a global winner.
master-lexicon-R688,Master_Lexicon,688,Menace,menace,Keyworded,Production-ready,0.96,kw:Menace,AMBIGUOUS,Same normalized term has multiple legitimate workbook meanings or mappings.,Add context-sensitive Plain Reading disambiguation; do not select a global winner.
master-lexicon-R689,Master_Lexicon,689,Landwalk,landwalk,Keyworded,Production-ready,0.96,kw:Landwalk,AMBIGUOUS,Same normalized term has multiple legitimate workbook meanings or mappings.,Add context-sensitive Plain Reading disambiguation; do not select a global winner.
master-lexicon-R690,Master_Lexicon,690,Protection from X,protection from x,Keyworded,Production-ready,0.96,kw:protection,UNVERIFIED,No external or internal verifier matched this record.,Owner/domain review required before promotion.
master-lexicon-R691,Master_Lexicon,691,Unblockable,unblockable,Unkeyworded (Colloquial),Semantic,0.35,,VERIFIED_INTERNAL,Workbook governance/schema/internal record; no external Scryfall fact required by this verifier.,Keep as internal workbook governance unless a later source authority says otherwise.
master-lexicon-R692,Master_Lexicon,692,Burrowing,burrowing,Unkeyworded (Colloquial),Semantic,0.35,,VERIFIED_INTERNAL,Workbook governance/schema/internal record; no external Scryfall fact required by this verifier.,Keep as internal workbook governance unless a later source authority says otherwise.
master-lexicon-R693,Master_Lexicon,693,Daunt,daunt,Unkeyworded (Colloquial),Semantic,0.35,,VERIFIED_INTERNAL,Workbook governance/schema/internal record; no external Scryfall fact required by this verifier.,Keep as internal workbook governance unless a later source authority says otherwise.
master-lexicon-R694,Master_Lexicon,694,Gingerbrute ability,gingerbrute ability,Unkeyworded (Colloquial),Semantic,0.35,,VERIFIED_INTERNAL,Workbook governance/schema/internal record; no external Scryfall fact required by this verifier.,Keep as internal workbook governance unless a later source authority says otherwise.
master-lexicon-R695,Master_Lexicon,695,Nimble,nimble,Unkeyworded (Colloquial),Semantic,0.35,,VERIFIED_INTERNAL,Workbook governance/schema/internal record; no external Scryfall fact required by this verifier.,Keep as internal workbook governance unless a later source authority says otherwise.
master-lexicon-R696,Master_Lexicon,696,Afflict,afflict,Pseudo-evasion,Production-ready,0.95,kw:afflict,AMBIGUOUS,Same normalized term has multiple legitimate workbook meanings or mappings.,Add context-sensitive Plain Reading disambiguation; do not select a global winner.
master-lexicon-R697,Master_Lexicon,697,Trample,trample,Pseudo-evasion,Production-ready,0.97,kw:trample,AMBIGUOUS,Same normalized term has multiple legitimate workbook meanings or mappings.,Add context-sensitive Plain Reading disambiguation; do not select a global winner.
master-lexicon-R698,Master_Lexicon,698,Unstoppable,unstoppable,Pseudo-evasion,Semantic,0.45,,VERIFIED_INTERNAL,Workbook governance/schema/internal record; no external Scryfall fact required by this verifier.,Keep as internal workbook governance unless a later source authority says otherwise.
master-lexicon-R699,Master_Lexicon,699,Artifact,artifact,Card Type,Production-ready,0.99,"t:""Artifact""",VERIFIED_NATIVE,Exact match in Scryfall catalog card-types,Safe only as current native catalog fact.
master-lexicon-R700,Master_Lexicon,700,Battle,battle,Card Type,Production-ready,0.99,"t:""Battle""",VERIFIED_NATIVE,Exact match in Scryfall catalog card-types,Safe only as current native catalog fact.
master-lexicon-R701,Master_Lexicon,701,Boss,boss,Card Type,Production-ready,0.99,"t:""Boss""",VERIFIED_NATIVE,Exact match in Scryfall catalog card-types,Safe only as current native catalog fact.
master-lexicon-R702,Master_Lexicon,702,Conspiracy,conspiracy,Card Type,Production-ready,0.99,"t:""Conspiracy""",VERIFIED_NATIVE,Exact match in Scryfall catalog card-types,Safe only as current native catalog fact.
master-lexicon-R703,Master_Lexicon,703,Creature,creature,Card Type,Production-ready,0.99,"t:""Creature""",VERIFIED_NATIVE,Exact match in Scryfall catalog card-types,Safe only as current native catalog fact.
master-lexicon-R704,Master_Lexicon,704,Dungeon,dungeon,Card Type,Production-ready,0.99,"t:""Dungeon""",AMBIGUOUS,Same normalized term has multiple legitimate workbook meanings or mappings.,Add context-sensitive Plain Reading disambiguation; do not select a global winner.
master-lexicon-R705,Master_Lexicon,705,Emblem,emblem,Card Type,Production-ready,0.99,"t:""Emblem""",VERIFIED_NATIVE,Exact match in Scryfall catalog card-types,Safe only as current native catalog fact.
master-lexicon-R706,Master_Lexicon,706,Enchantment,enchantment,Card Type,Production-ready,0.99,"t:""Enchantment""",VERIFIED_NATIVE,Exact match in Scryfall catalog card-types,Safe only as current native catalog fact.
master-lexicon-R707,Master_Lexicon,707,Event,event,Card Type,Production-ready,0.99,"t:""Event""",VERIFIED_NATIVE,Exact match in Scryfall catalog card-types,Safe only as current native catalog fact.
master-lexicon-R708,Master_Lexicon,708,Hero,hero,Card Type,Production-ready,0.99,"t:""Hero""",AMBIGUOUS,Same normalized term has multiple legitimate workbook meanings or mappings.,Add context-sensitive Plain Reading disambiguation; do not select a global winner.
master-lexicon-R709,Master_Lexicon,709,Instant,instant,Card Type,Production-ready,0.99,"t:""Instant""",VERIFIED_NATIVE,Exact match in Scryfall catalog card-types,Safe only as current native catalog fact.
master-lexicon-R710,Master_Lexicon,710,Kindred,kindred,Card Type,Production-ready,0.99,"t:""Kindred""",VERIFIED_NATIVE,Exact match in Scryfall catalog card-types,Safe only as current native catalog fact.
master-lexicon-R711,Master_Lexicon,711,Land,land,Card Type,Production-ready,0.99,"t:""Land""",VERIFIED_NATIVE,Exact match in Scryfall catalog card-types,Safe only as current native catalog fact.
master-lexicon-R712,Master_Lexicon,712,Phenomenon,phenomenon,Card Type,Production-ready,0.99,"t:""Phenomenon""",VERIFIED_NATIVE,Exact match in Scryfall catalog card-types,Safe only as current native catalog fact.
master-lexicon-R713,Master_Lexicon,713,Plane,plane,Card Type,Production-ready,0.99,"t:""Plane""",VERIFIED_NATIVE,Exact match in Scryfall catalog card-types,Safe only as current native catalog fact.
master-lexicon-R714,Master_Lexicon,714,Planeswalker,planeswalker,Card Type,Production-ready,0.99,"t:""Planeswalker""",VERIFIED_NATIVE,Exact match in Scryfall catalog card-types,Safe only as current native catalog fact.
master-lexicon-R715,Master_Lexicon,715,Scheme,scheme,Card Type,Production-ready,0.99,"t:""Scheme""",VERIFIED_NATIVE,Exact match in Scryfall catalog card-types,Safe only as current native catalog fact.
master-lexicon-R716,Master_Lexicon,716,Sorcery,sorcery,Card Type,Production-ready,0.99,"t:""Sorcery""",VERIFIED_NATIVE,Exact match in Scryfall catalog card-types,Safe only as current native catalog fact.
master-lexicon-R717,Master_Lexicon,717,Vanguard,vanguard,Card Type,Production-ready,0.99,"t:""Vanguard""",VERIFIED_NATIVE,Exact match in Scryfall catalog card-types,Safe only as current native catalog fact.
master-lexicon-R718,Master_Lexicon,718,Basic,basic,Supertype,Production-ready,0.99,"t:""Basic""",VERIFIED_NATIVE,Exact match in Scryfall catalog supertypes,Safe only as current native catalog fact.
master-lexicon-R719,Master_Lexicon,719,Elite,elite,Supertype,Production-ready,0.99,"t:""Elite""",VERIFIED_NATIVE,Exact match in Scryfall catalog supertypes,Safe only as current native catalog fact.
master-lexicon-R720,Master_Lexicon,720,Legendary,legendary,Supertype,Production-ready,0.99,"t:""Legendary""",VERIFIED_NATIVE,Exact match in Scryfall catalog supertypes,Safe only as current native catalog fact.
master-lexicon-R721,Master_Lexicon,721,Ongoing,ongoing,Supertype,Production-ready,0.99,"t:""Ongoing""",VERIFIED_NATIVE,Exact match in Scryfall catalog supertypes,Safe only as current native catalog fact.
master-lexicon-R722,Master_Lexicon,722,Snow,snow,Supertype,Production-ready,0.99,"t:""Snow""",VERIFIED_NATIVE,Exact match in Scryfall catalog supertypes,Safe only as current native catalog fact.
master-lexicon-R723,Master_Lexicon,723,Token,token,Supertype,Production-ready,0.99,"t:""Token""",VERIFIED_NATIVE,Exact match in Scryfall catalog supertypes,Safe only as current native catalog fact.
master-lexicon-R724,Master_Lexicon,724,World,world,Supertype,Production-ready,0.99,"t:""World""",VERIFIED_NATIVE,Exact match in Scryfall catalog supertypes,Safe only as current native catalog fact.
master-lexicon-R725,Master_Lexicon,725,Attraction,attraction,Artifact Type,Production-ready,0.99,"t:""Attraction""",VERIFIED_NATIVE,Exact match in Scryfall catalog artifact-types,Safe only as current native catalog fact.
master-lexicon-R726,Master_Lexicon,726,Blood,blood,Artifact Type,Production-ready,0.99,"t:""Blood""",VERIFIED_NATIVE,Exact match in Scryfall catalog artifact-types,Safe only as current native catalog fact.
master-lexicon-R727,Master_Lexicon,727,Bobblehead,bobblehead,Artifact Type,Production-ready,0.99,"t:""Bobblehead""",VERIFIED_NATIVE,Exact match in Scryfall catalog artifact-types,Safe only as current native catalog fact.
master-lexicon-R728,Master_Lexicon,728,Book,book,Artifact Type,Production-ready,0.99,"t:""Book""",VERIFIED_NATIVE,Exact match in Scryfall catalog artifact-types,Safe only as current native catalog fact.
master-lexicon-R729,Master_Lexicon,729,Clue,clue,Artifact Type,Production-ready,0.99,"t:""Clue""",VERIFIED_NATIVE,Exact match in Scryfall catalog artifact-types,Safe only as current native catalog fact.
master-lexicon-R730,Master_Lexicon,730,Contraption,contraption,Artifact Type,Production-ready,0.99,"t:""Contraption""",VERIFIED_NATIVE,Exact match in Scryfall catalog artifact-types,Safe only as current native catalog fact.
master-lexicon-R731,Master_Lexicon,731,Equipment,equipment,Artifact Type,Production-ready,0.99,"t:""Equipment""",AMBIGUOUS,Same normalized term has multiple legitimate workbook meanings or mappings.,Add context-sensitive Plain Reading disambiguation; do not select a global winner.
master-lexicon-R732,Master_Lexicon,732,Food,food,Artifact Type,Production-ready,0.99,"t:""Food""",AMBIGUOUS,Same normalized term has multiple legitimate workbook meanings or mappings.,Add context-sensitive Plain Reading disambiguation; do not select a global winner.
master-lexicon-R733,Master_Lexicon,733,Fortification,fortification,Artifact Type,Production-ready,0.99,"t:""Fortification""",VERIFIED_NATIVE,Exact match in Scryfall catalog artifact-types,Safe only as current native catalog fact.
master-lexicon-R734,Master_Lexicon,734,Gold,gold,Artifact Type,Production-ready,0.99,"t:""Gold""",VERIFIED_NATIVE,Exact match in Scryfall catalog artifact-types,Safe only as current native catalog fact.
master-lexicon-R735,Master_Lexicon,735,Incubator,incubator,Artifact Type,Production-ready,0.99,"t:""Incubator""",VERIFIED_NATIVE,Exact match in Scryfall catalog artifact-types,Safe only as current native catalog fact.
master-lexicon-R736,Master_Lexicon,736,Infinity,infinity,Artifact Type,Production-ready,0.99,"t:""Infinity""",VERIFIED_NATIVE,Exact match in Scryfall catalog artifact-types,Safe only as current native catalog fact.
master-lexicon-R737,Master_Lexicon,737,Junk,junk,Artifact Type,Production-ready,0.99,"t:""Junk""",VERIFIED_NATIVE,Exact match in Scryfall catalog artifact-types,Safe only as current native catalog fact.
master-lexicon-R738,Master_Lexicon,738,Map,map,Artifact Type,Production-ready,0.99,"t:""Map""",VERIFIED_NATIVE,Exact match in Scryfall catalog artifact-types,Safe only as current native catalog fact.
master-lexicon-R739,Master_Lexicon,739,Powerstone,powerstone,Artifact Type,Production-ready,0.99,"t:""Powerstone""",VERIFIED_NATIVE,Exact match in Scryfall catalog artifact-types,Safe only as current native catalog fact.
master-lexicon-R740,Master_Lexicon,740,Spacecraft,spacecraft,Artifact Type,Production-ready,0.99,"t:""Spacecraft""",VERIFIED_NATIVE,Exact match in Scryfall catalog artifact-types,Safe only as current native catalog fact.
master-lexicon-R741,Master_Lexicon,741,Stone,stone,Artifact Type,Production-ready,0.99,"t:""Stone""",VERIFIED_NATIVE,Exact match in Scryfall catalog artifact-types,Safe only as current native catalog fact.
master-lexicon-R742,Master_Lexicon,742,Terminus,terminus,Artifact Type,Production-ready,0.99,"t:""Terminus""",VERIFIED_NATIVE,Exact match in Scryfall catalog artifact-types,Safe only as current native catalog fact.
master-lexicon-R743,Master_Lexicon,743,Treasure,treasure,Artifact Type,Production-ready,0.99,"t:""Treasure""",AMBIGUOUS,Same normalized term has multiple legitimate workbook meanings or mappings.,Add context-sensitive Plain Reading disambiguation; do not select a global winner.
master-lexicon-R744,Master_Lexicon,744,Vehicle,vehicle,Artifact Type,Production-ready,0.99,"t:""Vehicle""",VERIFIED_NATIVE,Exact match in Scryfall catalog artifact-types,Safe only as current native catalog fact.
master-lexicon-R745,Master_Lexicon,745,Aura,aura,Enchantment Type,Production-ready,0.99,"t:""Aura""",VERIFIED_NATIVE,Exact match in Scryfall catalog enchantment-types,Safe only as current native catalog fact.
master-lexicon-R746,Master_Lexicon,746,Background,background,Enchantment Type,Production-ready,0.99,"t:""Background""",VERIFIED_NATIVE,Exact match in Scryfall catalog enchantment-types,Safe only as current native catalog fact.
master-lexicon-R747,Master_Lexicon,747,Cartouche,cartouche,Enchantment Type,Production-ready,0.99,"t:""Cartouche""",VERIFIED_NATIVE,Exact match in Scryfall catalog enchantment-types,Safe only as current native catalog fact.
master-lexicon-R748,Master_Lexicon,748,Case,case,Enchantment Type,Production-ready,0.99,"t:""Case""",VERIFIED_NATIVE,Exact match in Scryfall catalog enchantment-types,Safe only as current native catalog fact.
master-lexicon-R749,Master_Lexicon,749,Class,class,Enchantment Type,Production-ready,0.99,"t:""Class""",VERIFIED_NATIVE,Exact match in Scryfall catalog enchantment-types,Safe only as current native catalog fact.
master-lexicon-R750,Master_Lexicon,750,Curse,curse,Enchantment Type,Production-ready,0.99,"t:""Curse""",VERIFIED_NATIVE,Exact match in Scryfall catalog enchantment-types,Safe only as current native catalog fact.
master-lexicon-R751,Master_Lexicon,751,Plan,plan,Enchantment Type,Production-ready,0.99,"t:""Plan""",VERIFIED_NATIVE,Exact match in Scryfall catalog enchantment-types,Safe only as current native catalog fact.
master-lexicon-R752,Master_Lexicon,752,Role,role,Enchantment Type,Production-ready,0.99,"t:""Role""",VERIFIED_NATIVE,Exact match in Scryfall catalog enchantment-types,Safe only as current native catalog fact.
master-lexicon-R753,Master_Lexicon,753,Room,room,Enchantment Type,Production-ready,0.99,"t:""Room""",VERIFIED_NATIVE,Exact match in Scryfall catalog enchantment-types,Safe only as current native catalog fact.
master-lexicon-R754,Master_Lexicon,754,Rune,rune,Enchantment Type,Production-ready,0.99,"t:""Rune""",VERIFIED_NATIVE,Exact match in Scryfall catalog enchantment-types,Safe only as current native catalog fact.
master-lexicon-R755,Master_Lexicon,755,Saga,saga,Enchantment Type,Production-ready,0.99,"t:""Saga""",VERIFIED_NATIVE,Exact match in Scryfall catalog enchantment-types,Safe only as current native catalog fact.
master-lexicon-R756,Master_Lexicon,756,Shard,shard,Enchantment Type,Production-ready,0.99,"t:""Shard""",VERIFIED_NATIVE,Exact match in Scryfall catalog enchantment-types,Safe only as current native catalog fact.
master-lexicon-R757,Master_Lexicon,757,Shrine,shrine,Enchantment Type,Production-ready,0.99,"t:""Shrine""",VERIFIED_NATIVE,Exact match in Scryfall catalog enchantment-types,Safe only as current native catalog fact.
master-lexicon-R758,Master_Lexicon,758,Cave,cave,Land Type,Production-ready,0.99,"t:""Cave""",VERIFIED_NATIVE,Exact match in Scryfall catalog land-types,Safe only as current native catalog fact.
master-lexicon-R759,Master_Lexicon,759,Cloud,cloud,Land Type,Production-ready,0.99,"t:""Cloud""",VERIFIED_NATIVE,Exact match in Scryfall catalog land-types,Safe only as current native catalog fact.
master-lexicon-R760,Master_Lexicon,760,Desert,desert,Land Type,Production-ready,0.99,"t:""Desert""",VERIFIED_NATIVE,Exact match in Scryfall catalog land-types,Safe only as current native catalog fact.
master-lexicon-R761,Master_Lexicon,761,Forest,forest,Land Type,Production-ready,0.99,"t:""Forest""",VERIFIED_NATIVE,Exact match in Scryfall catalog land-types,Safe only as current native catalog fact.
master-lexicon-R762,Master_Lexicon,762,Gate,gate,Land Type,Production-ready,0.99,"t:""Gate""",VERIFIED_NATIVE,Exact match in Scryfall catalog land-types,Safe only as current native catalog fact.
master-lexicon-R763,Master_Lexicon,763,Island,island,Land Type,Production-ready,0.99,"t:""Island""",VERIFIED_NATIVE,Exact match in Scryfall catalog land-types,Safe only as current native catalog fact.
master-lexicon-R764,Master_Lexicon,764,Lair,lair,Land Type,Production-ready,0.99,"t:""Lair""",VERIFIED_NATIVE,Exact match in Scryfall catalog land-types,Safe only as current native catalog fact.
master-lexicon-R765,Master_Lexicon,765,Locus,locus,Land Type,Production-ready,0.99,"t:""Locus""",VERIFIED_NATIVE,Exact match in Scryfall catalog land-types,Safe only as current native catalog fact.
master-lexicon-R766,Master_Lexicon,766,Mine,mine,Land Type,Production-ready,0.99,"t:""Mine""",VERIFIED_NATIVE,Exact match in Scryfall catalog land-types,Safe only as current native catalog fact.
master-lexicon-R767,Master_Lexicon,767,Mountain,mountain,Land Type,Production-ready,0.99,"t:""Mountain""",VERIFIED_NATIVE,Exact match in Scryfall catalog land-types,Safe only as current native catalog fact.
master-lexicon-R768,Master_Lexicon,768,Plains,plains,Land Type,Production-ready,0.99,"t:""Plains""",VERIFIED_NATIVE,Exact match in Scryfall catalog land-types,Safe only as current native catalog fact.
master-lexicon-R769,Master_Lexicon,769,Planet,planet,Land Type,Production-ready,0.99,"t:""Planet""",VERIFIED_NATIVE,Exact match in Scryfall catalog land-types,Safe only as current native catalog fact.
master-lexicon-R770,Master_Lexicon,770,Power-Plant,power-plant,Land Type,Production-ready,0.99,"t:""Power-Plant""",VERIFIED_NATIVE,Exact match in Scryfall catalog land-types,Safe only as current native catalog fact.
master-lexicon-R771,Master_Lexicon,771,Sphere,sphere,Land Type,Production-ready,0.99,"t:""Sphere""",VERIFIED_NATIVE,Exact match in Scryfall catalog land-types,Safe only as current native catalog fact.
master-lexicon-R772,Master_Lexicon,772,Swamp,swamp,Land Type,Production-ready,0.99,"t:""Swamp""",VERIFIED_NATIVE,Exact match in Scryfall catalog land-types,Safe only as current native catalog fact.
master-lexicon-R773,Master_Lexicon,773,Tower,tower,Land Type,Production-ready,0.99,"t:""Tower""",VERIFIED_NATIVE,Exact match in Scryfall catalog land-types,Safe only as current native catalog fact.
master-lexicon-R774,Master_Lexicon,774,Town,town,Land Type,Production-ready,0.99,"t:""Town""",VERIFIED_NATIVE,Exact match in Scryfall catalog land-types,Safe only as current native catalog fact.
master-lexicon-R775,Master_Lexicon,775,Urza's,urza's,Land Type,Production-ready,0.99,"t:""Urza's""",VERIFIED_NATIVE,Exact match in Scryfall catalog land-types,Safe only as current native catalog fact.
master-lexicon-R776,Master_Lexicon,776,Adventure,adventure,Spell Type,Production-ready,0.99,"t:""Adventure""",VERIFIED_NATIVE,Exact match in Scryfall catalog spell-types,Safe only as current native catalog fact.
master-lexicon-R777,Master_Lexicon,777,Arcane,arcane,Spell Type,Production-ready,0.99,"t:""Arcane""",VERIFIED_NATIVE,Exact match in Scryfall catalog spell-types,Safe only as current native catalog fact.
master-lexicon-R778,Master_Lexicon,778,Chorus,chorus,Spell Type,Production-ready,0.99,"t:""Chorus""",VERIFIED_NATIVE,Exact match in Scryfall catalog spell-types,Safe only as current native catalog fact.
master-lexicon-R779,Master_Lexicon,779,Lesson,lesson,Spell Type,Production-ready,0.99,"t:""Lesson""",VERIFIED_NATIVE,Exact match in Scryfall catalog spell-types,Safe only as current native catalog fact.
master-lexicon-R780,Master_Lexicon,780,Omen,omen,Spell Type,Production-ready,0.99,"t:""Omen""",VERIFIED_NATIVE,Exact match in Scryfall catalog spell-types,Safe only as current native catalog fact.
master-lexicon-R781,Master_Lexicon,781,Trap,trap,Spell Type,Production-ready,0.99,"t:""Trap""",VERIFIED_NATIVE,Exact match in Scryfall catalog spell-types,Safe only as current native catalog fact.
master-lexicon-R782,Master_Lexicon,782,Abian,abian,Planeswalker Type,Production-ready,0.99,"t:""Abian""",VERIFIED_NATIVE,Exact match in Scryfall catalog planeswalker-types,Safe only as current native catalog fact.
master-lexicon-R783,Master_Lexicon,783,Ajani,ajani,Planeswalker Type,Production-ready,0.99,"t:""Ajani""",VERIFIED_NATIVE,Exact match in Scryfall catalog planeswalker-types,Safe only as current native catalog fact.
master-lexicon-R784,Master_Lexicon,784,Aminatou,aminatou,Planeswalker Type,Production-ready,0.99,"t:""Aminatou""",VERIFIED_NATIVE,Exact match in Scryfall catalog planeswalker-types,Safe only as current native catalog fact.
master-lexicon-R785,Master_Lexicon,785,Angrath,angrath,Planeswalker Type,Production-ready,0.99,"t:""Angrath""",VERIFIED_NATIVE,Exact match in Scryfall catalog planeswalker-types,Safe only as current native catalog fact.
master-lexicon-R786,Master_Lexicon,786,Arlinn,arlinn,Planeswalker Type,Production-ready,0.99,"t:""Arlinn""",VERIFIED_NATIVE,Exact match in Scryfall catalog planeswalker-types,Safe only as current native catalog fact.
master-lexicon-R787,Master_Lexicon,787,Ashiok,ashiok,Planeswalker Type,Production-ready,0.99,"t:""Ashiok""",VERIFIED_NATIVE,Exact match in Scryfall catalog planeswalker-types,Safe only as current native catalog fact.
master-lexicon-R788,Master_Lexicon,788,B.O.B.,b.o.b.,Planeswalker Type,Production-ready,0.99,"t:""B.O.B.""",VERIFIED_NATIVE,Exact match in Scryfall catalog planeswalker-types,Safe only as current native catalog fact.
master-lexicon-R789,Master_Lexicon,789,Bahamut,bahamut,Planeswalker Type,Production-ready,0.99,"t:""Bahamut""",VERIFIED_NATIVE,Exact match in Scryfall catalog planeswalker-types,Safe only as current native catalog fact.
master-lexicon-R790,Master_Lexicon,790,Basri,basri,Planeswalker Type,Production-ready,0.99,"t:""Basri""",VERIFIED_NATIVE,Exact match in Scryfall catalog planeswalker-types,Safe only as current native catalog fact.
master-lexicon-R791,Master_Lexicon,791,Bolas,bolas,Planeswalker Type,Production-ready,0.99,"t:""Bolas""",VERIFIED_NATIVE,Exact match in Scryfall catalog planeswalker-types,Safe only as current native catalog fact.
master-lexicon-R792,Master_Lexicon,792,Calix,calix,Planeswalker Type,Production-ready,0.99,"t:""Calix""",VERIFIED_NATIVE,Exact match in Scryfall catalog planeswalker-types,Safe only as current native catalog fact.
master-lexicon-R793,Master_Lexicon,793,Chandra,chandra,Planeswalker Type,Production-ready,0.99,"t:""Chandra""",VERIFIED_NATIVE,Exact match in Scryfall catalog planeswalker-types,Safe only as current native catalog fact.
master-lexicon-R794,Master_Lexicon,794,Comet,comet,Planeswalker Type,Production-ready,0.99,"t:""Comet""",VERIFIED_NATIVE,Exact match in Scryfall catalog planeswalker-types,Safe only as current native catalog fact.
master-lexicon-R795,Master_Lexicon,795,Dack,dack,Planeswalker Type,Production-ready,0.99,"t:""Dack""",VERIFIED_NATIVE,Exact match in Scryfall catalog planeswalker-types,Safe only as current native catalog fact.
master-lexicon-R796,Master_Lexicon,796,Dakkon,dakkon,Planeswalker Type,Production-ready,0.99,"t:""Dakkon""",VERIFIED_NATIVE,Exact match in Scryfall catalog planeswalker-types,Safe only as current native catalog fact.
master-lexicon-R797,Master_Lexicon,797,Daretti,daretti,Planeswalker Type,Production-ready,0.99,"t:""Daretti""",VERIFIED_NATIVE,Exact match in Scryfall catalog planeswalker-types,Safe only as current native catalog fact.
master-lexicon-R798,Master_Lexicon,798,Davriel,davriel,Planeswalker Type,Production-ready,0.99,"t:""Davriel""",VERIFIED_NATIVE,Exact match in Scryfall catalog planeswalker-types,Safe only as current native catalog fact.
master-lexicon-R799,Master_Lexicon,799,Deb,deb,Planeswalker Type,Production-ready,0.99,"t:""Deb""",VERIFIED_NATIVE,Exact match in Scryfall catalog planeswalker-types,Safe only as current native catalog fact.
master-lexicon-R800,Master_Lexicon,800,Dellian,dellian,Planeswalker Type,Production-ready,0.99,"t:""Dellian""",VERIFIED_NATIVE,Exact match in Scryfall catalog planeswalker-types,Safe only as current native catalog fact.
master-lexicon-R801,Master_Lexicon,801,Dihada,dihada,Planeswalker Type,Production-ready,0.99,"t:""Dihada""",VERIFIED_NATIVE,Exact match in Scryfall catalog planeswalker-types,Safe only as current native catalog fact.
master-lexicon-R802,Master_Lexicon,802,Domri,domri,Planeswalker Type,Production-ready,0.99,"t:""Domri""",VERIFIED_NATIVE,Exact match in Scryfall catalog planeswalker-types,Safe only as current native catalog fact.
master-lexicon-R803,Master_Lexicon,803,Dovin,dovin,Planeswalker Type,Production-ready,0.99,"t:""Dovin""",VERIFIED_NATIVE,Exact match in Scryfall catalog planeswalker-types,Safe only as current native catalog fact.
master-lexicon-R804,Master_Lexicon,804,Duck,duck,Planeswalker Type,Production-ready,0.99,"t:""Duck""",VERIFIED_NATIVE,Exact match in Scryfall catalog planeswalker-types,Safe only as current native catalog fact.
master-lexicon-R805,Master_Lexicon,805,Dungeon,dungeon,Planeswalker Type,Production-ready,0.99,"t:""Dungeon""",AMBIGUOUS,Same normalized term has multiple legitimate workbook meanings or mappings.,Add context-sensitive Plain Reading disambiguation; do not select a global winner.
master-lexicon-R806,Master_Lexicon,806,Ellywick,ellywick,Planeswalker Type,Production-ready,0.99,"t:""Ellywick""",VERIFIED_NATIVE,Exact match in Scryfall catalog planeswalker-types,Safe only as current native catalog fact.
master-lexicon-R807,Master_Lexicon,807,Elminster,elminster,Planeswalker Type,Production-ready,0.99,"t:""Elminster""",VERIFIED_NATIVE,Exact match in Scryfall catalog planeswalker-types,Safe only as current native catalog fact.
master-lexicon-R808,Master_Lexicon,808,Elspeth,elspeth,Planeswalker Type,Production-ready,0.99,"t:""Elspeth""",VERIFIED_NATIVE,Exact match in Scryfall catalog planeswalker-types,Safe only as current native catalog fact.
master-lexicon-R809,Master_Lexicon,809,Ersta,ersta,Planeswalker Type,Production-ready,0.99,"t:""Ersta""",VERIFIED_NATIVE,Exact match in Scryfall catalog planeswalker-types,Safe only as current native catalog fact.
master-lexicon-R810,Master_Lexicon,810,Estrid,estrid,Planeswalker Type,Production-ready,0.99,"t:""Estrid""",VERIFIED_NATIVE,Exact match in Scryfall catalog planeswalker-types,Safe only as current native catalog fact.
master-lexicon-R811,Master_Lexicon,811,Freyalise,freyalise,Planeswalker Type,Production-ready,0.99,"t:""Freyalise""",VERIFIED_NATIVE,Exact match in Scryfall catalog planeswalker-types,Safe only as current native catalog fact.
master-lexicon-R812,Master_Lexicon,812,Garruk,garruk,Planeswalker Type,Production-ready,0.99,"t:""Garruk""",VERIFIED_NATIVE,Exact match in Scryfall catalog planeswalker-types,Safe only as current native catalog fact.
master-lexicon-R813,Master_Lexicon,813,Gideon,gideon,Planeswalker Type,Production-ready,0.99,"t:""Gideon""",VERIFIED_NATIVE,Exact match in Scryfall catalog planeswalker-types,Safe only as current native catalog fact.
master-lexicon-R814,Master_Lexicon,814,Grist,grist,Planeswalker Type,Production-ready,0.99,"t:""Grist""",VERIFIED_NATIVE,Exact match in Scryfall catalog planeswalker-types,Safe only as current native catalog fact.
master-lexicon-R815,Master_Lexicon,815,Guff,guff,Planeswalker Type,Production-ready,0.99,"t:""Guff""",VERIFIED_NATIVE,Exact match in Scryfall catalog planeswalker-types,Safe only as current native catalog fact.
master-lexicon-R816,Master_Lexicon,816,Huatli,huatli,Planeswalker Type,Production-ready,0.99,"t:""Huatli""",VERIFIED_NATIVE,Exact match in Scryfall catalog planeswalker-types,Safe only as current native catalog fact.
master-lexicon-R817,Master_Lexicon,817,Inzerva,inzerva,Planeswalker Type,Production-ready,0.99,"t:""Inzerva""",VERIFIED_NATIVE,Exact match in Scryfall catalog planeswalker-types,Safe only as current native catalog fact.
master-lexicon-R818,Master_Lexicon,818,Jace,jace,Planeswalker Type,Production-ready,0.99,"t:""Jace""",VERIFIED_NATIVE,Exact match in Scryfall catalog planeswalker-types,Safe only as current native catalog fact.
master-lexicon-R819,Master_Lexicon,819,Jared,jared,Planeswalker Type,Production-ready,0.99,"t:""Jared""",VERIFIED_NATIVE,Exact match in Scryfall catalog planeswalker-types,Safe only as current native catalog fact.
master-lexicon-R820,Master_Lexicon,820,Jaya,jaya,Planeswalker Type,Production-ready,0.99,"t:""Jaya""",VERIFIED_NATIVE,Exact match in Scryfall catalog planeswalker-types,Safe only as current native catalog fact.
master-lexicon-R821,Master_Lexicon,821,Jeska,jeska,Planeswalker Type,Production-ready,0.99,"t:""Jeska""",VERIFIED_NATIVE,Exact match in Scryfall catalog planeswalker-types,Safe only as current native catalog fact.
master-lexicon-R822,Master_Lexicon,822,Kaito,kaito,Planeswalker Type,Production-ready,0.99,"t:""Kaito""",VERIFIED_NATIVE,Exact match in Scryfall catalog planeswalker-types,Safe only as current native catalog fact.
master-lexicon-R823,Master_Lexicon,823,Karn,karn,Planeswalker Type,Production-ready,0.99,"t:""Karn""",VERIFIED_NATIVE,Exact match in Scryfall catalog planeswalker-types,Safe only as current native catalog fact.
master-lexicon-R824,Master_Lexicon,824,Kasmina,kasmina,Planeswalker Type,Production-ready,0.99,"t:""Kasmina""",VERIFIED_NATIVE,Exact match in Scryfall catalog planeswalker-types,Safe only as current native catalog fact.
master-lexicon-R825,Master_Lexicon,825,Kaya,kaya,Planeswalker Type,Production-ready,0.99,"t:""Kaya""",VERIFIED_NATIVE,Exact match in Scryfall catalog planeswalker-types,Safe only as current native catalog fact.
master-lexicon-R826,Master_Lexicon,826,Kiora,kiora,Planeswalker Type,Production-ready,0.99,"t:""Kiora""",VERIFIED_NATIVE,Exact match in Scryfall catalog planeswalker-types,Safe only as current native catalog fact.
master-lexicon-R827,Master_Lexicon,827,Koth,koth,Planeswalker Type,Production-ready,0.99,"t:""Koth""",VERIFIED_NATIVE,Exact match in Scryfall catalog planeswalker-types,Safe only as current native catalog fact.
master-lexicon-R828,Master_Lexicon,828,Liliana,liliana,Planeswalker Type,Production-ready,0.99,"t:""Liliana""",VERIFIED_NATIVE,Exact match in Scryfall catalog planeswalker-types,Safe only as current native catalog fact.
master-lexicon-R829,Master_Lexicon,829,Lolth,lolth,Planeswalker Type,Production-ready,0.99,"t:""Lolth""",VERIFIED_NATIVE,Exact match in Scryfall catalog planeswalker-types,Safe only as current native catalog fact.
master-lexicon-R830,Master_Lexicon,830,Lukka,lukka,Planeswalker Type,Production-ready,0.99,"t:""Lukka""",VERIFIED_NATIVE,Exact match in Scryfall catalog planeswalker-types,Safe only as current native catalog fact.
master-lexicon-R831,Master_Lexicon,831,Luxior,luxior,Planeswalker Type,Production-ready,0.99,"t:""Luxior""",VERIFIED_NATIVE,Exact match in Scryfall catalog planeswalker-types,Safe only as current native catalog fact.
master-lexicon-R832,Master_Lexicon,832,Master,master,Planeswalker Type,Production-ready,0.99,"t:""Master""",VERIFIED_NATIVE,Exact match in Scryfall catalog planeswalker-types,Safe only as current native catalog fact.
master-lexicon-R833,Master_Lexicon,833,Minsc,minsc,Planeswalker Type,Production-ready,0.99,"t:""Minsc""",VERIFIED_NATIVE,Exact match in Scryfall catalog planeswalker-types,Safe only as current native catalog fact.
master-lexicon-R834,Master_Lexicon,834,Monopoly,monopoly,Planeswalker Type,Production-ready,0.99,"t:""Monopoly""",VERIFIED_NATIVE,Exact match in Scryfall catalog planeswalker-types,Safe only as current native catalog fact.
master-lexicon-R835,Master_Lexicon,835,Mordenkainen,mordenkainen,Planeswalker Type,Production-ready,0.99,"t:""Mordenkainen""",VERIFIED_NATIVE,Exact match in Scryfall catalog planeswalker-types,Safe only as current native catalog fact.
master-lexicon-R836,Master_Lexicon,836,Nahiri,nahiri,Planeswalker Type,Production-ready,0.99,"t:""Nahiri""",VERIFIED_NATIVE,Exact match in Scryfall catalog planeswalker-types,Safe only as current native catalog fact.
master-lexicon-R837,Master_Lexicon,837,Narset,narset,Planeswalker Type,Production-ready,0.99,"t:""Narset""",VERIFIED_NATIVE,Exact match in Scryfall catalog planeswalker-types,Safe only as current native catalog fact.
master-lexicon-R838,Master_Lexicon,838,Niko,niko,Planeswalker Type,Production-ready,0.99,"t:""Niko""",VERIFIED_NATIVE,Exact match in Scryfall catalog planeswalker-types,Safe only as current native catalog fact.
master-lexicon-R839,Master_Lexicon,839,Nissa,nissa,Planeswalker Type,Production-ready,0.99,"t:""Nissa""",VERIFIED_NATIVE,Exact match in Scryfall catalog planeswalker-types,Safe only as current native catalog fact.
master-lexicon-R840,Master_Lexicon,840,Nixilis,nixilis,Planeswalker Type,Production-ready,0.99,"t:""Nixilis""",VERIFIED_NATIVE,Exact match in Scryfall catalog planeswalker-types,Safe only as current native catalog fact.
master-lexicon-R841,Master_Lexicon,841,Oko,oko,Planeswalker Type,Production-ready,0.99,"t:""Oko""",VERIFIED_NATIVE,Exact match in Scryfall catalog planeswalker-types,Safe only as current native catalog fact.
master-lexicon-R842,Master_Lexicon,842,Quintorius,quintorius,Planeswalker Type,Production-ready,0.99,"t:""Quintorius""",VERIFIED_NATIVE,Exact match in Scryfall catalog planeswalker-types,Safe only as current native catalog fact.
master-lexicon-R843,Master_Lexicon,843,Ral,ral,Planeswalker Type,Production-ready,0.99,"t:""Ral""",VERIFIED_NATIVE,Exact match in Scryfall catalog planeswalker-types,Safe only as current native catalog fact.
master-lexicon-R844,Master_Lexicon,844,Rowan,rowan,Planeswalker Type,Production-ready,0.99,"t:""Rowan""",VERIFIED_NATIVE,Exact match in Scryfall catalog planeswalker-types,Safe only as current native catalog fact.
master-lexicon-R845,Master_Lexicon,845,Saheeli,saheeli,Planeswalker Type,Production-ready,0.99,"t:""Saheeli""",VERIFIED_NATIVE,Exact match in Scryfall catalog planeswalker-types,Safe only as current native catalog fact.
master-lexicon-R846,Master_Lexicon,846,Samut,samut,Planeswalker Type,Production-ready,0.99,"t:""Samut""",VERIFIED_NATIVE,Exact match in Scryfall catalog planeswalker-types,Safe only as current native catalog fact.
master-lexicon-R847,Master_Lexicon,847,Sarkhan,sarkhan,Planeswalker Type,Production-ready,0.99,"t:""Sarkhan""",VERIFIED_NATIVE,Exact match in Scryfall catalog planeswalker-types,Safe only as current native catalog fact.
master-lexicon-R848,Master_Lexicon,848,Serra,serra,Planeswalker Type,Production-ready,0.99,"t:""Serra""",VERIFIED_NATIVE,Exact match in Scryfall catalog planeswalker-types,Safe only as current native catalog fact.
master-lexicon-R849,Master_Lexicon,849,Sivitri,sivitri,Planeswalker Type,Production-ready,0.99,"t:""Sivitri""",VERIFIED_NATIVE,Exact match in Scryfall catalog planeswalker-types,Safe only as current native catalog fact.
master-lexicon-R850,Master_Lexicon,850,Sorin,sorin,Planeswalker Type,Production-ready,0.99,"t:""Sorin""",VERIFIED_NATIVE,Exact match in Scryfall catalog planeswalker-types,Safe only as current native catalog fact.
master-lexicon-R851,Master_Lexicon,851,Svega,svega,Planeswalker Type,Production-ready,0.99,"t:""Svega""",VERIFIED_NATIVE,Exact match in Scryfall catalog planeswalker-types,Safe only as current native catalog fact.
master-lexicon-R852,Master_Lexicon,852,Szat,szat,Planeswalker Type,Production-ready,0.99,"t:""Szat""",VERIFIED_NATIVE,Exact match in Scryfall catalog planeswalker-types,Safe only as current native catalog fact.
master-lexicon-R853,Master_Lexicon,853,Tamiyo,tamiyo,Planeswalker Type,Production-ready,0.99,"t:""Tamiyo""",VERIFIED_NATIVE,Exact match in Scryfall catalog planeswalker-types,Safe only as current native catalog fact.
master-lexicon-R854,Master_Lexicon,854,Tasha,tasha,Planeswalker Type,Production-ready,0.99,"t:""Tasha""",VERIFIED_NATIVE,Exact match in Scryfall catalog planeswalker-types,Safe only as current native catalog fact.
master-lexicon-R855,Master_Lexicon,855,Teferi,teferi,Planeswalker Type,Production-ready,0.99,"t:""Teferi""",VERIFIED_NATIVE,Exact match in Scryfall catalog planeswalker-types,Safe only as current native catalog fact.
master-lexicon-R856,Master_Lexicon,856,Teyo,teyo,Planeswalker Type,Production-ready,0.99,"t:""Teyo""",VERIFIED_NATIVE,Exact match in Scryfall catalog planeswalker-types,Safe only as current native catalog fact.
master-lexicon-R857,Master_Lexicon,857,Tezzeret,tezzeret,Planeswalker Type,Production-ready,0.99,"t:""Tezzeret""",VERIFIED_NATIVE,Exact match in Scryfall catalog planeswalker-types,Safe only as current native catalog fact.
master-lexicon-R858,Master_Lexicon,858,Tibalt,tibalt,Planeswalker Type,Production-ready,0.99,"t:""Tibalt""",VERIFIED_NATIVE,Exact match in Scryfall catalog planeswalker-types,Safe only as current native catalog fact.
master-lexicon-R859,Master_Lexicon,859,Tyvar,tyvar,Planeswalker Type,Production-ready,0.99,"t:""Tyvar""",VERIFIED_NATIVE,Exact match in Scryfall catalog planeswalker-types,Safe only as current native catalog fact.
master-lexicon-R860,Master_Lexicon,860,Ugin,ugin,Planeswalker Type,Production-ready,0.99,"t:""Ugin""",VERIFIED_NATIVE,Exact match in Scryfall catalog planeswalker-types,Safe only as current native catalog fact.
master-lexicon-R861,Master_Lexicon,861,Urza,urza,Planeswalker Type,Production-ready,0.99,"t:""Urza""",VERIFIED_NATIVE,Exact match in Scryfall catalog planeswalker-types,Safe only as current native catalog fact.
master-lexicon-R862,Master_Lexicon,862,Venser,venser,Planeswalker Type,Production-ready,0.99,"t:""Venser""",VERIFIED_NATIVE,Exact match in Scryfall catalog planeswalker-types,Safe only as current native catalog fact.
master-lexicon-R863,Master_Lexicon,863,Vivien,vivien,Planeswalker Type,Production-ready,0.99,"t:""Vivien""",VERIFIED_NATIVE,Exact match in Scryfall catalog planeswalker-types,Safe only as current native catalog fact.
master-lexicon-R864,Master_Lexicon,864,Vraska,vraska,Planeswalker Type,Production-ready,0.99,"t:""Vraska""",VERIFIED_NATIVE,Exact match in Scryfall catalog planeswalker-types,Safe only as current native catalog fact.
master-lexicon-R865,Master_Lexicon,865,Vronos,vronos,Planeswalker Type,Production-ready,0.99,"t:""Vronos""",VERIFIED_NATIVE,Exact match in Scryfall catalog planeswalker-types,Safe only as current native catalog fact.
master-lexicon-R866,Master_Lexicon,866,Wanderer,wanderer,Planeswalker Type,Production-ready,0.99,"t:""Wanderer""",VERIFIED_NATIVE,Exact match in Scryfall catalog planeswalker-types,Safe only as current native catalog fact.
master-lexicon-R867,Master_Lexicon,867,Will,will,Planeswalker Type,Production-ready,0.99,"t:""Will""",VERIFIED_NATIVE,Exact match in Scryfall catalog planeswalker-types,Safe only as current native catalog fact.
master-lexicon-R868,Master_Lexicon,868,Windgrace,windgrace,Planeswalker Type,Production-ready,0.99,"t:""Windgrace""",VERIFIED_NATIVE,Exact match in Scryfall catalog planeswalker-types,Safe only as current native catalog fact.
master-lexicon-R869,Master_Lexicon,869,Wrenn,wrenn,Planeswalker Type,Production-ready,0.99,"t:""Wrenn""",VERIFIED_NATIVE,Exact match in Scryfall catalog planeswalker-types,Safe only as current native catalog fact.
master-lexicon-R870,Master_Lexicon,870,Xenagos,xenagos,Planeswalker Type,Production-ready,0.99,"t:""Xenagos""",VERIFIED_NATIVE,Exact match in Scryfall catalog planeswalker-types,Safe only as current native catalog fact.
master-lexicon-R871,Master_Lexicon,871,Yanggu,yanggu,Planeswalker Type,Production-ready,0.99,"t:""Yanggu""",VERIFIED_NATIVE,Exact match in Scryfall catalog planeswalker-types,Safe only as current native catalog fact.
master-lexicon-R872,Master_Lexicon,872,Yanling,yanling,Planeswalker Type,Production-ready,0.99,"t:""Yanling""",VERIFIED_NATIVE,Exact match in Scryfall catalog planeswalker-types,Safe only as current native catalog fact.
master-lexicon-R873,Master_Lexicon,873,Zariel,zariel,Planeswalker Type,Production-ready,0.99,"t:""Zariel""",VERIFIED_NATIVE,Exact match in Scryfall catalog planeswalker-types,Safe only as current native catalog fact.
master-lexicon-R874,Master_Lexicon,874,Animating artifacts,animating artifacts,Color Pie Ability,Semantic,0.3,,VERIFIED_INTERNAL,Workbook governance/schema/internal record; no external Scryfall fact required by this verifier.,Keep as internal workbook governance unless a later source authority says otherwise.
master-lexicon-R875,Master_Lexicon,875,Animating enchantments,animating enchantments,Color Pie Ability,Semantic,0.3,,VERIFIED_INTERNAL,Workbook governance/schema/internal record; no external Scryfall fact required by this verifier.,Keep as internal workbook governance unless a later source authority says otherwise.
master-lexicon-R876,Master_Lexicon,876,Animating lands,animating lands,Color Pie Ability,Semantic,0.3,,VERIFIED_INTERNAL,Workbook governance/schema/internal record; no external Scryfall fact required by this verifier.,Keep as internal workbook governance unless a later source authority says otherwise.
master-lexicon-R877,Master_Lexicon,877,Artifact destruction,artifact destruction,Color Pie Ability,Semantic,0.3,,VERIFIED_INTERNAL,Workbook governance/schema/internal record; no external Scryfall fact required by this verifier.,Keep as internal workbook governance unless a later source authority says otherwise.
master-lexicon-R878,Master_Lexicon,878,Banisher Priest-like effect,banisher priest-like effect,Color Pie Ability,Semantic,0.3,,VERIFIED_INTERNAL,Workbook governance/schema/internal record; no external Scryfall fact required by this verifier.,Keep as internal workbook governance unless a later source authority says otherwise.
master-lexicon-R879,Master_Lexicon,879,Basic land counting,basic land counting,Color Pie Ability,Semantic,0.3,,VERIFIED_INTERNAL,Workbook governance/schema/internal record; no external Scryfall fact required by this verifier.,Keep as internal workbook governance unless a later source authority says otherwise.
master-lexicon-R880,Master_Lexicon,880,"""Bite""","""bite""",Color Pie Ability,Semantic,0.3,,VERIFIED_INTERNAL,Workbook governance/schema/internal record; no external Scryfall fact required by this verifier.,Keep as internal workbook governance unless a later source authority says otherwise.
master-lexicon-R881,Master_Lexicon,881,Return to library,return to library,Color Pie Ability,Semantic,0.3,,VERIFIED_INTERNAL,Workbook governance/schema/internal record; no external Scryfall fact required by this verifier.,Keep as internal workbook governance unless a later source authority says otherwise.
master-lexicon-R882,Master_Lexicon,882,Bring back creatures from graveyard this turn,bring back creatures from graveyard this turn,Color Pie Ability,Semantic,0.3,,VERIFIED_INTERNAL,Workbook governance/schema/internal record; no external Scryfall fact required by this verifier.,Keep as internal workbook governance unless a later source authority says otherwise.
master-lexicon-R883,Master_Lexicon,883,Can't be attacked,can't be attacked,Color Pie Ability,Semantic,0.3,,VERIFIED_INTERNAL,Workbook governance/schema/internal record; no external Scryfall fact required by this verifier.,Keep as internal workbook governance unless a later source authority says otherwise.
master-lexicon-R884,Master_Lexicon,884,Can't be blocked,can't be blocked,Color Pie Ability,Semantic,0.3,,VERIFIED_INTERNAL,Workbook governance/schema/internal record; no external Scryfall fact required by this verifier.,Keep as internal workbook governance unless a later source authority says otherwise.
master-lexicon-R885,Master_Lexicon,885,Can't be countered,can't be countered,Color Pie Ability,Semantic,0.3,,VERIFIED_INTERNAL,Workbook governance/schema/internal record; no external Scryfall fact required by this verifier.,Keep as internal workbook governance unless a later source authority says otherwise.
master-lexicon-R886,Master_Lexicon,886,Can't block,can't block,Color Pie Ability,Semantic,0.3,,VERIFIED_INTERNAL,Workbook governance/schema/internal record; no external Scryfall fact required by this verifier.,Keep as internal workbook governance unless a later source authority says otherwise.
master-lexicon-R887,Master_Lexicon,887,Can't lose the game/opponent can't win,can't lose the game/opponent can't win,Color Pie Ability,Semantic,0.3,,VERIFIED_INTERNAL,Workbook governance/schema/internal record; no external Scryfall fact required by this verifier.,Keep as internal workbook governance unless a later source authority says otherwise.
master-lexicon-R888,Master_Lexicon,888,Can't win the game/opponent can't lose,can't win the game/opponent can't lose,Color Pie Ability,Semantic,0.3,,VERIFIED_INTERNAL,Workbook governance/schema/internal record; no external Scryfall fact required by this verifier.,Keep as internal workbook governance unless a later source authority says otherwise.
master-lexicon-R889,Master_Lexicon,889,Card draw,card draw,Color Pie Ability,Review,0.68,o:draw,UNVERIFIED,No external or internal verifier matched this record.,Owner/domain review required before promotion.
master-lexicon-R890,Master_Lexicon,890,Card filtering,card filtering,Color Pie Ability,Semantic,0.3,,VERIFIED_INTERNAL,Workbook governance/schema/internal record; no external Scryfall fact required by this verifier.,Keep as internal workbook governance unless a later source authority says otherwise.
master-lexicon-R891,Master_Lexicon,891,Cast spells from opponent's graveyard/exile,cast spells from opponent's graveyard/exile,Color Pie Ability,Semantic,0.3,,VERIFIED_INTERNAL,Workbook governance/schema/internal record; no external Scryfall fact required by this verifier.,Keep as internal workbook governance unless a later source authority says otherwise.
master-lexicon-R892,Master_Lexicon,892,Cast spells from your graveyard,cast spells from your graveyard,Color Pie Ability,Semantic,0.3,,VERIFIED_INTERNAL,Workbook governance/schema/internal record; no external Scryfall fact required by this verifier.,Keep as internal workbook governance unless a later source authority says otherwise.
master-lexicon-R893,Master_Lexicon,893,Changing lands,changing lands,Color Pie Ability,Semantic,0.3,,VERIFIED_INTERNAL,Workbook governance/schema/internal record; no external Scryfall fact required by this verifier.,Keep as internal workbook governance unless a later source authority says otherwise.
master-lexicon-R894,Master_Lexicon,894,Color changing,color changing,Color Pie Ability,Semantic,0.3,,VERIFIED_INTERNAL,Workbook governance/schema/internal record; no external Scryfall fact required by this verifier.,Keep as internal workbook governance unless a later source authority says otherwise.
master-lexicon-R895,Master_Lexicon,895,"Copying permanents, permanently","copying permanents, permanently",Color Pie Ability,Semantic,0.3,,VERIFIED_INTERNAL,Workbook governance/schema/internal record; no external Scryfall fact required by this verifier.,Keep as internal workbook governance unless a later source authority says otherwise.
master-lexicon-R896,Master_Lexicon,896,"Copying permanents, temporarily","copying permanents, temporarily",Color Pie Ability,Semantic,0.3,,VERIFIED_INTERNAL,Workbook governance/schema/internal record; no external Scryfall fact required by this verifier.,Keep as internal workbook governance unless a later source authority says otherwise.
master-lexicon-R897,Master_Lexicon,897,+1/+1 counter (creation and caring),+1/+1 counter (creation and caring),Color Pie Ability,Review,0.68,o:/\+1\/\+1 counter/,UNVERIFIED,No external or internal verifier matched this record.,Owner/domain review required before promotion.
master-lexicon-R898,Master_Lexicon,898,Counterspell,counterspell,Color Pie Ability,Review,0.68,otag:counterspell,AMBIGUOUS,Same normalized term has multiple legitimate workbook meanings or mappings.,Add context-sensitive Plain Reading disambiguation; do not select a global winner.
master-lexicon-R899,Master_Lexicon,899,Counter target activated/triggered ability,counter target activated/triggered ability,Color Pie Ability,Production-ready,0.92,o:/counter target (activated|triggered) ability/,UNVERIFIED,No external or internal verifier matched this record.,Owner/domain review required before promotion.
master-lexicon-R900,Master_Lexicon,900,"Creature destruction, single creature","creature destruction, single creature",Color Pie Ability,Review,0.68,o:/(destroy|exile) target.*creature/,VERIFIED_QUERY,Bounded Scryfall query/operator probe was accepted and returned structured result metadata.,Safe only as probed syntax behavior; semantics still limited to probe coverage.
master-lexicon-R901,Master_Lexicon,901,Creature destruction with compensation,creature destruction with compensation,Color Pie Ability,Review,0.68,o:/(destroy|exile) target.*creature/,VERIFIED_QUERY,Bounded Scryfall query/operator probe was accepted and returned structured result metadata.,Safe only as probed syntax behavior; semantics still limited to probe coverage.
master-lexicon-R902,Master_Lexicon,902,Destroy target attacking or blocking creature,destroy target attacking or blocking creature,Color Pie Ability,Production-ready,0.92,o:/destroy target (attacking|blocking) creature/,UNVERIFIED,No external or internal verifier matched this record.,Owner/domain review required before promotion.
master-lexicon-R903,Master_Lexicon,903,Destroy creature that damaged you,destroy creature that damaged you,Color Pie Ability,Review,0.68,o:/(destroy|exile) target.*creature/,VERIFIED_QUERY,Bounded Scryfall query/operator probe was accepted and returned structured result metadata.,Safe only as probed syntax behavior; semantics still limited to probe coverage.
master-lexicon-R904,Master_Lexicon,904,Destroy target tapped creature,destroy target tapped creature,Color Pie Ability,Production-ready,0.92,"o:""destroy target tapped creature""",UNVERIFIED,No external or internal verifier matched this record.,Owner/domain review required before promotion.
master-lexicon-R905,Master_Lexicon,905,Destroy creature with power 3+,destroy creature with power 3+,Color Pie Ability,Review,0.68,o:/(destroy|exile) target.*creature/,VERIFIED_QUERY,Bounded Scryfall query/operator probe was accepted and returned structured result metadata.,Safe only as probed syntax behavior; semantics still limited to probe coverage.
master-lexicon-R906,Master_Lexicon,906,Destroy target creature with flying,destroy target creature with flying,Color Pie Ability,Review,0.68,o:/destroy target creature.*flying/,UNVERIFIED,No external or internal verifier matched this record.,Owner/domain review required before promotion.
master-lexicon-R907,Master_Lexicon,907,"Creature destruction, mass (Destroy all)","creature destruction, mass (destroy all)",Color Pie Ability,Review,0.68,o:/destroy all.*creature/,UNVERIFIED,No external or internal verifier matched this record.,Owner/domain review required before promotion.
master-lexicon-R908,Master_Lexicon,908,Destroy all creatures controlled by one player,destroy all creatures controlled by one player,Color Pie Ability,Semantic,0.3,,VERIFIED_INTERNAL,Workbook governance/schema/internal record; no external Scryfall fact required by this verifier.,Keep as internal workbook governance unless a later source authority says otherwise.
master-lexicon-R909,Master_Lexicon,909,Destroy all creatures with power 3+,destroy all creatures with power 3+,Color Pie Ability,Semantic,0.3,,VERIFIED_INTERNAL,Workbook governance/schema/internal record; no external Scryfall fact required by this verifier.,Keep as internal workbook governance unless a later source authority says otherwise.
master-lexicon-R910,Master_Lexicon,910,"+N/+N (on creatures, repeatable)","+n/+n (on creatures, repeatable)",Color Pie Ability,Semantic,0.3,,VERIFIED_INTERNAL,Workbook governance/schema/internal record; no external Scryfall fact required by this verifier.,Keep as internal workbook governance unless a later source authority says otherwise.
master-lexicon-R911,Master_Lexicon,911,"+N/+N (on creatures, single use)","+n/+n (on creatures, single use)",Color Pie Ability,Semantic,0.3,,VERIFIED_INTERNAL,Workbook governance/schema/internal record; no external Scryfall fact required by this verifier.,Keep as internal workbook governance unless a later source authority says otherwise.
master-lexicon-R912,Master_Lexicon,912,+N/+N (on spells),+n/+n (on spells),Color Pie Ability,Semantic,0.3,,VERIFIED_INTERNAL,Workbook governance/schema/internal record; no external Scryfall fact required by this verifier.,Keep as internal workbook governance unless a later source authority says otherwise.
master-lexicon-R913,Master_Lexicon,913,+N/+N (on Auras),+n/+n (on auras),Color Pie Ability,Semantic,0.3,,VERIFIED_INTERNAL,Workbook governance/schema/internal record; no external Scryfall fact required by this verifier.,Keep as internal workbook governance unless a later source authority says otherwise.
master-lexicon-R914,Master_Lexicon,914,+N/+0 (on creatures),+n/+0 (on creatures),Color Pie Ability,Semantic,0.3,,VERIFIED_INTERNAL,Workbook governance/schema/internal record; no external Scryfall fact required by this verifier.,Keep as internal workbook governance unless a later source authority says otherwise.
master-lexicon-R915,Master_Lexicon,915,+N/+0 (on spells),+n/+0 (on spells),Color Pie Ability,Semantic,0.3,,VERIFIED_INTERNAL,Workbook governance/schema/internal record; no external Scryfall fact required by this verifier.,Keep as internal workbook governance unless a later source authority says otherwise.
master-lexicon-R916,Master_Lexicon,916,+N/+0 (on Auras),+n/+0 (on auras),Color Pie Ability,Semantic,0.3,,VERIFIED_INTERNAL,Workbook governance/schema/internal record; no external Scryfall fact required by this verifier.,Keep as internal workbook governance unless a later source authority says otherwise.
master-lexicon-R917,Master_Lexicon,917,+N/-N (on creatures),+n/-n (on creatures),Color Pie Ability,Semantic,0.3,,VERIFIED_INTERNAL,Workbook governance/schema/internal record; no external Scryfall fact required by this verifier.,Keep as internal workbook governance unless a later source authority says otherwise.
master-lexicon-R918,Master_Lexicon,918,+N/-N (on spells),+n/-n (on spells),Color Pie Ability,Semantic,0.3,,VERIFIED_INTERNAL,Workbook governance/schema/internal record; no external Scryfall fact required by this verifier.,Keep as internal workbook governance unless a later source authority says otherwise.
master-lexicon-R919,Master_Lexicon,919,+N/-N (on Auras),+n/-n (on auras),Color Pie Ability,Semantic,0.3,,VERIFIED_INTERNAL,Workbook governance/schema/internal record; no external Scryfall fact required by this verifier.,Keep as internal workbook governance unless a later source authority says otherwise.
master-lexicon-R920,Master_Lexicon,920,-N/+N (on creatures),-n/+n (on creatures),Color Pie Ability,Semantic,0.3,,VERIFIED_INTERNAL,Workbook governance/schema/internal record; no external Scryfall fact required by this verifier.,Keep as internal workbook governance unless a later source authority says otherwise.
master-lexicon-R921,Master_Lexicon,921,-N/-N (on creatures),-n/-n (on creatures),Color Pie Ability,Semantic,0.3,,VERIFIED_INTERNAL,Workbook governance/schema/internal record; no external Scryfall fact required by this verifier.,Keep as internal workbook governance unless a later source authority says otherwise.
master-lexicon-R922,Master_Lexicon,922,-N/-N (on spells),-n/-n (on spells),Color Pie Ability,Semantic,0.3,,VERIFIED_INTERNAL,Workbook governance/schema/internal record; no external Scryfall fact required by this verifier.,Keep as internal workbook governance unless a later source authority says otherwise.
master-lexicon-R923,Master_Lexicon,923,-N/-N (on Auras),-n/-n (on auras),Color Pie Ability,Semantic,0.3,,VERIFIED_INTERNAL,Workbook governance/schema/internal record; no external Scryfall fact required by this verifier.,Keep as internal workbook governance unless a later source authority says otherwise.
master-lexicon-R924,Master_Lexicon,924,-N/-0 (on spells),-n/-0 (on spells),Color Pie Ability,Semantic,0.3,,VERIFIED_INTERNAL,Workbook governance/schema/internal record; no external Scryfall fact required by this verifier.,Keep as internal workbook governance unless a later source authority says otherwise.
master-lexicon-R925,Master_Lexicon,925,-N/-0 (on Auras),-n/-0 (on auras),Color Pie Ability,Semantic,0.3,,VERIFIED_INTERNAL,Workbook governance/schema/internal record; no external Scryfall fact required by this verifier.,Keep as internal workbook governance unless a later source authority says otherwise.
master-lexicon-R926,Master_Lexicon,926,+0/+N (on creatures),+0/+n (on creatures),Color Pie Ability,Semantic,0.3,,VERIFIED_INTERNAL,Workbook governance/schema/internal record; no external Scryfall fact required by this verifier.,Keep as internal workbook governance unless a later source authority says otherwise.
master-lexicon-R927,Master_Lexicon,927,+0/+N (on spells),+0/+n (on spells),Color Pie Ability,Semantic,0.3,,VERIFIED_INTERNAL,Workbook governance/schema/internal record; no external Scryfall fact required by this verifier.,Keep as internal workbook governance unless a later source authority says otherwise.
master-lexicon-R928,Master_Lexicon,928,+0/+N (on Auras),+0/+n (on auras),Color Pie Ability,Semantic,0.3,,VERIFIED_INTERNAL,Workbook governance/schema/internal record; no external Scryfall fact required by this verifier.,Keep as internal workbook governance unless a later source authority says otherwise.
master-lexicon-R929,Master_Lexicon,929,"+N/+N to your team, one-shot","+n/+n to your team, one-shot",Color Pie Ability,Semantic,0.3,,VERIFIED_INTERNAL,Workbook governance/schema/internal record; no external Scryfall fact required by this verifier.,Keep as internal workbook governance unless a later source authority says otherwise.
master-lexicon-R930,Master_Lexicon,930,"+N/+0 to your team, one-shot","+n/+0 to your team, one-shot",Color Pie Ability,Semantic,0.3,,VERIFIED_INTERNAL,Workbook governance/schema/internal record; no external Scryfall fact required by this verifier.,Keep as internal workbook governance unless a later source authority says otherwise.
master-lexicon-R931,Master_Lexicon,931,"-N/-N to their team, one-shot","-n/-n to their team, one-shot",Color Pie Ability,Semantic,0.3,,VERIFIED_INTERNAL,Workbook governance/schema/internal record; no external Scryfall fact required by this verifier.,Keep as internal workbook governance unless a later source authority says otherwise.
master-lexicon-R932,Master_Lexicon,932,"-N/-0 to their team, one-shot","-n/-0 to their team, one-shot",Color Pie Ability,Semantic,0.3,,VERIFIED_INTERNAL,Workbook governance/schema/internal record; no external Scryfall fact required by this verifier.,Keep as internal workbook governance unless a later source authority says otherwise.
master-lexicon-R933,Master_Lexicon,933,"+N/+N to your team, ongoing","+n/+n to your team, ongoing",Color Pie Ability,Semantic,0.3,,VERIFIED_INTERNAL,Workbook governance/schema/internal record; no external Scryfall fact required by this verifier.,Keep as internal workbook governance unless a later source authority says otherwise.
master-lexicon-R934,Master_Lexicon,934,"+N/+0 to your team, ongoing","+n/+0 to your team, ongoing",Color Pie Ability,Semantic,0.3,,VERIFIED_INTERNAL,Workbook governance/schema/internal record; no external Scryfall fact required by this verifier.,Keep as internal workbook governance unless a later source authority says otherwise.
master-lexicon-R935,Master_Lexicon,935,"-N/-N to their team, ongoing","-n/-n to their team, ongoing",Color Pie Ability,Semantic,0.3,,VERIFIED_INTERNAL,Workbook governance/schema/internal record; no external Scryfall fact required by this verifier.,Keep as internal workbook governance unless a later source authority says otherwise.
master-lexicon-R936,Master_Lexicon,936,"Creature sacrifice, forced repeatable","creature sacrifice, forced repeatable",Color Pie Ability,Review,0.68,o:sacrifice,UNVERIFIED,No external or internal verifier matched this record.,Owner/domain review required before promotion.
master-lexicon-R937,Master_Lexicon,937,"""Curiosity""","""curiosity""",Color Pie Ability,Semantic,0.3,,VERIFIED_INTERNAL,Workbook governance/schema/internal record; no external Scryfall fact required by this verifier.,Keep as internal workbook governance unless a later source authority says otherwise.
master-lexicon-R938,Master_Lexicon,938,Damage prevention,damage prevention,Color Pie Ability,Review,0.68,o:/deals?.*damage/,UNVERIFIED,No external or internal verifier matched this record.,Owner/domain review required before promotion.
master-lexicon-R939,Master_Lexicon,939,Damage redirection,damage redirection,Color Pie Ability,Review,0.68,o:/deals?.*damage/,UNVERIFIED,No external or internal verifier matched this record.,Owner/domain review required before promotion.
master-lexicon-R940,Master_Lexicon,940,"""Daunt""","""daunt""",Color Pie Ability,Semantic,0.3,,VERIFIED_INTERNAL,Workbook governance/schema/internal record; no external Scryfall fact required by this verifier.,Keep as internal workbook governance unless a later source authority says otherwise.
master-lexicon-R941,Master_Lexicon,941,Deal damage when blocked,deal damage when blocked,Color Pie Ability,Review,0.68,o:/deals?.*damage/,UNVERIFIED,No external or internal verifier matched this record.,Owner/domain review required before promotion.
master-lexicon-R942,Master_Lexicon,942,Deathtouch,deathtouch,Color Pie Ability,Semantic,0.3,,AMBIGUOUS,Same normalized term has multiple legitimate workbook meanings or mappings.,Add context-sensitive Plain Reading disambiguation; do not select a global winner.
master-lexicon-R943,Master_Lexicon,943,Defender,defender,Color Pie Ability,Semantic,0.3,,AMBIGUOUS,Same normalized term has multiple legitimate workbook meanings or mappings.,Add context-sensitive Plain Reading disambiguation; do not select a global winner.
master-lexicon-R944,Master_Lexicon,944,"""Devil's Deal"" permanents","""devil's deal"" permanents",Color Pie Ability,Semantic,0.3,,VERIFIED_INTERNAL,Workbook governance/schema/internal record; no external Scryfall fact required by this verifier.,Keep as internal workbook governance unless a later source authority says otherwise.
master-lexicon-R945,Master_Lexicon,945,"Direct damage, single target","direct damage, single target",Color Pie Ability,Review,0.68,o:/deals?.*damage/,UNVERIFIED,No external or internal verifier matched this record.,Owner/domain review required before promotion.
master-lexicon-R946,Master_Lexicon,946,Direct damage to damaged creature,direct damage to damaged creature,Color Pie Ability,Review,0.68,o:/deals?.*damage/,UNVERIFIED,No external or internal verifier matched this record.,Owner/domain review required before promotion.
master-lexicon-R947,Master_Lexicon,947,Sacrifice creature and deal its power damage,sacrifice creature and deal its power damage,Color Pie Ability,Review,0.68,o:/deals?.*damage/,UNVERIFIED,No external or internal verifier matched this record.,Owner/domain review required before promotion.
master-lexicon-R948,Master_Lexicon,948,Direct damage based on cards in hand,direct damage based on cards in hand,Color Pie Ability,Review,0.68,o:/deals?.*damage/,UNVERIFIED,No external or internal verifier matched this record.,Owner/domain review required before promotion.
master-lexicon-R949,Master_Lexicon,949,Direct damage to attacking/blocking creature,direct damage to attacking/blocking creature,Color Pie Ability,Review,0.68,o:/deals?.*damage/,UNVERIFIED,No external or internal verifier matched this record.,Owner/domain review required before promotion.
master-lexicon-R950,Master_Lexicon,950,Deal damage to creature with flying,deal damage to creature with flying,Color Pie Ability,Review,0.68,o:/deals?.*damage/,UNVERIFIED,No external or internal verifier matched this record.,Owner/domain review required before promotion.
master-lexicon-R951,Master_Lexicon,951,"Direct damage, multiple targets","direct damage, multiple targets",Color Pie Ability,Review,0.68,o:/deals?.*damage/,UNVERIFIED,No external or internal verifier matched this record.,Owner/domain review required before promotion.
master-lexicon-R952,Master_Lexicon,952,Discard as a cost,discard as a cost,Color Pie Ability,Review,0.68,o:discard,UNVERIFIED,No external or internal verifier matched this record.,Owner/domain review required before promotion.
master-lexicon-R953,Master_Lexicon,953,Discard as effect,discard as effect,Color Pie Ability,Review,0.68,o:discard,UNVERIFIED,No external or internal verifier matched this record.,Owner/domain review required before promotion.
master-lexicon-R954,Master_Lexicon,954,Double strike,double strike,Color Pie Ability,Semantic,0.3,,AMBIGUOUS,Same normalized term has multiple legitimate workbook meanings or mappings.,Add context-sensitive Plain Reading disambiguation; do not select a global winner.
master-lexicon-R955,Master_Lexicon,955,"""Drain life""","""drain life""",Color Pie Ability,Semantic,0.3,,VERIFIED_INTERNAL,Workbook governance/schema/internal record; no external Scryfall fact required by this verifier.,Keep as internal workbook governance unless a later source authority says otherwise.
master-lexicon-R956,Master_Lexicon,956,Enchantment destruction,enchantment destruction,Color Pie Ability,Semantic,0.3,,VERIFIED_INTERNAL,Workbook governance/schema/internal record; no external Scryfall fact required by this verifier.,Keep as internal workbook governance unless a later source authority says otherwise.
master-lexicon-R957,Master_Lexicon,957,"""Enchantress"" ability","""enchantress"" ability",Color Pie Ability,Semantic,0.3,,VERIFIED_INTERNAL,Workbook governance/schema/internal record; no external Scryfall fact required by this verifier.,Keep as internal workbook governance unless a later source authority says otherwise.
master-lexicon-R958,Master_Lexicon,958,Exiling cards from graveyard,exiling cards from graveyard,Color Pie Ability,Semantic,0.3,,VERIFIED_INTERNAL,Workbook governance/schema/internal record; no external Scryfall fact required by this verifier.,Keep as internal workbook governance unless a later source authority says otherwise.
master-lexicon-R959,Master_Lexicon,959,Extra attack,extra attack,Color Pie Ability,Semantic,0.3,,VERIFIED_INTERNAL,Workbook governance/schema/internal record; no external Scryfall fact required by this verifier.,Keep as internal workbook governance unless a later source authority says otherwise.
master-lexicon-R960,Master_Lexicon,960,Fight,fight,Color Pie Ability,Semantic,0.3,,AMBIGUOUS,Same normalized term has multiple legitimate workbook meanings or mappings.,Add context-sensitive Plain Reading disambiguation; do not select a global winner.
master-lexicon-R961,Master_Lexicon,961,First strike,first strike,Color Pie Ability,Semantic,0.3,,AMBIGUOUS,Same normalized term has multiple legitimate workbook meanings or mappings.,Add context-sensitive Plain Reading disambiguation; do not select a global winner.
master-lexicon-R962,Master_Lexicon,962,Flash,flash,Color Pie Ability,Semantic,0.3,,AMBIGUOUS,Same normalized term has multiple legitimate workbook meanings or mappings.,Add context-sensitive Plain Reading disambiguation; do not select a global winner.
master-lexicon-R963,Master_Lexicon,963,"""Flicker""","""flicker""",Color Pie Ability,Semantic,0.3,,VERIFIED_INTERNAL,Workbook governance/schema/internal record; no external Scryfall fact required by this verifier.,Keep as internal workbook governance unless a later source authority says otherwise.
master-lexicon-R964,Master_Lexicon,964,Flying,flying,Color Pie Ability,Semantic,0.3,,AMBIGUOUS,Same normalized term has multiple legitimate workbook meanings or mappings.,Add context-sensitive Plain Reading disambiguation; do not select a global winner.
master-lexicon-R965,Master_Lexicon,965,"""Fog""","""fog""",Color Pie Ability,Semantic,0.3,,VERIFIED_INTERNAL,Workbook governance/schema/internal record; no external Scryfall fact required by this verifier.,Keep as internal workbook governance unless a later source authority says otherwise.
master-lexicon-R966,Master_Lexicon,966,Forced attack,forced attack,Color Pie Ability,Semantic,0.3,,VERIFIED_INTERNAL,Workbook governance/schema/internal record; no external Scryfall fact required by this verifier.,Keep as internal workbook governance unless a later source authority says otherwise.
master-lexicon-R967,Master_Lexicon,967,Forced block,forced block,Color Pie Ability,Semantic,0.3,,VERIFIED_INTERNAL,Workbook governance/schema/internal record; no external Scryfall fact required by this verifier.,Keep as internal workbook governance unless a later source authority says otherwise.
master-lexicon-R968,Master_Lexicon,968,"Forced sacrifice, creature","forced sacrifice, creature",Color Pie Ability,Review,0.68,o:sacrifice,UNVERIFIED,No external or internal verifier matched this record.,Owner/domain review required before promotion.
master-lexicon-R969,Master_Lexicon,969,"Forced sacrifice, artifact","forced sacrifice, artifact",Color Pie Ability,Review,0.68,o:sacrifice,UNVERIFIED,No external or internal verifier matched this record.,Owner/domain review required before promotion.
master-lexicon-R970,Master_Lexicon,970,"Forced sacrifice, permanent","forced sacrifice, permanent",Color Pie Ability,Review,0.68,o:sacrifice,UNVERIFIED,No external or internal verifier matched this record.,Owner/domain review required before promotion.
master-lexicon-R971,Master_Lexicon,971,"""Freeze"" creature","""freeze"" creature",Color Pie Ability,Semantic,0.3,,VERIFIED_INTERNAL,Workbook governance/schema/internal record; no external Scryfall fact required by this verifier.,Keep as internal workbook governance unless a later source authority says otherwise.
master-lexicon-R972,Master_Lexicon,972,Friendly to artifacts,friendly to artifacts,Color Pie Ability,Semantic,0.3,,VERIFIED_INTERNAL,Workbook governance/schema/internal record; no external Scryfall fact required by this verifier.,Keep as internal workbook governance unless a later source authority says otherwise.
master-lexicon-R973,Master_Lexicon,973,Friendly to creatures,friendly to creatures,Color Pie Ability,Semantic,0.3,,VERIFIED_INTERNAL,Workbook governance/schema/internal record; no external Scryfall fact required by this verifier.,Keep as internal workbook governance unless a later source authority says otherwise.
master-lexicon-R974,Master_Lexicon,974,Friendly to enchantments,friendly to enchantments,Color Pie Ability,Semantic,0.3,,VERIFIED_INTERNAL,Workbook governance/schema/internal record; no external Scryfall fact required by this verifier.,Keep as internal workbook governance unless a later source authority says otherwise.
master-lexicon-R975,Master_Lexicon,975,Friendly to instants and sorceries,friendly to instants and sorceries,Color Pie Ability,Semantic,0.3,,VERIFIED_INTERNAL,Workbook governance/schema/internal record; no external Scryfall fact required by this verifier.,Keep as internal workbook governance unless a later source authority says otherwise.
master-lexicon-R976,Master_Lexicon,976,Friendly to lands,friendly to lands,Color Pie Ability,Semantic,0.3,,VERIFIED_INTERNAL,Workbook governance/schema/internal record; no external Scryfall fact required by this verifier.,Keep as internal workbook governance unless a later source authority says otherwise.
master-lexicon-R977,Master_Lexicon,977,Friendly to planeswalkers,friendly to planeswalkers,Color Pie Ability,Semantic,0.3,,VERIFIED_INTERNAL,Workbook governance/schema/internal record; no external Scryfall fact required by this verifier.,Keep as internal workbook governance unless a later source authority says otherwise.
master-lexicon-R978,Master_Lexicon,978,Friendly to legendary permanents,friendly to legendary permanents,Color Pie Ability,Semantic,0.3,,VERIFIED_INTERNAL,Workbook governance/schema/internal record; no external Scryfall fact required by this verifier.,Keep as internal workbook governance unless a later source authority says otherwise.
master-lexicon-R979,Master_Lexicon,979,Friendly to low mana value cards,friendly to low mana value cards,Color Pie Ability,Semantic,0.3,,VERIFIED_INTERNAL,Workbook governance/schema/internal record; no external Scryfall fact required by this verifier.,Keep as internal workbook governance unless a later source authority says otherwise.
master-lexicon-R980,Master_Lexicon,980,Gain control of target player's turn,gain control of target player's turn,Color Pie Ability,Semantic,0.3,,VERIFIED_INTERNAL,Workbook governance/schema/internal record; no external Scryfall fact required by this verifier.,Keep as internal workbook governance unless a later source authority says otherwise.
master-lexicon-R981,Master_Lexicon,981,"""Gaseous Form""","""gaseous form""",Color Pie Ability,Semantic,0.3,,VERIFIED_INTERNAL,Workbook governance/schema/internal record; no external Scryfall fact required by this verifier.,Keep as internal workbook governance unless a later source authority says otherwise.
master-lexicon-R982,Master_Lexicon,982,Haste,haste,Color Pie Ability,Semantic,0.3,,AMBIGUOUS,Same normalized term has multiple legitimate workbook meanings or mappings.,Add context-sensitive Plain Reading disambiguation; do not select a global winner.
master-lexicon-R983,Master_Lexicon,983,Hexproof,hexproof,Color Pie Ability,Semantic,0.3,,AMBIGUOUS,Same normalized term has multiple legitimate workbook meanings or mappings.,Add context-sensitive Plain Reading disambiguation; do not select a global winner.
master-lexicon-R984,Master_Lexicon,984,"""Illusion ability""","""illusion ability""",Color Pie Ability,Semantic,0.3,,VERIFIED_INTERNAL,Workbook governance/schema/internal record; no external Scryfall fact required by this verifier.,Keep as internal workbook governance unless a later source authority says otherwise.
master-lexicon-R985,Master_Lexicon,985,"""Impulsive draw""","""impulsive draw""",Color Pie Ability,Semantic,0.3,,VERIFIED_INTERNAL,Workbook governance/schema/internal record; no external Scryfall fact required by this verifier.,Keep as internal workbook governance unless a later source authority says otherwise.
master-lexicon-R986,Master_Lexicon,986,Increasing counters and/or tokens,increasing counters and/or tokens,Color Pie Ability,Review,0.68,o:/create.*token/,UNVERIFIED,No external or internal verifier matched this record.,Owner/domain review required before promotion.
master-lexicon-R987,Master_Lexicon,987,Indestructible,indestructible,Color Pie Ability,Semantic,0.3,,AMBIGUOUS,Same normalized term has multiple legitimate workbook meanings or mappings.,Add context-sensitive Plain Reading disambiguation; do not select a global winner.
master-lexicon-R988,Master_Lexicon,988,Instant/sorcery triggers,instant/sorcery triggers,Color Pie Ability,Semantic,0.3,,VERIFIED_INTERNAL,Workbook governance/schema/internal record; no external Scryfall fact required by this verifier.,Keep as internal workbook governance unless a later source authority says otherwise.
master-lexicon-R989,Master_Lexicon,989,Land destruction,land destruction,Color Pie Ability,Semantic,0.3,,AMBIGUOUS,Same normalized term has multiple legitimate workbook meanings or mappings.,Add context-sensitive Plain Reading disambiguation; do not select a global winner.
master-lexicon-R990,Master_Lexicon,990,"""Lhurgoyf""","""lhurgoyf""",Color Pie Ability,Semantic,0.3,,VERIFIED_INTERNAL,Workbook governance/schema/internal record; no external Scryfall fact required by this verifier.,Keep as internal workbook governance unless a later source authority says otherwise.
master-lexicon-R991,Master_Lexicon,991,Life gain,life gain,Color Pie Ability,Review,0.68,o:/gain.*life/,UNVERIFIED,No external or internal verifier matched this record.,Owner/domain review required before promotion.
master-lexicon-R992,Master_Lexicon,992,Life loss as an effect,life loss as an effect,Color Pie Ability,Semantic,0.3,,VERIFIED_INTERNAL,Workbook governance/schema/internal record; no external Scryfall fact required by this verifier.,Keep as internal workbook governance unless a later source authority says otherwise.
master-lexicon-R993,Master_Lexicon,993,Life loss as a cost,life loss as a cost,Color Pie Ability,Semantic,0.3,,VERIFIED_INTERNAL,Workbook governance/schema/internal record; no external Scryfall fact required by this verifier.,Keep as internal workbook governance unless a later source authority says otherwise.
master-lexicon-R994,Master_Lexicon,994,Lifelink,lifelink,Color Pie Ability,Semantic,0.3,,AMBIGUOUS,Same normalized term has multiple legitimate workbook meanings or mappings.,Add context-sensitive Plain Reading disambiguation; do not select a global winner.
master-lexicon-R995,Master_Lexicon,995,"""Lockdown""","""lockdown""",Color Pie Ability,Semantic,0.3,,VERIFIED_INTERNAL,Workbook governance/schema/internal record; no external Scryfall fact required by this verifier.,Keep as internal workbook governance unless a later source authority says otherwise.
master-lexicon-R996,Master_Lexicon,996,"""Lobotomy""","""lobotomy""",Color Pie Ability,Semantic,0.3,,VERIFIED_INTERNAL,Workbook governance/schema/internal record; no external Scryfall fact required by this verifier.,Keep as internal workbook governance unless a later source authority says otherwise.
master-lexicon-R997,Master_Lexicon,997,Looking at opponent's hand,looking at opponent's hand,Color Pie Ability,Semantic,0.3,,VERIFIED_INTERNAL,Workbook governance/schema/internal record; no external Scryfall fact required by this verifier.,Keep as internal workbook governance unless a later source authority says otherwise.
master-lexicon-R998,Master_Lexicon,998,"""Looting""","""looting""",Color Pie Ability,Semantic,0.3,,VERIFIED_INTERNAL,Workbook governance/schema/internal record; no external Scryfall fact required by this verifier.,Keep as internal workbook governance unless a later source authority says otherwise.
master-lexicon-R999,Master_Lexicon,999,"""Lure""","""lure""",Color Pie Ability,Semantic,0.3,,VERIFIED_INTERNAL,Workbook governance/schema/internal record; no external Scryfall fact required by this verifier.,Keep as internal workbook governance unless a later source authority says otherwise.
master-lexicon-R1000,Master_Lexicon,1000,"""Lure,"" limited","""lure,"" limited",Color Pie Ability,Semantic,0.3,,VERIFIED_INTERNAL,Workbook governance/schema/internal record; no external Scryfall fact required by this verifier.,Keep as internal workbook governance unless a later source authority says otherwise.
master-lexicon-R1001,Master_Lexicon,1001,"Mana production, permanent","mana production, permanent",Color Pie Ability,Semantic,0.3,,VERIFIED_INTERNAL,Workbook governance/schema/internal record; no external Scryfall fact required by this verifier.,Keep as internal workbook governance unless a later source authority says otherwise.
master-lexicon-R1002,Master_Lexicon,1002,"Mana production, temporary","mana production, temporary",Color Pie Ability,Semantic,0.3,,VERIFIED_INTERNAL,Workbook governance/schema/internal record; no external Scryfall fact required by this verifier.,Keep as internal workbook governance unless a later source authority says otherwise.
master-lexicon-R1003,Master_Lexicon,1003,"""Manipulate time""","""manipulate time""",Color Pie Ability,Semantic,0.3,,VERIFIED_INTERNAL,Workbook governance/schema/internal record; no external Scryfall fact required by this verifier.,Keep as internal workbook governance unless a later source authority says otherwise.
master-lexicon-R1004,Master_Lexicon,1004,"""Maro"" ability","""maro"" ability",Color Pie Ability,Semantic,0.3,,VERIFIED_INTERNAL,Workbook governance/schema/internal record; no external Scryfall fact required by this verifier.,Keep as internal workbook governance unless a later source authority says otherwise.
master-lexicon-R1005,Master_Lexicon,1005,"""Meddling""","""meddling""",Color Pie Ability,Semantic,0.3,,VERIFIED_INTERNAL,Workbook governance/schema/internal record; no external Scryfall fact required by this verifier.,Keep as internal workbook governance unless a later source authority says otherwise.
master-lexicon-R1006,Master_Lexicon,1006,Menace,menace,Color Pie Ability,Semantic,0.3,,AMBIGUOUS,Same normalized term has multiple legitimate workbook meanings or mappings.,Add context-sensitive Plain Reading disambiguation; do not select a global winner.
master-lexicon-R1007,Master_Lexicon,1007,Milling,milling,Color Pie Ability,Semantic,0.3,,VERIFIED_INTERNAL,Workbook governance/schema/internal record; no external Scryfall fact required by this verifier.,Keep as internal workbook governance unless a later source authority says otherwise.
master-lexicon-R1008,Master_Lexicon,1008,Moving enchantments/counters,moving enchantments/counters,Color Pie Ability,Semantic,0.3,,VERIFIED_INTERNAL,Workbook governance/schema/internal record; no external Scryfall fact required by this verifier.,Keep as internal workbook governance unless a later source authority says otherwise.
master-lexicon-R1009,Master_Lexicon,1009,Must attack,must attack,Color Pie Ability,Semantic,0.3,,VERIFIED_INTERNAL,Workbook governance/schema/internal record; no external Scryfall fact required by this verifier.,Keep as internal workbook governance unless a later source authority says otherwise.
master-lexicon-R1010,Master_Lexicon,1010,Pacifism-like effect,pacifism-like effect,Color Pie Ability,Semantic,0.3,,VERIFIED_INTERNAL,Workbook governance/schema/internal record; no external Scryfall fact required by this verifier.,Keep as internal workbook governance unless a later source authority says otherwise.
master-lexicon-R1011,Master_Lexicon,1011,"""Panic""","""panic""",Color Pie Ability,Semantic,0.3,,VERIFIED_INTERNAL,Workbook governance/schema/internal record; no external Scryfall fact required by this verifier.,Keep as internal workbook governance unless a later source authority says otherwise.
master-lexicon-R1012,Master_Lexicon,1012,Planeswalker destruction,planeswalker destruction,Color Pie Ability,Semantic,0.3,,VERIFIED_INTERNAL,Workbook governance/schema/internal record; no external Scryfall fact required by this verifier.,Keep as internal workbook governance unless a later source authority says otherwise.
master-lexicon-R1013,Master_Lexicon,1013,Playing cards off top of library (paying cost),playing cards off top of library (paying cost),Color Pie Ability,Semantic,0.3,,VERIFIED_INTERNAL,Workbook governance/schema/internal record; no external Scryfall fact required by this verifier.,Keep as internal workbook governance unless a later source authority says otherwise.
master-lexicon-R1014,Master_Lexicon,1014,Playing cards off top of library (for free),playing cards off top of library (for free),Color Pie Ability,Semantic,0.3,,VERIFIED_INTERNAL,Workbook governance/schema/internal record; no external Scryfall fact required by this verifier.,Keep as internal workbook governance unless a later source authority says otherwise.
master-lexicon-R1015,Master_Lexicon,1015,Playing cards off top of opponent's library,playing cards off top of opponent's library,Color Pie Ability,Semantic,0.3,,VERIFIED_INTERNAL,Workbook governance/schema/internal record; no external Scryfall fact required by this verifier.,Keep as internal workbook governance unless a later source authority says otherwise.
master-lexicon-R1016,Master_Lexicon,1016,Play extra lands,play extra lands,Color Pie Ability,Semantic,0.3,,VERIFIED_INTERNAL,Workbook governance/schema/internal record; no external Scryfall fact required by this verifier.,Keep as internal workbook governance unless a later source authority says otherwise.
master-lexicon-R1017,Master_Lexicon,1017,"""Polymorph""","""polymorph""",Color Pie Ability,Semantic,0.3,,VERIFIED_INTERNAL,Workbook governance/schema/internal record; no external Scryfall fact required by this verifier.,Keep as internal workbook governance unless a later source authority says otherwise.
master-lexicon-R1018,Master_Lexicon,1018,Preventing actions,preventing actions,Color Pie Ability,Semantic,0.3,,VERIFIED_INTERNAL,Workbook governance/schema/internal record; no external Scryfall fact required by this verifier.,Keep as internal workbook governance unless a later source authority says otherwise.
master-lexicon-R1019,Master_Lexicon,1019,Protection,protection,Color Pie Ability,Semantic,0.3,,AMBIGUOUS,Same normalized term has multiple legitimate workbook meanings or mappings.,Add context-sensitive Plain Reading disambiguation; do not select a global winner.
master-lexicon-R1020,Master_Lexicon,1020,Prowess,prowess,Color Pie Ability,Semantic,0.3,,AMBIGUOUS,Same normalized term has multiple legitimate workbook meanings or mappings.,Add context-sensitive Plain Reading disambiguation; do not select a global winner.
master-lexicon-R1021,Master_Lexicon,1021,"""Punisher"" effects","""punisher"" effects",Color Pie Ability,Semantic,0.3,,VERIFIED_INTERNAL,Workbook governance/schema/internal record; no external Scryfall fact required by this verifier.,Keep as internal workbook governance unless a later source authority says otherwise.
master-lexicon-R1022,Master_Lexicon,1022,Putting artifacts from hand onto battlefield,putting artifacts from hand onto battlefield,Color Pie Ability,Semantic,0.3,,VERIFIED_INTERNAL,Workbook governance/schema/internal record; no external Scryfall fact required by this verifier.,Keep as internal workbook governance unless a later source authority says otherwise.
master-lexicon-R1023,Master_Lexicon,1023,Putting creatures from hand onto battlefield,putting creatures from hand onto battlefield,Color Pie Ability,Semantic,0.3,,VERIFIED_INTERNAL,Workbook governance/schema/internal record; no external Scryfall fact required by this verifier.,Keep as internal workbook governance unless a later source authority says otherwise.
master-lexicon-R1024,Master_Lexicon,1024,Putting enchantments from hand onto battlefield,putting enchantments from hand onto battlefield,Color Pie Ability,Semantic,0.3,,VERIFIED_INTERNAL,Workbook governance/schema/internal record; no external Scryfall fact required by this verifier.,Keep as internal workbook governance unless a later source authority says otherwise.
master-lexicon-R1025,Master_Lexicon,1025,Putting lands from hand onto battlefield,putting lands from hand onto battlefield,Color Pie Ability,Semantic,0.3,,VERIFIED_INTERNAL,Workbook governance/schema/internal record; no external Scryfall fact required by this verifier.,Keep as internal workbook governance unless a later source authority says otherwise.
master-lexicon-R1026,Master_Lexicon,1026,Putting planeswalkers from hand onto battlefield,putting planeswalkers from hand onto battlefield,Color Pie Ability,Semantic,0.3,,VERIFIED_INTERNAL,Workbook governance/schema/internal record; no external Scryfall fact required by this verifier.,Keep as internal workbook governance unless a later source authority says otherwise.
master-lexicon-R1027,Master_Lexicon,1027,Random destruction effects,random destruction effects,Color Pie Ability,Semantic,0.3,,VERIFIED_INTERNAL,Workbook governance/schema/internal record; no external Scryfall fact required by this verifier.,Keep as internal workbook governance unless a later source authority says otherwise.
master-lexicon-R1028,Master_Lexicon,1028,Reach,reach,Color Pie Ability,Semantic,0.3,,AMBIGUOUS,Same normalized term has multiple legitimate workbook meanings or mappings.,Add context-sensitive Plain Reading disambiguation; do not select a global winner.
master-lexicon-R1029,Master_Lexicon,1029,"""Reanimate"" permanent","""reanimate"" permanent",Color Pie Ability,Semantic,0.3,,VERIFIED_INTERNAL,Workbook governance/schema/internal record; no external Scryfall fact required by this verifier.,Keep as internal workbook governance unless a later source authority says otherwise.
master-lexicon-R1030,Master_Lexicon,1030,"""Reanimation"" (creatures)","""reanimation"" (creatures)",Color Pie Ability,Semantic,0.3,,VERIFIED_INTERNAL,Workbook governance/schema/internal record; no external Scryfall fact required by this verifier.,Keep as internal workbook governance unless a later source authority says otherwise.
master-lexicon-R1031,Master_Lexicon,1031,Removing counters,removing counters,Color Pie Ability,Semantic,0.3,,VERIFIED_INTERNAL,Workbook governance/schema/internal record; no external Scryfall fact required by this verifier.,Keep as internal workbook governance unless a later source authority says otherwise.
master-lexicon-R1032,Master_Lexicon,1032,"""Restocking""","""restocking""",Color Pie Ability,Semantic,0.3,,VERIFIED_INTERNAL,Workbook governance/schema/internal record; no external Scryfall fact required by this verifier.,Keep as internal workbook governance unless a later source authority says otherwise.
master-lexicon-R1033,Master_Lexicon,1033,Return target card from graveyard to hand,return target card from graveyard to hand,Color Pie Ability,Review,0.68,o:/return.*graveyard/,UNVERIFIED,No external or internal verifier matched this record.,Owner/domain review required before promotion.
master-lexicon-R1034,Master_Lexicon,1034,Return target artifact from graveyard to hand,return target artifact from graveyard to hand,Color Pie Ability,Review,0.68,o:/return.*graveyard/,UNVERIFIED,No external or internal verifier matched this record.,Owner/domain review required before promotion.
master-lexicon-R1035,Master_Lexicon,1035,Return target creature from graveyard to hand,return target creature from graveyard to hand,Color Pie Ability,Review,0.68,o:/return.*graveyard/,UNVERIFIED,No external or internal verifier matched this record.,Owner/domain review required before promotion.
master-lexicon-R1036,Master_Lexicon,1036,Return target enchantment from graveyard to hand,return target enchantment from graveyard to hand,Color Pie Ability,Review,0.68,o:/return.*graveyard/,UNVERIFIED,No external or internal verifier matched this record.,Owner/domain review required before promotion.
master-lexicon-R1037,Master_Lexicon,1037,Return target instant from graveyard to hand,return target instant from graveyard to hand,Color Pie Ability,Review,0.68,o:/return.*graveyard/,UNVERIFIED,No external or internal verifier matched this record.,Owner/domain review required before promotion.
master-lexicon-R1038,Master_Lexicon,1038,Return target land from graveyard to hand,return target land from graveyard to hand,Color Pie Ability,Review,0.68,o:/return.*graveyard/,UNVERIFIED,No external or internal verifier matched this record.,Owner/domain review required before promotion.
master-lexicon-R1039,Master_Lexicon,1039,Return target sorcery from graveyard to hand,return target sorcery from graveyard to hand,Color Pie Ability,Review,0.68,o:/return.*graveyard/,UNVERIFIED,No external or internal verifier matched this record.,Owner/domain review required before promotion.
master-lexicon-R1040,Master_Lexicon,1040,"""Return to hand""","""return to hand""",Color Pie Ability,Semantic,0.3,,VERIFIED_INTERNAL,Workbook governance/schema/internal record; no external Scryfall fact required by this verifier.,Keep as internal workbook governance unless a later source authority says otherwise.
master-lexicon-R1041,Master_Lexicon,1041,"""Rewards for death""","""rewards for death""",Color Pie Ability,Semantic,0.3,,VERIFIED_INTERNAL,Workbook governance/schema/internal record; no external Scryfall fact required by this verifier.,Keep as internal workbook governance unless a later source authority says otherwise.
master-lexicon-R1042,Master_Lexicon,1042,Rules setting,rules setting,Color Pie Ability,Semantic,0.3,,VERIFIED_INTERNAL,Workbook governance/schema/internal record; no external Scryfall fact required by this verifier.,Keep as internal workbook governance unless a later source authority says otherwise.
master-lexicon-R1043,Master_Lexicon,1043,"""Rummaging""","""rummaging""",Color Pie Ability,Semantic,0.3,,VERIFIED_INTERNAL,Workbook governance/schema/internal record; no external Scryfall fact required by this verifier.,Keep as internal workbook governance unless a later source authority says otherwise.
master-lexicon-R1044,Master_Lexicon,1044,Sacrifice an artifact,sacrifice an artifact,Color Pie Ability,Review,0.68,o:sacrifice,UNVERIFIED,No external or internal verifier matched this record.,Owner/domain review required before promotion.
master-lexicon-R1045,Master_Lexicon,1045,Sacrifice a creature,sacrifice a creature,Color Pie Ability,Review,0.68,o:sacrifice,UNVERIFIED,No external or internal verifier matched this record.,Owner/domain review required before promotion.
master-lexicon-R1046,Master_Lexicon,1046,Sacrifice an enchantment,sacrifice an enchantment,Color Pie Ability,Review,0.68,o:sacrifice,UNVERIFIED,No external or internal verifier matched this record.,Owner/domain review required before promotion.
master-lexicon-R1047,Master_Lexicon,1047,Sacrifice a land,sacrifice a land,Color Pie Ability,Review,0.68,o:sacrifice,UNVERIFIED,No external or internal verifier matched this record.,Owner/domain review required before promotion.
master-lexicon-R1048,Master_Lexicon,1048,Sacrifice a permanent,sacrifice a permanent,Color Pie Ability,Review,0.68,o:sacrifice,UNVERIFIED,No external or internal verifier matched this record.,Owner/domain review required before promotion.
master-lexicon-R1049,Master_Lexicon,1049,Scry,scry,Color Pie Ability,Semantic,0.3,,AMBIGUOUS,Same normalized term has multiple legitimate workbook meanings or mappings.,Add context-sensitive Plain Reading disambiguation; do not select a global winner.
master-lexicon-R1050,Master_Lexicon,1050,"""Sengir"" ability","""sengir"" ability",Color Pie Ability,Semantic,0.3,,VERIFIED_INTERNAL,Workbook governance/schema/internal record; no external Scryfall fact required by this verifier.,Keep as internal workbook governance unless a later source authority says otherwise.
master-lexicon-R1051,Master_Lexicon,1051,"""Specter"" ability","""specter"" ability",Color Pie Ability,Semantic,0.3,,VERIFIED_INTERNAL,Workbook governance/schema/internal record; no external Scryfall fact required by this verifier.,Keep as internal workbook governance unless a later source authority says otherwise.
master-lexicon-R1052,Master_Lexicon,1052,Spell copying,spell copying,Color Pie Ability,Semantic,0.3,,VERIFIED_INTERNAL,Workbook governance/schema/internal record; no external Scryfall fact required by this verifier.,Keep as internal workbook governance unless a later source authority says otherwise.
master-lexicon-R1053,Master_Lexicon,1053,Spell redirection,spell redirection,Color Pie Ability,Semantic,0.3,,VERIFIED_INTERNAL,Workbook governance/schema/internal record; no external Scryfall fact required by this verifier.,Keep as internal workbook governance unless a later source authority says otherwise.
master-lexicon-R1054,Master_Lexicon,1054,"""Stalking""","""stalking""",Color Pie Ability,Semantic,0.3,,VERIFIED_INTERNAL,Workbook governance/schema/internal record; no external Scryfall fact required by this verifier.,Keep as internal workbook governance unless a later source authority says otherwise.
master-lexicon-R1055,Master_Lexicon,1055,"Stealing permanents, temporarily","stealing permanents, temporarily",Color Pie Ability,Semantic,0.3,,VERIFIED_INTERNAL,Workbook governance/schema/internal record; no external Scryfall fact required by this verifier.,Keep as internal workbook governance unless a later source authority says otherwise.
master-lexicon-R1056,Master_Lexicon,1056,"Stealing permanents, permanently","stealing permanents, permanently",Color Pie Ability,Semantic,0.3,,VERIFIED_INTERNAL,Workbook governance/schema/internal record; no external Scryfall fact required by this verifier.,Keep as internal workbook governance unless a later source authority says otherwise.
master-lexicon-R1057,Master_Lexicon,1057,"""Super trample""","""super trample""",Color Pie Ability,Semantic,0.3,,VERIFIED_INTERNAL,Workbook governance/schema/internal record; no external Scryfall fact required by this verifier.,Keep as internal workbook governance unless a later source authority says otherwise.
master-lexicon-R1058,Master_Lexicon,1058,Switching power/toughness,switching power/toughness,Color Pie Ability,Semantic,0.3,,VERIFIED_INTERNAL,Workbook governance/schema/internal record; no external Scryfall fact required by this verifier.,Keep as internal workbook governance unless a later source authority says otherwise.
master-lexicon-R1059,Master_Lexicon,1059,Tapping creatures,tapping creatures,Color Pie Ability,Semantic,0.3,,VERIFIED_INTERNAL,Workbook governance/schema/internal record; no external Scryfall fact required by this verifier.,Keep as internal workbook governance unless a later source authority says otherwise.
master-lexicon-R1060,Master_Lexicon,1060,Taxing,taxing,Color Pie Ability,Semantic,0.3,,VERIFIED_INTERNAL,Workbook governance/schema/internal record; no external Scryfall fact required by this verifier.,Keep as internal workbook governance unless a later source authority says otherwise.
master-lexicon-R1061,Master_Lexicon,1061,"""Time Walk""","""time walk""",Color Pie Ability,Semantic,0.3,,VERIFIED_INTERNAL,Workbook governance/schema/internal record; no external Scryfall fact required by this verifier.,Keep as internal workbook governance unless a later source authority says otherwise.
master-lexicon-R1062,Master_Lexicon,1062,Token generation,token generation,Color Pie Ability,Review,0.68,o:/create.*token/,UNVERIFIED,No external or internal verifier matched this record.,Owner/domain review required before promotion.
master-lexicon-R1063,Master_Lexicon,1063,Trample,trample,Color Pie Ability,Semantic,0.3,,AMBIGUOUS,Same normalized term has multiple legitimate workbook meanings or mappings.,Add context-sensitive Plain Reading disambiguation; do not select a global winner.
master-lexicon-R1064,Master_Lexicon,1064,"""Transformation""","""transformation""",Color Pie Ability,Semantic,0.3,,VERIFIED_INTERNAL,Workbook governance/schema/internal record; no external Scryfall fact required by this verifier.,Keep as internal workbook governance unless a later source authority says otherwise.
master-lexicon-R1065,Master_Lexicon,1065,Treasure creation,treasure creation,Color Pie Ability,Semantic,0.3,,VERIFIED_INTERNAL,Workbook governance/schema/internal record; no external Scryfall fact required by this verifier.,Keep as internal workbook governance unless a later source authority says otherwise.
master-lexicon-R1066,Master_Lexicon,1066,"""Torment""","""torment""",Color Pie Ability,Semantic,0.3,,VERIFIED_INTERNAL,Workbook governance/schema/internal record; no external Scryfall fact required by this verifier.,Keep as internal workbook governance unless a later source authority says otherwise.
master-lexicon-R1067,Master_Lexicon,1067,Tutoring (for any card),tutoring (for any card),Color Pie Ability,Semantic,0.3,,VERIFIED_INTERNAL,Workbook governance/schema/internal record; no external Scryfall fact required by this verifier.,Keep as internal workbook governance unless a later source authority says otherwise.
master-lexicon-R1068,Master_Lexicon,1068,Tutoring (for a creature),tutoring (for a creature),Color Pie Ability,Semantic,0.3,,VERIFIED_INTERNAL,Workbook governance/schema/internal record; no external Scryfall fact required by this verifier.,Keep as internal workbook governance unless a later source authority says otherwise.
master-lexicon-R1069,Master_Lexicon,1069,Tutoring (for an artifact),tutoring (for an artifact),Color Pie Ability,Semantic,0.3,,VERIFIED_INTERNAL,Workbook governance/schema/internal record; no external Scryfall fact required by this verifier.,Keep as internal workbook governance unless a later source authority says otherwise.
master-lexicon-R1070,Master_Lexicon,1070,Tutoring (for an enchantment),tutoring (for an enchantment),Color Pie Ability,Semantic,0.3,,VERIFIED_INTERNAL,Workbook governance/schema/internal record; no external Scryfall fact required by this verifier.,Keep as internal workbook governance unless a later source authority says otherwise.
master-lexicon-R1071,Master_Lexicon,1071,Tutoring (for an instant or sorcery),tutoring (for an instant or sorcery),Color Pie Ability,Semantic,0.3,,VERIFIED_INTERNAL,Workbook governance/schema/internal record; no external Scryfall fact required by this verifier.,Keep as internal workbook governance unless a later source authority says otherwise.
master-lexicon-R1072,Master_Lexicon,1072,Tutoring (for a land),tutoring (for a land),Color Pie Ability,Semantic,0.3,,VERIFIED_INTERNAL,Workbook governance/schema/internal record; no external Scryfall fact required by this verifier.,Keep as internal workbook governance unless a later source authority says otherwise.
master-lexicon-R1073,Master_Lexicon,1073,Tutoring (for a planeswalker),tutoring (for a planeswalker),Color Pie Ability,Semantic,0.3,,VERIFIED_INTERNAL,Workbook governance/schema/internal record; no external Scryfall fact required by this verifier.,Keep as internal workbook governance unless a later source authority says otherwise.
master-lexicon-R1074,Master_Lexicon,1074,"""Twiddle""","""twiddle""",Color Pie Ability,Semantic,0.3,,VERIFIED_INTERNAL,Workbook governance/schema/internal record; no external Scryfall fact required by this verifier.,Keep as internal workbook governance unless a later source authority says otherwise.
master-lexicon-R1075,Master_Lexicon,1075,Untapping creatures,untapping creatures,Color Pie Ability,Semantic,0.3,,VERIFIED_INTERNAL,Workbook governance/schema/internal record; no external Scryfall fact required by this verifier.,Keep as internal workbook governance unless a later source authority says otherwise.
master-lexicon-R1076,Master_Lexicon,1076,Untapping lands,untapping lands,Color Pie Ability,Semantic,0.3,,VERIFIED_INTERNAL,Workbook governance/schema/internal record; no external Scryfall fact required by this verifier.,Keep as internal workbook governance unless a later source authority says otherwise.
master-lexicon-R1077,Master_Lexicon,1077,Vigilance,vigilance,Color Pie Ability,Semantic,0.3,,AMBIGUOUS,Same normalized term has multiple legitimate workbook meanings or mappings.,Add context-sensitive Plain Reading disambiguation; do not select a global winner.
master-lexicon-R1078,Master_Lexicon,1078,Variable creature,variable creature,Color Pie Ability,Semantic,0.3,,VERIFIED_INTERNAL,Workbook governance/schema/internal record; no external Scryfall fact required by this verifier.,Keep as internal workbook governance unless a later source authority says otherwise.
master-lexicon-R1079,Master_Lexicon,1079,Ward,ward,Color Pie Ability,Semantic,0.3,,AMBIGUOUS,Same normalized term has multiple legitimate workbook meanings or mappings.,Add context-sensitive Plain Reading disambiguation; do not select a global winner.
master-lexicon-R1080,Master_Lexicon,1080,"""Warlord"" ability","""warlord"" ability",Color Pie Ability,Semantic,0.3,,VERIFIED_INTERNAL,Workbook governance/schema/internal record; no external Scryfall fact required by this verifier.,Keep as internal workbook governance unless a later source authority says otherwise.
master-lexicon-R1081,Master_Lexicon,1081,"""Wheeling""","""wheeling""",Color Pie Ability,Semantic,0.3,,VERIFIED_INTERNAL,Workbook governance/schema/internal record; no external Scryfall fact required by this verifier.,Keep as internal workbook governance unless a later source authority says otherwise.
master-lexicon-R1082,Master_Lexicon,1082,"""Word"" changing","""word"" changing",Color Pie Ability,Semantic,0.3,,VERIFIED_INTERNAL,Workbook governance/schema/internal record; no external Scryfall fact required by this verifier.,Keep as internal workbook governance unless a later source authority says otherwise.
master-lexicon-R1083,Master_Lexicon,1083,"""You don't lose""","""you don't lose""",Color Pie Ability,Semantic,0.3,,VERIFIED_INTERNAL,Workbook governance/schema/internal record; no external Scryfall fact required by this verifier.,Keep as internal workbook governance unless a later source authority says otherwise.
master-lexicon-R1084,Master_Lexicon,1084,Tokens,tokens,Deck Archetype,Review,0.68,o:/create.*token/,STALE,Tagger probe indicates the claimed tag is not currently accepted.,Queue for tag review; do not replace with fuzzy tag.
master-lexicon-R1085,Master_Lexicon,1085,+1/+1 Counters,+1/+1 counters,Deck Archetype,Production-ready,0.94,o:/\+1\/\+1 counter/,VERIFIED_TAG,Exact Tagger oracle tag probe returned current results.,Safe only as exact governed Tagger mapping; preserve workbook limitations.
master-lexicon-R1086,Master_Lexicon,1086,Artifacts,artifacts,Deck Archetype,Review,0.68,t:artifact,SEMANTIC_REVIEW,"Legitimate player/semantic terminology, but interpretation depends on context or non-native assumptions.",Owner/domain review before executable mapping.
master-lexicon-R1087,Master_Lexicon,1087,Combo,combo,Deck Archetype,Semantic,0.3,,SEMANTIC_REVIEW,"Legitimate player/semantic terminology, but interpretation depends on context or non-native assumptions.",Owner/domain review before executable mapping.
master-lexicon-R1088,Master_Lexicon,1088,Lifegain,lifegain,Deck Archetype,Production-ready,0.94,o:/gain.*life/,SEMANTIC_REVIEW,"Legitimate player/semantic terminology, but interpretation depends on context or non-native assumptions.",Owner/domain review before executable mapping.
master-lexicon-R1089,Master_Lexicon,1089,Spellslinger,spellslinger,Deck Archetype,Semantic,0.3,(t:instant or t:sorcery),SEMANTIC_REVIEW,"Legitimate player/semantic terminology, but interpretation depends on context or non-native assumptions.",Owner/domain review before executable mapping.
master-lexicon-R1090,Master_Lexicon,1090,Aristocrats,aristocrats,Deck Archetype,Review,0.68,o:sacrifice,VERIFIED_TAG,Exact Tagger oracle tag probe returned current results.,Safe only as exact governed Tagger mapping; preserve workbook limitations.
master-lexicon-R1091,Master_Lexicon,1091,Reanimator,reanimator,Deck Archetype,Review,0.68,o:/return.*creature.*from.*graveyard.*battlefield/,VERIFIED_TAG,Exact Tagger oracle tag probe returned current results.,Safe only as exact governed Tagger mapping; preserve workbook limitations.
master-lexicon-R1092,Master_Lexicon,1092,Ramp,ramp,Deck Archetype,Production-ready,0.94,otag:ramp,AMBIGUOUS,Same normalized term has multiple legitimate workbook meanings or mappings.,Add context-sensitive Plain Reading disambiguation; do not select a global winner.
master-lexicon-R1093,Master_Lexicon,1093,Lands Matter,lands matter,Deck Archetype,Semantic,0.3,o:land,SEMANTIC_REVIEW,"Legitimate player/semantic terminology, but interpretation depends on context or non-native assumptions.",Owner/domain review before executable mapping.
master-lexicon-R1094,Master_Lexicon,1094,Landfall,landfall,Deck Archetype,Production-ready,0.94,o:landfall,AMBIGUOUS,Same normalized term has multiple legitimate workbook meanings or mappings.,Add context-sensitive Plain Reading disambiguation; do not select a global winner.
master-lexicon-R1095,Master_Lexicon,1095,Treasure,treasure,Deck Archetype,Production-ready,0.94,o:Treasure,AMBIGUOUS,Same normalized term has multiple legitimate workbook meanings or mappings.,Add context-sensitive Plain Reading disambiguation; do not select a global winner.
master-lexicon-R1096,Master_Lexicon,1096,Equipment,equipment,Deck Archetype,Production-ready,0.94,t:equipment,AMBIGUOUS,Same normalized term has multiple legitimate workbook meanings or mappings.,Add context-sensitive Plain Reading disambiguation; do not select a global winner.
master-lexicon-R1097,Master_Lexicon,1097,Enchantress,enchantress,Deck Archetype,Semantic,0.3,o:enchantment,SEMANTIC_REVIEW,"Legitimate player/semantic terminology, but interpretation depends on context or non-native assumptions.",Owner/domain review before executable mapping.
master-lexicon-R1098,Master_Lexicon,1098,Control,control,Deck Archetype,Semantic,0.3,,SEMANTIC_REVIEW,"Legitimate player/semantic terminology, but interpretation depends on context or non-native assumptions.",Owner/domain review before executable mapping.
master-lexicon-R1099,Master_Lexicon,1099,Voltron,voltron,Deck Archetype,Semantic,0.3,(t:equipment or t:aura),SEMANTIC_REVIEW,"Legitimate player/semantic terminology, but interpretation depends on context or non-native assumptions.",Owner/domain review before executable mapping.
master-lexicon-R1100,Master_Lexicon,1100,Blink / Flicker,blink / flicker,Deck Archetype,Production-ready,0.94,o:/exile.*return.*battlefield/,VERIFIED_TAG,Exact Tagger oracle tag probe returned current results.,Safe only as exact governed Tagger mapping; preserve workbook limitations.
master-lexicon-R1101,Master_Lexicon,1101,Graveyard Value,graveyard value,Deck Archetype,Semantic,0.3,o:graveyard,SEMANTIC_REVIEW,"Legitimate player/semantic terminology, but interpretation depends on context or non-native assumptions.",Owner/domain review before executable mapping.
master-lexicon-R1102,Master_Lexicon,1102,Mill,mill,Deck Archetype,Production-ready,0.94,o:mill,AMBIGUOUS,Same normalized term has multiple legitimate workbook meanings or mappings.,Add context-sensitive Plain Reading disambiguation; do not select a global winner.
master-lexicon-R1103,Master_Lexicon,1103,Big Mana / Stompy,big mana / stompy,Deck Archetype,Semantic,0.3,mv>=6,SEMANTIC_REVIEW,"Legitimate player/semantic terminology, but interpretation depends on context or non-native assumptions.",Owner/domain review before executable mapping.
master-lexicon-R1104,Master_Lexicon,1104,Typal,typal,Deck Archetype,Semantic,0.3,,SEMANTIC_REVIEW,"Legitimate player/semantic terminology, but interpretation depends on context or non-native assumptions.",Owner/domain review before executable mapping.
master-lexicon-R1105,Master_Lexicon,1105,Midrange Value,midrange value,Deck Archetype,Semantic,0.3,,SEMANTIC_REVIEW,"Legitimate player/semantic terminology, but interpretation depends on context or non-native assumptions.",Owner/domain review before executable mapping.
master-lexicon-R1106,Master_Lexicon,1106,Politics / Deals,politics / deals,Deck Archetype,Review,0.68,o:/you and target opponent|each player|an opponent may/,SEMANTIC_REVIEW,"Legitimate player/semantic terminology, but interpretation depends on context or non-native assumptions.",Owner/domain review before executable mapping.
master-lexicon-R1107,Master_Lexicon,1107,Auras,auras,Deck Archetype,Production-ready,0.94,t:aura,SEMANTIC_REVIEW,"Legitimate player/semantic terminology, but interpretation depends on context or non-native assumptions.",Owner/domain review before executable mapping.
master-lexicon-R1108,Master_Lexicon,1108,Burn,burn,Deck Archetype,Review,0.68,o:/deals? \d+ damage/,SEMANTIC_REVIEW,"Legitimate player/semantic terminology, but interpretation depends on context or non-native assumptions.",Owner/domain review before executable mapping.
master-lexicon-R1109,Master_Lexicon,1109,Wheels,wheels,Deck Archetype,Review,0.68,o:/discard.*draw/,SEMANTIC_REVIEW,"Legitimate player/semantic terminology, but interpretation depends on context or non-native assumptions.",Owner/domain review before executable mapping.
master-lexicon-R1110,Master_Lexicon,1110,Discard,discard,Deck Archetype,Review,0.68,o:discard,AMBIGUOUS,Same normalized term has multiple legitimate workbook meanings or mappings.,Add context-sensitive Plain Reading disambiguation; do not select a global winner.
master-lexicon-R1111,Master_Lexicon,1111,Clones,clones,Deck Archetype,Review,0.68,o:/copy.*creature|enters.*copy/,SEMANTIC_REVIEW,"Legitimate player/semantic terminology, but interpretation depends on context or non-native assumptions.",Owner/domain review before executable mapping.
master-lexicon-R1112,Master_Lexicon,1112,Theft / Copy,theft / copy,Deck Archetype,Semantic,0.3,(o:control or o:copy),SEMANTIC_REVIEW,"Legitimate player/semantic terminology, but interpretation depends on context or non-native assumptions.",Owner/domain review before executable mapping.
master-lexicon-R1113,Master_Lexicon,1113,Sacrifice,sacrifice,Deck Archetype,Review,0.68,o:sacrifice,AMBIGUOUS,Same normalized term has multiple legitimate workbook meanings or mappings.,Add context-sensitive Plain Reading disambiguation; do not select a global winner.
master-lexicon-R1114,Master_Lexicon,1114,Storm,storm,Deck Archetype,Review,0.68,kw:storm,AMBIGUOUS,Same normalized term has multiple legitimate workbook meanings or mappings.,Add context-sensitive Plain Reading disambiguation; do not select a global winner.
master-lexicon-R1115,Master_Lexicon,1115,Stax / Resource Denial,stax / resource denial,Deck Archetype,Semantic,0.3,,SEMANTIC_REVIEW,"Legitimate player/semantic terminology, but interpretation depends on context or non-native assumptions.",Owner/domain review before executable mapping.
master-lexicon-R1116,Master_Lexicon,1116,Group Slug,group slug,Deck Archetype,Semantic,0.3,,SEMANTIC_REVIEW,"Legitimate player/semantic terminology, but interpretation depends on context or non-native assumptions.",Owner/domain review before executable mapping.
master-lexicon-R1117,Master_Lexicon,1117,Group Hug,group hug,Deck Archetype,Semantic,0.3,,SEMANTIC_REVIEW,"Legitimate player/semantic terminology, but interpretation depends on context or non-native assumptions.",Owner/domain review before executable mapping.
master-lexicon-R1118,Master_Lexicon,1118,Pillow Fort,pillow fort,Deck Archetype,Semantic,0.3,,SEMANTIC_REVIEW,"Legitimate player/semantic terminology, but interpretation depends on context or non-native assumptions.",Owner/domain review before executable mapping.
master-lexicon-R1119,Master_Lexicon,1119,Superfriends,superfriends,Deck Archetype,Semantic,0.3,t:planeswalker,SEMANTIC_REVIEW,"Legitimate player/semantic terminology, but interpretation depends on context or non-native assumptions.",Owner/domain review before executable mapping.
master-lexicon-R1120,Master_Lexicon,1120,Vehicles,vehicles,Deck Archetype,Production-ready,0.94,t:vehicle,SEMANTIC_REVIEW,"Legitimate player/semantic terminology, but interpretation depends on context or non-native assumptions.",Owner/domain review before executable mapping.
master-lexicon-R1121,Master_Lexicon,1121,Forced Combat / Goad,forced combat / goad,Deck Archetype,Production-ready,0.94,o:goad,SEMANTIC_REVIEW,"Legitimate player/semantic terminology, but interpretation depends on context or non-native assumptions.",Owner/domain review before executable mapping.
master-lexicon-R1122,Master_Lexicon,1122,Extra Turns,extra turns,Deck Archetype,Production-ready,0.94,o:/take an extra turn/,SEMANTIC_REVIEW,"Legitimate player/semantic terminology, but interpretation depends on context or non-native assumptions.",Owner/domain review before executable mapping.
master-lexicon-R1123,Master_Lexicon,1123,Proliferate,proliferate,Deck Archetype,Production-ready,0.94,o:proliferate,AMBIGUOUS,Same normalized term has multiple legitimate workbook meanings or mappings.,Add context-sensitive Plain Reading disambiguation; do not select a global winner.
master-lexicon-R1124,Master_Lexicon,1124,Hatebears,hatebears,Deck Archetype,Semantic,0.3,t:creature,SEMANTIC_REVIEW,"Legitimate player/semantic terminology, but interpretation depends on context or non-native assumptions.",Owner/domain review before executable mapping.
master-lexicon-R1125,Master_Lexicon,1125,Topdeck,topdeck,Deck Archetype,Review,0.68,o:/top of.*library/,SEMANTIC_REVIEW,"Legitimate player/semantic terminology, but interpretation depends on context or non-native assumptions.",Owner/domain review before executable mapping.
master-lexicon-R1126,Master_Lexicon,1126,X Spells,x spells,Deck Archetype,Production-ready,0.94,mana:{X},SEMANTIC_REVIEW,"Legitimate player/semantic terminology, but interpretation depends on context or non-native assumptions.",Owner/domain review before executable mapping.
master-lexicon-R1127,Master_Lexicon,1127,Cascade / Discover,cascade / discover,Deck Archetype,Review,0.68,(kw:cascade or o:discover),SEMANTIC_REVIEW,"Legitimate player/semantic terminology, but interpretation depends on context or non-native assumptions.",Owner/domain review before executable mapping.
master-lexicon-R1128,Master_Lexicon,1128,Commander Matters,commander matters,Deck Archetype,Review,0.68,o:commander,SEMANTIC_REVIEW,"Legitimate player/semantic terminology, but interpretation depends on context or non-native assumptions.",Owner/domain review before executable mapping.
master-lexicon-R1129,Master_Lexicon,1129,Ninjutsu,ninjutsu,Deck Archetype,Production-ready,0.94,kw:ninjutsu,AMBIGUOUS,Same normalized term has multiple legitimate workbook meanings or mappings.,Add context-sensitive Plain Reading disambiguation; do not select a global winner.
master-lexicon-R1130,Master_Lexicon,1130,Prowess,prowess,Deck Archetype,Production-ready,0.94,kw:prowess,AMBIGUOUS,Same normalized term has multiple legitimate workbook meanings or mappings.,Add context-sensitive Plain Reading disambiguation; do not select a global winner.
master-lexicon-R1131,Master_Lexicon,1131,Legends Matter,legends matter,Deck Archetype,Review,0.68,o:legendary,SEMANTIC_REVIEW,"Legitimate player/semantic terminology, but interpretation depends on context or non-native assumptions.",Owner/domain review before executable mapping.
master-lexicon-R1132,Master_Lexicon,1132,ETB Value,etb value,Deck Archetype,Review,0.68,o:/when ~ enters|whenever .* enters/,SEMANTIC_REVIEW,"Legitimate player/semantic terminology, but interpretation depends on context or non-native assumptions.",Owner/domain review before executable mapping.
master-lexicon-R1133,Master_Lexicon,1133,Infect / Toxic,infect / toxic,Deck Archetype,Production-ready,0.94,(kw:infect or kw:toxic),SEMANTIC_REVIEW,"Legitimate player/semantic terminology, but interpretation depends on context or non-native assumptions.",Owner/domain review before executable mapping.
master-lexicon-R1134,Master_Lexicon,1134,Toolbox / Tutors,toolbox / tutors,Deck Archetype,Review,0.68,o:/search your library/,SEMANTIC_REVIEW,"Legitimate player/semantic terminology, but interpretation depends on context or non-native assumptions.",Owner/domain review before executable mapping.
master-lexicon-R1135,Master_Lexicon,1135,Land Destruction,land destruction,Deck Archetype,Review,0.68,o:/destroy target land|destroy all lands/,AMBIGUOUS,Same normalized term has multiple legitimate workbook meanings or mappings.,Add context-sensitive Plain Reading disambiguation; do not select a global winner.
master-lexicon-R1136,Master_Lexicon,1136,Chaos,chaos,Deck Archetype,Semantic,0.3,,SEMANTIC_REVIEW,"Legitimate player/semantic terminology, but interpretation depends on context or non-native assumptions.",Owner/domain review before executable mapping.
master-lexicon-R1137,Master_Lexicon,1137,Goodstuff,goodstuff,Deck Archetype,Semantic,0.3,,SEMANTIC_REVIEW,"Legitimate player/semantic terminology, but interpretation depends on context or non-native assumptions.",Owner/domain review before executable mapping.
master-lexicon-R1138,Master_Lexicon,1138,Sneak and Show,sneak and show,Deck Archetype,Review,0.68,o:/put.*permanent.*onto the battlefield/,SEMANTIC_REVIEW,"Legitimate player/semantic terminology, but interpretation depends on context or non-native assumptions.",Owner/domain review before executable mapping.
master-lexicon-R1139,Master_Lexicon,1139,Self-Mill,self-mill,Deck Archetype,Production-ready,0.94,o:/mill.*yourself|you mill/,VERIFIED_TAG,Exact Tagger oracle tag probe returned current results.,Safe only as exact governed Tagger mapping; preserve workbook limitations.
master-lexicon-R1140,Master_Lexicon,1140,-1/-1 Counters,-1/-1 counters,Deck Archetype,Review,0.68,o:/-1\/-1 counter/,VERIFIED_TAG,Exact Tagger oracle tag probe returned current results.,Safe only as exact governed Tagger mapping; preserve workbook limitations.
master-lexicon-R1141,Master_Lexicon,1141,Energy,energy,Deck Archetype,Review,0.68,o:/energy counter|\{E\}/,SEMANTIC_REVIEW,"Legitimate player/semantic terminology, but interpretation depends on context or non-native assumptions.",Owner/domain review before executable mapping.
operator-catalog-R4,Operator_Catalog,4,loose name words,loose name words,Names,Production-ready,,loose name words,VERIFIED_INTERNAL,Workbook governance/schema/internal record; no external Scryfall fact required by this verifier.,Keep as internal workbook governance unless a later source authority says otherwise.
operator-catalog-R5,Operator_Catalog,5,!,!,Names,Production-ready,,!,VERIFIED_INTERNAL,Workbook governance/schema/internal record; no external Scryfall fact required by this verifier.,Keep as internal workbook governance unless a later source authority says otherwise.
operator-catalog-R6,Operator_Catalog,6,name:/.../,name:/.../,Names,Production-ready,,name:/.../,UNVERIFIED,No external or internal verifier matched this record.,Owner/domain review required before promotion.
operator-catalog-R7,Operator_Catalog,7,t:,t:,Type,Production-ready,,t:,UNVERIFIED,No external or internal verifier matched this record.,Owner/domain review required before promotion.
operator-catalog-R8,Operator_Catalog,8,o:,o:,Oracle,Production-ready,,o:,UNVERIFIED,No external or internal verifier matched this record.,Owner/domain review required before promotion.
operator-catalog-R9,Operator_Catalog,9,fo:,fo:,Oracle,Production-ready,,fo:,UNVERIFIED,No external or internal verifier matched this record.,Owner/domain review required before promotion.
operator-catalog-R10,Operator_Catalog,10,kw:,kw:,Oracle,Production-ready,,kw:,UNVERIFIED,No external or internal verifier matched this record.,Owner/domain review required before promotion.
operator-catalog-R11,Operator_Catalog,11,~,~,Oracle,Production-ready,,~,VERIFIED_INTERNAL,Workbook governance/schema/internal record; no external Scryfall fact required by this verifier.,Keep as internal workbook governance unless a later source authority says otherwise.
operator-catalog-R12,Operator_Catalog,12,c:,c:,Color,Production-ready,,c:,UNVERIFIED,No external or internal verifier matched this record.,Owner/domain review required before promotion.
operator-catalog-R13,Operator_Catalog,13,id:,id:,Color,Production-ready,,id:,UNVERIFIED,No external or internal verifier matched this record.,Owner/domain review required before promotion.
operator-catalog-R14,Operator_Catalog,14,has:indicator,has:indicator,Color,Production-ready,,has:indicator,UNVERIFIED,No external or internal verifier matched this record.,Owner/domain review required before promotion.
operator-catalog-R15,Operator_Catalog,15,mv,mv,Mana,Production-ready,,mv,UNVERIFIED,No external or internal verifier matched this record.,Owner/domain review required before promotion.
operator-catalog-R16,Operator_Catalog,16,m:,m:,Mana,Production-ready,,m:,UNVERIFIED,No external or internal verifier matched this record.,Owner/domain review required before promotion.
operator-catalog-R17,Operator_Catalog,17,is:hybrid,is:hybrid,Mana,Production-ready,,is:hybrid,UNVERIFIED,No external or internal verifier matched this record.,Owner/domain review required before promotion.
operator-catalog-R18,Operator_Catalog,18,is:phyrexian,is:phyrexian,Mana,Production-ready,,is:phyrexian,UNVERIFIED,No external or internal verifier matched this record.,Owner/domain review required before promotion.
operator-catalog-R19,Operator_Catalog,19,devotion:,devotion:,Mana,Production-ready,,devotion:,UNVERIFIED,No external or internal verifier matched this record.,Owner/domain review required before promotion.
operator-catalog-R20,Operator_Catalog,20,produces:,produces:,Mana,Production-ready,,produces:,UNVERIFIED,No external or internal verifier matched this record.,Owner/domain review required before promotion.
operator-catalog-R21,Operator_Catalog,21,pow,pow,Stats,Production-ready,,pow,UNVERIFIED,No external or internal verifier matched this record.,Owner/domain review required before promotion.
operator-catalog-R22,Operator_Catalog,22,tou,tou,Stats,Production-ready,,tou,UNVERIFIED,No external or internal verifier matched this record.,Owner/domain review required before promotion.
operator-catalog-R23,Operator_Catalog,23,pt,pt,Stats,Production-ready,,pt,VERIFIED_INTERNAL,Workbook governance/schema/internal record; no external Scryfall fact required by this verifier.,Keep as internal workbook governance unless a later source authority says otherwise.
operator-catalog-R24,Operator_Catalog,24,loy,loy,Stats,Production-ready,,loy,UNVERIFIED,No external or internal verifier matched this record.,Owner/domain review required before promotion.
operator-catalog-R25,Operator_Catalog,25,is:split,is:split,Faces,Production-ready,,is:split,UNVERIFIED,No external or internal verifier matched this record.,Owner/domain review required before promotion.
operator-catalog-R26,Operator_Catalog,26,is:flip,is:flip,Faces,Production-ready,,is:flip,UNVERIFIED,No external or internal verifier matched this record.,Owner/domain review required before promotion.
operator-catalog-R27,Operator_Catalog,27,is:transform,is:transform,Faces,Production-ready,,is:transform,UNVERIFIED,No external or internal verifier matched this record.,Owner/domain review required before promotion.
operator-catalog-R28,Operator_Catalog,28,is:meld,is:meld,Faces,Production-ready,,is:meld,UNVERIFIED,No external or internal verifier matched this record.,Owner/domain review required before promotion.
operator-catalog-R29,Operator_Catalog,29,is:meldpart,is:meldpart,Faces,Production-ready,,is:meldpart,UNVERIFIED,No external or internal verifier matched this record.,Owner/domain review required before promotion.
operator-catalog-R30,Operator_Catalog,30,is:meldresult,is:meldresult,Faces,Production-ready,,is:meldresult,UNVERIFIED,No external or internal verifier matched this record.,Owner/domain review required before promotion.
operator-catalog-R31,Operator_Catalog,31,is:dfc,is:dfc,Faces,Production-ready,,is:dfc,UNVERIFIED,No external or internal verifier matched this record.,Owner/domain review required before promotion.
operator-catalog-R32,Operator_Catalog,32,is:mdfc,is:mdfc,Faces,Production-ready,,is:mdfc,UNVERIFIED,No external or internal verifier matched this record.,Owner/domain review required before promotion.
operator-catalog-R33,Operator_Catalog,33,is:leveler,is:leveler,Faces,Production-ready,,is:leveler,UNVERIFIED,No external or internal verifier matched this record.,Owner/domain review required before promotion.
operator-catalog-R34,Operator_Catalog,34,is:spell,is:spell,Intrinsic,Production-ready,,is:spell,UNVERIFIED,No external or internal verifier matched this record.,Owner/domain review required before promotion.
operator-catalog-R35,Operator_Catalog,35,is:permanent,is:permanent,Intrinsic,Production-ready,,is:permanent,UNVERIFIED,No external or internal verifier matched this record.,Owner/domain review required before promotion.
operator-catalog-R36,Operator_Catalog,36,is:historic,is:historic,Intrinsic,Production-ready,,is:historic,UNVERIFIED,No external or internal verifier matched this record.,Owner/domain review required before promotion.
operator-catalog-R37,Operator_Catalog,37,is:party,is:party,Intrinsic,Production-ready,,is:party,UNVERIFIED,No external or internal verifier matched this record.,Owner/domain review required before promotion.
operator-catalog-R38,Operator_Catalog,38,is:outlaw,is:outlaw,Intrinsic,Production-ready,,is:outlaw,UNVERIFIED,No external or internal verifier matched this record.,Owner/domain review required before promotion.
operator-catalog-R39,Operator_Catalog,39,is:modal,is:modal,Intrinsic,Production-ready,,is:modal,UNVERIFIED,No external or internal verifier matched this record.,Owner/domain review required before promotion.
operator-catalog-R40,Operator_Catalog,40,is:vanilla,is:vanilla,Intrinsic,Production-ready,,is:vanilla,UNVERIFIED,No external or internal verifier matched this record.,Owner/domain review required before promotion.
operator-catalog-R41,Operator_Catalog,41,is:frenchvanilla,is:frenchvanilla,Intrinsic,Production-ready,,is:frenchvanilla,UNVERIFIED,No external or internal verifier matched this record.,Owner/domain review required before promotion.
operator-catalog-R42,Operator_Catalog,42,is:bear,is:bear,Intrinsic,Production-ready,,is:bear,UNVERIFIED,No external or internal verifier matched this record.,Owner/domain review required before promotion.
operator-catalog-R43,Operator_Catalog,43,is:manland,is:manland,Intrinsic,Production-ready,,is:manland,UNVERIFIED,No external or internal verifier matched this record.,Owner/domain review required before promotion.
operator-catalog-R44,Operator_Catalog,44,is:funny,is:funny,Extras,Production-ready,,is:funny,UNVERIFIED,No external or internal verifier matched this record.,Owner/domain review required before promotion.
operator-catalog-R45,Operator_Catalog,45,include:extras,include:extras,Extras,Production-ready,,include:extras,UNVERIFIED,No external or internal verifier matched this record.,Owner/domain review required before promotion.
operator-catalog-R46,Operator_Catalog,46,r:,r:,Rarity,Production-ready,,r:,UNVERIFIED,No external or internal verifier matched this record.,Owner/domain review required before promotion.
operator-catalog-R47,Operator_Catalog,47,new:rarity,new:rarity,Rarity,Production-ready,,new:rarity,UNVERIFIED,No external or internal verifier matched this record.,Owner/domain review required before promotion.
operator-catalog-R48,Operator_Catalog,48,in:[rarity],in:[rarity],Rarity,Production-ready,,in:[rarity],VERIFIED_INTERNAL,Workbook governance/schema/internal record; no external Scryfall fact required by this verifier.,Keep as internal workbook governance unless a later source authority says otherwise.
operator-catalog-R49,Operator_Catalog,49,is:newinpauper,is:newinpauper,Rarity,Production-ready,,is:newinpauper,UNVERIFIED,No external or internal verifier matched this record.,Owner/domain review required before promotion.
operator-catalog-R50,Operator_Catalog,50,s:,s:,Sets,Production-ready,,s:,UNVERIFIED,No external or internal verifier matched this record.,Owner/domain review required before promotion.
operator-catalog-R51,Operator_Catalog,51,cn:,cn:,Sets,Production-ready,,cn:,UNVERIFIED,No external or internal verifier matched this record.,Owner/domain review required before promotion.
operator-catalog-R52,Operator_Catalog,52,b:,b:,Sets,Production-ready,,b:,UNVERIFIED,No external or internal verifier matched this record.,Owner/domain review required before promotion.
operator-catalog-R53,Operator_Catalog,53,g:,g:,Sets,Production-ready,,g:,UNVERIFIED,No external or internal verifier matched this record.,Owner/domain review required before promotion.
operator-catalog-R54,Operator_Catalog,54,st:,st:,Sets,Production-ready,,st:,UNVERIFIED,No external or internal verifier matched this record.,Owner/domain review required before promotion.
operator-catalog-R55,Operator_Catalog,55,in:[set],in:[set],Sets,Production-ready,,in:[set],VERIFIED_INTERNAL,Workbook governance/schema/internal record; no external Scryfall fact required by this verifier.,Keep as internal workbook governance unless a later source authority says otherwise.
operator-catalog-R56,Operator_Catalog,56,is:booster,is:booster,Sets,Production-ready,,is:booster,UNVERIFIED,No external or internal verifier matched this record.,Owner/domain review required before promotion.
operator-catalog-R57,Operator_Catalog,57,is:planeswalker_deck,is:planeswalker_deck,Sets,Production-ready,,is:planeswalker_deck,UNVERIFIED,No external or internal verifier matched this record.,Owner/domain review required before promotion.
operator-catalog-R58,Operator_Catalog,58,cube:,cube:,Cubes,Production-ready,,cube:,UNVERIFIED,No external or internal verifier matched this record.,Owner/domain review required before promotion.
operator-catalog-R59,Operator_Catalog,59,f:,f:,Formats,Production-ready,,f:,UNVERIFIED,No external or internal verifier matched this record.,Owner/domain review required before promotion.
operator-catalog-R60,Operator_Catalog,60,banned:,banned:,Formats,Production-ready,,banned:,UNVERIFIED,No external or internal verifier matched this record.,Owner/domain review required before promotion.
operator-catalog-R61,Operator_Catalog,61,restricted:,restricted:,Formats,Production-ready,,restricted:,UNVERIFIED,No external or internal verifier matched this record.,Owner/domain review required before promotion.
operator-catalog-R62,Operator_Catalog,62,is:commander,is:commander,Commander,Production-ready,,is:commander,UNVERIFIED,No external or internal verifier matched this record.,Owner/domain review required before promotion.
operator-catalog-R63,Operator_Catalog,63,is:brawler,is:brawler,Commander,Production-ready,,is:brawler,UNVERIFIED,No external or internal verifier matched this record.,Owner/domain review required before promotion.
operator-catalog-R64,Operator_Catalog,64,is:companion,is:companion,Commander,Production-ready,,is:companion,UNVERIFIED,No external or internal verifier matched this record.,Owner/domain review required before promotion.
operator-catalog-R65,Operator_Catalog,65,is:duelcommander,is:duelcommander,Commander,Production-ready,,is:duelcommander,UNVERIFIED,No external or internal verifier matched this record.,Owner/domain review required before promotion.
operator-catalog-R66,Operator_Catalog,66,is:oathbreaker,is:oathbreaker,Commander,Production-ready,,is:oathbreaker,UNVERIFIED,No external or internal verifier matched this record.,Owner/domain review required before promotion.
operator-catalog-R67,Operator_Catalog,67,is:partner,is:partner,Commander,Production-ready,,is:partner,UNVERIFIED,No external or internal verifier matched this record.,Owner/domain review required before promotion.
operator-catalog-R68,Operator_Catalog,68,edhrec,edhrec,Commander,Production-ready,,edhrec,VERIFIED_INTERNAL,Workbook governance/schema/internal record; no external Scryfall fact required by this verifier.,Keep as internal workbook governance unless a later source authority says otherwise.
operator-catalog-R69,Operator_Catalog,69,is:gamechanger,is:gamechanger,Commander,Production-ready,,is:gamechanger,UNVERIFIED,No external or internal verifier matched this record.,Owner/domain review required before promotion.
operator-catalog-R70,Operator_Catalog,70,is:reserved,is:reserved,Commander,Production-ready,,is:reserved,UNVERIFIED,No external or internal verifier matched this record.,Owner/domain review required before promotion.
operator-catalog-R71,Operator_Catalog,71,usd,usd,Price,Production-ready,,usd,UNVERIFIED,No external or internal verifier matched this record.,Owner/domain review required before promotion.
operator-catalog-R72,Operator_Catalog,72,eur,eur,Price,Production-ready,,eur,UNVERIFIED,No external or internal verifier matched this record.,Owner/domain review required before promotion.
operator-catalog-R73,Operator_Catalog,73,tix,tix,Price,Production-ready,,tix,UNVERIFIED,No external or internal verifier matched this record.,Owner/domain review required before promotion.
operator-catalog-R74,Operator_Catalog,74,cheapest:usd,cheapest:usd,Price,Production-ready,,cheapest:usd,UNVERIFIED,No external or internal verifier matched this record.,Owner/domain review required before promotion.
operator-catalog-R75,Operator_Catalog,75,cheapest:eur,cheapest:eur,Price,Production-ready,,cheapest:eur,UNVERIFIED,No external or internal verifier matched this record.,Owner/domain review required before promotion.
operator-catalog-R76,Operator_Catalog,76,cheapest:tix,cheapest:tix,Price,Production-ready,,cheapest:tix,UNVERIFIED,No external or internal verifier matched this record.,Owner/domain review required before promotion.
operator-catalog-R77,Operator_Catalog,77,a:,a:,Metadata,Production-ready,,a:,UNVERIFIED,No external or internal verifier matched this record.,Owner/domain review required before promotion.
operator-catalog-R78,Operator_Catalog,78,artists,artists,Metadata,Production-ready,,artists,VERIFIED_INTERNAL,Workbook governance/schema/internal record; no external Scryfall fact required by this verifier.,Keep as internal workbook governance unless a later source authority says otherwise.
operator-catalog-R79,Operator_Catalog,79,ft:,ft:,Metadata,Production-ready,,ft:,UNVERIFIED,No external or internal verifier matched this record.,Owner/domain review required before promotion.
operator-catalog-R80,Operator_Catalog,80,wm:,wm:,Metadata,Production-ready,,wm:,UNVERIFIED,No external or internal verifier matched this record.,Owner/domain review required before promotion.
operator-catalog-R81,Operator_Catalog,81,has:watermark,has:watermark,Metadata,Production-ready,,has:watermark,UNVERIFIED,No external or internal verifier matched this record.,Owner/domain review required before promotion.
operator-catalog-R82,Operator_Catalog,82,new:art,new:art,Metadata,Production-ready,,new:art,UNVERIFIED,No external or internal verifier matched this record.,Owner/domain review required before promotion.
operator-catalog-R83,Operator_Catalog,83,new:artist,new:artist,Metadata,Production-ready,,new:artist,UNVERIFIED,No external or internal verifier matched this record.,Owner/domain review required before promotion.
operator-catalog-R84,Operator_Catalog,84,new:flavor,new:flavor,Metadata,Production-ready,,new:flavor,UNVERIFIED,No external or internal verifier matched this record.,Owner/domain review required before promotion.
operator-catalog-R85,Operator_Catalog,85,illustrations,illustrations,Metadata,Production-ready,,illustrations,VERIFIED_INTERNAL,Workbook governance/schema/internal record; no external Scryfall fact required by this verifier.,Keep as internal workbook governance unless a later source authority says otherwise.
operator-catalog-R86,Operator_Catalog,86,border:,border:,Frames,Production-ready,,border:,UNVERIFIED,No external or internal verifier matched this record.,Owner/domain review required before promotion.
operator-catalog-R87,Operator_Catalog,87,frame:,frame:,Frames,Production-ready,,frame:,UNVERIFIED,No external or internal verifier matched this record.,Owner/domain review required before promotion.
operator-catalog-R88,Operator_Catalog,88,new:frame,new:frame,Frames,Production-ready,,new:frame,UNVERIFIED,No external or internal verifier matched this record.,Owner/domain review required before promotion.
operator-catalog-R89,Operator_Catalog,89,is:full,is:full,Frames,Production-ready,,is:full,UNVERIFIED,No external or internal verifier matched this record.,Owner/domain review required before promotion.
operator-catalog-R90,Operator_Catalog,90,is:foil,is:foil,Frames,Production-ready,,is:foil,UNVERIFIED,No external or internal verifier matched this record.,Owner/domain review required before promotion.
operator-catalog-R91,Operator_Catalog,91,is:nonfoil,is:nonfoil,Frames,Production-ready,,is:nonfoil,UNVERIFIED,No external or internal verifier matched this record.,Owner/domain review required before promotion.
operator-catalog-R92,Operator_Catalog,92,is:etched,is:etched,Frames,Production-ready,,is:etched,UNVERIFIED,No external or internal verifier matched this record.,Owner/domain review required before promotion.
operator-catalog-R93,Operator_Catalog,93,is:glossy,is:glossy,Frames,Production-ready,,is:glossy,UNVERIFIED,No external or internal verifier matched this record.,Owner/domain review required before promotion.
operator-catalog-R94,Operator_Catalog,94,is:hires,is:hires,Frames,Production-ready,,is:hires,UNVERIFIED,No external or internal verifier matched this record.,Owner/domain review required before promotion.
operator-catalog-R95,Operator_Catalog,95,stamp:,stamp:,Frames,Production-ready,,stamp:,UNVERIFIED,No external or internal verifier matched this record.,Owner/domain review required before promotion.
operator-catalog-R96,Operator_Catalog,96,is:universesbeyond,is:universesbeyond,Frames,Production-ready,,is:universesbeyond,UNVERIFIED,No external or internal verifier matched this record.,Owner/domain review required before promotion.
operator-catalog-R97,Operator_Catalog,97,not:universesbeyond,not:universesbeyond,Frames,Production-ready,,not:universesbeyond,UNVERIFIED,No external or internal verifier matched this record.,Owner/domain review required before promotion.
operator-catalog-R98,Operator_Catalog,98,is:default,is:default,Frames,Production-ready,,is:default,UNVERIFIED,No external or internal verifier matched this record.,Owner/domain review required before promotion.
operator-catalog-R99,Operator_Catalog,99,is:atypical,is:atypical,Frames,Production-ready,,is:atypical,UNVERIFIED,No external or internal verifier matched this record.,Owner/domain review required before promotion.
operator-catalog-R100,Operator_Catalog,100,game:,game:,Games,Production-ready,,game:,UNVERIFIED,No external or internal verifier matched this record.,Owner/domain review required before promotion.
operator-catalog-R101,Operator_Catalog,101,in:[game],in:[game],Games,Production-ready,,in:[game],VERIFIED_INTERNAL,Workbook governance/schema/internal record; no external Scryfall fact required by this verifier.,Keep as internal workbook governance unless a later source authority says otherwise.
operator-catalog-R102,Operator_Catalog,102,is:digital,is:digital,Games,Production-ready,,is:digital,UNVERIFIED,No external or internal verifier matched this record.,Owner/domain review required before promotion.
operator-catalog-R103,Operator_Catalog,103,is:alchemy,is:alchemy,Games,Production-ready,,is:alchemy,UNVERIFIED,No external or internal verifier matched this record.,Owner/domain review required before promotion.
operator-catalog-R104,Operator_Catalog,104,is:rebalanced,is:rebalanced,Games,Production-ready,,is:rebalanced,UNVERIFIED,No external or internal verifier matched this record.,Owner/domain review required before promotion.
operator-catalog-R105,Operator_Catalog,105,is:promo,is:promo,Games,Production-ready,,is:promo,UNVERIFIED,No external or internal verifier matched this record.,Owner/domain review required before promotion.
operator-catalog-R106,Operator_Catalog,106,is:spotlight,is:spotlight,Games,Production-ready,,is:spotlight,UNVERIFIED,No external or internal verifier matched this record.,Owner/domain review required before promotion.
operator-catalog-R107,Operator_Catalog,107,is:scryfallpreview,is:scryfallpreview,Games,Production-ready,,is:scryfallpreview,UNVERIFIED,No external or internal verifier matched this record.,Owner/domain review required before promotion.
operator-catalog-R108,Operator_Catalog,108,year,year,Date,Production-ready,,year,UNVERIFIED,No external or internal verifier matched this record.,Owner/domain review required before promotion.
operator-catalog-R109,Operator_Catalog,109,date,date,Date,Production-ready,,date,UNVERIFIED,No external or internal verifier matched this record.,Owner/domain review required before promotion.
operator-catalog-R110,Operator_Catalog,110,art:,art:,Tagger,Tag-dependent,,art:,UNVERIFIED,No external or internal verifier matched this record.,Owner/domain review required before promotion.
operator-catalog-R111,Operator_Catalog,111,function:,function:,Tagger,Tag-dependent,,function:,VERIFIED_TAG,Exact Tagger oracle tag probe returned current results.,Safe only as exact governed Tagger mapping; preserve workbook limitations.
operator-catalog-R112,Operator_Catalog,112,is:reprint,is:reprint,Reprints,Production-ready,,is:reprint,UNVERIFIED,No external or internal verifier matched this record.,Owner/domain review required before promotion.
operator-catalog-R113,Operator_Catalog,113,not:reprint,not:reprint,Reprints,Production-ready,,not:reprint,UNVERIFIED,No external or internal verifier matched this record.,Owner/domain review required before promotion.
operator-catalog-R114,Operator_Catalog,114,is:unique,is:unique,Reprints,Production-ready,,is:unique,UNVERIFIED,No external or internal verifier matched this record.,Owner/domain review required before promotion.
operator-catalog-R115,Operator_Catalog,115,prints,prints,Reprints,Production-ready,,prints,VERIFIED_INTERNAL,Workbook governance/schema/internal record; no external Scryfall fact required by this verifier.,Keep as internal workbook governance unless a later source authority says otherwise.
operator-catalog-R116,Operator_Catalog,116,sets,sets,Reprints,Production-ready,,sets,VERIFIED_INTERNAL,Workbook governance/schema/internal record; no external Scryfall fact required by this verifier.,Keep as internal workbook governance unless a later source authority says otherwise.
operator-catalog-R117,Operator_Catalog,117,paperprints,paperprints,Reprints,Production-ready,,paperprints,VERIFIED_INTERNAL,Workbook governance/schema/internal record; no external Scryfall fact required by this verifier.,Keep as internal workbook governance unless a later source authority says otherwise.
operator-catalog-R118,Operator_Catalog,118,papersets,papersets,Reprints,Production-ready,,papersets,VERIFIED_INTERNAL,Workbook governance/schema/internal record; no external Scryfall fact required by this verifier.,Keep as internal workbook governance unless a later source authority says otherwise.
operator-catalog-R119,Operator_Catalog,119,lang:,lang:,Language,Production-ready,,lang:,UNVERIFIED,No external or internal verifier matched this record.,Owner/domain review required before promotion.
operator-catalog-R120,Operator_Catalog,120,lang:any,lang:any,Language,Production-ready,,lang:any,UNVERIFIED,No external or internal verifier matched this record.,Owner/domain review required before promotion.
operator-catalog-R121,Operator_Catalog,121,new:language,new:language,Language,Production-ready,,new:language,UNVERIFIED,No external or internal verifier matched this record.,Owner/domain review required before promotion.
operator-catalog-R122,Operator_Catalog,122,in:[language],in:[language],Language,Production-ready,,in:[language],VERIFIED_INTERNAL,Workbook governance/schema/internal record; no external Scryfall fact required by this verifier.,Keep as internal workbook governance unless a later source authority says otherwise.
operator-catalog-R123,Operator_Catalog,123,-,-,Boolean,Production-ready,,-,VERIFIED_INTERNAL,Workbook governance/schema/internal record; no external Scryfall fact required by this verifier.,Keep as internal workbook governance unless a later source authority says otherwise.
operator-catalog-R124,Operator_Catalog,124,not:,not:,Boolean,Production-ready,,not:,UNVERIFIED,No external or internal verifier matched this record.,Owner/domain review required before promotion.
operator-catalog-R125,Operator_Catalog,125,OR,or,Boolean,Production-ready,,OR,VERIFIED_INTERNAL,Workbook governance/schema/internal record; no external Scryfall fact required by this verifier.,Keep as internal workbook governance unless a later source authority says otherwise.
operator-catalog-R126,Operator_Catalog,126,(...),(...),Boolean,Production-ready,,(...),VERIFIED_INTERNAL,Workbook governance/schema/internal record; no external Scryfall fact required by this verifier.,Keep as internal workbook governance unless a later source authority says otherwise.
operator-catalog-R127,Operator_Catalog,127,field:/.../,field:/.../,Regex,Production-ready,,field:/.../,INVALID,Bounded Scryfall query/operator probe was rejected.,Correct or retire syntax claim in source-review process.
operator-catalog-R128,Operator_Catalog,128,unique:cards,unique:cards,Results,Production-ready,,unique:cards,UNVERIFIED,No external or internal verifier matched this record.,Owner/domain review required before promotion.
operator-catalog-R129,Operator_Catalog,129,unique:prints,unique:prints,Results,Production-ready,,unique:prints,UNVERIFIED,No external or internal verifier matched this record.,Owner/domain review required before promotion.
operator-catalog-R130,Operator_Catalog,130,unique:art,unique:art,Results,Production-ready,,unique:art,UNVERIFIED,No external or internal verifier matched this record.,Owner/domain review required before promotion.
operator-catalog-R131,Operator_Catalog,131,display:,display:,Results,Production-ready,,display:,UNVERIFIED,No external or internal verifier matched this record.,Owner/domain review required before promotion.
operator-catalog-R132,Operator_Catalog,132,order:,order:,Results,Production-ready,,order:,UNVERIFIED,No external or internal verifier matched this record.,Owner/domain review required before promotion.
operator-catalog-R133,Operator_Catalog,133,direction:,direction:,Results,Production-ready,,direction:,UNVERIFIED,No external or internal verifier matched this record.,Owner/domain review required before promotion.
operator-catalog-R134,Operator_Catalog,134,prefer:,prefer:,Results,Production-ready,,prefer:,UNVERIFIED,No external or internal verifier matched this record.,Owner/domain review required before promotion.
plain-language-R4,Plain_Language,4,white,w,Color,,0.97,[COLOR_OPERATOR]w,VERIFIED_INTERNAL,Workbook governance/schema/internal record; no external Scryfall fact required by this verifier.,Keep as internal workbook governance unless a later source authority says otherwise.
plain-language-R5,Plain_Language,5,blue,u,Color,,0.97,[COLOR_OPERATOR]u,VERIFIED_INTERNAL,Workbook governance/schema/internal record; no external Scryfall fact required by this verifier.,Keep as internal workbook governance unless a later source authority says otherwise.
plain-language-R6,Plain_Language,6,black,b,Color,,0.97,[COLOR_OPERATOR]b,VERIFIED_INTERNAL,Workbook governance/schema/internal record; no external Scryfall fact required by this verifier.,Keep as internal workbook governance unless a later source authority says otherwise.
plain-language-R7,Plain_Language,7,red,r,Color,,0.97,[COLOR_OPERATOR]r,VERIFIED_INTERNAL,Workbook governance/schema/internal record; no external Scryfall fact required by this verifier.,Keep as internal workbook governance unless a later source authority says otherwise.
plain-language-R8,Plain_Language,8,green,g,Color,,0.97,[COLOR_OPERATOR]g,VERIFIED_INTERNAL,Workbook governance/schema/internal record; no external Scryfall fact required by this verifier.,Keep as internal workbook governance unless a later source authority says otherwise.
plain-language-R9,Plain_Language,9,colorless,c,Color,,0.97,[COLOR_OPERATOR]c,VERIFIED_INTERNAL,Workbook governance/schema/internal record; no external Scryfall fact required by this verifier.,Keep as internal workbook governance unless a later source authority says otherwise.
plain-language-R10,Plain_Language,10,azorius,wu,Color identity,,0.92,id<=wu,SEMANTIC_REVIEW,"Legitimate player/semantic terminology, but interpretation depends on context or non-native assumptions.",Owner/domain review before executable mapping.
plain-language-R11,Plain_Language,11,dimir,ub,Color identity,,0.92,id<=ub,SEMANTIC_REVIEW,"Legitimate player/semantic terminology, but interpretation depends on context or non-native assumptions.",Owner/domain review before executable mapping.
plain-language-R12,Plain_Language,12,rakdos,br,Color identity,,0.92,id<=br,SEMANTIC_REVIEW,"Legitimate player/semantic terminology, but interpretation depends on context or non-native assumptions.",Owner/domain review before executable mapping.
plain-language-R13,Plain_Language,13,gruul,rg,Color identity,,0.92,id<=rg,SEMANTIC_REVIEW,"Legitimate player/semantic terminology, but interpretation depends on context or non-native assumptions.",Owner/domain review before executable mapping.
plain-language-R14,Plain_Language,14,selesnya,gw,Color identity,,0.92,id<=gw,SEMANTIC_REVIEW,"Legitimate player/semantic terminology, but interpretation depends on context or non-native assumptions.",Owner/domain review before executable mapping.
plain-language-R15,Plain_Language,15,orzhov,wb,Color identity,,0.92,id<=wb,SEMANTIC_REVIEW,"Legitimate player/semantic terminology, but interpretation depends on context or non-native assumptions.",Owner/domain review before executable mapping.
plain-language-R16,Plain_Language,16,izzet,ur,Color identity,,0.92,id<=ur,SEMANTIC_REVIEW,"Legitimate player/semantic terminology, but interpretation depends on context or non-native assumptions.",Owner/domain review before executable mapping.
plain-language-R17,Plain_Language,17,golgari,bg,Color identity,,0.92,id<=bg,SEMANTIC_REVIEW,"Legitimate player/semantic terminology, but interpretation depends on context or non-native assumptions.",Owner/domain review before executable mapping.
plain-language-R18,Plain_Language,18,boros,rw,Color identity,,0.92,id<=rw,SEMANTIC_REVIEW,"Legitimate player/semantic terminology, but interpretation depends on context or non-native assumptions.",Owner/domain review before executable mapping.
plain-language-R19,Plain_Language,19,simic,gu,Color identity,,0.92,id<=gu,SEMANTIC_REVIEW,"Legitimate player/semantic terminology, but interpretation depends on context or non-native assumptions.",Owner/domain review before executable mapping.
plain-language-R20,Plain_Language,20,bant,gwu,Color identity,,0.92,id<=gwu,SEMANTIC_REVIEW,"Legitimate player/semantic terminology, but interpretation depends on context or non-native assumptions.",Owner/domain review before executable mapping.
plain-language-R21,Plain_Language,21,esper,wub,Color identity,,0.92,id<=wub,SEMANTIC_REVIEW,"Legitimate player/semantic terminology, but interpretation depends on context or non-native assumptions.",Owner/domain review before executable mapping.
plain-language-R22,Plain_Language,22,grixis,ubr,Color identity,,0.92,id<=ubr,SEMANTIC_REVIEW,"Legitimate player/semantic terminology, but interpretation depends on context or non-native assumptions.",Owner/domain review before executable mapping.
plain-language-R23,Plain_Language,23,jund,brg,Color identity,,0.92,id<=brg,SEMANTIC_REVIEW,"Legitimate player/semantic terminology, but interpretation depends on context or non-native assumptions.",Owner/domain review before executable mapping.
plain-language-R24,Plain_Language,24,naya,rgw,Color identity,,0.92,id<=rgw,SEMANTIC_REVIEW,"Legitimate player/semantic terminology, but interpretation depends on context or non-native assumptions.",Owner/domain review before executable mapping.
plain-language-R25,Plain_Language,25,abzan,wbg,Color identity,,0.92,id<=wbg,SEMANTIC_REVIEW,"Legitimate player/semantic terminology, but interpretation depends on context or non-native assumptions.",Owner/domain review before executable mapping.
plain-language-R26,Plain_Language,26,jeskai,urw,Color identity,,0.92,id<=urw,SEMANTIC_REVIEW,"Legitimate player/semantic terminology, but interpretation depends on context or non-native assumptions.",Owner/domain review before executable mapping.
plain-language-R27,Plain_Language,27,sultai,bgu,Color identity,,0.92,id<=bgu,SEMANTIC_REVIEW,"Legitimate player/semantic terminology, but interpretation depends on context or non-native assumptions.",Owner/domain review before executable mapping.
plain-language-R28,Plain_Language,28,mardu,rwb,Color identity,,0.92,id<=rwb,SEMANTIC_REVIEW,"Legitimate player/semantic terminology, but interpretation depends on context or non-native assumptions.",Owner/domain review before executable mapping.
plain-language-R29,Plain_Language,29,temur,gur,Color identity,,0.92,id<=gur,SEMANTIC_REVIEW,"Legitimate player/semantic terminology, but interpretation depends on context or non-native assumptions.",Owner/domain review before executable mapping.
plain-language-R30,Plain_Language,30,silverquill,wb,Color identity,,0.92,id<=wb,SEMANTIC_REVIEW,"Legitimate player/semantic terminology, but interpretation depends on context or non-native assumptions.",Owner/domain review before executable mapping.
plain-language-R31,Plain_Language,31,prismari,ur,Color identity,,0.92,id<=ur,SEMANTIC_REVIEW,"Legitimate player/semantic terminology, but interpretation depends on context or non-native assumptions.",Owner/domain review before executable mapping.
plain-language-R32,Plain_Language,32,witherbloom,bg,Color identity,,0.92,id<=bg,SEMANTIC_REVIEW,"Legitimate player/semantic terminology, but interpretation depends on context or non-native assumptions.",Owner/domain review before executable mapping.
plain-language-R33,Plain_Language,33,lorehold,rw,Color identity,,0.92,id<=rw,SEMANTIC_REVIEW,"Legitimate player/semantic terminology, but interpretation depends on context or non-native assumptions.",Owner/domain review before executable mapping.
plain-language-R34,Plain_Language,34,quandrix,gu,Color identity,,0.92,id<=gu,SEMANTIC_REVIEW,"Legitimate player/semantic terminology, but interpretation depends on context or non-native assumptions.",Owner/domain review before executable mapping.
plain-language-R35,Plain_Language,35,glint-eye,ubrg,Color identity,,0.92,id<=ubrg,SEMANTIC_REVIEW,"Legitimate player/semantic terminology, but interpretation depends on context or non-native assumptions.",Owner/domain review before executable mapping.
plain-language-R36,Plain_Language,36,glint eye,ubrg,Color identity,,0.92,id<=ubrg,SEMANTIC_REVIEW,"Legitimate player/semantic terminology, but interpretation depends on context or non-native assumptions.",Owner/domain review before executable mapping.
plain-language-R37,Plain_Language,37,dune-brood,brgw,Color identity,,0.92,id<=brgw,SEMANTIC_REVIEW,"Legitimate player/semantic terminology, but interpretation depends on context or non-native assumptions.",Owner/domain review before executable mapping.
plain-language-R38,Plain_Language,38,dune brood,brgw,Color identity,,0.92,id<=brgw,SEMANTIC_REVIEW,"Legitimate player/semantic terminology, but interpretation depends on context or non-native assumptions.",Owner/domain review before executable mapping.
plain-language-R39,Plain_Language,39,ink-treader,rgwu,Color identity,,0.92,id<=rgwu,SEMANTIC_REVIEW,"Legitimate player/semantic terminology, but interpretation depends on context or non-native assumptions.",Owner/domain review before executable mapping.
plain-language-R40,Plain_Language,40,ink treader,rgwu,Color identity,,0.92,id<=rgwu,SEMANTIC_REVIEW,"Legitimate player/semantic terminology, but interpretation depends on context or non-native assumptions.",Owner/domain review before executable mapping.
plain-language-R41,Plain_Language,41,witch-maw,gwub,Color identity,,0.92,id<=gwub,SEMANTIC_REVIEW,"Legitimate player/semantic terminology, but interpretation depends on context or non-native assumptions.",Owner/domain review before executable mapping.
plain-language-R42,Plain_Language,42,witch maw,gwub,Color identity,,0.92,id<=gwub,SEMANTIC_REVIEW,"Legitimate player/semantic terminology, but interpretation depends on context or non-native assumptions.",Owner/domain review before executable mapping.
plain-language-R43,Plain_Language,43,yore-tiller,wubr,Color identity,,0.92,id<=wubr,SEMANTIC_REVIEW,"Legitimate player/semantic terminology, but interpretation depends on context or non-native assumptions.",Owner/domain review before executable mapping.
plain-language-R44,Plain_Language,44,yore tiller,wubr,Color identity,,0.92,id<=wubr,SEMANTIC_REVIEW,"Legitimate player/semantic terminology, but interpretation depends on context or non-native assumptions.",Owner/domain review before executable mapping.
plain-language-R45,Plain_Language,45,chaos,ubrg,Color identity,,0.92,id<=ubrg,SEMANTIC_REVIEW,"Legitimate player/semantic terminology, but interpretation depends on context or non-native assumptions.",Owner/domain review before executable mapping.
plain-language-R46,Plain_Language,46,aggression,brgw,Color identity,,0.92,id<=brgw,SEMANTIC_REVIEW,"Legitimate player/semantic terminology, but interpretation depends on context or non-native assumptions.",Owner/domain review before executable mapping.
plain-language-R47,Plain_Language,47,altruism,rgwu,Color identity,,0.92,id<=rgwu,SEMANTIC_REVIEW,"Legitimate player/semantic terminology, but interpretation depends on context or non-native assumptions.",Owner/domain review before executable mapping.
plain-language-R48,Plain_Language,48,growth,gwub,Color identity,,0.92,id<=gwub,SEMANTIC_REVIEW,"Legitimate player/semantic terminology, but interpretation depends on context or non-native assumptions.",Owner/domain review before executable mapping.
plain-language-R49,Plain_Language,49,artifice,wubr,Color identity,,0.92,id<=wubr,SEMANTIC_REVIEW,"Legitimate player/semantic terminology, but interpretation depends on context or non-native assumptions.",Owner/domain review before executable mapping.
plain-language-R50,Plain_Language,50,five color,wubrg,Color identity,,0.92,id<=wubrg,SEMANTIC_REVIEW,"Legitimate player/semantic terminology, but interpretation depends on context or non-native assumptions.",Owner/domain review before executable mapping.
plain-language-R51,Plain_Language,51,five-color,wubrg,Color identity,,0.92,id<=wubrg,SEMANTIC_REVIEW,"Legitimate player/semantic terminology, but interpretation depends on context or non-native assumptions.",Owner/domain review before executable mapping.
plain-language-R52,Plain_Language,52,5 color,wubrg,Color identity,,0.92,id<=wubrg,SEMANTIC_REVIEW,"Legitimate player/semantic terminology, but interpretation depends on context or non-native assumptions.",Owner/domain review before executable mapping.
plain-language-R53,Plain_Language,53,wubrg,wubrg,Color identity,,0.92,id<=wubrg,SEMANTIC_REVIEW,"Legitimate player/semantic terminology, but interpretation depends on context or non-native assumptions.",Owner/domain review before executable mapping.
archetype-map-R4,Archetype_Map,4,token deck; go wide; token makers; make tokens,token deck; go wide; token makers; make tokens,Semantic function,Review,0.68,o:/create.*token/,STALE,Tagger probe indicates the claimed tag is not currently accepted.,Queue for tag review; do not replace with fuzzy tag.
archetype-map-R5,Archetype_Map,5,+1 counters; plus one counters; counters matter,+1 counters; plus one counters; counters matter,Semantic function,Production-ready,0.94,o:/\+1\/\+1 counter/,VERIFIED_TAG,Exact Tagger oracle tag probe returned current results.,Safe only as exact governed Tagger mapping; preserve workbook limitations.
archetype-map-R6,Archetype_Map,6,artifacts; artifact deck; artifacts matter,artifacts; artifact deck; artifacts matter,Relationship,Review,0.68,t:artifact,SEMANTIC_REVIEW,"Legitimate player/semantic terminology, but interpretation depends on context or non-native assumptions.",Owner/domain review before executable mapping.
archetype-map-R7,Archetype_Map,7,combo; combos; combo pieces,combo; combos; combo pieces,Subjective archetype,Semantic,0.3,,SEMANTIC_REVIEW,"Legitimate player/semantic terminology, but interpretation depends on context or non-native assumptions.",Owner/domain review before executable mapping.
archetype-map-R8,Archetype_Map,8,lifegain; life gain; gain life,lifegain; life gain; gain life,Semantic function,Production-ready,0.94,o:/gain.*life/,SEMANTIC_REVIEW,"Legitimate player/semantic terminology, but interpretation depends on context or non-native assumptions.",Owner/domain review before executable mapping.
archetype-map-R9,Archetype_Map,9,spellslinger; spells matter; instants and sorceries,spellslinger; spells matter; instants and sorceries,Relationship,Semantic,0.3,(t:instant or t:sorcery),SEMANTIC_REVIEW,"Legitimate player/semantic terminology, but interpretation depends on context or non-native assumptions.",Owner/domain review before executable mapping.
archetype-map-R10,Archetype_Map,10,aristocrats; death triggers; sacrifice deck,aristocrats; death triggers; sacrifice deck,Composite archetype,Review,0.68,o:sacrifice,VERIFIED_TAG,Exact Tagger oracle tag probe returned current results.,Safe only as exact governed Tagger mapping; preserve workbook limitations.
archetype-map-R11,Archetype_Map,11,reanimator; reanimate; bring creatures back,reanimator; reanimate; bring creatures back,Semantic function,Review,0.68,o:/return.*creature.*from.*graveyard.*battlefield/,VERIFIED_TAG,Exact Tagger oracle tag probe returned current results.,Safe only as exact governed Tagger mapping; preserve workbook limitations.
archetype-map-R12,Archetype_Map,12,ramp; mana ramp; accelerate mana,ramp; mana ramp; accelerate mana,Semantic function,Production-ready,0.94,otag:ramp,VERIFIED_TAG,Exact Tagger oracle tag probe returned current results.,Safe only as exact governed Tagger mapping; preserve workbook limitations.
archetype-map-R13,Archetype_Map,13,lands matter; land deck; land synergy,lands matter; land deck; land synergy,Relationship,Semantic,0.3,o:land,SEMANTIC_REVIEW,"Legitimate player/semantic terminology, but interpretation depends on context or non-native assumptions.",Owner/domain review before executable mapping.
archetype-map-R14,Archetype_Map,14,landfall,landfall,Named mechanic,Production-ready,0.94,o:landfall,AMBIGUOUS,Same normalized term has multiple legitimate workbook meanings or mappings.,Add context-sensitive Plain Reading disambiguation; do not select a global winner.
archetype-map-R15,Archetype_Map,15,treasure; treasures; treasure tokens,treasure; treasures; treasure tokens,Named token/function,Production-ready,0.94,o:Treasure,SEMANTIC_REVIEW,"Legitimate player/semantic terminology, but interpretation depends on context or non-native assumptions.",Owner/domain review before executable mapping.
archetype-map-R16,Archetype_Map,16,equipment; equipments,equipment; equipments,Native taxonomy,Production-ready,0.94,t:equipment,SEMANTIC_REVIEW,"Legitimate player/semantic terminology, but interpretation depends on context or non-native assumptions.",Owner/domain review before executable mapping.
archetype-map-R17,Archetype_Map,17,enchantress; enchantments matter,enchantress; enchantments matter,Relationship,Semantic,0.3,o:enchantment,SEMANTIC_REVIEW,"Legitimate player/semantic terminology, but interpretation depends on context or non-native assumptions.",Owner/domain review before executable mapping.
archetype-map-R18,Archetype_Map,18,control; control deck,control; control deck,Subjective archetype,Semantic,0.3,,SEMANTIC_REVIEW,"Legitimate player/semantic terminology, but interpretation depends on context or non-native assumptions.",Owner/domain review before executable mapping.
archetype-map-R19,Archetype_Map,19,voltron; suit up commander; commander damage,voltron; suit up commander; commander damage,Composite archetype,Semantic,0.3,(t:equipment or t:aura),SEMANTIC_REVIEW,"Legitimate player/semantic terminology, but interpretation depends on context or non-native assumptions.",Owner/domain review before executable mapping.
archetype-map-R20,Archetype_Map,20,blink; flicker; exile and return,blink; flicker; exile and return,Semantic function,Production-ready,0.94,o:/exile.*return.*battlefield/,VERIFIED_TAG,Exact Tagger oracle tag probe returned current results.,Safe only as exact governed Tagger mapping; preserve workbook limitations.
archetype-map-R21,Archetype_Map,21,graveyard value; graveyard matters; yard value,graveyard value; graveyard matters; yard value,Relationship,Semantic,0.3,o:graveyard,SEMANTIC_REVIEW,"Legitimate player/semantic terminology, but interpretation depends on context or non-native assumptions.",Owner/domain review before executable mapping.
archetype-map-R22,Archetype_Map,22,mill; mill opponent; decking,mill; mill opponent; decking,Semantic function,Production-ready,0.94,o:mill,VERIFIED_TAG,Exact Tagger oracle tag probe returned current results.,Safe only as exact governed Tagger mapping; preserve workbook limitations.
archetype-map-R23,Archetype_Map,23,big mana; stompy; big creatures,big mana; stompy; big creatures,Subjective archetype,Semantic,0.3,mv>=6,SEMANTIC_REVIEW,"Legitimate player/semantic terminology, but interpretation depends on context or non-native assumptions.",Owner/domain review before executable mapping.
archetype-map-R24,Archetype_Map,24,typal; tribal; creature type deck,typal; tribal; creature type deck,Relationship,Semantic,0.3,,SEMANTIC_REVIEW,"Legitimate player/semantic terminology, but interpretation depends on context or non-native assumptions.",Owner/domain review before executable mapping.
archetype-map-R25,Archetype_Map,25,midrange; value deck; grindy,midrange; value deck; grindy,Subjective archetype,Semantic,0.3,,SEMANTIC_REVIEW,"Legitimate player/semantic terminology, but interpretation depends on context or non-native assumptions.",Owner/domain review before executable mapping.
archetype-map-R26,Archetype_Map,26,politics; deals; political cards,politics; deals; political cards,Relationship,Review,0.68,o:/you and target opponent|each player|an opponent may/,SEMANTIC_REVIEW,"Legitimate player/semantic terminology, but interpretation depends on context or non-native assumptions.",Owner/domain review before executable mapping.
archetype-map-R27,Archetype_Map,27,aura; auras,aura; auras,Native taxonomy,Production-ready,0.94,t:aura,SEMANTIC_REVIEW,"Legitimate player/semantic terminology, but interpretation depends on context or non-native assumptions.",Owner/domain review before executable mapping.
archetype-map-R28,Archetype_Map,28,burn; direct damage; face damage,burn; direct damage; face damage,Semantic function,Review,0.68,o:/deals? \d+ damage/,SEMANTIC_REVIEW,"Legitimate player/semantic terminology, but interpretation depends on context or non-native assumptions.",Owner/domain review before executable mapping.
archetype-map-R29,Archetype_Map,29,wheel; wheels; wheel effect,wheel; wheels; wheel effect,Semantic function,Review,0.68,o:/discard.*draw/,SEMANTIC_REVIEW,"Legitimate player/semantic terminology, but interpretation depends on context or non-native assumptions.",Owner/domain review before executable mapping.
archetype-map-R30,Archetype_Map,30,discard; hand attack; make opponents discard,discard; hand attack; make opponents discard,Semantic function,Review,0.68,o:discard,SEMANTIC_REVIEW,"Legitimate player/semantic terminology, but interpretation depends on context or non-native assumptions.",Owner/domain review before executable mapping.
archetype-map-R31,Archetype_Map,31,clone; clones; copy creatures,clone; clones; copy creatures,Semantic function,Review,0.68,o:/copy.*creature|enters.*copy/,SEMANTIC_REVIEW,"Legitimate player/semantic terminology, but interpretation depends on context or non-native assumptions.",Owner/domain review before executable mapping.
archetype-map-R32,Archetype_Map,32,theft; steal; copy; clone,theft; steal; copy; clone,Composite function,Semantic,0.3,(o:control or o:copy),SEMANTIC_REVIEW,"Legitimate player/semantic terminology, but interpretation depends on context or non-native assumptions.",Owner/domain review before executable mapping.
archetype-map-R33,Archetype_Map,33,sacrifice; sac; sac outlet,sacrifice; sac; sac outlet,Semantic function,Review,0.68,o:sacrifice,VERIFIED_TAG,Exact Tagger oracle tag probe returned current results.,Safe only as exact governed Tagger mapping; preserve workbook limitations.
archetype-map-R34,Archetype_Map,34,storm; storm cards,storm; storm cards,Named mechanic/archetype,Review,0.68,kw:storm,SEMANTIC_REVIEW,"Legitimate player/semantic terminology, but interpretation depends on context or non-native assumptions.",Owner/domain review before executable mapping.
archetype-map-R35,Archetype_Map,35,stax; resource denial; prison,stax; resource denial; prison,Composite archetype,Semantic,0.3,,SEMANTIC_REVIEW,"Legitimate player/semantic terminology, but interpretation depends on context or non-native assumptions.",Owner/domain review before executable mapping.
archetype-map-R36,Archetype_Map,36,group slug; punish everyone,group slug; punish everyone,Subjective archetype,Semantic,0.3,,SEMANTIC_REVIEW,"Legitimate player/semantic terminology, but interpretation depends on context or non-native assumptions.",Owner/domain review before executable mapping.
archetype-map-R37,Archetype_Map,37,group hug; help everyone,group hug; help everyone,Subjective archetype,Semantic,0.3,,SEMANTIC_REVIEW,"Legitimate player/semantic terminology, but interpretation depends on context or non-native assumptions.",Owner/domain review before executable mapping.
archetype-map-R38,Archetype_Map,38,pillow fort; discourage attacks; tax attackers,pillow fort; discourage attacks; tax attackers,Composite archetype,Semantic,0.3,,SEMANTIC_REVIEW,"Legitimate player/semantic terminology, but interpretation depends on context or non-native assumptions.",Owner/domain review before executable mapping.
archetype-map-R39,Archetype_Map,39,superfriends; planeswalkers matter,superfriends; planeswalkers matter,Relationship,Semantic,0.3,t:planeswalker,SEMANTIC_REVIEW,"Legitimate player/semantic terminology, but interpretation depends on context or non-native assumptions.",Owner/domain review before executable mapping.
archetype-map-R40,Archetype_Map,40,vehicle; vehicles,vehicle; vehicles,Native taxonomy,Production-ready,0.94,t:vehicle,SEMANTIC_REVIEW,"Legitimate player/semantic terminology, but interpretation depends on context or non-native assumptions.",Owner/domain review before executable mapping.
archetype-map-R41,Archetype_Map,41,goad; forced combat; make them attack,goad; forced combat; make them attack,Named action/function,Production-ready,0.94,o:goad,SEMANTIC_REVIEW,"Legitimate player/semantic terminology, but interpretation depends on context or non-native assumptions.",Owner/domain review before executable mapping.
archetype-map-R42,Archetype_Map,42,extra turn; extra turns,extra turn; extra turns,Semantic function,Production-ready,0.94,o:/take an extra turn/,SEMANTIC_REVIEW,"Legitimate player/semantic terminology, but interpretation depends on context or non-native assumptions.",Owner/domain review before executable mapping.
archetype-map-R43,Archetype_Map,43,proliferate,proliferate,Named action,Production-ready,0.94,o:proliferate,AMBIGUOUS,Same normalized term has multiple legitimate workbook meanings or mappings.,Add context-sensitive Plain Reading disambiguation; do not select a global winner.
archetype-map-R44,Archetype_Map,44,hatebears; hate bears,hatebears; hate bears,Composite archetype,Semantic,0.3,t:creature,SEMANTIC_REVIEW,"Legitimate player/semantic terminology, but interpretation depends on context or non-native assumptions.",Owner/domain review before executable mapping.
archetype-map-R45,Archetype_Map,45,topdeck; top of library; topdeck matters,topdeck; top of library; topdeck matters,Relationship,Review,0.68,o:/top of.*library/,SEMANTIC_REVIEW,"Legitimate player/semantic terminology, but interpretation depends on context or non-native assumptions.",Owner/domain review before executable mapping.
archetype-map-R46,Archetype_Map,46,x spells; x cost; variable mana,x spells; x cost; variable mana,Native mana-cost,Production-ready,0.94,mana:{X},SEMANTIC_REVIEW,"Legitimate player/semantic terminology, but interpretation depends on context or non-native assumptions.",Owner/domain review before executable mapping.
archetype-map-R47,Archetype_Map,47,cascade; discover,cascade; discover,Named mechanics,Review,0.68,(kw:cascade or o:discover),SEMANTIC_REVIEW,"Legitimate player/semantic terminology, but interpretation depends on context or non-native assumptions.",Owner/domain review before executable mapping.
archetype-map-R48,Archetype_Map,48,commander matters; commander synergy,commander matters; commander synergy,Relationship,Review,0.68,o:commander,SEMANTIC_REVIEW,"Legitimate player/semantic terminology, but interpretation depends on context or non-native assumptions.",Owner/domain review before executable mapping.
archetype-map-R49,Archetype_Map,49,ninjutsu; ninja swap,ninjutsu; ninja swap,Named mechanic,Production-ready,0.94,kw:ninjutsu,SEMANTIC_REVIEW,"Legitimate player/semantic terminology, but interpretation depends on context or non-native assumptions.",Owner/domain review before executable mapping.
archetype-map-R50,Archetype_Map,50,prowess; prowess creatures,prowess; prowess creatures,Named mechanic,Production-ready,0.94,kw:prowess,SEMANTIC_REVIEW,"Legitimate player/semantic terminology, but interpretation depends on context or non-native assumptions.",Owner/domain review before executable mapping.
archetype-map-R51,Archetype_Map,51,legends matter; legendary matters; historic legends,legends matter; legendary matters; historic legends,Relationship,Review,0.68,o:legendary,SEMANTIC_REVIEW,"Legitimate player/semantic terminology, but interpretation depends on context or non-native assumptions.",Owner/domain review before executable mapping.
archetype-map-R52,Archetype_Map,52,etb; enters; enters the battlefield; etb value,etb; enters; enters the battlefield; etb value,Relationship,Review,0.68,o:/when ~ enters|whenever .* enters/,SEMANTIC_REVIEW,"Legitimate player/semantic terminology, but interpretation depends on context or non-native assumptions.",Owner/domain review before executable mapping.
archetype-map-R53,Archetype_Map,53,infect; toxic; poison,infect; toxic; poison,Named mechanics,Production-ready,0.94,(kw:infect or kw:toxic),SEMANTIC_REVIEW,"Legitimate player/semantic terminology, but interpretation depends on context or non-native assumptions.",Owner/domain review before executable mapping.
archetype-map-R54,Archetype_Map,54,tutor; tutors; toolbox,tutor; tutors; toolbox,Semantic function,Review,0.68,o:/search your library/,SEMANTIC_REVIEW,"Legitimate player/semantic terminology, but interpretation depends on context or non-native assumptions.",Owner/domain review before executable mapping.
archetype-map-R55,Archetype_Map,55,land destruction; ld; destroy lands,land destruction; ld; destroy lands,Semantic function,Review,0.68,o:/destroy target land|destroy all lands/,SEMANTIC_REVIEW,"Legitimate player/semantic terminology, but interpretation depends on context or non-native assumptions.",Owner/domain review before executable mapping.
archetype-map-R56,Archetype_Map,56,chaos; random effects,chaos; random effects,Subjective archetype,Semantic,0.3,,SEMANTIC_REVIEW,"Legitimate player/semantic terminology, but interpretation depends on context or non-native assumptions.",Owner/domain review before executable mapping.
archetype-map-R57,Archetype_Map,57,goodstuff; best cards; staples,goodstuff; best cards; staples,Subjective archetype,Semantic,0.3,,SEMANTIC_REVIEW,"Legitimate player/semantic terminology, but interpretation depends on context or non-native assumptions.",Owner/domain review before executable mapping.
archetype-map-R58,Archetype_Map,58,sneak and show; cheat into play; cheat permanents,sneak and show; cheat into play; cheat permanents,Composite archetype,Review,0.68,o:/put.*permanent.*onto the battlefield/,SEMANTIC_REVIEW,"Legitimate player/semantic terminology, but interpretation depends on context or non-native assumptions.",Owner/domain review before executable mapping.
archetype-map-R59,Archetype_Map,59,self mill; mill myself; fill my graveyard,self mill; mill myself; fill my graveyard,Semantic function,Production-ready,0.94,o:/mill.*yourself|you mill/,VERIFIED_TAG,Exact Tagger oracle tag probe returned current results.,Safe only as exact governed Tagger mapping; preserve workbook limitations.
archetype-map-R60,Archetype_Map,60,-1 counters; minus one counters; wither counters,-1 counters; minus one counters; wither counters,Semantic function,Review,0.68,o:/-1\/-1 counter/,VERIFIED_TAG,Exact Tagger oracle tag probe returned current results.,Safe only as exact governed Tagger mapping; preserve workbook limitations.
archetype-map-R61,Archetype_Map,61,energy; energy counters,energy; energy counters,Named resource,Review,0.68,o:/energy counter|\{E\}/,SEMANTIC_REVIEW,"Legitimate player/semantic terminology, but interpretation depends on context or non-native assumptions.",Owner/domain review before executable mapping.
query-recipes-R4,Query_Recipes,4,f:commander id<=[COLORS] unique:cards,f:commander id<=[colors] unique:cards,,,,f:commander id<=[COLORS] unique:cards,SEMANTIC_REVIEW,"Legitimate player/semantic terminology, but interpretation depends on context or non-native assumptions.",Owner/domain review before executable mapping.
query-recipes-R5,Query_Recipes,5,is:commander id=[COLORS] order:edhrec,is:commander id=[colors] order:edhrec,,,,is:commander id=[COLORS] order:edhrec,SEMANTIC_REVIEW,"Legitimate player/semantic terminology, but interpretation depends on context or non-native assumptions.",Owner/domain review before executable mapping.
query-recipes-R6,Query_Recipes,6,is:commander id>=[COLORS] order:edhrec,is:commander id>=[colors] order:edhrec,,,,is:commander id>=[COLORS] order:edhrec,SEMANTIC_REVIEW,"Legitimate player/semantic terminology, but interpretation depends on context or non-native assumptions.",Owner/domain review before executable mapping.
query-recipes-R7,Query_Recipes,7,f:commander id<=[COLORS] otag:removal usd<[PRICE] unique:cards,f:commander id<=[colors] otag:removal usd<[price] unique:cards,,,,f:commander id<=[COLORS] otag:removal usd<[PRICE] unique:cards,VERIFIED_TAG,Exact Tagger oracle tag probe returned current results.,Safe only as exact governed Tagger mapping; preserve workbook limitations.
query-recipes-R8,Query_Recipes,8,f:commander id<=[COLORS] otag:ramp unique:cards order:edhrec,f:commander id<=[colors] otag:ramp unique:cards order:edhrec,,,,f:commander id<=[COLORS] otag:ramp unique:cards order:edhrec,VERIFIED_TAG,Exact Tagger oracle tag probe returned current results.,Safe only as exact governed Tagger mapping; preserve workbook limitations.
query-recipes-R9,Query_Recipes,9,f:commander id<=[COLORS] otag:card-advantage unique:cards order:edhrec,f:commander id<=[colors] otag:card-advantage unique:cards order:edhrec,,,,f:commander id<=[COLORS] otag:card-advantage unique:cards order:edhrec,VERIFIED_TAG,Exact Tagger oracle tag probe returned current results.,Safe only as exact governed Tagger mapping; preserve workbook limitations.
query-recipes-R10,Query_Recipes,10,f:commander id<=[COLORS] otag:counterspell unique:cards,f:commander id<=[colors] otag:counterspell unique:cards,,,,f:commander id<=[COLORS] otag:counterspell unique:cards,VERIFIED_TAG,Exact Tagger oracle tag probe returned current results.,Safe only as exact governed Tagger mapping; preserve workbook limitations.
query-recipes-R11,Query_Recipes,11,f:commander id<=[COLORS] o:/counter target.*spell/,f:commander id<=[colors] o:/counter target.*spell/,,,,f:commander id<=[COLORS] o:/counter target.*spell/,SEMANTIC_REVIEW,"Legitimate player/semantic terminology, but interpretation depends on context or non-native assumptions.",Owner/domain review before executable mapping.
query-recipes-R12,Query_Recipes,12,t:creature kw:[KEYWORD],t:creature kw:[keyword],,,,t:creature kw:[KEYWORD],SEMANTIC_REVIEW,"Legitimate player/semantic terminology, but interpretation depends on context or non-native assumptions.",Owner/domain review before executable mapping.
query-recipes-R13,Query_Recipes,13,-t:creature kw:[KEYWORD],-t:creature kw:[keyword],,,,-t:creature kw:[KEYWORD],SEMANTIC_REVIEW,"Legitimate player/semantic terminology, but interpretation depends on context or non-native assumptions.",Owner/domain review before executable mapping.
query-recipes-R14,Query_Recipes,14,t:[SUBTYPE] t:creature,t:[subtype] t:creature,,,,t:[SUBTYPE] t:creature,SEMANTIC_REVIEW,"Legitimate player/semantic terminology, but interpretation depends on context or non-native assumptions.",Owner/domain review before executable mapping.
query-recipes-R15,Query_Recipes,15,t:legendary t:creature t:[SUBTYPE],t:legendary t:creature t:[subtype],,,,t:legendary t:creature t:[SUBTYPE],SEMANTIC_REVIEW,"Legitimate player/semantic terminology, but interpretation depends on context or non-native assumptions.",Owner/domain review before executable mapping.
query-recipes-R16,Query_Recipes,16,f:commander id<=[COLORS] t:[SUBTYPE],f:commander id<=[colors] t:[subtype],,,,f:commander id<=[COLORS] t:[SUBTYPE],SEMANTIC_REVIEW,"Legitimate player/semantic terminology, but interpretation depends on context or non-native assumptions.",Owner/domain review before executable mapping.
query-recipes-R17,Query_Recipes,17,t:creature o:/when ~ enters|whenever ~ enters/,t:creature o:/when ~ enters|whenever ~ enters/,,,,t:creature o:/when ~ enters|whenever ~ enters/,VERIFIED_QUERY,Bounded Scryfall query/operator probe was accepted and returned structured result metadata.,Safe only as probed syntax behavior; semantics still limited to probe coverage.
query-recipes-R18,Query_Recipes,18,t:creature o:/when ~ enters.*create.*token/,t:creature o:/when ~ enters.*create.*token/,,,,t:creature o:/when ~ enters.*create.*token/,VERIFIED_QUERY,Bounded Scryfall query/operator probe was accepted and returned structured result metadata.,Safe only as probed syntax behavior; semantics still limited to probe coverage.
query-recipes-R19,Query_Recipes,19,f:commander id<=[COLORS] otag:blink,f:commander id<=[colors] otag:blink,,,,f:commander id<=[COLORS] otag:blink,VERIFIED_TAG,Exact Tagger oracle tag probe returned current results.,Safe only as exact governed Tagger mapping; preserve workbook limitations.
query-recipes-R20,Query_Recipes,20,f:commander id<=[COLORS] otag:mill-self,f:commander id<=[colors] otag:mill-self,,,,f:commander id<=[COLORS] otag:mill-self,VERIFIED_TAG,Exact Tagger oracle tag probe returned current results.,Safe only as exact governed Tagger mapping; preserve workbook limitations.
query-recipes-R21,Query_Recipes,21,f:commander id<=[COLORS] otag:mill,f:commander id<=[colors] otag:mill,,,,f:commander id<=[COLORS] otag:mill,VERIFIED_TAG,Exact Tagger oracle tag probe returned current results.,Safe only as exact governed Tagger mapping; preserve workbook limitations.
query-recipes-R22,Query_Recipes,22,f:commander id<=[COLORS] (otag:pp-counters-matter or otag:gives-pp-counters),f:commander id<=[colors] (otag:pp-counters-matter or otag:gives-pp-counters),,,,f:commander id<=[COLORS] (otag:pp-counters-matter or otag:gives-pp-counters),VERIFIED_TAG,Exact Tagger oracle tag probe returned current results.,Safe only as exact governed Tagger mapping; preserve workbook limitations.
query-recipes-R23,Query_Recipes,23,f:commander id<=[COLORS] (otag:mm-counters-matter or otag:gives-mm-counters),f:commander id<=[colors] (otag:mm-counters-matter or otag:gives-mm-counters),,,,f:commander id<=[COLORS] (otag:mm-counters-matter or otag:gives-mm-counters),VERIFIED_TAG,Exact Tagger oracle tag probe returned current results.,Safe only as exact governed Tagger mapping; preserve workbook limitations.
query-recipes-R24,Query_Recipes,24,f:commander id<=[COLORS] o:proliferate,f:commander id<=[colors] o:proliferate,,,,f:commander id<=[COLORS] o:proliferate,SEMANTIC_REVIEW,"Legitimate player/semantic terminology, but interpretation depends on context or non-native assumptions.",Owner/domain review before executable mapping.
query-recipes-R25,Query_Recipes,25,f:commander id<=[COLORS] (kw:infect or kw:toxic),f:commander id<=[colors] (kw:infect or kw:toxic),,,,f:commander id<=[COLORS] (kw:infect or kw:toxic),SEMANTIC_REVIEW,"Legitimate player/semantic terminology, but interpretation depends on context or non-native assumptions.",Owner/domain review before executable mapping.
query-recipes-R26,Query_Recipes,26,f:commander id<=[COLORS] o:/create.*Treasure/,f:commander id<=[colors] o:/create.*treasure/,,,,f:commander id<=[COLORS] o:/create.*Treasure/,SEMANTIC_REVIEW,"Legitimate player/semantic terminology, but interpretation depends on context or non-native assumptions.",Owner/domain review before executable mapping.
query-recipes-R27,Query_Recipes,27,f:commander id<=[COLORS] o:/create.*token/,f:commander id<=[colors] o:/create.*token/,,,,f:commander id<=[COLORS] o:/create.*token/,SEMANTIC_REVIEW,"Legitimate player/semantic terminology, but interpretation depends on context or non-native assumptions.",Owner/domain review before executable mapping.
query-recipes-R28,Query_Recipes,28,f:commander id<=[COLORS] t:artifact -t:creature o:/\{T\}: Add/,f:commander id<=[colors] t:artifact -t:creature o:/\{t\}: add/,,,,f:commander id<=[COLORS] t:artifact -t:creature o:/\{T\}: Add/,SEMANTIC_REVIEW,"Legitimate player/semantic terminology, but interpretation depends on context or non-native assumptions.",Owner/domain review before executable mapping.
query-recipes-R29,Query_Recipes,29,f:commander id<=[COLORS] t:creature o:/\{T\}: Add/,f:commander id<=[colors] t:creature o:/\{t\}: add/,,,,f:commander id<=[COLORS] t:creature o:/\{T\}: Add/,SEMANTIC_REVIEW,"Legitimate player/semantic terminology, but interpretation depends on context or non-native assumptions.",Owner/domain review before executable mapping.
query-recipes-R30,Query_Recipes,30,f:commander id<=[COLORS] mv<=[MV],f:commander id<=[colors] mv<=[mv],,,,f:commander id<=[COLORS] mv<=[MV],SEMANTIC_REVIEW,"Legitimate player/semantic terminology, but interpretation depends on context or non-native assumptions.",Owner/domain review before executable mapping.
query-recipes-R31,Query_Recipes,31,f:commander id<=[COLORS] mana:{X},f:commander id<=[colors] mana:{x},,,,f:commander id<=[COLORS] mana:{X},SEMANTIC_REVIEW,"Legitimate player/semantic terminology, but interpretation depends on context or non-native assumptions.",Owner/domain review before executable mapping.
query-recipes-R32,Query_Recipes,32,f:commander id<=[COLORS] t:artifact,f:commander id<=[colors] t:artifact,,,,f:commander id<=[COLORS] t:artifact,SEMANTIC_REVIEW,"Legitimate player/semantic terminology, but interpretation depends on context or non-native assumptions.",Owner/domain review before executable mapping.
query-recipes-R33,Query_Recipes,33,f:commander id<=[COLORS] t:aura,f:commander id<=[colors] t:aura,,,,f:commander id<=[COLORS] t:aura,SEMANTIC_REVIEW,"Legitimate player/semantic terminology, but interpretation depends on context or non-native assumptions.",Owner/domain review before executable mapping.
query-recipes-R34,Query_Recipes,34,f:commander id<=[COLORS] t:equipment,f:commander id<=[colors] t:equipment,,,,f:commander id<=[COLORS] t:equipment,SEMANTIC_REVIEW,"Legitimate player/semantic terminology, but interpretation depends on context or non-native assumptions.",Owner/domain review before executable mapping.
query-recipes-R35,Query_Recipes,35,f:commander id<=[COLORS] t:vehicle,f:commander id<=[colors] t:vehicle,,,,f:commander id<=[COLORS] t:vehicle,SEMANTIC_REVIEW,"Legitimate player/semantic terminology, but interpretation depends on context or non-native assumptions.",Owner/domain review before executable mapping.
query-recipes-R36,Query_Recipes,36,f:commander id<=[COLORS] t:planeswalker,f:commander id<=[colors] t:planeswalker,,,,f:commander id<=[COLORS] t:planeswalker,SEMANTIC_REVIEW,"Legitimate player/semantic terminology, but interpretation depends on context or non-native assumptions.",Owner/domain review before executable mapping.
query-recipes-R37,Query_Recipes,37,"f:commander id<=[COLORS] o:""[ABILITY WORD]""","f:commander id<=[colors] o:""[ability word]""",,,,"f:commander id<=[COLORS] o:""[ABILITY WORD]""",SEMANTIC_REVIEW,"Legitimate player/semantic terminology, but interpretation depends on context or non-native assumptions.",Owner/domain review before executable mapping.
query-recipes-R38,Query_Recipes,38,f:commander id<=[COLORS] o:landfall,f:commander id<=[colors] o:landfall,,,,f:commander id<=[COLORS] o:landfall,SEMANTIC_REVIEW,"Legitimate player/semantic terminology, but interpretation depends on context or non-native assumptions.",Owner/domain review before executable mapping.
query-recipes-R39,Query_Recipes,39,f:commander id<=[COLORS] kw:storm,f:commander id<=[colors] kw:storm,,,,f:commander id<=[COLORS] kw:storm,SEMANTIC_REVIEW,"Legitimate player/semantic terminology, but interpretation depends on context or non-native assumptions.",Owner/domain review before executable mapping.
query-recipes-R40,Query_Recipes,40,f:commander id<=[COLORS] kw:ninjutsu,f:commander id<=[colors] kw:ninjutsu,,,,f:commander id<=[COLORS] kw:ninjutsu,SEMANTIC_REVIEW,"Legitimate player/semantic terminology, but interpretation depends on context or non-native assumptions.",Owner/domain review before executable mapping.
query-recipes-R41,Query_Recipes,41,f:commander id<=[COLORS] (kw:cascade or o:discover),f:commander id<=[colors] (kw:cascade or o:discover),,,,f:commander id<=[COLORS] (kw:cascade or o:discover),SEMANTIC_REVIEW,"Legitimate player/semantic terminology, but interpretation depends on context or non-native assumptions.",Owner/domain review before executable mapping.
query-recipes-R42,Query_Recipes,42,f:commander id<=[COLORS] o:/take an extra turn/,f:commander id<=[colors] o:/take an extra turn/,,,,f:commander id<=[COLORS] o:/take an extra turn/,SEMANTIC_REVIEW,"Legitimate player/semantic terminology, but interpretation depends on context or non-native assumptions.",Owner/domain review before executable mapping.
query-recipes-R43,Query_Recipes,43,f:commander id<=[COLORS] o:/discard.*draw/,f:commander id<=[colors] o:/discard.*draw/,,,,f:commander id<=[COLORS] o:/discard.*draw/,SEMANTIC_REVIEW,"Legitimate player/semantic terminology, but interpretation depends on context or non-native assumptions.",Owner/domain review before executable mapping.
query-recipes-R44,Query_Recipes,44,f:commander id<=[COLORS] o:/return.*creature.*from.*graveyard.*battlefield/,f:commander id<=[colors] o:/return.*creature.*from.*graveyard.*battlefield/,,,,f:commander id<=[COLORS] o:/return.*creature.*from.*graveyard.*battlefield/,SEMANTIC_REVIEW,"Legitimate player/semantic terminology, but interpretation depends on context or non-native assumptions.",Owner/domain review before executable mapping.
query-recipes-R45,Query_Recipes,45,f:commander id<=[COLORS] o:/return.*from.*graveyard.*to.*hand/,f:commander id<=[colors] o:/return.*from.*graveyard.*to.*hand/,,,,f:commander id<=[COLORS] o:/return.*from.*graveyard.*to.*hand/,SEMANTIC_REVIEW,"Legitimate player/semantic terminology, but interpretation depends on context or non-native assumptions.",Owner/domain review before executable mapping.
query-recipes-R46,Query_Recipes,46,f:commander id<=[COLORS] o:/search your library/,f:commander id<=[colors] o:/search your library/,,,,f:commander id<=[COLORS] o:/search your library/,SEMANTIC_REVIEW,"Legitimate player/semantic terminology, but interpretation depends on context or non-native assumptions.",Owner/domain review before executable mapping.
query-recipes-R47,Query_Recipes,47,f:commander id<=[COLORS] o:/search your library for.*land/,f:commander id<=[colors] o:/search your library for.*land/,,,,f:commander id<=[COLORS] o:/search your library for.*land/,SEMANTIC_REVIEW,"Legitimate player/semantic terminology, but interpretation depends on context or non-native assumptions.",Owner/domain review before executable mapping.
query-recipes-R48,Query_Recipes,48,"t:land o:""enters tapped""","t:land o:""enters tapped""",,,,"t:land o:""enters tapped""",VERIFIED_QUERY,Bounded Scryfall query/operator probe was accepted and returned structured result metadata.,Safe only as probed syntax behavior; semantics still limited to probe coverage.
query-recipes-R49,Query_Recipes,49,f:commander game:paper id<=[COLORS],f:commander game:paper id<=[colors],,,,f:commander game:paper id<=[COLORS],SEMANTIC_REVIEW,"Legitimate player/semantic terminology, but interpretation depends on context or non-native assumptions.",Owner/domain review before executable mapping.
query-recipes-R50,Query_Recipes,50,f:commander id<=[COLORS] not:universesbeyond,f:commander id<=[colors] not:universesbeyond,,,,f:commander id<=[COLORS] not:universesbeyond,SEMANTIC_REVIEW,"Legitimate player/semantic terminology, but interpretation depends on context or non-native assumptions.",Owner/domain review before executable mapping.
query-recipes-R51,Query_Recipes,51,date>=[DATE] not:reprint unique:cards,date>=[date] not:reprint unique:cards,,,,date>=[DATE] not:reprint unique:cards,SEMANTIC_REVIEW,"Legitimate player/semantic terminology, but interpretation depends on context or non-native assumptions.",Owner/domain review before executable mapping.
query-recipes-R52,Query_Recipes,52,set:[SET],set:[set],,,,set:[SET],SEMANTIC_REVIEW,"Legitimate player/semantic terminology, but interpretation depends on context or non-native assumptions.",Owner/domain review before executable mapping.
query-recipes-R53,Query_Recipes,53,in:[SET] unique:cards,in:[set] unique:cards,,,,in:[SET] unique:cards,SEMANTIC_REVIEW,"Legitimate player/semantic terminology, but interpretation depends on context or non-native assumptions.",Owner/domain review before executable mapping.
query-recipes-R54,Query_Recipes,54,-in:[SET] unique:cards,-in:[set] unique:cards,,,,-in:[SET] unique:cards,SEMANTIC_REVIEW,"Legitimate player/semantic terminology, but interpretation depends on context or non-native assumptions.",Owner/domain review before executable mapping.
query-recipes-R55,Query_Recipes,55,set:[SET] cn:[NUMBER],set:[set] cn:[number],,,,set:[SET] cn:[NUMBER],SEMANTIC_REVIEW,"Legitimate player/semantic terminology, but interpretation depends on context or non-native assumptions.",Owner/domain review before executable mapping.
query-recipes-R56,Query_Recipes,56,"!""[CARD NAME]"" unique:prints","!""[card name]"" unique:prints",,,,"!""[CARD NAME]"" unique:prints",SEMANTIC_REVIEW,"Legitimate player/semantic terminology, but interpretation depends on context or non-native assumptions.",Owner/domain review before executable mapping.
query-recipes-R57,Query_Recipes,57,"!""[CARD NAME]"" unique:art","!""[card name]"" unique:art",,,,"!""[CARD NAME]"" unique:art",SEMANTIC_REVIEW,"Legitimate player/semantic terminology, but interpretation depends on context or non-native assumptions.",Owner/domain review before executable mapping.
query-recipes-R58,Query_Recipes,58,[FILTERS] cheapest:usd,[filters] cheapest:usd,,,,[FILTERS] cheapest:usd,SEMANTIC_REVIEW,"Legitimate player/semantic terminology, but interpretation depends on context or non-native assumptions.",Owner/domain review before executable mapping.
query-recipes-R59,Query_Recipes,59,[FILTERS] order:edhrec,[filters] order:edhrec,,,,[FILTERS] order:edhrec,SEMANTIC_REVIEW,"Legitimate player/semantic terminology, but interpretation depends on context or non-native assumptions.",Owner/domain review before executable mapping.
query-recipes-R60,Query_Recipes,60,art:[TAG],art:[tag],,,,art:[TAG],SEMANTIC_REVIEW,"Legitimate player/semantic terminology, but interpretation depends on context or non-native assumptions.",Owner/domain review before executable mapping.
regex-library-R4,Regex_Library,4,o:/counter target.*spell/,o:/counter target.*spell/,,,,o:/counter target.*spell/,VERIFIED_TAG,Exact Tagger oracle tag probe returned current results.,Safe only as exact governed Tagger mapping; preserve workbook limitations.
regex-library-R5,Regex_Library,5,o:/exile.*return/,o:/exile.*return/,,,,o:/exile.*return/,VERIFIED_QUERY,Bounded Scryfall query/operator probe was accepted and returned structured result metadata.,Safe only as probed syntax behavior; semantics still limited to probe coverage.
regex-library-R6,Regex_Library,6,o:/sacrifice.*:.*draw/,o:/sacrifice.*:.*draw/,,,,o:/sacrifice.*:.*draw/,VERIFIED_QUERY,Bounded Scryfall query/operator probe was accepted and returned structured result metadata.,Safe only as probed syntax behavior; semantics still limited to probe coverage.
regex-library-R7,Regex_Library,7,o:/(destroy|exile) target.*creature/,o:/(destroy|exile) target.*creature/,,,,o:/(destroy|exile) target.*creature/,VERIFIED_QUERY,Bounded Scryfall query/operator probe was accepted and returned structured result metadata.,Safe only as probed syntax behavior; semantics still limited to probe coverage.
regex-library-R8,Regex_Library,8,o:/^sacrifice a creature.*:/,o:/^sacrifice a creature.*:/,,,,o:/^sacrifice a creature.*:/,VERIFIED_QUERY,Bounded Scryfall query/operator probe was accepted and returned structured result metadata.,Safe only as probed syntax behavior; semantics still limited to probe coverage.
regex-library-R9,Regex_Library,9,o:/^partner$/,o:/^partner$/,,,,o:/^partner$/,VERIFIED_QUERY,Bounded Scryfall query/operator probe was accepted and returned structured result metadata.,Safe only as probed syntax behavior; semantics still limited to probe coverage.
regex-library-R10,Regex_Library,10,o:/^\{3\}:/,o:/^\{3\}:/,,,,o:/^\{3\}:/,VERIFIED_INTERNAL,Workbook governance/schema/internal record; no external Scryfall fact required by this verifier.,Keep as internal workbook governance unless a later source authority says otherwise.
regex-library-R11,Regex_Library,11,o:/deals \d+ damage/,o:/deals \d+ damage/,,,,o:/deals \d+ damage/,VERIFIED_QUERY,Bounded Scryfall query/operator probe was accepted and returned structured result metadata.,Safe only as probed syntax behavior; semantics still limited to probe coverage.
regex-library-R12,Regex_Library,12,o:/target creature gets \+\d+\/\+\d+/,o:/target creature gets \+\d+\/\+\d+/,,,,o:/target creature gets \+\d+\/\+\d+/,VERIFIED_QUERY,Bounded Scryfall query/operator probe was accepted and returned structured result metadata.,Safe only as probed syntax behavior; semantics still limited to probe coverage.
regex-library-R13,Regex_Library,13,o:/\bartifact\b/,o:/\bartifact\b/,,,,o:/\bartifact\b/,VERIFIED_QUERY,Bounded Scryfall query/operator probe was accepted and returned structured result metadata.,Safe only as probed syntax behavior; semantics still limited to probe coverage.
regex-library-R14,Regex_Library,14,o:/(?<!non)artifact/,o:/(?<!non)artifact/,,,,o:/(?<!non)artifact/,VERIFIED_QUERY,Bounded Scryfall query/operator probe was accepted and returned structured result metadata.,Safe only as probed syntax behavior; semantics still limited to probe coverage.
regex-library-R15,Regex_Library,15,o:/exile target creature(?!.*return)/,o:/exile target creature(?!.*return)/,,,,o:/exile target creature(?!.*return)/,VERIFIED_QUERY,Bounded Scryfall query/operator probe was accepted and returned structured result metadata.,Safe only as probed syntax behavior; semantics still limited to probe coverage.
regex-library-R16,Regex_Library,16,o:/when ~ enters.*create.*token/,o:/when ~ enters.*create.*token/,,,,o:/when ~ enters.*create.*token/,VERIFIED_QUERY,Bounded Scryfall query/operator probe was accepted and returned structured result metadata.,Safe only as probed syntax behavior; semantics still limited to probe coverage.
regex-library-R17,Regex_Library,17,"o:/(\bat\b|\bwhen\b).*,.*create.*token/","o:/(\bat\b|\bwhen\b).*,.*create.*token/",,,,"o:/(\bat\b|\bwhen\b).*,.*create.*token/",VERIFIED_QUERY,Bounded Scryfall query/operator probe was accepted and returned structured result metadata.,Safe only as probed syntax behavior; semantics still limited to probe coverage.
regex-library-R18,Regex_Library,18,o:/costs \{\d+\} less to cast/,o:/costs \{\d+\} less to cast/,,,,o:/costs \{\d+\} less to cast/,VERIFIED_INTERNAL,Workbook governance/schema/internal record; no external Scryfall fact required by this verifier.,Keep as internal workbook governance unless a later source authority says otherwise.
regex-library-R19,Regex_Library,19,t:land o:/sacrifice.*search.*battlefield/,t:land o:/sacrifice.*search.*battlefield/,,,,t:land o:/sacrifice.*search.*battlefield/,VERIFIED_QUERY,Bounded Scryfall query/operator probe was accepted and returned structured result metadata.,Safe only as probed syntax behavior; semantics still limited to probe coverage.
regex-library-R20,Regex_Library,20,o:/\bcycling \{1\}(?!\{)/,o:/\bcycling \{1\}(?!\{)/,,,,o:/\bcycling \{1\}(?!\{)/,VERIFIED_INTERNAL,Workbook governance/schema/internal record; no external Scryfall fact required by this verifier.,Keep as internal workbook governance unless a later source authority says otherwise.
regex-library-R21,Regex_Library,21,o:/:.*gain.*(flying|vigilance|haste|double strike|trample|indestructible)/,o:/:.*gain.*(flying|vigilance|haste|double strike|trample|indestructible)/,,,,o:/:.*gain.*(flying|vigilance|haste|double strike|trample|indestructible)/,VERIFIED_QUERY,Bounded Scryfall query/operator probe was accepted and returned structured result metadata.,Safe only as probed syntax behavior; semantics still limited to probe coverage.
regex-library-R22,Regex_Library,22,o:/discard.*:/,o:/discard.*:/,,,,o:/discard.*:/,VERIFIED_QUERY,Bounded Scryfall query/operator probe was accepted and returned structured result metadata.,Safe only as probed syntax behavior; semantics still limited to probe coverage.
regex-library-R23,Regex_Library,23,o:/^flashback/,o:/^flashback/,,,,o:/^flashback/,VERIFIED_QUERY,Bounded Scryfall query/operator probe was accepted and returned structured result metadata.,Safe only as probed syntax behavior; semantics still limited to probe coverage.
regex-library-R24,Regex_Library,24,o:/^remove.*\+1\/\+1.*counter.*:/,o:/^remove.*\+1\/\+1.*counter.*:/,,,,o:/^remove.*\+1\/\+1.*counter.*:/,VERIFIED_QUERY,Bounded Scryfall query/operator probe was accepted and returned structured result metadata.,Safe only as probed syntax behavior; semantics still limited to probe coverage.
regex-library-R25,Regex_Library,25,o:/\{u\}/,o:/\{u\}/,,,,o:/\{u\}/,VERIFIED_INTERNAL,Workbook governance/schema/internal record; no external Scryfall fact required by this verifier.,Keep as internal workbook governance unless a later source authority says otherwise.
regex-library-R26,Regex_Library,26,o:/\{u\}.*:/,o:/\{u\}.*:/,,,,o:/\{u\}.*:/,VERIFIED_INTERNAL,Workbook governance/schema/internal record; no external Scryfall fact required by this verifier.,Keep as internal workbook governance unless a later source authority says otherwise.
regex-library-R27,Regex_Library,27,o:/^\{u\}:/,o:/^\{u\}:/,,,,o:/^\{u\}:/,VERIFIED_INTERNAL,Workbook governance/schema/internal record; no external Scryfall fact required by this verifier.,Keep as internal workbook governance unless a later source authority says otherwise.
regex-library-R28,Regex_Library,28,name:/sword of.*and/,name:/sword of.*and/,,,,name:/sword of.*and/,VERIFIED_QUERY,Bounded Scryfall query/operator probe was accepted and returned structured result metadata.,Safe only as probed syntax behavior; semantics still limited to probe coverage.
regex-library-R29,Regex_Library,29,o:/(wins?|loses?) the game/,o:/(wins?|loses?) the game/,,,,o:/(wins?|loses?) the game/,VERIFIED_QUERY,Bounded Scryfall query/operator probe was accepted and returned structured result metadata.,Safe only as probed syntax behavior; semantics still limited to probe coverage.
regex-library-R30,Regex_Library,30,o:/\broll(ed)?\b.*\b(d\d+|die|dice)\b/,o:/\broll(ed)?\b.*\b(d\d+|die|dice)\b/,,,,o:/\broll(ed)?\b.*\b(d\d+|die|dice)\b/,UNVERIFIED,No external or internal verifier matched this record.,Owner/domain review required before promotion.
regex-library-R31,Regex_Library,31,o:/(plains|island|swamp|mountain|forest|basic land)cycling/,o:/(plains|island|swamp|mountain|forest|basic land)cycling/,,,,o:/(plains|island|swamp|mountain|forest|basic land)cycling/,UNVERIFIED,No external or internal verifier matched this record.,Owner/domain review required before promotion.
regex-library-R32,Regex_Library,32,name:/\bG.*\bS.*\bZ/,name:/\bg.*\bs.*\bz/,,,,name:/\bG.*\bS.*\bZ/,UNVERIFIED,No external or internal verifier matched this record.,Owner/domain review required before promotion.
regex-library-R33,Regex_Library,33,name:/^G[a-z']+[ -]S[a-z']+[ -]Z[a-z']+($| \/\/)/,name:/^g[a-z']+[ -]s[a-z']+[ -]z[a-z']+($| \/\/)/,,,,name:/^G[a-z']+[ -]S[a-z']+[ -]Z[a-z']+($| \/\/)/,VERIFIED_INTERNAL,Workbook governance/schema/internal record; no external Scryfall fact required by this verifier.,Keep as internal workbook governance unless a later source authority says otherwise.
regex-library-R34,Regex_Library,34,o:/\spt/,o:/\spt/,,,,o:/\spt/,UNVERIFIED,No external or internal verifier matched this record.,Owner/domain review required before promotion.
regex-library-R35,Regex_Library,35,o:/\spp/,o:/\spp/,,,,o:/\spp/,UNVERIFIED,No external or internal verifier matched this record.,Owner/domain review required before promotion.
parser-schema-R8,Parser_Schema,8,,,,,,Card-name intent,VERIFIED_INTERNAL,Workbook governance/schema/internal record; no external Scryfall fact required by this verifier.,Keep as internal workbook governance unless a later source authority says otherwise.
parser-schema-R9,Parser_Schema,9,,,,,,Legality/status,VERIFIED_INTERNAL,Workbook governance/schema/internal record; no external Scryfall fact required by this verifier.,Keep as internal workbook governance unless a later source authority says otherwise.
parser-schema-R10,Parser_Schema,10,,,,,,Normalized WUBRG set,VERIFIED_INTERNAL,Workbook governance/schema/internal record; no external Scryfall fact required by this verifier.,Keep as internal workbook governance unless a later source authority says otherwise.
parser-schema-R11,Parser_Schema,11,,,,,,Color vs identity,VERIFIED_INTERNAL,Workbook governance/schema/internal record; no external Scryfall fact required by this verifier.,Keep as internal workbook governance unless a later source authority says otherwise.
parser-schema-R12,Parser_Schema,12,,,,,,Exact/subset/superset,VERIFIED_INTERNAL,Workbook governance/schema/internal record; no external Scryfall fact required by this verifier.,Keep as internal workbook governance unless a later source authority says otherwise.
parser-schema-R13,Parser_Schema,13,,,,,,Types/supertypes/subtypes,VERIFIED_INTERNAL,Workbook governance/schema/internal record; no external Scryfall fact required by this verifier.,Keep as internal workbook governance unless a later source authority says otherwise.
parser-schema-R14,Parser_Schema,14,,,,,,Named keyword abilities,VERIFIED_INTERNAL,Workbook governance/schema/internal record; no external Scryfall fact required by this verifier.,Keep as internal workbook governance unless a later source authority says otherwise.
parser-schema-R15,Parser_Schema,15,,,,,,Named keyword actions,VERIFIED_INTERNAL,Workbook governance/schema/internal record; no external Scryfall fact required by this verifier.,Keep as internal workbook governance unless a later source authority says otherwise.
parser-schema-R16,Parser_Schema,16,,,,,,Ability words,VERIFIED_INTERNAL,Workbook governance/schema/internal record; no external Scryfall fact required by this verifier.,Keep as internal workbook governance unless a later source authority says otherwise.
parser-schema-R17,Parser_Schema,17,,,,,,Semantic roles,VERIFIED_INTERNAL,Workbook governance/schema/internal record; no external Scryfall fact required by this verifier.,Keep as internal workbook governance unless a later source authority says otherwise.
parser-schema-R18,Parser_Schema,18,,,,,,Semantic relationships,VERIFIED_INTERNAL,Workbook governance/schema/internal record; no external Scryfall fact required by this verifier.,Keep as internal workbook governance unless a later source authority says otherwise.
parser-schema-R19,Parser_Schema,19,,,,,,Literal rules wording,VERIFIED_INTERNAL,Workbook governance/schema/internal record; no external Scryfall fact required by this verifier.,Keep as internal workbook governance unless a later source authority says otherwise.
parser-schema-R20,Parser_Schema,20,,,,,,Pattern-level text intent,VERIFIED_INTERNAL,Workbook governance/schema/internal record; no external Scryfall fact required by this verifier.,Keep as internal workbook governance unless a later source authority says otherwise.
parser-schema-R21,Parser_Schema,21,,,,,,Numeric MV bounds,VERIFIED_INTERNAL,Workbook governance/schema/internal record; no external Scryfall fact required by this verifier.,Keep as internal workbook governance unless a later source authority says otherwise.
parser-schema-R22,Parser_Schema,22,,,,,,Mana symbols,VERIFIED_INTERNAL,Workbook governance/schema/internal record; no external Scryfall fact required by this verifier.,Keep as internal workbook governance unless a later source authority says otherwise.
parser-schema-R23,Parser_Schema,23,,,,,,Power/toughness/loyalty,VERIFIED_INTERNAL,Workbook governance/schema/internal record; no external Scryfall fact required by this verifier.,Keep as internal workbook governance unless a later source authority says otherwise.
parser-schema-R24,Parser_Schema,24,,,,,,Price/currency,VERIFIED_INTERNAL,Workbook governance/schema/internal record; no external Scryfall fact required by this verifier.,Keep as internal workbook governance unless a later source authority says otherwise.
parser-schema-R25,Parser_Schema,25,,,,,,Set/date/language/frame/foil/game,VERIFIED_INTERNAL,Workbook governance/schema/internal record; no external Scryfall fact required by this verifier.,Keep as internal workbook governance unless a later source authority says otherwise.
parser-schema-R26,Parser_Schema,26,,,,,,Historical membership/reprint,VERIFIED_INTERNAL,Workbook governance/schema/internal record; no external Scryfall fact required by this verifier.,Keep as internal workbook governance unless a later source authority says otherwise.
parser-schema-R27,Parser_Schema,27,,,,,,Uniqueness/sort/display/preference,VERIFIED_INTERNAL,Workbook governance/schema/internal record; no external Scryfall fact required by this verifier.,Keep as internal workbook governance unless a later source authority says otherwise.
parser-schema-R28,Parser_Schema,28,,,,,,Exclusions,VERIFIED_INTERNAL,Workbook governance/schema/internal record; no external Scryfall fact required by this verifier.,Keep as internal workbook governance unless a later source authority says otherwise.
parser-schema-R29,Parser_Schema,29,,,,,,Stop/filler words,VERIFIED_INTERNAL,Workbook governance/schema/internal record; no external Scryfall fact required by this verifier.,Keep as internal workbook governance unless a later source authority says otherwise.
parser-schema-R30,Parser_Schema,30,,,,,,Meaningful unmatched text,VERIFIED_INTERNAL,Workbook governance/schema/internal record; no external Scryfall fact required by this verifier.,Keep as internal workbook governance unless a later source authority says otherwise.
parser-schema-R31,Parser_Schema,31,,,,,,Non-explicit decisions,VERIFIED_INTERNAL,Workbook governance/schema/internal record; no external Scryfall fact required by this verifier.,Keep as internal workbook governance unless a later source authority says otherwise.
parser-schema-R32,Parser_Schema,32,,,,,,Plausible alternate parses,VERIFIED_INTERNAL,Workbook governance/schema/internal record; no external Scryfall fact required by this verifier.,Keep as internal workbook governance unless a later source authority says otherwise.
parser-schema-R33,Parser_Schema,33,,,,,,Confidence in translation,VERIFIED_INTERNAL,Workbook governance/schema/internal record; no external Scryfall fact required by this verifier.,Keep as internal workbook governance unless a later source authority says otherwise.
parser-schema-R34,Parser_Schema,34,,,,,,Generated canonical Scryfall query,VERIFIED_INTERNAL,Workbook governance/schema/internal record; no external Scryfall fact required by this verifier.,Keep as internal workbook governance unless a later source authority says otherwise.
parser-schema-R35,Parser_Schema,35,,,,,,Constraint-by-constraint explanation,VERIFIED_INTERNAL,Workbook governance/schema/internal record; no external Scryfall fact required by this verifier.,Keep as internal workbook governance unless a later source authority says otherwise.
parser-schema-R36,Parser_Schema,36,,,,,,QA/runtime status,VERIFIED_INTERNAL,Workbook governance/schema/internal record; no external Scryfall fact required by this verifier.,Keep as internal workbook governance unless a later source authority says otherwise.
qa-evals-R4,QA_Evals,4,green creatures with flying,green creatures with flying,Deterministic,,,t:creature c:g kw:flying,SEMANTIC_REVIEW,"Legitimate player/semantic terminology, but interpretation depends on context or non-native assumptions.",Owner/domain review before executable mapping.
qa-evals-R5,QA_Evals,5,Commander legal creatures with flying in Simic,commander legal creatures with flying in simic,Deterministic,,,f:commander id<=ug t:creature kw:flying,SEMANTIC_REVIEW,"Legitimate player/semantic terminology, but interpretation depends on context or non-native assumptions.",Owner/domain review before executable mapping.
qa-evals-R6,QA_Evals,6,cards I can play in my Esper commander deck,cards i can play in my esper commander deck,Color,,,f:commander id<=wub,SEMANTIC_REVIEW,"Legitimate player/semantic terminology, but interpretation depends on context or non-native assumptions.",Owner/domain review before executable mapping.
qa-evals-R7,QA_Evals,7,exactly Esper commanders,exactly esper commanders,Color,,,is:commander id=wub,SEMANTIC_REVIEW,"Legitimate player/semantic terminology, but interpretation depends on context or non-native assumptions.",Owner/domain review before executable mapping.
qa-evals-R8,QA_Evals,8,commanders that include white and black,commanders that include white and black,Color,,,is:commander id>=wb,SEMANTIC_REVIEW,"Legitimate player/semantic terminology, but interpretation depends on context or non-native assumptions.",Owner/domain review before executable mapping.
qa-evals-R9,QA_Evals,9,legendary elf creatures,legendary elf creatures,Type,,,t:legendary t:elf t:creature,SEMANTIC_REVIEW,"Legitimate player/semantic terminology, but interpretation depends on context or non-native assumptions.",Owner/domain review before executable mapping.
qa-evals-R10,QA_Evals,10,noncreatures with deathtouch,noncreatures with deathtouch,Keyword,,,-t:creature kw:deathtouch,SEMANTIC_REVIEW,"Legitimate player/semantic terminology, but interpretation depends on context or non-native assumptions.",Owner/domain review before executable mapping.
qa-evals-R11,QA_Evals,11,proliferate cards in Sultai commander,proliferate cards in sultai commander,Keyword Action,,,f:commander id<=bgu o:proliferate,STALE,No exact match in Scryfall catalog keyword-actions,Review stale/native mismatch before use.
qa-evals-R12,QA_Evals,12,landfall cards in Gruul commander,landfall cards in gruul commander,Ability Word,,,f:commander id<=rg o:landfall,STALE,No exact match in Scryfall catalog ability-words,Review stale/native mismatch before use.
qa-evals-R13,QA_Evals,13,ramp in mono white commander,ramp in mono white commander,Function,,,f:commander id<=w otag:ramp,VERIFIED_TAG,Exact Tagger oracle tag probe returned current results.,Safe only as exact governed Tagger mapping; preserve workbook limitations.
qa-evals-R14,QA_Evals,14,cheap removal under $2 for Orzhov,cheap removal under $2 for orzhov,Function,,,f:commander id<=wb otag:removal usd<2,VERIFIED_TAG,Exact Tagger oracle tag probe returned current results.,Safe only as exact governed Tagger mapping; preserve workbook limitations.
qa-evals-R15,QA_Evals,15,card advantage in Izzet,card advantage in izzet,Function,,,f:commander id<=ur otag:card-advantage,VERIFIED_TAG,Exact Tagger oracle tag probe returned current results.,Safe only as exact governed Tagger mapping; preserve workbook limitations.
qa-evals-R16,QA_Evals,16,counterspells under 3 mana in Dimir commander,counterspells under 3 mana in dimir commander,Function,,,f:commander id<=ub otag:counterspell mv<3,VERIFIED_TAG,Exact Tagger oracle tag probe returned current results.,Safe only as exact governed Tagger mapping; preserve workbook limitations.
qa-evals-R17,QA_Evals,17,blink cards for my Azorius deck,blink cards for my azorius deck,Relation,,,f:commander id<=wu otag:blink,VERIFIED_TAG,Exact Tagger oracle tag probe returned current results.,Safe only as exact governed Tagger mapping; preserve workbook limitations.
qa-evals-R18,QA_Evals,18,ETB creatures in Simic,etb creatures in simic,Relation,,,f:commander id<=ug t:creature o:/when ~ enters|whenever ~ enters/,SEMANTIC_REVIEW,"Legitimate player/semantic terminology, but interpretation depends on context or non-native assumptions.",Owner/domain review before executable mapping.
qa-evals-R19,QA_Evals,19,cards that help my ETB deck in Simic,cards that help my etb deck in simic,Relation,,,f:commander id<=ug,SEMANTIC_REVIEW,"Legitimate player/semantic terminology, but interpretation depends on context or non-native assumptions.",Owner/domain review before executable mapping.
qa-evals-R20,QA_Evals,20,artifact cards in Breya,artifact cards in breya,Relation,,,f:commander id<=wubr t:artifact,SEMANTIC_REVIEW,"Legitimate player/semantic terminology, but interpretation depends on context or non-native assumptions.",Owner/domain review before executable mapping.
qa-evals-R21,QA_Evals,21,cards that support artifacts in Breya,cards that support artifacts in breya,Relation,,,f:commander id<=wubr,SEMANTIC_REVIEW,"Legitimate player/semantic terminology, but interpretation depends on context or non-native assumptions.",Owner/domain review before executable mapping.
qa-evals-R22,QA_Evals,22,token makers in Selesnya,token makers in selesnya,Tokens,,,f:commander id<=gw o:/create.*token/,SEMANTIC_REVIEW,"Legitimate player/semantic terminology, but interpretation depends on context or non-native assumptions.",Owner/domain review before executable mapping.
qa-evals-R23,QA_Evals,23,+1/+1 counter cards in Abzan,+1/+1 counter cards in abzan,Counters,,,f:commander id<=wbg (otag:pp-counters-matter or otag:gives-pp-counters),VERIFIED_TAG,Exact Tagger oracle tag probe returned current results.,Safe only as exact governed Tagger mapping; preserve workbook limitations.
qa-evals-R24,QA_Evals,24,-1/-1 counter payoffs in Jund,-1/-1 counter payoffs in jund,Counters,,,f:commander id<=brg otag:mm-counters-matter,VERIFIED_TAG,Exact Tagger oracle tag probe returned current results.,Safe only as exact governed Tagger mapping; preserve workbook limitations.
qa-evals-R25,QA_Evals,25,self mill in Sultai,self mill in sultai,Mill,,,f:commander id<=bgu otag:mill-self,VERIFIED_TAG,Exact Tagger oracle tag probe returned current results.,Safe only as exact governed Tagger mapping; preserve workbook limitations.
qa-evals-R26,QA_Evals,26,mill cards in Dimir,mill cards in dimir,Mill,,,f:commander id<=ub otag:mill,VERIFIED_TAG,Exact Tagger oracle tag probe returned current results.,Safe only as exact governed Tagger mapping; preserve workbook limitations.
qa-evals-R27,QA_Evals,27,X spells in Temur,x spells in temur,Mana,,,f:commander id<=gur mana:{X},SEMANTIC_REVIEW,"Legitimate player/semantic terminology, but interpretation depends on context or non-native assumptions.",Owner/domain review before executable mapping.
qa-evals-R28,QA_Evals,28,blue cards that cost exactly UU,blue cards that cost exactly uu,Mana,,,c:u mana:{U}{U},SEMANTIC_REVIEW,"Legitimate player/semantic terminology, but interpretation depends on context or non-native assumptions.",Owner/domain review before executable mapping.
qa-evals-R29,QA_Evals,29,green creatures power 5 or more,green creatures power 5 or more,Stats,,,c:g t:creature pow>=5,SEMANTIC_REVIEW,"Legitimate player/semantic terminology, but interpretation depends on context or non-native assumptions.",Owner/domain review before executable mapping.
qa-evals-R30,QA_Evals,30,Commander cards $5 or less,commander cards $5 or less,Price,,,f:commander usd<=5,SEMANTIC_REVIEW,"Legitimate player/semantic terminology, but interpretation depends on context or non-native assumptions.",Owner/domain review before executable mapping.
qa-evals-R31,QA_Evals,31,budget commander cards,budget commander cards,Price,,,f:commander,SEMANTIC_REVIEW,"Legitimate player/semantic terminology, but interpretation depends on context or non-native assumptions.",Owner/domain review before executable mapping.
qa-evals-R32,QA_Evals,32,cheap blue spells,cheap blue spells,Ambiguity,,,c:u is:spell,SEMANTIC_REVIEW,"Legitimate player/semantic terminology, but interpretation depends on context or non-native assumptions.",Owner/domain review before executable mapping.
qa-evals-R33,QA_Evals,33,cards from MH3,cards from mh3,Printing,,,set:mh3,SEMANTIC_REVIEW,"Legitimate player/semantic terminology, but interpretation depends on context or non-native assumptions.",Owner/domain review before executable mapping.
qa-evals-R34,QA_Evals,34,cards ever printed in Alpha,cards ever printed in alpha,Printing,,,in:lea unique:cards,SEMANTIC_REVIEW,"Legitimate player/semantic terminology, but interpretation depends on context or non-native assumptions.",Owner/domain review before executable mapping.
qa-evals-R35,QA_Evals,35,exclude anything that was in M3C,exclude anything that was in m3c,Printing,,,-in:m3c unique:cards,SEMANTIC_REVIEW,"Legitimate player/semantic terminology, but interpretation depends on context or non-native assumptions.",Owner/domain review before executable mapping.
qa-evals-R36,QA_Evals,36,all Lightning Bolt printings,all lightning bolt printings,Printing,,,"!""Lightning Bolt"" unique:prints",SEMANTIC_REVIEW,"Legitimate player/semantic terminology, but interpretation depends on context or non-native assumptions.",Owner/domain review before executable mapping.
qa-evals-R37,QA_Evals,37,Japanese planeswalkers,japanese planeswalkers,Printing,,,lang:japanese t:planeswalker,SEMANTIC_REVIEW,"Legitimate player/semantic terminology, but interpretation depends on context or non-native assumptions.",Owner/domain review before executable mapping.
qa-evals-R38,QA_Evals,38,"paper Commander cards, no Universes Beyond","paper commander cards, no universes beyond",Printing,,,f:commander game:paper not:universesbeyond,SEMANTIC_REVIEW,"Legitimate player/semantic terminology, but interpretation depends on context or non-native assumptions.",Owner/domain review before executable mapping.
qa-evals-R39,QA_Evals,39,"new cards since Bloomburrow, no reprints","new cards since bloomburrow, no reprints",Date,,,date>=blb not:reprint unique:cards,SEMANTIC_REVIEW,"Legitimate player/semantic terminology, but interpretation depends on context or non-native assumptions.",Owner/domain review before executable mapping.
qa-evals-R40,QA_Evals,40,cards that counter target creature spells,cards that counter target creature spells,Regex,,,o:/counter target.*creature.*spell/,VERIFIED_TAG,Exact Tagger oracle tag probe returned current results.,Safe only as exact governed Tagger mapping; preserve workbook limitations.
qa-evals-R41,QA_Evals,41,cards that exile then return something,cards that exile then return something,Regex,,,o:/exile.*return/,VERIFIED_QUERY,Bounded Scryfall query/operator probe was accepted and returned structured result metadata.,Safe only as probed syntax behavior; semantics still limited to probe coverage.
qa-evals-R42,QA_Evals,42,activated abilities where sacrificing draws cards,activated abilities where sacrificing draws cards,Regex,,,o:/sacrifice.*:.*draw/,VERIFIED_QUERY,Bounded Scryfall query/operator probe was accepted and returned structured result metadata.,Safe only as probed syntax behavior; semantics still limited to probe coverage.
qa-evals-R43,QA_Evals,43,names ending in dragon,names ending in dragon,Regex,,,name:/dragon$/,VERIFIED_QUERY,Bounded Scryfall query/operator probe was accepted and returned structured result metadata.,Safe only as probed syntax behavior; semantics still limited to probe coverage.
qa-evals-R44,QA_Evals,44,show me Balance exactly,show me balance exactly,Exact Name,,,!Balance,SEMANTIC_REVIEW,"Legitimate player/semantic terminology, but interpretation depends on context or non-native assumptions.",Owner/domain review before executable mapping.
qa-evals-R45,QA_Evals,45,id<=wub t:creature mv<=3 with flying,id<=wub t:creature mv<=3 with flying,Syntax Preserve,,,id<=wub t:creature mv<=3 kw:flying,VERIFIED_QUERY,Bounded Scryfall query/operator probe was accepted and returned structured result metadata.,Safe only as probed syntax behavior; semantics still limited to probe coverage.
qa-evals-R46,QA_Evals,46,otag:ramp under $4,otag:ramp under $4,Syntax Preserve,,,otag:ramp usd<4,VERIFIED_TAG,Exact Tagger oracle tag probe returned current results.,Safe only as exact governed Tagger mapping; preserve workbook limitations.
qa-evals-R47,QA_Evals,47,legendary creatures legal in commander,legendary creatures legal in commander,Commander Role,,,f:commander t:legendary t:creature,SEMANTIC_REVIEW,"Legitimate player/semantic terminology, but interpretation depends on context or non-native assumptions.",Owner/domain review before executable mapping.
qa-evals-R48,QA_Evals,48,creatures that can be my commander,creatures that can be my commander,Commander Role,,,is:commander t:creature,SEMANTIC_REVIEW,"Legitimate player/semantic terminology, but interpretation depends on context or non-native assumptions.",Owner/domain review before executable mapping.
qa-evals-R49,QA_Evals,49,show every printing of fetchlands,show every printing of fetchlands,Result Control,,,is:fetchland unique:prints,SEMANTIC_REVIEW,"Legitimate player/semantic terminology, but interpretation depends on context or non-native assumptions.",Owner/domain review before executable mapping.
qa-evals-R50,QA_Evals,50,most popular commander legal ramp,most popular commander legal ramp,Result Control,,,f:commander otag:ramp order:edhrec,VERIFIED_TAG,Exact Tagger oracle tag probe returned current results.,Safe only as exact governed Tagger mapping; preserve workbook limitations.
qa-evals-R51,QA_Evals,51,lands with squirrel art,lands with squirrel art,Art,,,t:land art:squirrel,SEMANTIC_REVIEW,"Legitimate player/semantic terminology, but interpretation depends on context or non-native assumptions.",Owner/domain review before executable mapping.
qa-evals-R52,QA_Evals,52,cards with Mishra in flavor text,cards with mishra in flavor text,Flavor,,,ft:mishra,SEMANTIC_REVIEW,"Legitimate player/semantic terminology, but interpretation depends on context or non-native assumptions.",Owner/domain review before executable mapping.
qa-evals-R53,QA_Evals,53,goodstuff cards in five color,goodstuff cards in five color,Archetype,,,f:commander id<=wubrg,STALE,Tagger probe indicates the claimed tag is not currently accepted.,Queue for tag review; do not replace with fuzzy tag.
qa-evals-R54,QA_Evals,54,stax pieces in Azorius,stax pieces in azorius,Archetype,,,f:commander id<=wu,STALE,Tagger probe indicates the claimed tag is not currently accepted.,Queue for tag review; do not replace with fuzzy tag.
qa-evals-R55,QA_Evals,55,superfriends support in Atraxa colors,superfriends support in atraxa colors,Archetype,,,f:commander id<=wubg,SEMANTIC_REVIEW,"Legitimate player/semantic terminology, but interpretation depends on context or non-native assumptions.",Owner/domain review before executable mapping.
qa-evals-R56,QA_Evals,56,vehicles in Jeskai,vehicles in jeskai,Archetype,,,f:commander id<=urw t:vehicle,SEMANTIC_REVIEW,"Legitimate player/semantic terminology, but interpretation depends on context or non-native assumptions.",Owner/domain review before executable mapping.
qa-evals-R57,QA_Evals,57,vehicle support in Jeskai,vehicle support in jeskai,Archetype,,,f:commander id<=urw,SEMANTIC_REVIEW,"Legitimate player/semantic terminology, but interpretation depends on context or non-native assumptions.",Owner/domain review before executable mapping.
qa-evals-R58,QA_Evals,58,cards with cycling,cards with cycling,Ability,,,kw:cycling,SEMANTIC_REVIEW,"Legitimate player/semantic terminology, but interpretation depends on context or non-native assumptions.",Owner/domain review before executable mapping.
qa-evals-R59,QA_Evals,59,cards that mention flying,cards that mention flying,Ability,,,o:flying,SEMANTIC_REVIEW,"Legitimate player/semantic terminology, but interpretation depends on context or non-native assumptions.",Owner/domain review before executable mapping.
qa-evals-R60,QA_Evals,60,cards with reminder text mentioning mill,cards with reminder text mentioning mill,Ability,,,fo:mill,SEMANTIC_REVIEW,"Legitimate player/semantic terminology, but interpretation depends on context or non-native assumptions.",Owner/domain review before executable mapping.
qa-evals-R61,QA_Evals,61,colorless cards for my mono blue commander deck,colorless cards for my mono blue commander deck,Identity,,,f:commander id<=u id:c,SEMANTIC_REVIEW,"Legitimate player/semantic terminology, but interpretation depends on context or non-native assumptions.",Owner/domain review before executable mapping.
qa-evals-R62,QA_Evals,62,mutate cards that aren't Human,mutate cards that aren't human,Negation,,,-t:human kw:mutate,SEMANTIC_REVIEW,"Legitimate player/semantic terminology, but interpretation depends on context or non-native assumptions.",Owner/domain review before executable mapping.
reconciliation-R4,Reconciliation,4,,,,Normalize,,,VERIFIED_INTERNAL,Workbook governance/schema/internal record; no external Scryfall fact required by this verifier.,Keep as internal workbook governance unless a later source authority says otherwise.
reconciliation-R5,Reconciliation,5,,,,Normalize,,,VERIFIED_INTERNAL,Workbook governance/schema/internal record; no external Scryfall fact required by this verifier.,Keep as internal workbook governance unless a later source authority says otherwise.
reconciliation-R6,Reconciliation,6,,,,Normalize,,,VERIFIED_INTERNAL,Workbook governance/schema/internal record; no external Scryfall fact required by this verifier.,Keep as internal workbook governance unless a later source authority says otherwise.
reconciliation-R7,Reconciliation,7,,,,Remove,,,VERIFIED_INTERNAL,Workbook governance/schema/internal record; no external Scryfall fact required by this verifier.,Keep as internal workbook governance unless a later source authority says otherwise.
reconciliation-R8,Reconciliation,8,,,,Remove,,,VERIFIED_INTERNAL,Workbook governance/schema/internal record; no external Scryfall fact required by this verifier.,Keep as internal workbook governance unless a later source authority says otherwise.
reconciliation-R9,Reconciliation,9,,,,Correct,,,VERIFIED_INTERNAL,Workbook governance/schema/internal record; no external Scryfall fact required by this verifier.,Keep as internal workbook governance unless a later source authority says otherwise.
reconciliation-R10,Reconciliation,10,,,,Review,,,VERIFIED_INTERNAL,Workbook governance/schema/internal record; no external Scryfall fact required by this verifier.,Keep as internal workbook governance unless a later source authority says otherwise.
reconciliation-R11,Reconciliation,11,,,,Correct,,,VERIFIED_INTERNAL,Workbook governance/schema/internal record; no external Scryfall fact required by this verifier.,Keep as internal workbook governance unless a later source authority says otherwise.
reconciliation-R12,Reconciliation,12,,,,Review,,,VERIFIED_INTERNAL,Workbook governance/schema/internal record; no external Scryfall fact required by this verifier.,Keep as internal workbook governance unless a later source authority says otherwise.
reconciliation-R13,Reconciliation,13,,,,Review,,,VERIFIED_INTERNAL,Workbook governance/schema/internal record; no external Scryfall fact required by this verifier.,Keep as internal workbook governance unless a later source authority says otherwise.
reconciliation-R14,Reconciliation,14,,,,Review,,,VERIFIED_TAG,Exact Tagger oracle tag probe returned current results.,Safe only as exact governed Tagger mapping; preserve workbook limitations.
reconciliation-R15,Reconciliation,15,,,,Correct,,,VERIFIED_INTERNAL,Workbook governance/schema/internal record; no external Scryfall fact required by this verifier.,Keep as internal workbook governance unless a later source authority says otherwise.
reconciliation-R16,Reconciliation,16,,,,Correct,,,VERIFIED_INTERNAL,Workbook governance/schema/internal record; no external Scryfall fact required by this verifier.,Keep as internal workbook governance unless a later source authority says otherwise.
reconciliation-R17,Reconciliation,17,,,,Correct,,,VERIFIED_INTERNAL,Workbook governance/schema/internal record; no external Scryfall fact required by this verifier.,Keep as internal workbook governance unless a later source authority says otherwise.
reconciliation-R18,Reconciliation,18,,,,Correct,,,VERIFIED_INTERNAL,Workbook governance/schema/internal record; no external Scryfall fact required by this verifier.,Keep as internal workbook governance unless a later source authority says otherwise.
reconciliation-R19,Reconciliation,19,,,,Correct,,,VERIFIED_INTERNAL,Workbook governance/schema/internal record; no external Scryfall fact required by this verifier.,Keep as internal workbook governance unless a later source authority says otherwise.
reconciliation-R20,Reconciliation,20,,,,Correct,,,VERIFIED_INTERNAL,Workbook governance/schema/internal record; no external Scryfall fact required by this verifier.,Keep as internal workbook governance unless a later source authority says otherwise.
reconciliation-R21,Reconciliation,21,,,,Review,,,VERIFIED_INTERNAL,Workbook governance/schema/internal record; no external Scryfall fact required by this verifier.,Keep as internal workbook governance unless a later source authority says otherwise.
sources-governance-R9,Sources_Governance,9,,,,,,Lucky Paper Regex Guide,VERIFIED_INTERNAL,Workbook governance/schema/internal record; no external Scryfall fact required by this verifier.,Keep as internal workbook governance unless a later source authority says otherwise.
sources-governance-R10,Sources_Governance,10,,,,,,Reddit Scryfall Guide,VERIFIED_INTERNAL,Workbook governance/schema/internal record; no external Scryfall fact required by this verifier.,Keep as internal workbook governance unless a later source authority says otherwise.
sources-governance-R11,Sources_Governance,11,,,,,,OffMeta Syntax Reference,VERIFIED_INTERNAL,Workbook governance/schema/internal record; no external Scryfall fact required by this verifier.,Keep as internal workbook governance unless a later source authority says otherwise.
sources-governance-R12,Sources_Governance,12,,,,,,Governance Rule,VERIFIED_INTERNAL,Workbook governance/schema/internal record; no external Scryfall fact required by this verifier.,Keep as internal workbook governance unless a later source authority says otherwise.
sources-governance-R13,Sources_Governance,13,,,,,,Native field before regex,VERIFIED_INTERNAL,Workbook governance/schema/internal record; no external Scryfall fact required by this verifier.,Keep as internal workbook governance unless a later source authority says otherwise.
sources-governance-R14,Sources_Governance,14,,,,,,Semantic tag before literal text when user asks for function,VERIFIED_INTERNAL,Workbook governance/schema/internal record; no external Scryfall fact required by this verifier.,Keep as internal workbook governance unless a later source authority says otherwise.
sources-governance-R15,Sources_Governance,15,,,,,,Never invent `is:` or `otag:` terms,UNVERIFIED,No external or internal verifier matched this record.,Owner/domain review required before promotion.
sources-governance-R16,Sources_Governance,16,,,,,,Separate card scope from printing scope,VERIFIED_INTERNAL,Workbook governance/schema/internal record; no external Scryfall fact required by this verifier.,Keep as internal workbook governance unless a later source authority says otherwise.
sources-governance-R17,Sources_Governance,17,,,,,,Commander context prefers color identity,VERIFIED_INTERNAL,Workbook governance/schema/internal record; no external Scryfall fact required by this verifier.,Keep as internal workbook governance unless a later source authority says otherwise.
sources-governance-R18,Sources_Governance,18,,,,,,Expose material assumptions,VERIFIED_INTERNAL,Workbook governance/schema/internal record; no external Scryfall fact required by this verifier.,Keep as internal workbook governance unless a later source authority says otherwise.
sources-governance-R19,Sources_Governance,19,,,,,,Do not drop meaningful unresolved words,VERIFIED_INTERNAL,Workbook governance/schema/internal record; no external Scryfall fact required by this verifier.,Keep as internal workbook governance unless a later source authority says otherwise.
sources-governance-R20,Sources_Governance,20,,,,,,Preserve explicit valid syntax,VERIFIED_INTERNAL,Workbook governance/schema/internal record; no external Scryfall fact required by this verifier.,Keep as internal workbook governance unless a later source authority says otherwise.
sources-governance-R21,Sources_Governance,21,,,,,,"Confidence measures parse fidelity, not card quality",VERIFIED_INTERNAL,Workbook governance/schema/internal record; no external Scryfall fact required by this verifier.,Keep as internal workbook governance unless a later source authority says otherwise.
sources-governance-R22,Sources_Governance,22,,,,,,Tagger mappings are versioned allowlist entries,VERIFIED_INTERNAL,Workbook governance/schema/internal record; no external Scryfall fact required by this verifier.,Keep as internal workbook governance unless a later source authority says otherwise.
sources-governance-R23,Sources_Governance,23,,,,,,Subjective archetypes do not get fake precision,VERIFIED_INTERNAL,Workbook governance/schema/internal record; no external Scryfall fact required by this verifier.,Keep as internal workbook governance unless a later source authority says otherwise.
sources-governance-R24,Sources_Governance,24,,,,,,Every translation class gets positive and negative evals,VERIFIED_INTERNAL,Workbook governance/schema/internal record; no external Scryfall fact required by this verifier.,Keep as internal workbook governance unless a later source authority says otherwise.
dashboard-R6,Dashboard,6,,,,,,,VERIFIED_INTERNAL,Workbook governance/schema/internal record; no external Scryfall fact required by this verifier.,Keep as internal workbook governance unless a later source authority says otherwise.
dashboard-R7,Dashboard,7,,,,,,,VERIFIED_INTERNAL,Workbook governance/schema/internal record; no external Scryfall fact required by this verifier.,Keep as internal workbook governance unless a later source authority says otherwise.
dashboard-R8,Dashboard,8,,,,,,,VERIFIED_INTERNAL,Workbook governance/schema/internal record; no external Scryfall fact required by this verifier.,Keep as internal workbook governance unless a later source authority says otherwise.
dashboard-R9,Dashboard,9,,,,,,,VERIFIED_INTERNAL,Workbook governance/schema/internal record; no external Scryfall fact required by this verifier.,Keep as internal workbook governance unless a later source authority says otherwise.
dashboard-R10,Dashboard,10,,,,,,,VERIFIED_INTERNAL,Workbook governance/schema/internal record; no external Scryfall fact required by this verifier.,Keep as internal workbook governance unless a later source authority says otherwise.
dashboard-R11,Dashboard,11,,,,,,,VERIFIED_INTERNAL,Workbook governance/schema/internal record; no external Scryfall fact required by this verifier.,Keep as internal workbook governance unless a later source authority says otherwise.
dashboard-R12,Dashboard,12,,,,,,,VERIFIED_INTERNAL,Workbook governance/schema/internal record; no external Scryfall fact required by this verifier.,Keep as internal workbook governance unless a later source authority says otherwise.
dashboard-R14,Dashboard,14,,,,,,,VERIFIED_INTERNAL,Workbook governance/schema/internal record; no external Scryfall fact required by this verifier.,Keep as internal workbook governance unless a later source authority says otherwise.
dashboard-R15,Dashboard,15,,,,,,,VERIFIED_INTERNAL,Workbook governance/schema/internal record; no external Scryfall fact required by this verifier.,Keep as internal workbook governance unless a later source authority says otherwise.
dashboard-R16,Dashboard,16,,,,,,,VERIFIED_INTERNAL,Workbook governance/schema/internal record; no external Scryfall fact required by this verifier.,Keep as internal workbook governance unless a later source authority says otherwise.
dashboard-R17,Dashboard,17,,,,,,,VERIFIED_INTERNAL,Workbook governance/schema/internal record; no external Scryfall fact required by this verifier.,Keep as internal workbook governance unless a later source authority says otherwise.
dashboard-R18,Dashboard,18,,,,,,,VERIFIED_INTERNAL,Workbook governance/schema/internal record; no external Scryfall fact required by this verifier.,Keep as internal workbook governance unless a later source authority says otherwise.
dashboard-R19,Dashboard,19,,,,,,,VERIFIED_INTERNAL,Workbook governance/schema/internal record; no external Scryfall fact required by this verifier.,Keep as internal workbook governance unless a later source authority says otherwise.
dashboard-R20,Dashboard,20,,,,,,,VERIFIED_INTERNAL,Workbook governance/schema/internal record; no external Scryfall fact required by this verifier.,Keep as internal workbook governance unless a later source authority says otherwise.
dashboard-R21,Dashboard,21,,,,,,,VERIFIED_INTERNAL,Workbook governance/schema/internal record; no external Scryfall fact required by this verifier.,Keep as internal workbook governance unless a later source authority says otherwise.
dashboard-R22,Dashboard,22,,,,,,,VERIFIED_INTERNAL,Workbook governance/schema/internal record; no external Scryfall fact required by this verifier.,Keep as internal workbook governance unless a later source authority says otherwise.
dashboard-R23,Dashboard,23,,,,,,,VERIFIED_INTERNAL,Workbook governance/schema/internal record; no external Scryfall fact required by this verifier.,Keep as internal workbook governance unless a later source authority says otherwise.
dashboard-R24,Dashboard,24,,,,,,,VERIFIED_INTERNAL,Workbook governance/schema/internal record; no external Scryfall fact required by this verifier.,Keep as internal workbook governance unless a later source authority says otherwise.
dashboard-R25,Dashboard,25,,,,,,,VERIFIED_INTERNAL,Workbook governance/schema/internal record; no external Scryfall fact required by this verifier.,Keep as internal workbook governance unless a later source authority says otherwise.
dashboard-R26,Dashboard,26,,,,,,,VERIFIED_INTERNAL,Workbook governance/schema/internal record; no external Scryfall fact required by this verifier.,Keep as internal workbook governance unless a later source authority says otherwise.
dashboard-R27,Dashboard,27,,,,,,,VERIFIED_INTERNAL,Workbook governance/schema/internal record; no external Scryfall fact required by this verifier.,Keep as internal workbook governance unless a later source authority says otherwise.
dashboard-R28,Dashboard,28,,,,,,,VERIFIED_INTERNAL,Workbook governance/schema/internal record; no external Scryfall fact required by this verifier.,Keep as internal workbook governance unless a later source authority says otherwise.
dashboard-R29,Dashboard,29,,,,,,,VERIFIED_INTERNAL,Workbook governance/schema/internal record; no external Scryfall fact required by this verifier.,Keep as internal workbook governance unless a later source authority says otherwise.
dashboard-R30,Dashboard,30,,,,,,,VERIFIED_INTERNAL,Workbook governance/schema/internal record; no external Scryfall fact required by this verifier.,Keep as internal workbook governance unless a later source authority says otherwise.
dashboard-R31,Dashboard,31,,,,,,,VERIFIED_INTERNAL,Workbook governance/schema/internal record; no external Scryfall fact required by this verifier.,Keep as internal workbook governance unless a later source authority says otherwise.
dashboard-R32,Dashboard,32,,,,,,,VERIFIED_INTERNAL,Workbook governance/schema/internal record; no external Scryfall fact required by this verifier.,Keep as internal workbook governance unless a later source authority says otherwise.
dashboard-R33,Dashboard,33,,,,,,,VERIFIED_INTERNAL,Workbook governance/schema/internal record; no external Scryfall fact required by this verifier.,Keep as internal workbook governance unless a later source authority says otherwise.
dashboard-R34,Dashboard,34,,,,,,,VERIFIED_INTERNAL,Workbook governance/schema/internal record; no external Scryfall fact required by this verifier.,Keep as internal workbook governance unless a later source authority says otherwise.
tagger-allowlist-R4,Tagger_Allowlist,4,ramp,ramp,,Production-ready,,,AMBIGUOUS,Same normalized term has multiple legitimate workbook meanings or mappings.,Add context-sensitive Plain Reading disambiguation; do not select a global winner.
tagger-allowlist-R5,Tagger_Allowlist,5,removal,removal,,Production-ready,,,VERIFIED_TAG,Exact Tagger oracle tag probe returned current results.,Safe only as exact governed Tagger mapping; preserve workbook limitations.
tagger-allowlist-R6,Tagger_Allowlist,6,card-advantage,card-advantage,,Production-ready,,,VERIFIED_TAG,Exact Tagger oracle tag probe returned current results.,Safe only as exact governed Tagger mapping; preserve workbook limitations.
tagger-allowlist-R7,Tagger_Allowlist,7,synergy-mill,synergy-mill,,Production-ready,,,VERIFIED_TAG,Exact Tagger oracle tag probe returned current results.,Safe only as exact governed Tagger mapping; preserve workbook limitations.
tagger-allowlist-R8,Tagger_Allowlist,8,mill-opponent,mill-opponent,,Production-ready,,,VERIFIED_TAG,Exact Tagger oracle tag probe returned current results.,Safe only as exact governed Tagger mapping; preserve workbook limitations.
tagger-allowlist-R9,Tagger_Allowlist,9,mill-self,mill-self,,Production-ready,,,VERIFIED_TAG,Exact Tagger oracle tag probe returned current results.,Safe only as exact governed Tagger mapping; preserve workbook limitations.
tagger-allowlist-R10,Tagger_Allowlist,10,mill,mill,,Production-ready,,,AMBIGUOUS,Same normalized term has multiple legitimate workbook meanings or mappings.,Add context-sensitive Plain Reading disambiguation; do not select a global winner.
tagger-allowlist-R11,Tagger_Allowlist,11,pp-counters-matter,pp-counters-matter,,Production-ready,,,VERIFIED_TAG,Exact Tagger oracle tag probe returned current results.,Safe only as exact governed Tagger mapping; preserve workbook limitations.
tagger-allowlist-R12,Tagger_Allowlist,12,gives-pp-counters,gives-pp-counters,,Production-ready,,,VERIFIED_TAG,Exact Tagger oracle tag probe returned current results.,Safe only as exact governed Tagger mapping; preserve workbook limitations.
tagger-allowlist-R13,Tagger_Allowlist,13,counterspell,counterspell,,Production-ready,,,AMBIGUOUS,Same normalized term has multiple legitimate workbook meanings or mappings.,Add context-sensitive Plain Reading disambiguation; do not select a global winner.
tagger-allowlist-R14,Tagger_Allowlist,14,blink,blink,,Production-ready,,,VERIFIED_TAG,Exact Tagger oracle tag probe returned current results.,Safe only as exact governed Tagger mapping; preserve workbook limitations.
tagger-allowlist-R15,Tagger_Allowlist,15,sacrifice-outlet,sacrifice-outlet,,Production-ready,,,VERIFIED_TAG,Exact Tagger oracle tag probe returned current results.,Safe only as exact governed Tagger mapping; preserve workbook limitations.
tagger-allowlist-R16,Tagger_Allowlist,16,mm-counters-matter,mm-counters-matter,,Review,,,VERIFIED_TAG,Exact Tagger oracle tag probe returned current results.,Safe only as exact governed Tagger mapping; preserve workbook limitations.
tagger-allowlist-R17,Tagger_Allowlist,17,gives-mm-counters,gives-mm-counters,,Review,,,VERIFIED_TAG,Exact Tagger oracle tag probe returned current results.,Safe only as exact governed Tagger mapping; preserve workbook limitations.
tagger-allowlist-R18,Tagger_Allowlist,18,sweeper-creature,sweeper-creature,,Review,,,STALE,Tagger probe indicates the claimed tag is not currently accepted.,Queue for tag review; do not replace with fuzzy tag.
tagger-allowlist-R19,Tagger_Allowlist,19,board-wipe,board-wipe,,Review,,,VERIFIED_TAG,Exact Tagger oracle tag probe returned current results.,Safe only as exact governed Tagger mapping; preserve workbook limitations.
tagger-allowlist-R20,Tagger_Allowlist,20,mana-rock,mana-rock,,Review,,,VERIFIED_TAG,Exact Tagger oracle tag probe returned current results.,Safe only as exact governed Tagger mapping; preserve workbook limitations.
