sourcePage,productSection,deckName,mainCommander,secondaryCommanders,colors,theme,deckDescription,iconicCards,notesMechanicsMentioned,playstyleTags,primaryTheme,secondaryTheme,mainStrategy,mechanics,creatureTypeFocus,beginnerFriendly,complexity,politicalSocialPlay,combatFocus,comboPotential,graveyardFocus,tokenFocus,artifactFocus,enchantmentFocus,spellslingerFocus,rampFocus,controlFocus,aggression,valueEngine,recommendedFor,notRecommendedFor,voxManaPlacementFit,colorPhilosophySummary,whatThisDeckTeachesAboutItsColors,beginnerLesson,strategyLesson,voxManaBasicsPageUse,relatedArchetypes,relatedMechanics
https://cardgamebase.com/commander-precons/,Secrets of Strixhaven Commander Precons,Silverquill Influence,"Killian, Decisive Mentor",,White; Black,"Auras, making opponents fight","Uses negative Auras on opponents' creatures to weaken or neutralize them, while the goad mechanic forces opponents to attack each other. A political and disruptive deck that irritates opponents rather than winning through traditional combat or combos.","Killian, Decisive Mentor; Breena, the Demagogue; Inkshield; Shadrix Silverquill; Liesa, Forgotten Archangel",Goad mechanic; Auras on opponents' creatures; enchantress elements present but not central,enchantments; politics; control; auras,Negative Auras,Goad / forced attack politics,"Attach negative Auras to opponents' creatures to neutralize threats, then goad them into attacking each other, protecting yourself while others fight",Goad,unclear from source,2,3,4,3,2,1,1,1,4,2,1,3,2,3,"Players who enjoy disrupting opponents, political gameplay, and enchantment-based control rather than straightforward combat or combo wins","Players who prefer direct, aggressive strategies or dislike making enemies at the table",Strong fit for White/Black (Orzhov) players who value structure and ambition — using White's order/protection and Black's willingness to impose costs on others,"White brings structure and protection, while Black brings the willingness to weaken and exploit opponents. Together they create a deck that enforces rules on the table while making others pay for breaking them.",Shows how White and Black combine control of social dynamics — White through rules-enforcement (goad) and Black through resource denial (negative Auras).,"Not ideal for beginners due to the nuance of political gameplay, but great for players who have a basic grasp of Commander and want to explore social mechanics.",Teaches players that winning doesn't always require direct attacks — disrupting opponents and redirecting threats is a valid path to victory.,Excellent example for teaching Goad and enchantment-based disruption; good case study for White-Black political identity.,pillowfort; politics; enchantress; control,Goad; Auras; Enchantments matter
https://cardgamebase.com/commander-precons/,Secrets of Strixhaven Commander Precons,Prismari Artistry,"Rootha, Mastering the Moment",,Blue; Red,"Expensive spells, Elementals","Focused on casting powerful and expensive instants and sorceries, with Elementals as a mascot creature type. Players who enjoy casting high-impact spells in a Izzet shell will find this deck satisfying.","Rootha, Mastering the Moment; Zaffai, Thunder Conductor; Creative Technique; Elemental Masterpiece; Magma Opus",Expensive instants and sorceries; Elemental creature type support; original Strixhaven Magma Opus referenced as flavor example,spellslinger; tribal; big spells,Expensive instants and sorceries,Elementals tribal,"Cast large, impactful instants and sorceries for payoffs, supported by Elemental creature synergies",,Elementals,2,3,1,2,3,1,1,1,1,4,2,2,2,3,"Players who love casting big spells and want a flashy, high-power spell-focused experience with a creature type subtheme",Players who prefer creature-heavy strategies or value-oriented board presence over spell-casting payoffs,Strong fit for Blue/Red (Izzet) personalities — Blue's love of knowledge and planning combined with Red's impulse and big dramatic plays,"Blue provides the calculation and card advantage needed to set up big spells, while Red provides the explosive, high-cost payoffs that make those spells devastating.","Shows how Izzet combines Blue's planning with Red's love of powerful, dramatic moments — using expensive spells as both the plan and the payoff.",Best for players with some Commander experience who already understand resource management; introduces the spellslinger archetype.,Teaches mana curve management and how to set up large spell turns by building resources over multiple turns.,Good example deck for explaining the spellslinger archetype and Blue-Red color identity.,spellslinger; big spells; tribal,Instants matter; Sorceries matter; Elemental synergy
https://cardgamebase.com/commander-precons/,Secrets of Strixhaven Commander Precons,Witherbloom Pestilence,"Dina, Essence Brewer",,Black; Green,"Sacrifice, life drain","Combines sacrifice and life drain strategies with a new twist. Not the most original in concept, but strong for players who enjoy either or both themes. Offers fresh synergies between the two.","Dina, Essence Brewer; Gyome, Master Chef; Willowdusk, Essence Seer; Pest Infestation; Marshland Bloodcaster",Sacrifice synergies; life drain effects; described as combining two fan-favorite themes,sacrifice; life drain; graveyard; aristocrats,Sacrifice,Life drain,"Sacrifice creatures and permanents to generate life drain effects, slowly bleeding opponents while extracting value from the graveyard",Sacrifice,unclear from source,2,3,1,2,3,3,2,1,1,1,2,2,2,3,Players who enjoy sacrifice-based aristocrat strategies and draining opponents' life totals for value,Players who dislike managing life totals or prefer combat-heavy or combo-focused strategies,Good fit for Black/Green (Golgari) players drawn to Black's resource-exchange and sacrifice themes combined with Green's creature base as fodder,"Black brings the willingness to sacrifice and exploit, while Green provides the creature base and growth needed to fuel that sacrifice engine.",Shows how Black uses creatures as a resource rather than an end goal — with Green ensuring there is always more to sacrifice.,Good introduction to aristocrat-style play for players who understand basic creature combat and want to explore sacrifice synergies.,Teaches how sacrifice loops and life drain generate incremental advantage over a long game.,Useful for explaining Black-Green color identity and the classic aristocrats archetype on a basics page.,aristocrats; sacrifice; life drain; reanimator,Sacrifice; Life drain; Graveyard recursion
https://cardgamebase.com/commander-precons/,Secrets of Strixhaven Commander Precons,Lorehold Spirit,"Quintorius, History Chaser",,White; Red,"Cards leaving graveyard, Spirits","An unusual take on White-Red that cares about cards leaving the graveyard and Spirit creatures. The main commander is a powerful planeswalker, which is a distinctive feature. Differs significantly from typical aggressive White-Red decks.","Quintorius, Field Historian; Osgir, the Reconstructor; Losheel, Clockwork Scholar; Reconstruct History; Excavation Technique",Cards leaving graveyard synergies; Spirit creature type; commander is a planeswalker,graveyard; tribal; spirits; value,Cards leaving graveyard,Spirits tribal,"Trigger effects by removing cards from the graveyard, supported by Spirit creature synergies, with the commander generating value from graveyard interaction",Graveyard exile triggers,Spirits,2,3,1,2,2,4,1,1,1,1,1,2,2,3,Players who enjoy unusual graveyard-light strategies and tribal Spirit gameplay in an unexpected color combination,Players expecting a standard aggressive Red-White deck or those who dislike graveyard-dependent strategies,"Fits White/Red players who appreciate order (White's structure) and passion (Red's emotion), channeled through a historically-flavored Spirit theme",White brings structure and history-preservation while Red brings passion and the excitement of reclaiming what's been lost. Together they honor the past in a literal mechanical sense.,Demonstrates that White-Red can do much more than aggro — it can build value engines around unusual synergies like graveyard departures.,"Not ideal for first-time players due to its unusual theme, but good for intermediate players who want to learn about graveyard triggers in a lower-power context.","Teaches players to think about graveyard interaction in a non-traditional way — not filling it, but triggering effects when cards leave it.",Good example of a White-Red deck that defies typical color expectations; useful for teaching color flexibility.,tribal; graveyard; value engine,Graveyard exile triggers; Spirit synergy
https://cardgamebase.com/commander-precons/,Secrets of Strixhaven Commander Precons,Quandrix Unlimited,"Zimone, Infinite Analyst",,Blue; Green,"+1/+1 counters, X-cost spells","A Blue-Green deck that uses +1/+1 counters as a subtheme, with X-cost spells as the primary focus. These flexible spells allow small early plays and explosively powerful late-game turns. The commander creates board states unlike other precons.","Zimone, Quandrix Prodigy; Adrix and Nev, Twincasters; Esix, Fractal Bloom; Paradox Zone; Oversimplify",+1/+1 counters; X-cost spells described as primary theme; flexible mana sinks; powerful late-game plays,counters; big spells; ramp; value,X-cost spells,+1/+1 counters,"Ramp into large X-cost spells for flexible, scalable effects, while using +1/+1 counters as a subtheme to support board presence",Proliferate,unclear from source,2,4,1,2,3,1,1,1,1,3,3,2,2,4,"Players who enjoy mathematical, flexible gameplay with powerful late-game turns and scalable spells",Players who prefer straightforward creature-based strategies or dislike managing multiple resource types,Excellent fit for Blue/Green (Simic) players who value knowledge and planning (Blue) combined with growth and inevitability (Green),Blue's analytical approach and Green's ramp capability combine to make X-cost spells scale in ways neither color could manage alone.,"Demonstrates Blue's love of flexibility and optimization, plus Green's ramp as an engine that makes Blue's plans more powerful.",Best for players comfortable with mana management; teaches how X-cost spells scale with available mana.,Teaches players about mana sinks and how to set up large turns with ramp and card advantage.,Good example for explaining Simic identity and how ramp plus card advantage creates powerful late-game turns.,counters; big spells; ramp; control,X-cost spells; +1/+1 counters; Ramp
https://cardgamebase.com/commander-precons/,TMNT Commander Precon,Turtle Power!,Heroes in a Half Shell,,White; Blue; Black; Red; Green,"Turtles, +1/+1 counters, selecting commanders","A five-color deck built around the Teenage Mutant Ninja Turtles IP. Offers significant customization via five partner commander options, allowing players to choose their preferred play style. Highlighted as the standout product of the TMNT set despite a mixed overall reception.","Heroes in a Half Shell; Leonardo, True Leader; Donatello, Weaponized Nerd; Raphael, Fiery Rebel; Michelangelo, Party Dude; Splinter, Sensei",Partner commanders (five options); +1/+1 counters; Turtle creature type; commander selection as a feature,tribal; counters; five-color; modular,Turtles tribal / Commander selection,+1/+1 counters,"Select a commander from five partner options to customize play style, then build around Turtle tribal synergies and +1/+1 counter payoffs",Partner,Turtles,2,4,2,3,2,1,1,1,1,1,2,2,3,3,"Players who enjoy flexibility and customization, TMNT fans, and players interested in five-color decks with tribal themes","Players who prefer focused, single-theme decks or those who dislike IP crossover sets",Fits players who test across multiple color identities; the partner system mirrors a personality that values choice and adaptability over specialization,All five colors together represent a team of diverse skills working toward a common goal — a direct reflection of the TMNT's cooperative spirit.,Good introduction to five-color identity and how each color contributes a different role in a unified strategy.,"The partner system adds complexity, but the tribal focus makes it approachable for players familiar with creature-based strategies.",Teaches players about Commander selection as a strategic choice and how different commanders dramatically change a deck's play pattern.,Useful for introducing the partner mechanic and five-color identity on a basics page; also appeals to pop culture crossover players.,tribal; counters; five-color goodstuff,Partner; +1/+1 counters; Tribal
https://cardgamebase.com/commander-precons/,Lorwyn Eclipsed Commander Precons,Dance of the Elements,"Ashling, the Limitless",,White; Blue; Black; Red; Green,"Elementals, sacrifice, duplicate","A powerful five-color deck centered on casting massive Elementals using evoke costs granted by the commander, then sacrificing and copying them. Described as not a generic five-color goodstuff pile — it has a distinct, cohesive identity.","Ashling, the Limitless; Omnath, Locus of All; Nissa, Resurgent Animist; Vicious Battlerager; Horde of Notions",Evoke mechanic; sacrifice synergies; copying/duplicating creatures; Elemental creature type,tribal; sacrifice; big creatures; five-color; evoke,Elementals tribal,Sacrifice and copy synergies,"Cast large Elementals cheaply via evoke, then sacrifice and copy them for massive value and board impact",Evoke,Elementals,2,4,1,3,4,2,2,1,1,1,3,1,3,4,"Players who love casting giant creatures, exploring sacrifice and copy synergies, and playing unique five-color decks with a clear identity","Players who prefer straightforward aggro or linear strategies, or those who dislike complex board states",Fits adventurous five-color players who value both power and creativity; aligns with Red's chaos and Green's love of massive creatures,All five colors are unified through elemental forces — each color's elemental creatures contributing to a singular powerful identity that transcends individual color philosophies.,Shows that five-color decks don't have to be unfocused — a strong tribal theme can give all five colors a unified purpose.,"Complex for beginners due to evoke timing and sacrifice/copy interactions, but rewarding for players ready to learn stack mechanics.",Teaches players about evoke as a value tool and how sacrifice and copy effects can generate disproportionate value from a single card.,Excellent example for explaining the Evoke mechanic and how tribal synergies can unify a five-color identity.,tribal; sacrifice; combo; big creatures,Evoke; Sacrifice; Copy effects; Elemental synergy
https://cardgamebase.com/commander-precons/,Lorwyn Eclipsed Commander Precons,Blight Curse,"Auntie Ool, Cursewretch",,Black; Red; Green,"-1/-1 counters, creature combos","A Jund deck heavily featuring -1/-1 counters, a rare and unusual mechanic. Rewards applying counters to both your own and opponents' creatures. Despite the narrow theme, the deck offers meaningful upgrade directions and is described as powerful.","Auntie Ool, Cursewretch; Grief; Solitude; Endurance; Subtlety",-1/-1 counters on own and opponents' creatures; creature combos,counters; combo; aggro; unique mechanics,-1/-1 counters,Creature combos,"Apply -1/-1 counters strategically to trigger rewards whether placed on your own or opponents' creatures, building toward creature-based combo payoffs",,unclear from source,1,4,2,3,4,2,1,1,1,1,2,2,3,3,"Players who enjoy unusual, rarely-seen mechanics and are looking for a powerful, unique Jund deck with combo potential","Beginners or players who prefer familiar, straightforward archetypes — this deck requires understanding of an unusual mechanic",Fits Black/Red/Green (Jund) players who value power and are drawn to Black's willingness to harm their own resources and Red's chaotic energy,"Black's willingness to harm and sacrifice, Red's aggression, and Green's creature base combine to weaponize weakness itself — turning -1/-1 counters into a strength.","Demonstrates how Jund can turn debuffs into advantages, subverting the typical expectation that -1/-1 counters are purely negative.",Not recommended for new players; best for experienced players familiar with counter mechanics who want something deeply unusual.,Teaches players about symmetrical effects and how to build decks that benefit more from shared negative effects than opponents do.,Excellent example for explaining rare mechanics and how color identity can subvert player expectations.,combo; counters; aggro; control,-1/-1 counters; Creature combos
https://cardgamebase.com/commander-precons/,Edge of Eternities Commander Precons,World Shaper,"Hearthhull, the Worldseed",,Black; Red; Green,Sacrificing lands,"A land sacrifice deck that generates benefits from sacrificing lands, with built-in recursion to return them from the graveyard. Enables powerful combos out of the box and scales easily with upgrades. The commander is a Spacecraft, reflecting new Edge of Eternities rules allowing legendary vehicles/spacecraft as commanders.","Hearthhull, the Worldseed; Gitrog, Horror of Zhava; Titania, Voice of Gaea; Scapeshift; Splendid Reclamation",Sacrificing lands; land recursion from graveyard; combo-enabled; Spacecraft commander type,lands; sacrifice; combo; ramp; graveyard,Land sacrifice,Land recursion from graveyard,"Sacrifice lands for powerful effects, then recur them from the graveyard to repeat the process, building toward land-based combo wins",Landfall,unclear from source,1,4,1,2,5,3,1,1,1,1,4,1,2,4,"Players who enjoy land-based strategies, sacrifice loops, and combo-oriented gameplay with a unique mechanical identity","Players who prefer conventional creature or spell-based strategies, or beginners unfamiliar with land destruction effects",Fits Green/Black/Red players who value Green's land-as-resource philosophy combined with Black's willingness to sacrifice and Red's explosive payoffs,Green's deep connection to lands meets Black's willingness to consume resources and Red's explosive destruction — lands become both fuel and engine.,Shows how Jund colors can approach land themes differently from typical Gruul land decks — treating lands as expendable combo pieces rather than stable mana bases.,Too complex for beginners; better suited to experienced players ready to explore land-based combo strategies.,"Teaches players about land sacrifice loops, graveyard recursion, and how to build self-sustaining resource engines.",Good example for explaining land sacrifice strategies and how Green's land philosophy can extend into sacrifice loops.,lands; combo; sacrifice; ramp,Land sacrifice; Land recursion; Graveyard interaction
https://cardgamebase.com/commander-precons/,Edge of Eternities Commander Precons,Counter Intelligence,"Inspirit, Flagship Vessel",,White; Blue; Red,"Artifacts, proliferate",An atypical artifact deck where artifacts serve as a subtheme to the main focus: proliferate with charge counters. Charge counters tied to artifacts are the key resource. The proliferate mechanic adds counters to any permanent or player already with counters. The commander is a Spacecraft reflecting new Edge of Eternities rules.,"Inspirit, Flagship Vessel; Urza, Lord High Artificer; Rings of Brighthearth; Magistrate's Scepter; Voltaic Key",Proliferate; charge counters; artifacts; Mirrodin block flavor referenced; Spacecraft commander type,artifacts; counters; proliferate; control,Proliferate / charge counters,Artifacts,"Use proliferate to stack charge counters on artifacts and other permanents, building incremental advantages and leveraging charge counter payoffs",Proliferate,unclear from source,2,4,1,2,3,1,1,4,1,2,2,3,2,4,"Players who enjoy counter-stacking strategies, artifact synergies, and the satisfaction of incremental advantage building through proliferate",Players who prefer aggressive or straightforward creature combat; those who dislike tracking multiple counter types,Fits White/Blue/Red (Jeskai) players who value Blue's planning and methodical advantage with Red's artifact-invention energy and White's structural support,Blue's love of counters and incremental planning pairs with White's order and Red's inventive artifact affinity to build a methodical advantage engine.,Demonstrates how Jeskai colors use artifacts and proliferate as tools of control and incremental value generation.,Moderately complex; best for players who understand basic artifact gameplay and want to explore counter manipulation.,Teaches players about proliferate as a force multiplier and how charge counters create exponential value from artifacts.,Excellent for explaining proliferate and charge counters; good example of how artifacts can serve as a secondary theme in a counter-focused deck.,artifacts; counters; control; proliferate,Proliferate; Charge counters; Artifact synergy
https://cardgamebase.com/commander-precons/,Final Fantasy Commander Precons,Revival Trance,"Terra, Herald of Hope",,White; Black; Red,"Self-mill, reanimator","A Mardu reanimator deck based on Final Fantasy VI. Self-mills and discards to fill the graveyard, then recurs creatures using reanimation effects. A twist: the commander only reanimates creatures with 3 or less power, making it feel distinct from other reanimator piles.","Terra, Herald of Hope; Kefka, Psychotic Mage; Reanimate; Necromantic Selection; Daretti, Scrap Savant",Self-mill; discard effects; reanimation; commander restriction on 3 or less power creatures; Reanimate card included,reanimator; graveyard; self-mill; combo,Reanimator,Self-mill / discard,"Fill graveyard via self-mill and discard, then reanimate creatures — particularly those with 3 or less power per the commander's ability — to recur value efficiently",Self-mill; Reanimation,unclear from source,2,3,1,2,3,5,1,1,1,1,1,2,2,4,Final Fantasy VI fans and players who enjoy graveyard-based reanimator strategies with a twist on creature power restrictions,Players who dislike graveyard-heavy strategies or those bothered by the self-mill vulnerability to exile effects,"Fits Black-primary players who value recursion and power through resource exchange, with White's protective elements and Red's impulse providing support","Black's dominion over death and recursion drives the engine, while White adds protective elements and Red provides discard and impulse draw to fuel the graveyard.",Illustrates how Mardu colors approach reanimation differently — using Black's death-recursion with Red's discard synergies as a unique filling mechanism.,Good introduction to reanimator strategy; the power restriction creates a teachable constraint that helps players understand how commander abilities shape deck construction.,Teaches graveyard filling strategies and how creature power restrictions can create interesting deckbuilding constraints and decisions.,Good example for explaining the reanimator archetype and how self-mill and discard work as enablers rather than liabilities.,reanimator; graveyard; self-mill,Self-mill; Discard; Reanimation
https://cardgamebase.com/commander-precons/,Final Fantasy Commander Precons,Limit Break,"Cloud, Ex-SOLDIER",,White; Red; Green,"Equipment, 7+ power",A Naya Equipment deck themed around Final Fantasy VII and Cloud's Buster Sword. Provides a wide variety of equipment and bonus rewards for buffing the commander to 7 or more power. Strong pickup for equipment lovers and FF VII fans.,"Cloud, Ex-SOLDIER; Tifa, Lockhart of AVALANCHE; Sephiroth, the One-Winged; Nazahn, Revered Bladesmith; Hammer of Nazahn",Equipment synergies; 7+ power threshold rewards; wide weapon variety,equipment; combat; aggro; voltron,Equipment,7+ power threshold rewards,"Equip Cloud and other creatures with a variety of weapons, trigger rewards at 7+ power, and win through combat with buffed creatures",Equipment,unclear from source,3,2,1,5,2,1,1,3,1,1,2,1,4,3,"Players who enjoy equipment-focused voltron or go-wide combat strategies, FF VII fans, and those who want a relatively approachable aggressive deck",Players who prefer non-combat win conditions or dislike artifact-dependent strategies,"Strong fit for White/Red/Green (Naya) players who value Green's creature base, Red's aggression, and White's protective equipment synergies","White's protective order, Red's combat passion, and Green's creature power combine to make an offensive force equipped with legendary weapons.","Shows how Naya colors approach combat — not just through creatures, but through equipping them with tools that multiply their effectiveness.",One of the more approachable FF precons; teaches equipment basics and combat threshold triggers in an intuitive way.,Teaches how to build toward a power threshold and how equipment synergies create combat advantages over multiple turns.,Good example for explaining Equipment and voltron-adjacent strategies; accessible to beginners learning about combat-focused precons.,equipment; voltron; aggro; combat,Equipment; Power threshold triggers; Combat buffs
https://cardgamebase.com/commander-precons/,Final Fantasy Commander Precons,Counter Blitz,"Tidus, Yuna's Guardian",,White; Blue; Green,Moving counters,"A Bant deck from Final Fantasy X centered on moving and manipulating counters on permanents. The main focus is +1/+1 counters, with a few other counter types in the mix. Proliferate is part of the strategy, making dice management essential.","Tidus, Yuna's Guardian; Deepglow Skate; Doubling Season; Yenna, Bastion of Tidekeep; Aura Shards",Moving counters; +1/+1 counters; proliferate; multiple counter types; dice required,counters; proliferate; value; combat,Moving counters,+1/+1 counters,"Manipulate and move counters around permanents, proliferate to stack them, and use counter-payoffs for value and board advantage",Proliferate,unclear from source,2,3,1,3,3,1,1,1,1,1,2,2,2,4,"Players who enjoy counter manipulation and proliferate strategies, especially FF X fans","Players who dislike tracking multiple counter types or prefer faster, more aggressive strategies","Fits White/Blue/Green (Bant) players — Blue's love of incremental advantage, Green's creature base, and White's supportive structure create a well-rounded counter engine","Blue's analytical precision, Green's growth, and White's protection combine to carefully grow and redistribute counters as a flexible resource.","Shows Bant's strengths in incremental value and counter synergies — not as aggressive as Naya, but steadily building overwhelming board presence.",Moderate learning curve; teaches players about counter manipulation and the proliferate mechanic in an organized and manageable way.,Teaches players how moving counters between permanents creates flexibility and how proliferate multiplies that advantage over time.,Solid example for explaining proliferate and counter-moving mechanics in a Bant shell.,counters; proliferate; combat; value engine,Proliferate; +1/+1 counters; Counter movement
https://cardgamebase.com/commander-precons/,Final Fantasy Commander Precons,Scions & Spellcraft,"Y'shtola, Night's Blessed",,White; Blue; Black,"Card advantage, control","An Esper control deck based on Final Fantasy XIV. Less mechanically specific than the other FF precons — plays a general control game by removing threats, drawing cards, protecting itself, and slowly accruing value. Best for players who want to dictate game pace.","Y'shtola, Night's Blessed; Urianger, Studious Astrologian; Yuriko, the Tiger's Shadow; Varina, Lich Queen; Bident of Thassa",Card advantage; removal; protection; value generation; control-oriented,control; card draw; value; removal,Control,Card advantage,"Control the game through removal and protection, draw cards consistently, and win through accumulated value advantage rather than a single explosive strategy",,unclear from source,2,3,2,2,2,1,1,1,1,2,1,5,1,4,"Players who enjoy controlling the pace of games, drawing cards, and winning through incremental advantage rather than explosive turns",Players who prefer aggressive or combo-oriented strategies; those who dislike slow-building games,"Ideal for Blue-primary Esper players who value knowledge, planning, and control — with Black adding removal depth and White providing protective stability","Blue's control and card advantage, Black's removal depth, and White's protective structure make this deck a fortress of incremental value.","Demonstrates the Esper control identity — not winning through a specific mechanism, but by outlasting and out-resourcing opponents.","Not ideal for beginners due to reactive playstyle, but an excellent choice for players learning how to control the pace of Commander games.","Teaches players about reactive decision-making, card advantage prioritization, and how control wins without a single dominant game plan.",Strong example for explaining control archetypes and Esper color identity on a basics page.,control; card draw; value engine,Card advantage; Removal; Protection
https://cardgamebase.com/commander-precons/,Tarkir: Dragonstorm Commander Precons,Abzan Armor,Felothar the Steadfast,,White; Black; Green,"Defenders, toughness","An unusual Abzan deck focused on high-toughness creatures and defenders. Normally defenders cannot attack, but the commander enables them to do so. Compared to the Doran, the Siege Tower archetype. Described as unusual but fun.","Felothar the Steadfast; Doran, the Siege Tower; Tetsuko Umezawa, Fugitive; High Alert; Arcades, the Strategist",Defenders; high toughness; commander enables defenders to attack; Doran archetype comparison,defenders; toughness matters; combat; tribal,Defenders / toughness,Defender tribal attack enablement,"Build a board of high-toughness defenders, use the commander to enable them to attack, and win through combat with creatures that opponents underestimate",Defender,unclear from source,3,2,1,4,2,1,1,1,1,1,2,2,3,2,"Players who enjoy subverting expectations, toughness-matters gameplay, and the novelty of attacking with defenders",Players who dislike aggressive combat strategies or prefer combo and control approaches,"Good fit for White/Black/Green (Abzan) players drawn to White's structure and endurance, Green's natural toughness, and Black's willingness to flip conventions","White's defensive protection, Green's natural toughness, and Black's subversive power combine to make defense into offense — a wall that fights back.","Demonstrates how Abzan can take seemingly defensive resources and turn them into attacking threats, reflecting the color identities' combined resilience.",Accessible concept for new players; the theme of 'defenders that attack' is intuitive and easy to understand.,Teaches players how to leverage overlooked stat lines (toughness) and how a single commander ability can flip a deck's entire gameplay.,Good example for explaining toughness-matters archetypes and how commanders can define unusual deckbuilding directions.,defenders; toughness matters; combat,Defender; Toughness matters; Combat enablement
https://cardgamebase.com/commander-precons/,Tarkir: Dragonstorm Commander Precons,Mardu Surge,Zurgo Stormrender,,White; Black; Red,"Attacking tokens, sacrifice","A Mardu aggro deck with meaningful depth — not just straightforward beatdown. Combines aggressive token production with sacrifice synergies for a multi-layered, never-boring play experience.","Zurgo Stormrender; Alesha, Who Smiles at Death; Pia Nalaar, Consul of Revival; Crackling Doom; Anointed Procession",Token production; sacrifice synergies; aggressive combat; multiple directions described,tokens; sacrifice; aggro; aristocrats,Attacking tokens,Sacrifice,"Create tokens quickly and attack aggressively, while using sacrifice synergies to generate additional value from those tokens and threaten opponents from multiple angles",Sacrifice,unclear from source,3,3,1,4,2,2,4,1,1,1,2,1,4,3,Players who enjoy aggressive token strategies with sacrifice depth; good for players who want more from aggro than just attacking,"Players who prefer slower, more defensive or control-oriented strategies","Strong fit for White/Black/Red (Mardu) players — White's tokens, Red's aggression, and Black's sacrifice combine for a multidimensional offensive identity","Red's aggression drives the attack, White creates the token army, and Black ensures nothing dies without generating value — a relentless three-pronged offensive.",Shows how Mardu combines three aggressive colors into a deck that is more than the sum of its parts — aggression plus sacrifice creates a value loop.,Accessible for intermediate players; teaches how tokens and sacrifice work together in an intuitive way.,Teaches how to balance aggression with sacrifice value — when to attack and when to sacrifice for maximum benefit.,Good example for explaining token-sacrifice synergies and Mardu color identity.,tokens; aristocrats; aggro; sacrifice,Token generation; Sacrifice; Combat aggression
https://cardgamebase.com/commander-precons/,Tarkir: Dragonstorm Commander Precons,Jeskai Striker,"Shiko and Narset, Unified",,White; Blue; Red,"Extra spells, prowess","A Jeskai spell-focused deck that rewards casting multiple spells of any card type. The top payoff is copying spells with the commander, enabling massively powerful turns. Described as containing fun combos and one of the more powerful Tarkir precon turns.","Shiko and Narset, Unified; Narset, Enlightened Master; Thousand-Year Storm; Bonus Round; Swarm Intelligence",Prowess; casting multiple spells; spell copying with commander; noncreature spell focus with broader card type extension,spellslinger; combo; copy effects; prowess,Casting multiple spells / prowess,Spell copying,"Cast multiple spells in a turn to trigger prowess and other payoffs, then copy key spells with the commander for explosive value turns",Prowess,unclear from source,2,4,1,2,4,1,1,1,1,5,2,2,3,4,"Players who love chaining spells, creating explosive turns, and copy-spell combos in a Jeskai shell",Players who prefer creature-heavy or board-focused strategies; those who dislike managing stack complexity,"Excellent fit for White/Blue/Red (Jeskai) players — Blue's precision planning, Red's chaotic spell-slinging, and White's structural support enable perfectly timed explosive turns","Blue plans the sequence, Red generates the impulsive power, and White holds the line — together making each turn a precisely orchestrated explosion.",Demonstrates Jeskai's identity as a spellcasting-focused color combination where casting multiple spells rewards careful sequencing.,Complex due to spell timing and copy interactions; better for intermediate players who want to learn advanced spell sequencing.,Teaches players how to sequence spells for maximum impact and how copy effects create exponential value from a single card.,"Great example for explaining prowess, spell copying, and how to build toward explosive turns in a spell-focused deck.",spellslinger; combo; prowess; copy effects,Prowess; Spell copying; Extra spell triggers
https://cardgamebase.com/commander-precons/,Tarkir: Dragonstorm Commander Precons,Temur Roar,"Eshki, Temur's Roar",Ureni of the Unwritten,Blue; Red; Green,"Ramp, Dragons","A Temur Dragon ramp deck where the plan is to ramp into massive dragons. The secondary commander, Ureni of the Unwritten, is popular as an alternative commander for drawing and casting Dragons for free. Described as cool and deeply enjoyable for dragon and ramp lovers.","Eshki, Temur's Roar; Ureni of the Unwritten; Atarka, World Render; Selvala, Heart of the Wilds; Garruk's Uprising",Ramp; Dragon tribal; casting Dragons for free with Ureni; secondary commander explicitly named,dragons; ramp; tribal; big creatures,Dragons tribal,Ramp,"Ramp aggressively into the mid-to-late game, then cast massive Dragons for free or at a discount using the secondary commander, winning through dragon-powered combat",Ramp,Dragons,3,2,1,4,2,1,1,1,1,1,4,1,4,3,"Dragon enthusiasts, ramp lovers, and players who want a clear and satisfying game plan of building up to enormous creatures",Players who prefer combo or control strategies; those who want a more interactive or unique play pattern,"Strong fit for Blue/Red/Green (Temur) players — Green's ramp, Red's dragon-fueled aggression, and Blue's card draw combine for an epic creature-casting experience","Green fuels the engine with ramp, Red brings the heart of dragons and fire, and Blue provides the card draw to find them — a triumvirate of power and inevitability.",Demonstrates Temur's identity as the color combination that produces the most explosive creature-based ramp strategies.,"Accessible to beginners who want a simple game plan — ramp, then cast dragons. The straightforward strategy makes it good for newer players.",Teaches how ramp investment in early turns translates directly into late-game dominance through large creatures.,Excellent beginner-accessible example for explaining Dragon tribal and ramp archetypes.,dragons; ramp; tribal; big creatures,Ramp; Dragon synergy; Free casting triggers
https://cardgamebase.com/commander-precons/,Tarkir: Dragonstorm Commander Precons,Sultai Arisen,"Kotis, Sibsig Champion",,Blue; Black; Green,Graveyard,"A Sultai graveyard value deck. The theme is acknowledged as not the most original — it's straightforward graveyard value extraction. The 'Zombie Druid' branding on the box is noted as misleading, as there are no meaningful synergies with those types; they refer only to tokens generated by Teval, the Balanced Scale.","Kotis, Sibsig Champion; Teval, the Balanced Scale; Sidisi, Brood Tyrant; Muldrotha, the Gravetide; Villainous Wealth","Graveyard value; tokens from Teval, the Balanced Scale mentioned; Zombie Druid noted as non-synergistic box text",graveyard; value; control; reanimator,Graveyard value,unclear from source,"Fill and exploit the graveyard for value, recurring resources and generating advantage through graveyard interaction in the classic Sultai style",,unclear from source,2,3,1,2,3,5,1,1,1,1,2,2,2,4,Players who enjoy graveyard-based value strategies and classic Sultai goodstuff gameplay,Players looking for unique or unusual mechanics; those who want something beyond the classic graveyard theme,"Solid fit for Blue/Black/Green (Sultai) players who value Black's graveyard dominion, Blue's card advantage, and Green's creature base as a graveyard engine","Black commands the graveyard, Blue selects what to fill and recur, and Green provides the creature density to make the engine run — classic Sultai value.",Quintessential Sultai deck teaching players how three colors combine to make graveyard strategies reliable and consistent.,"Good entry point for learning graveyard strategies in a controlled, manageable context; not as explosive as dedicated combo graveyard decks.",Teaches core graveyard value principles — filling the graveyard intentionally and extracting incremental advantage from it.,Classic example for explaining Sultai identity and graveyard archetypes on a basics page.,graveyard; value engine; reanimator; control,Graveyard recursion; Value generation; Self-mill
https://cardgamebase.com/commander-precons/,Aetherdrift Commander Precons,Eternal Might,"Temmet, Naktamun's Will",,White; Blue; Black,"Zombies, looting","A Zombie deck with a twist — rather than spawning 2/2 tokens and relying heavily on traditional graveyard synergies, it pairs Zombie tribal with looting (drawing and discarding for card selection). The combination opens new possibilities beyond typical Zombie strategies.","Temmet, Naktamun's Will; Embalm; Anointed Procession; Champion of Wits; Vizier of Many Faces",Zombie tribal; looting (draw and discard); card selection; distinguished from traditional Zombie token strategies,tribal; zombies; looting; graveyard; value,Zombies tribal,Looting,"Build a Zombie-based board while using looting to selectively fill the graveyard and find key pieces, combining tribal synergies with card selection advantage",Looting,Zombies,3,3,1,3,2,3,2,1,1,1,1,2,3,3,Zombie tribal fans who want a fresh take on the archetype and players who enjoy card selection through looting,Players seeking traditional Zombie token flooding strategies or those who prefer non-tribal approaches,Good fit for Esper (White/Blue/Black) players who want tribal depth layered with Blue's card selection and Black's graveyard ambition,"Black commands the undead army, Blue curates what enters the graveyard through looting, and White adds structure and protective elements to the horde.",Shows how Esper can take a traditionally Black-focused strategy (Zombies) and add meaningful Blue elements (card selection) to create a more nuanced experience.,Accessible for players familiar with tribal strategies who want to add looting and graveyard interaction without overwhelming complexity.,Teaches players about looting as a card selection tool and how it complements rather than replaces graveyard strategies.,Good example for explaining Zombie tribal with a twist and introducing looting as a card selection mechanic.,tribal; graveyard; looting; value,Zombie tribal; Looting; Card selection
https://cardgamebase.com/commander-precons/,Aetherdrift Commander Precons,Living Energy,"Saheeli, Radiant Creator",,Blue; Red; Green,"Energy counters, artifacts","One of several energy-counter precons, distinguishing itself through a Blue-Red-Green color combination and an artifact secondary theme. Noted as mainly an energy deck with an artifact and Artificer focus layered in. The third energy precon in roughly a year of releases.","Saheeli, Radiant Creator; Aethertide Whale; Gonti's Aether Heart; Decoction Module; Whirler Virtuoso",Energy counters; artifacts; Artificers; third energy precon in a year noted,energy; artifacts; value; combo,Energy counters,Artifacts / Artificers,"Generate and spend energy counters as an alternate resource to power effects, with artifact synergies and Artificer tribal support as secondary value engines",Energy,Artificers,2,3,1,2,3,1,1,4,1,1,2,2,2,4,"Players interested in the energy mechanic, artifact-based strategies, or those returning to Magic who missed original Kaladesh energy",Players who prefer streamlined combat strategies or those who dislike managing alternate resource currencies,"Good fit for Blue/Red/Green (Temur) players — Red's inventive energy, Blue's planning, and Green's ramp supporting a creative artifact-energy engine","Red's inventive energy literally powers the deck, Blue's precision manages the resource, and Green's growth provides the mana base for large artifact plays.",Demonstrates how Temur's color combination can drive an energy-based alternate resource strategy supported by artifact construction.,Energy can be confusing as a mechanic at first; this deck is better suited to intermediate players familiar with alternate resource management.,Teaches how alternate resources like energy function as flexible mana-adjacent currencies and how to pair them with artifact synergies.,Good example for explaining energy as an alternate resource and how artifacts and energy synergize in a Temur shell.,energy; artifacts; combo; value engine,Energy counters; Artifact synergy; Artificer tribal
https://cardgamebase.com/commander-precons/,Duskmourn: House of Horror Commander Precons,Miracle Worker,"Aminatou, Veil Piercer",,White; Blue; Black,"Enchantments, miracles","A unique Esper deck combining enchantments with the miracle mechanic and library-top manipulation. Offers cost reduction as a major benefit. Features Aminatou as a legendary creature, a returning fan-favorite character.","Aminatou, Veil Piercer; Teferi, Temporal Pilgrim; Entreat the Angels; Temporal Mastery; Terminus",Miracle mechanic; enchantments; top-of-library manipulation; cost reduction,enchantments; miracles; library manipulation; control,Enchantments,Miracles / top-of-library manipulation,"Play enchantments and use library-top manipulation to set up miracle triggers for cost-reduced spells, building a controlling enchantment-based engine",Miracle,unclear from source,2,4,1,1,3,1,1,1,5,2,1,4,1,4,"Players who love enchantments, library manipulation, and unique mechanics like Miracle; Aminatou fans",Players who prefer aggressive or creature-based strategies; those who dislike managing library order,"Strong fit for Esper (White/Blue/Black) players who value Blue's curiosity and control, White's enchantment order, and Black's mysterious depth","Blue manipulates the library to set up precise plays, White structures the enchantment engine, and Black adds depth and mystery — together enabling perfectly timed miracle moments.","Shows how Esper can build an enchantment-control deck that's mechanically unique through Miracle, demonstrating the power of library-order management.","Not ideal for beginners due to top-of-library tracking complexity, but great for players who want to learn a truly unusual mechanic combination.","Teaches players about the Miracle mechanic, top-deck manipulation, and how enchantments can form the backbone of a control strategy.",Excellent for introducing the Miracle mechanic and showing how enchantments drive an Esper control identity.,enchantments; control; library manipulation,Miracle; Library manipulation; Enchantments matter; Cost reduction
https://cardgamebase.com/commander-precons/,Duskmourn: House of Horror Commander Precons,Jump Scare!,"Zimone, Mystery Unraveler",,Blue; Green,"Tricky instants, mysterious face-down cards","A Simic deck built around mind games and surprise: face-down creatures keep opponents guessing, with instant-speed tricks creating deceptive plays. Also offers extra land play and cheating expensive permanents into play. The exclamation point is part of the official deck name.","Zimone, Mystery Unraveler; Kadena, Slinking Sorcerer; Ixidor, Reality Sculptor; Brine Elemental; Temur War Shaman",Face-down creatures; instant-speed tricks; extra land plays; cheating permanents into play,face-down; combat tricks; ramp; lands; deception,Face-down creatures / deception,Tricky instants / cheating permanents,"Keep opponents guessing with face-down creatures, use instant-speed tricks for surprise combat interactions, and leverage extra land plays to accelerate large permanent deployment",Cloak; Morph,unclear from source,2,3,2,3,2,1,1,1,1,2,3,3,2,3,"Players who enjoy mind games, hidden information, and surprising opponents; those who prefer a Simic deck with a deceptive edge","Players who prefer transparent, board-present strategies or those who dislike face-down card tracking",Strong fit for Blue/Green (Simic) players — Blue's love of hidden knowledge and deception combined with Green's ramp and big permanents,"Blue keeps secrets and creates information asymmetry, while Green provides the mana base and permanents worth hiding and deploying as surprises.","Shows a unique side of Simic — not just growth and adaptation, but strategic deception and the use of hidden information as a weapon.",Teaches the concept of hidden information in card games and how face-down cards create psychological pressure on opponents.,Teaches players about the power of information asymmetry in Commander and how face-down cards create decision points for opponents.,Great example for introducing face-down mechanics and deceptive play patterns in a Simic shell.,face-down; combat tricks; ramp; control,Morph; Cloak; Extra land plays; Cheating costs
https://cardgamebase.com/commander-precons/,Duskmourn: House of Horror Commander Precons,Endless Punishment,"Valgavoth, Harvester of Souls",,Black; Red,"Punish your opponents, make them pay","A Rakdos deck that punishes opponents for taking actions and causes them to lose life, while generating significant card advantage for the controller. Described as 'proper Rakdos' and has notably striking box art.","Valgavoth, Harvester of Souls; Ob Nixilis, the Adversary; Hellrider; Ankh of Mishra; Manabarbs",Life loss triggers; punishment effects; card advantage from opponent life loss,punishment; life drain; card draw; aggro,Punishment / life drain,Card advantage from opponent actions,"Force opponents to lose life through punishment effects and triggers, while accumulating card advantage from those life loss events to maintain resource dominance",,unclear from source,2,3,2,3,3,1,1,1,1,1,1,2,4,4,Players who enjoy punishing opponents for taking actions and generating card advantage through oppressive life drain effects,Players who prefer cooperative or group-hug strategies; those who dislike being the archenemy at the table,Strong fit for Black/Red (Rakdos) players — Black's ambition to drain and dominate paired with Red's aggressive punishment impulses,Red and Black combine their most aggressive tendencies — Black bleeds opponents dry while Red punishes them for every action they dare take.,Demonstrates Rakdos's identity as the most oppressive color combination — not through combo locks but through relentless resource denial and life attrition.,Accessible concept — punish opponents for their actions — but complex to pilot optimally; good for players ready to move beyond basic aggro.,Teaches how passive punishment effects create consistent advantage and how card draw tied to opponent life loss generates self-sustaining value.,Good example for explaining the punishment archetype and Rakdos color identity.,punishment; life drain; aggro; card draw,Life loss triggers; Punishment effects; Card advantage engines
https://cardgamebase.com/commander-precons/,Duskmourn: House of Horror Commander Precons,Death Toll,"Winter, Cynical Opportunist",,Black; Green,"Fill your graveyard, reanimate monsters","A traditional reanimator deck in Black-Green. Gets large creatures into the graveyard by various means, then reanimates them using the commander and other effects. Straightforward but reliable — classic reanimator strategy that many players enjoy.","Winter, Cynical Opportunist; Ghoultree; Netherborn Altar; Aetherworks Marvel; Sheoldred's Edict",Reanimation; filling graveyard; large creature recursion; commander used for reanimation,reanimator; graveyard; big creatures; value,Reanimator,Graveyard filling,"Get large, expensive creatures into the graveyard through discard, self-mill, or sacrifice, then reanimate them at a discount using the commander and other effects",Reanimation,unclear from source,3,2,1,3,2,5,1,1,1,1,2,1,3,4,Players who enjoy straightforward reanimator strategies and want to consistently cheat large creatures into play,Players looking for novel or unusual mechanics; those who face lots of graveyard hate in their playgroup,Classic fit for Black/Green (Golgari) players — Black's dominion over death and recursion combined with Green's enormous creatures creates the perfect reanimator package,"Green provides the enormous creatures worth reanimating, while Black provides the mechanics to cheat them back from the dead — a natural and powerful pairing.",Quintessential Golgari deck that teaches how Green's creature size and Black's graveyard dominion combine into one of the most consistent archetypes in Commander.,"Relatively accessible — the plan is simple and satisfying: get a big creature in the graveyard, then bring it back. Great for players learning reanimator strategies.","Teaches core reanimator principles: identifying targets, enabling graveyard filling, and managing reanimation timing.",Excellent entry-level reanimator example for a basics page; teaches Golgari identity and classic reanimator strategy.,reanimator; graveyard; big creatures,Reanimation; Graveyard filling; Self-mill
https://cardgamebase.com/commander-precons/,Bloomburrow Commander Precons,Squirreled Away,Hazel of the Rootbloom,,Black; Green,"Squirrels, tokens","A Squirrel tribal token deck. Squirrels are a popular creature type with many relevant synergies, and this deck brings the majority of them together. Secondary token theme rewards amassing large quantities of tokens for additional benefits.","Hazel of the Rootbloom; Chatterfang, Squirrel General; Squirrel Sovereign; Acorn Harvest; Deranged Hermit",Squirrel tribal; token quantity payoffs; amassing tokens for benefits,tribal; tokens; squirrels; go-wide,Squirrel tribal,Tokens,"Produce and accumulate large quantities of Squirrel tokens, leverage tribal synergies, and trigger quantity-based rewards for maintaining a wide board presence",,Squirrels,3,2,1,3,2,1,5,1,1,1,2,1,3,3,"Squirrel fans, token enthusiasts, and players who enjoy go-wide creature strategies in a fun, flavorful package","Players who prefer combo, control, or highly complex strategies; those who dislike managing large numbers of creature tokens",Fun fit for Black/Green (Golgari) players who appreciate Green's creature instinct and Black's ability to weaponize token quantity into something threatening,"Green's natural creature instinct creates the squirrel swarm, while Black adds dark purpose to the hoard — turning cute tokens into a dangerous and relentless army.","Shows a lighter, more playful side of Golgari while still illustrating how Green provides creature bodies and Black converts them into power.","Very accessible — the plan of making tokens and attacking is easy to understand and execute, making it a great starter deck.",Teaches players about token quantity thresholds and how accumulating many small creatures can generate outsized value.,"Fun and approachable example for explaining token strategies and Golgari identity in a lighthearted, beginner-friendly way.",tribal; tokens; go-wide; aggro,Token generation; Tribal synergy; Quantity payoffs
https://cardgamebase.com/commander-precons/,Bloomburrow Commander Precons,Animated Army,"Bello, Bard of the Brambles",,Red; Green,Turning expensive artifacts and enchantments into creatures,"A unique Gruul deck that doesn't simply play huge creatures and attack. Instead, it plays expensive (4+ mana) artifacts and enchantments and uses the commander to animate them into large creatures. Opens unusual and wide-ranging upgrade directions.","Bello, Bard of the Brambles; Opalescence; Celestial Ancient; Starfield of Nyx; Kenrith's Transformation",Animating artifacts and enchantments; 4+ mana cost requirement; Gruul but not typical aggro,artifacts; enchantments; animation; big creatures; value,Animating artifacts and enchantments,Value permanents,"Play high-cost artifacts and enchantments, then animate them into large creatures using the commander, turning non-creature permanents into a surprising and powerful creature army",,unclear from source,2,3,1,3,3,1,1,4,3,1,3,1,3,3,Players who want a Gruul deck that does something truly unexpected — playing permanents as the creature base — and enjoy wide upgrade variety,"Players who prefer straightforward creature-based aggro or those who want a simple, focused game plan",Interesting fit for Red/Green (Gruul) players who appreciate Green's love of powerful permanents and Red's impulse to make everything a threat,"Green grows the permanent base with high-value artifacts and enchantments, while Red's impulsive energy animates them into fighters — a creative inversion of typical Gruul identity.",Demonstrates that Gruul doesn't have to be creature-centric — it can build its 'creature army' from other permanent types for a surprising and flexible approach.,Unusual concept that requires understanding the difference between permanent types; better for intermediate players familiar with artifacts and enchantments.,Teaches players how to use non-creature permanents as a creature base and how animation effects expand deckbuilding options significantly.,Strong example of a Gruul deck that defies color expectations; useful for teaching animation effects and Gruul identity.,artifacts; enchantments; animation; big creatures,Artifact animation; Enchantment animation; Cost threshold triggers
https://cardgamebase.com/commander-precons/,Bloomburrow Commander Precons,Peace Offering,Ms. Bumbleflower,,White; Blue; Green,"Group hug, +1/+1 counters","A group hug deck that gives opponents resources — card draws, tokens, +1/+1 counters — while benefiting more from those actions itself. Requires political communication to use effectively. Described as polarizing: players will either love or hate it.",Ms. Bumbleflower; Howling Mine; Font of Fertility; Kami of the Crescent Moon; Pendant of Prosperity,"Group hug; giving opponents cards, tokens, counters; political negotiation required; benefit-more mechanic",group hug; politics; counters; +1/+1 counters; value,Group hug,+1/+1 counters,"Give opponents resources while accruing more benefit from those actions yourself, using political negotiation to direct those benefits and protect your position",,unclear from source,2,3,5,2,2,1,2,1,1,1,2,2,1,4,"Players who love political negotiations, group dynamics, and non-threatening play styles that create fun for everyone at the table","Players who prefer direct competition, aggressive strategies, or those who find group hug strategies frustrating or unwinnable","Perfect fit for White/Blue/Green (Bant) players with strong White-aligned personalities who value fairness, teamwork, and community — with Green's generosity and Blue's planning","White's fairness and community sharing, Blue's calculated generosity, and Green's natural abundance combine to create a deck that wins through benefiting from the prosperity it spreads.","Demonstrates the cooperative side of Bant colors — White's community ethic, Green's abundance, and Blue's strategic use of generosity as a winning tool.",Teaches the group hug archetype and how political negotiation is a real and valid gameplay mechanic in Commander.,Teaches players how to use apparent generosity as a strategic tool and how political communication protects a non-aggressive player.,Excellent example for explaining group hug on a basics page and demonstrating that Commander can be won without aggression.,group hug; politics; counters; value engine,Group hug effects; +1/+1 counters; Political mechanics
https://cardgamebase.com/commander-precons/,Bloomburrow Commander Precons,Family Matters,"Zinnia, Valley's Voice",,White; Blue; Red,Go-wide,A Jeskai token deck that makes copies of creatures rather than generic tokens. Creates unique plays in a color combination that previously lacked a dedicated token commander. Described as a fresh take on the token archetype.,"Zinnia, Valley's Voice; Brudiclad, Telchor Engineer; Mimic Vat; Anointed Procession; Delney, Streetwise Lookout",Tokens that copy creatures; Jeskai token commander new to the color combination; unique token generation,tokens; copy effects; go-wide; combat,Creature copy tokens,Go-wide board presence,"Generate tokens that are copies of your own creatures, build a wide board of powerful creature duplicates, and overwhelm opponents through combat",,unclear from source,3,3,1,4,3,1,5,1,1,2,2,1,3,3,Token strategy lovers who want a fresh take in Jeskai colors; players who enjoy creative token generation through creature copying,Players who prefer traditional token strategies or those who want a control-oriented Jeskai experience,"Good fit for White/Blue/Red (Jeskai) players who want White's token strength, Blue's creative copy mechanics, and Red's aggressive go-wide pressure","White creates the token army, Blue provides the intellectual copying and duplication magic, and Red drives them into aggressive combat — a dynamic and creative offensive identity.",Shows how Jeskai approaches token strategies differently from Selesnya or Naya — with a focus on quality (copy of your best creature) over quantity.,Accessible for players familiar with token strategies; the creature copy mechanic adds an interesting layer without overwhelming complexity.,"Teaches how copying creatures creates better tokens than generic 1/1s, and how to sequence which creatures to copy for maximum board impact.",Good example for explaining copy-token strategies and showing that Jeskai can be a valid token color combination.,tokens; go-wide; copy effects; combat,Creature copying; Token generation; Go-wide combat
https://cardgamebase.com/commander-precons/,Modern Horizons 3 Commander Precons,Eldrazi Incursion,"Ulalek, Fused Atrocity",,White; Blue; Black; Red; Green,Eldrazi,An Eldrazi tribal deck using all five colors plus colorless mana — technically six 'colors' as listed on the box. One of the most popular MH3 Commander decks due to Eldrazi's fan popularity. Features newer Eldrazi designs. Best for players who love large unique creatures.,"Ulalek, Fused Atrocity; Emrakul, the World Anew; Ulamog, the Defiler; Kozilek, the Broken Reality; Eldrazi Confluence",Eldrazi tribal; colorless mana; all five colors plus colorless; new Eldrazi designs; titan absence noted by some players,tribal; big creatures; eldrazi; five-color; colorless,Eldrazi tribal,Colorless synergies,"Play and leverage Eldrazi creatures using a five-color plus colorless mana base, overwhelming opponents with massive Eldrazi and their unique abilities",,Eldrazi,2,3,1,4,2,1,1,1,1,1,3,1,4,3,"Eldrazi fans, players who love unique massive creatures, and those who want a five-color deck with a strong tribal identity","Players who prefer smaller, more interactive strategies or those who find large colorless creatures less interesting","Fits players who identify across multiple colors and want an imposing, unique creature-based experience — Eldrazi represent power beyond any single color philosophy",All five colors and colorless work in service of one goal: summoning incomprehensibly powerful Eldrazi that transcend the color philosophy entirely.,"Unique example of how five-color decks can be focused — the color identity exists only to enable the colorless Eldrazi, teaching that color can serve as support.",Mechanically approachable — cast big creatures and win with them — but mana base complexity with all five colors plus colorless may confuse new players.,Teaches players about colorless mana as a resource and how to build toward large creature strategies with multiple mana types.,"Strong example for introducing colorless mana, five-color identity, and Eldrazi tribal on a basics page.",tribal; big creatures; colorless; ramp,Colorless mana; Eldrazi synergy; Tribal; Ramp
https://cardgamebase.com/commander-precons/,Modern Horizons 3 Commander Precons,Graveyard Overdrive,Disa the Restless,,Black; Red; Green,Graveyard,A Jund graveyard deck that gains distinction through a Lhurgoyf secondary theme. The face commander Disa enables unusual and strong graveyard shenanigans tied to this creature type.,"Disa the Restless; The Gitrog Monster; Golgari Grave-Troll; Splinterfright; Hogaak, Arisen Necropolis",Graveyard; Lhurgoyf creature type; Disa enables unusual graveyard synergies,graveyard; tribal; lhurgoyf; value,Graveyard,Lhurgoyf tribal,"Fill the graveyard and use Disa and Lhurgoyf synergies to generate outsized value, leveraging the interaction between graveyard density and Lhurgoyf-type payoffs",,Lhurgoyf,2,3,1,3,3,5,1,1,1,1,2,1,3,4,Graveyard enthusiasts who want a Jund deck with a unique and unusual creature-type twist that distinguishes it from generic graveyard piles,Players who find Jund graveyard decks too familiar or those who dislike managing graveyard density as a gameplay resource,"Strong fit for Black/Red/Green (Jund) players who value Black's graveyard dominion, Green's creature base, and Red's impulsive power — with Lhurgoyf providing unique identity","Black commands the graveyard, Green fills it with large creatures, and Red adds the aggressive edge that makes Lhurgoyf synergies into a threatening engine.","Shows how Jund graveyard strategies can gain unique identity through unusual creature type synergies like Lhurgoyf, distinguishing them from generic builds.",The Lhurgoyf theme requires prior knowledge; better for experienced players who already understand graveyard strategies and want a twist.,Teaches players how graveyard density translates into creature power for Lhurgoyf-type creatures and how that creates a self-reinforcing engine.,Interesting example for explaining how unusual creature type synergies can distinguish what would otherwise be a common archetype.,graveyard; tribal; value engine,Lhurgoyf synergy; Graveyard density; Graveyard recursion
https://cardgamebase.com/commander-precons/,Modern Horizons 3 Commander Precons,Tricky Terrain,"Omo, Queen of Vesuva",,Blue; Green,"Ramp, Value","A quintessential Simic deck for Simic players — ramps, draws cards, and does 'other sweet stuff.' Some uniqueness via Omo and new cards, but described as delivering exactly what Blue-Green players expect.","Omo, Queen of Vesuva; Vesuva; Thespian's Stage; Scapeshift; Tatyova, Benthic Druid",Ramp; card draw; value engine; Simic identity; some unique elements from Omo and new cards,ramp; card draw; value; lands; simic,Ramp,Card draw / value,"Ramp aggressively with Green, draw cards with Blue, and use the mana and card advantage to play powerful spells ahead of curve for incremental value dominance",,unclear from source,3,2,1,2,2,1,1,1,1,1,5,2,2,4,"Classic Simic players who want reliable ramp and card draw, and those who enjoy consistent, predictable value-generating gameplay",Players looking for something unique or surprising from their precon; those who want a more combat or combo-focused experience,"Perfect fit for Blue/Green (Simic) players — the deck delivers on every Simic promise: knowledge, growth, adaptation, and ramp","Green's growth engine and Blue's knowledge-gathering form the core of Simic's promise — more lands, more cards, more options.",The quintessential Simic deck teaching new players exactly what Blue-Green stands for: ramp into big things while drawing enough cards to do it again.,Excellent beginner deck for Simic-curious players; teaches ramp and card draw fundamentals in a clean and approachable package.,Teaches foundational ramp-into-value strategy — how to get ahead on mana and use that advantage to draw and cast more cards than opponents.,Perfect Simic identity example for a basics page — pure expression of Blue-Green values without unnecessary complexity.,ramp; card draw; value engine; control,Ramp; Card draw; Value generation
https://cardgamebase.com/commander-precons/,Modern Horizons 3 Commander Precons,Creative Energy,"Satya, Aetherflux Genius",,White; Blue; Red,Energy counters,"Another energy counter deck, this time in Jeskai colors. Includes a mix of iconic energy cards from the past and new designs. Described as enabling fun play patterns with significant deckbuilding room if upgraded.","Satya, Aetherflux Genius; Aetherflux Reservoir; Emry, Lurker of the Loch; Inspiring Statuary; Cyberdrive Awakener",Energy counters; iconic energy reprints; new energy designs; fun play patterns,energy; artifacts; value; combo,Energy counters,unclear from source,"Generate and efficiently spend energy counters using a mix of classic and new energy cards, building toward powerful energy-fueled payoffs in Jeskai colors",Energy,unclear from source,2,3,1,2,3,1,1,2,1,2,1,2,2,4,"Energy mechanic fans, players who want a Jeskai deck with an alternate resource twist, and those interested in deckbuilding upgrades around a well-supported theme",Players who find alternate resource management frustrating or those who want a more combat-focused Jeskai experience,"Good fit for White/Blue/Red (Jeskai) players who value Blue's planning, Red's inventive energy generation, and White's structural support","Blue plans the energy expenditure, Red inventively generates it, and White provides the structural framework for the energy engine — a methodical but dynamic three-color resource machine.","Demonstrates how Jeskai's three colors each contribute to an alternate resource economy, showing that Jeskai isn't just a spellslinger identity.",Energy is best learned through play; this deck provides the full energy experience in an organized Jeskai shell that's approachable with some experience.,Teaches players how to build and spend energy efficiently and how to evaluate which energy payoffs provide the best return on investment.,Good example for explaining energy in a Jeskai context and distinguishing it from other energy precons by color identity.,energy; value engine; combo,Energy counters; Energy payoffs; Alternate resource management
https://cardgamebase.com/commander-precons/,Outlaws of Thunder Junction Commander Precons,Quick Draw,"Stella, Wild Card",,Blue; Red,Casting multiple spells in a turn,"One of the most powerful out-of-box precons ever made. Designed to unleash a fury of spells in a single turn, with many payoffs for doing so. Plays similarly to the storm mechanic. Described as rarely-matched in precon power level.","Stella, Wild Card; Thousand-Year Storm; Bonus Round; Mizzix's Mastery; Swarm Intelligence",Casting multiple spells in a turn; storm-like payoffs; very high out-of-box power; set-up then unleash pattern,spellslinger; combo; storm; big turns,Casting multiple spells in a turn,Storm-like payoffs,"Set up over multiple turns by accumulating resources, then unleash a chain of spells in a single turn for overwhelming payoffs — similar to how storm decks operate",Storm,unclear from source,1,5,1,2,5,1,1,1,1,5,2,2,3,4,Experienced players who want a powerful spell-chain combo deck that can generate single-turn wins right out of the box,"Beginners or casual players; those who dislike combo-heavy, solitaire-feeling gameplay or playing a deck that can dominate a pod",Strong fit for Blue/Red (Izzet) players who love knowledge-building (Blue) and explosive impulsive action (Red) — the ultimate spell-chain experience,"Blue's meticulous planning sets the stage, and Red's impulsive energy unleashes it all at once — the definitive expression of the Izzet identity.",Demonstrates the Izzet identity taken to its extreme — Blue and Red working together to build toward a single overwhelming turn.,Not for beginners — but teaches advanced players how to sequence spells for maximum chain value and how storm-like payoffs scale with spell count.,"Deep lesson in spell sequencing, managing a storm-like chain, and understanding how combo payoffs scale exponentially with each spell cast.",Excellent high-power example; best used to show what fully developed Izzet spellslinging looks like at the extreme end.,spellslinger; combo; storm,Storm; Spell chaining; Multi-spell turn payoffs
https://cardgamebase.com/commander-precons/,Outlaws of Thunder Junction Commander Precons,Desert Bloom,"Yuma, Proud Protector",,White; Red; Green,"Lands in graveyard, Deserts","A land-focused Naya deck that cares specifically about lands in the graveyard, sacrificing lands for benefits, bringing them back, and leveraging the Desert subtype. Takes a familiar theme and layers new twists on it, making it feel fresh.","Yuma, Proud Protector; Titania, Protector of Argoth; Splendid Reclamation; Ramunap Excavator; Zuran Orb",Lands in graveyard; sacrificing lands; land recursion; Desert subtype synergies,lands; graveyard; sacrifice; ramp; deserts,Lands in graveyard / Desert synergies,Land sacrifice and recursion,"Put lands into the graveyard intentionally, sacrifice and recur Deserts for repeated benefits, and leverage Desert-specific payoffs alongside general land synergy effects",Landfall,unclear from source,2,3,1,2,3,4,1,1,1,1,4,1,2,4,Land strategy enthusiasts who want a Naya deck with a graveyard angle and unique Desert subtype payoffs,Players who dislike land sacrifice strategies or those who prefer creature-centric Naya gameplay,"Strong fit for White/Red/Green (Naya) players who appreciate Green's land mastery, Red's sacrifice energy, and White's structured land recursion","Green's deep connection to lands, Red's willingness to sacrifice them, and White's ability to reclaim and rebuild create a cyclical land engine rooted in desert resilience.",Shows how Naya colors can approach land strategies by treating lands as recyclable resources rather than permanent fixtures.,"Land sacrifice can feel scary for new players; this deck teaches that lands can be a renewable, exploitable resource rather than a permanent fixture.",Teaches players about the graveyard as a land zone and how Desert subtype synergies create an additional layer of land-based value.,Great example for explaining land sacrifice strategies and Desert subtype synergies in a Naya context.,lands; graveyard; ramp; sacrifice,Land sacrifice; Land recursion; Desert synergy; Graveyard lands
https://cardgamebase.com/commander-precons/,Outlaws of Thunder Junction Commander Precons,Grand Larceny,"Gonti, Canny Acquisitor",,Blue; Black; Green,Stealing opponents' cards,A deck entirely focused on casting cards from opponents' decks. High replayability as different opponents mean different stolen cards. Described as one of the more unusual recent precons with great play patterns.,"Gonti, Canny Acquisitor; Gonti, Lord of Luxury; Etali, Primal Conqueror; Knowledge Pool; Villainous Wealth",Casting opponent's cards; exile from opponents' decks; synergies and rewards for casting stolen cards,theft; control; value; unique,Stealing opponents' cards,Synergies and rewards for casting stolen cards,"Exile and cast cards from opponents' libraries and exile zones, using those resources as your own, with rewards for leveraging your opponents' resources against them",,unclear from source,2,4,3,2,3,1,1,1,1,2,2,3,2,5,"Players who want a unique and highly replayable experience, enjoy using opponents' resources against them, and like value-focused control strategies",Players who prefer having full control over their deck's game plan; those who dislike inconsistency from stealing random cards,"Strong fit for Blue/Black/Green (Sultai) players — Blue's cunning, Black's ambition to take what isn't theirs, and Green's adaptive use of resources","Black's ambition to acquire power by any means, Blue's cunning intelligence, and Green's adaptive resourcefulness combine to make stealing opponents' cards feel natural and inevitable.","Shows the Sultai colors at their most opportunistic — rather than building their own plan, they co-opt opponents' plans and use them better.",Unique but potentially confusing for beginners due to casting cards from unusual zones; best for players who understand basic card mechanics.,"Teaches players about playing from exile zones, how to evaluate opponent's resources, and how to adapt your strategy to whatever has been stolen.",Excellent unique example for explaining theft strategies and how Black's ambition can extend beyond a player's own deck.,theft; control; value engine,Exile and cast from opponent's deck; Theft effects; Adaptive strategy
https://cardgamebase.com/commander-precons/,Outlaws of Thunder Junction Commander Precons,Most Wanted,"Olivia, Opulent Outlaw",,White; Black; Red,"Treasures, Outlaws","An Outlaw tribal deck caring about five creature types: Assassins, Mercenaries, Pirates, Rogues, and Warlocks — collectively called Outlaws. Secondary Treasure token theme accelerates mana. Both themes combine for decision-rich gameplay.","Olivia, Opulent Outlaw; Malcolm, Keen-Eyed Navigator; Breeches, Brazen Plunderer; Xanathos, Guildmaster; Revel in Riches","Outlaw tribal (Assassins, Mercenaries, Pirates, Rogues, Warlocks); Treasure tokens; mana acceleration from Treasures",tribal; tokens; treasures; aggro,Outlaw tribal (multi-type),Treasure tokens,"Build a board of Outlaw-type creatures to trigger tribal synergies, generate Treasure tokens for mana acceleration, and press aggressive advantages enabled by that extra mana",Treasure,Assassins; Mercenaries; Pirates; Rogues; Warlocks,3,3,1,3,2,1,3,2,1,1,3,1,3,3,"Players who enjoy multi-type tribal decks, Wild West flavor, and a combination of aggressive play with Treasure-fueled mana advantage",Players who prefer single-tribe focus or those who find multi-type tribal synergies less satisfying than dedicated tribal decks,"Good fit for White/Black/Red (Mardu) players — White's structure in the outlaw code, Black's ambition and cunning, and Red's aggressive frontier energy","Red's frontier aggression, Black's criminal ambition, and White's unlikely code of honor among thieves combine to make the most stylish and diverse tribal experience.",Shows how Mardu can build a tribal identity that transcends any single creature type by grouping thematically linked types under one umbrella.,Accessible for players who enjoy tribal strategies; the Outlaw grouping teaches that tribal synergies can exist across multiple creature types.,Teaches how Treasure tokens function as a ramp mechanism and how to leverage mana acceleration to play threats ahead of schedule.,Good example for explaining multi-type tribal strategies and the Treasure token mechanic.,tribal; tokens; treasures; aggro,Outlaw tribal; Treasure tokens; Mana acceleration
https://cardgamebase.com/commander-precons/,Fallout Commander Precons,Scrappy Survivors,"Dogmeat, Ever Loyal",,White; Red; Green,Auras & Equipment,"A Naya Auras and Equipment deck led by Dogmeat, the loyal canine companion from Fallout. Uses the commander to turn Junk tokens into useful Equipment and Auras. Full of flavorful Fallout-themed cards with a unique mechanical take on the Auras/Equipment archetype.","Dogmeat, Ever Loyal; Tezzeret, Betrayer of Flesh; Danitha, New Benalia's Light; The Wise Mothman; Bottlecap Blast",Junk tokens becoming Equipment and Auras; Aura and Equipment synergies; no companion mechanic despite Dogmeat; Fallout flavor,equipment; auras; combat; aggro; Naya,Auras & Equipment,Junk token conversion,"Use Dogmeat to convert Junk tokens into Equipment and Auras, equip and enchant creatures for combat advantage, and press Naya's aggressive board presence",Equipment; Auras,unclear from source,3,3,1,4,2,1,2,3,3,1,2,1,4,3,"Fallout fans, equipment lovers, and players who want a flavorful Naya deck that converts tokens into meaningful resources",Players who dislike relying on the commander's ability or those who find equipment-heavy strategies slow or dependent on specific pieces,"Good fit for White/Red/Green (Naya) players — White's ordered equipment structure, Red's aggressive deployment, and Green's creature base as equip targets","White orders the equipment for maximum utility, Red drives the aggressive application, and Green provides the loyal creatures to carry those tools — Naya's warrior ethos made literal.",Shows how Naya combines its colors into a coherent combat-focused identity using both auras and equipment in a single unified strategy.,Equipment and Aura basics are taught in an approachable context; the Junk token conversion adds a creative twist that makes the strategy feel special.,Teaches how to leverage token resources for card advantage and how Auras and Equipment complement each other in a combat strategy.,Good example for Naya Aura/Equipment identity and introducing the concept of converting tokens into meaningful permanents.,equipment; auras; combat; aggro,Equipment; Auras; Token conversion; Combat buffs
https://cardgamebase.com/commander-precons/,Fallout Commander Precons,Science!,Dr. Madison Li,,White; Blue; Red,"Energy counters, artifacts",A Jeskai energy deck that also features an artifact secondary theme. Among the first to revive the long-forgotten energy mechanic from Kaladesh. Combines iconic characters and locations from the Fallout universe with thematically fitting energy and artifact gameplay.,Dr. Madison Li; Nick Valentine; Aetherflux Reservoir; Gonti's Aether Heart; Decoction Module,Energy counters; artifacts; Kaladesh mechanic revival; Fallout-flavored characters and locations,energy; artifacts; value; combo,Energy counters,Artifacts,"Generate and spend energy counters for powerful effects, with artifact synergies supporting the engine and Fallout-themed cards providing flavorful payoffs",Energy,unclear from source,2,3,1,2,3,1,1,4,1,1,1,2,2,4,"Fallout fans, energy enthusiasts, and players who want a Jeskai artifact-energy deck with strong flavor integration",Players who prefer combat-heavy strategies or those who find managing energy as a secondary currency cumbersome,"Good fit for Jeskai (White/Blue/Red) players who value Blue's scientific methodology, Red's Kaladesh-style inventive energy, and White's structured artifact assembly","Blue's scientific precision manages the energy economy, Red's inventive spirit generates it, and White's structure assembles the artifact framework — a technological powerhouse.","Shows how Jeskai expresses a 'science and technology' identity through energy and artifacts, connecting thematic flavor to mechanical function.",Energy works best when learned through play; this deck gives a full energy experience in a thematically coherent Fallout context.,Teaches how energy and artifacts synergize as layered resource systems and how to evaluate the best uses of energy for maximum effect.,Good example for introducing energy as a Kaladesh-era mechanic and showing how it functions in a Jeskai artifact context.,energy; artifacts; value engine,Energy counters; Artifact synergy; Resource management
https://cardgamebase.com/commander-precons/,Fallout Commander Precons,"Hail, Caesar","Caesar, Legion's Emperor",,White; Black; Red,"Sacrifice, creature tokens","A Mardu aristocrats deck led by Caesar from Fallout, who sacrifices anything for power. Sacrifice synergies and creature tokens are the core themes. Recommended for traditional aristocrat strategy fans even beyond Fallout interest.","Caesar, Legion's Emperor; Marneus Calgar; Hannibal the Cannibal; Anointed Procession; Pitiless Plunderer",Sacrifice synergies; creature tokens as sacrifice fodder; aristocrats archetype; Caesar flavor match,sacrifice; tokens; aristocrats; aggro,Sacrifice,Creature tokens,"Generate creature tokens and use them as sacrifice fodder to trigger aristocrat-style payoffs, building advantage through the sacrifice loop and pressuring opponents with life loss and value",Sacrifice,unclear from source,2,3,1,3,3,2,4,1,1,1,1,1,3,4,"Aristocrat strategy lovers, Fallout fans, and players who enjoy managing a sacrifice engine with token generation",Players who prefer combat-focused or spell-heavy strategies without the complexity of sacrifice timing,"Strong fit for White/Black/Red (Mardu) players — White provides the token army, Black drives the sacrifice engine, Red adds aggressive pressure from the sacrifice payoffs","White creates the token army, Black converts their deaths into power, and Red channels that power into aggressive punishment — Caesar's empire built on sacrifice.","Demonstrates Mardu's aristocrat identity — White and tokens as fuel, Black as the sacrificial engine, and Red as the aggressive payoff channel.",The aristocrats archetype requires some experience to play optimally; good for intermediate players learning how sacrifice timing creates advantage.,"Teaches classic aristocrat strategy: generate tokens, sacrifice them for value, and repeat — while managing when to sacrifice versus when to attack.",Classic aristocrats example in a Mardu shell; good for explaining sacrifice-based value engines on a basics page.,aristocrats; sacrifice; tokens; aggro,Sacrifice; Token generation; Aristocrat payoffs
https://cardgamebase.com/commander-precons/,Fallout Commander Precons,Mutant Menace,The Wise Mothman,,Blue; Black; Green,"Mill, rad counters","The most unusual Fallout deck, featuring milling as a primary theme alongside the new rad counters mechanic. Rad counters are placed on players, causing them to mill and eventually take damage. Described as fascinating play patterns for players tired of conventional strategies.",The Wise Mothman; Gleemax; Persistent Petitioners; Fraying Sanity; Bruvac the Grandiloquent,Mill; rad counters placed on players; rad counters cause milling and damage; unusual mechanic combination,mill; counters; unique mechanics; control,Mill,Rad counters,"Place rad counters on opponents to force them to mill their own libraries and take incremental damage, while using the milling process to deplete opponents' resources and win through library attrition or damage",Rad counters,unclear from source,1,4,2,1,3,2,1,1,1,1,2,4,2,3,"Players who love unique mechanics, mill strategies, and Fallout flavor; those who want something genuinely different from typical Commander archetypes",Players who dislike mill strategies or find non-combat win conditions unsatisfying; those who prefer combat-heavy gameplay,"Fits Blue/Black/Green (Sultai) players — Blue's knowledge-stripping mill, Black's attrition-through-damage, and Green's mana base enabling a unique resource-denial strategy","Blue strips away knowledge (mill), Black converts that loss into damage through rad counters, and Green provides the mana base for sustained attrition — a creeping, unavoidable doom.","Shows Sultai's ability to win through resource denial and attrition rather than direct combat, demonstrating the colors' combined capacity for patient destruction.",Not suitable for beginners due to the unusual rad counter mechanic; best for players who want to learn a truly novel strategy.,"Teaches players how rad counters create a unique form of damage that bypasses life total directly, and how mill functions as both disruption and win condition.",Excellent example for introducing rad counters and mill as alternate win conditions on a basics page.,mill; control; attrition; unique mechanics,Mill; Rad counters; Library attrition
https://cardgamebase.com/commander-precons/,Murders at Karlov Manor Commander Precons,Blame Game,"Nelly Borca, Impulsive Accuser",,White; Red,Goad,"Entirely built around forcing opponents to attack using the Goad mechanic and related effects. Rewards result from those forced attacks. Creates active, aggressive games — described as great for players bored by table stalling.","Nelly Borca, Impulsive Accuser; Goad; Disrupt Decorum; Agitator Ant; Grenzo, Havoc Raiser",Goad; forcing opponents to attack; rewards for forced attacking; active game encouragement,goad; politics; aggro; combat,Goad,Rewards for forced combat,"Goad opponents' creatures to force combat actions, direct that violence between opponents, and collect rewards from the chaos of forced attacks while protecting yourself",Goad,unclear from source,3,2,4,4,1,1,1,1,1,1,1,2,3,3,"Players who enjoy active, combat-filled Commander games and want to force action at the table without being the primary aggressor","Players who prefer passive, value-building strategies or those who want consistent combos over table chaos","Strong fit for White/Red (Boros) players — White's ordered fairness in distributing attacks, Red's impulsive aggression, and the combined desire for an active, moving game","White brings the command structure that orders who must fight, and Red provides the chaotic energy that turns the forced combat into an explosive free-for-all.",Shows Boros's unique ability to control the combat step through forced engagement — using White's order and Red's aggression in a political-combat hybrid.,Relatively accessible — Goad is easy to understand conceptually — and great for players learning about political mechanics in Commander.,"Teaches players how Goad creates political dynamics, forces opponents to interact with each other, and protects the caster from becoming the target.",Excellent example for explaining Goad and political combat mechanics; clean demonstration of Boros identity.,goad; politics; aggro; combat,Goad; Forced combat; Combat rewards
https://cardgamebase.com/commander-precons/,Murders at Karlov Manor Commander Precons,Revenant Recon,"Mirko, Obsessive Theorist",,Blue; Black,"Reanimator, surveil","Combines Surveil (look at top cards, put them in graveyard or back on top) with reanimation. Surveil sets up the graveyard, then reanimation exploits it cheaply. Contains strong reanimator reprints, described as an excellent entry point for the archetype.","Mirko, Obsessive Theorist; Reanimate; Buried Alive; Entomb; Surveil Lands",Surveil; reanimation; graveyard setup; strong reprints for reanimator strategy,reanimator; surveil; graveyard; control,Reanimator,Surveil,"Use Surveil to set up the graveyard with high-value targets, then reanimate them cheaply to generate overwhelming board states and value",Surveil,unclear from source,3,3,1,2,3,5,1,1,1,1,1,3,2,4,Players interested in learning the reanimator archetype; Blue-Black fans who want graveyard depth combined with library manipulation,Players in groups with heavy graveyard hate; those who prefer proactive board-presence strategies over reactive reanimation,"Strong fit for Blue/Black (Dimir) players — Blue's top-deck manipulation enables Black's graveyard dominion in a clean, synergistic two-color pairing","Blue curates the graveyard with precision through Surveil, while Black commands what lies within it — a perfectly synchronized information-and-recursion engine.",Quintessential Dimir deck showing how Blue's knowledge-management and Black's graveyard power work together as a singular strategy.,Good entry point for reanimator — Surveil teaches players to consciously manage their graveyard as a resource rather than treating it as a discard pile.,Teaches graveyard-as-resource philosophy and how Surveil creates intentional setup for reanimation rather than leaving it to chance.,Excellent for explaining Surveil and reanimation on a basics page; clean two-color example of Dimir graveyard identity.,reanimator; graveyard; control; library manipulation,Surveil; Reanimation; Graveyard manipulation
https://cardgamebase.com/commander-precons/,Murders at Karlov Manor Commander Precons,Deadly Disguise,"Kaust, Eyes of the Glade",,White; Red; Green,Face-down cards,"A face-down card deck in Naya colors — described as an unexpected combination. Uses Morph, Megamorph, Disguise, and Cloak to fill the board with hidden creatures that opponents cannot identify. Excellent for players who want to keep opponents guessing.","Kaust, Eyes of the Glade; Ixidor, Reality Sculptor; Brine Elemental; Vesuvan Shapeshifter; Master of the Veil",Morph; Megamorph; Disguise; Cloak; face-down creatures; synergies with face-down cards,face-down; morph; combat tricks; deception,Face-down creatures,Morph/Disguise synergies,"Fill the board with face-down creatures using Morph, Megamorph, Disguise, and Cloak, then reveal them at optimal times to surprise opponents and leverage face-down synergies",Morph; Megamorph; Disguise; Cloak,unclear from source,2,4,2,3,3,1,1,1,1,1,2,2,2,3,"Players who enjoy keeping opponents guessing, hidden information gameplay, and mastering complex turn-flip timing with face-down mechanics",Players who prefer transparent board states or those who find tracking face-down cards at the table cumbersome,Interesting fit for White/Red/Green (Naya) players who want to combine Naya's creature power with the deceptive elements more typical of Blue,"White structures the face-down formation, Red provides the impulsive reveal moments, and Green supplies the powerful creatures worth hiding — Naya's strength made secretive.","Demonstrates how Naya can incorporate deception mechanics normally associated with other colors, showing the breadth of face-down card design space.",Face-down mechanics require understanding of turn-up costs and timing; better for intermediate players comfortable with creature combat.,Teaches players about hidden information as a strategic resource and how face-down cards create opponent decision paralysis.,"Excellent example for explaining the full suite of face-down mechanics (Morph, Megamorph, Disguise, Cloak) in one deck.",face-down; combat tricks; deception,Morph; Megamorph; Disguise; Cloak; Face-down synergy
https://cardgamebase.com/commander-precons/,Murders at Karlov Manor Commander Precons,Deep Clue Sea,"Morska, Undersea Sleuth",,White; Blue; Green,"Clue tokens, card draw","Centered around Clue tokens — artifacts sacrificed for card draw by paying two mana. Provides many ways to use Clues beyond simple card draw. Plays as expected from a Bant deck: abundant card draw, value, and decision points. Note: the source body text calls this deck 'Deep Blue Sea' but the canonical name from the product section header is 'Deep Clue Sea.'","Morska, Undersea Sleuth; Tireless Tracker; Tamiyo's Journal; Academy Manufactor; Lonis, Cryptozoologist",Clue tokens; artifact sacrifice for card draw; multiple Clue uses; Bant value and card draw; decision-rich gameplay,artifacts; tokens; card draw; value; clues,Clue tokens,Card draw / value,"Generate and exploit Clue tokens for card draw and other uses, building overwhelming card advantage in a Bant shell and winning through resource dominance and decision-point saturation",Clue tokens,unclear from source,3,3,1,2,3,1,3,4,1,1,2,2,1,5,"Players who love card advantage, artifact tokens, and Bant-style value accumulation; those who enjoy decks with many decision points",Players who prefer aggressive or combat-heavy strategies; those who find incremental value-building too slow,"Strong fit for White/Blue/Green (Bant) players — White's structured Clue investigation, Blue's card draw mastery, and Green's mana support create an overwhelming value engine","White structures the investigation framework, Blue turns every Clue into knowledge and card advantage, and Green provides the mana base to activate them — Bant's value-engine identity crystallized.","Shows how Bant colors build overwhelming value engines through artifact tokens — combining White's structure, Blue's card draw, and Green's mana into a unified advantage machine.","Clue tokens are intuitive — pay two mana, draw a card — making this approachable for players learning about artifact tokens and card advantage.",Teaches players how artifact tokens can serve multiple purposes beyond their obvious function and how to build engines around repeatable token generation.,"Excellent example for introducing Clue tokens, Bant value strategies, and artifact-based card advantage on a basics page.",artifacts; tokens; card draw; value engine,Clue tokens; Artifact sacrifice; Card draw; Value accumulation
https://cardgamebase.com/commander-precons-2011-2019/,Commander 2019,Faceless Menace,"Kadena, Slinking Sorcerer",,Blue; Black; Green,Morph,"The definitive Morph commander deck, built to cast as many free face-down creatures as possible and draw a card for each one. Kadena keeps opponents guessing while generating card advantage, then flips creatures at the optimal moment for surprise impact. A deception-based value engine that rewards patience and timing.","Volrath, the Shapestealer; Rayami, First of the Fallen; Grismold, the Dreadsower; Mire in Misery; Sudden Substitution; Leadership Vacuum",Morph; free morph cost with Kadena; card draw on morph cast; face-down hidden information; optimal flip timing,morph; face-down; deception; card draw; value,Morph / face-down creatures,Card draw from morph casts,"Cast creatures face-down for free, draw a card each time, flip at optimal moments to surprise opponents",Morph,unclear,2,4,2,3,3,1,1,1,1,1,2,3,2,4,"Players who enjoy hidden information, deception, and card-draw engines via face-down mechanics",Players who prefer transparent board states or straightforward aggro,Sultai players drawn to knowledge-hiding and value accumulation over direct power,Blue's information control + Black's subversion + Green's creature base enable a deck where nothing is as it seems,Demonstrates how Sultai combines Blue's information control (hidden face-down cards) with Black's subversive deception and Green's creature density — each color contributing a different dimension to the morph engine.,Introduces Morph timing and how hidden information creates opponent decision paralysis,Teaches players to manage a dual resource: the face-down board creates threat ambiguity for opponents while Kadena's card draw keeps your hand full — both resources must be managed simultaneously for optimal play.,Ideal for explaining the Morph mechanic on a basics page; shows how hidden information creates strategic depth and teaches Sultai's identity as the color combination that weaponizes knowledge asymmetry.,morph; face-down; control; value engine,Morph; Disguise; Cloak
https://cardgamebase.com/commander-precons-2011-2019/,Commander 2019,Mystic Intellect,"Sevinne, the Chronoclasm",,Blue; Red; White,Flashback,A Flashback-focused Jeskai deck that casts spells from the graveyard for repeated value. Sevinne's ability to copy the first instant or sorcery cast from the graveyard each turn creates explosive multi-spell turns. Contains strong iconic cards for the spellslinger and Flashback archetypes.,"Elsha of the Infinite; Pramikon, Sky Rampart; Gerrard, Weatherlight Hero; Dockside Extortionist; Sevinne's Reclamation",Flashback; graveyard spell casting; Sevinne copy trigger on first graveyard cast; instants and sorceries matter,flashback; graveyard; spellslinger; value,Flashback / casting spells from graveyard,Spellslinger value,"Cast spells from the graveyard via Flashback, generating repeated value from the same cards",Flashback,unclear,2,3,1,2,3,4,1,1,1,4,2,3,2,4,Spellslinger players who want to re-use instants and sorceries from the graveyard,Players seeking a flashy or highly novel mechanic; primarily creature-focused players,Jeskai players who value getting double value from every spell they cast,"Jeskai colors use Blue's knowledge, Red's impulsive spells, and White's structure to re-cast and re-use spells for maximum efficiency",Shows how Jeskai combines Blue's recursive knowledge (re-casting spells) with Red's impulsive spell power and White's structural protection — the Flashback mechanic literalizes Blue's philosophy of learning from the past.,Teaches graveyard-as-resource via Flashback — spells don't have to be one-time-use,Teaches players to treat the graveyard as a second hand — identifying which spells are most valuable to Flashback and sequencing Sevinne's copy trigger for maximum double-spell turns.,Strong example for explaining Flashback on a basics page and demonstrating how Jeskai approaches the graveyard as a knowledge resource rather than a pure death zone.,flashback; spellslinger; graveyard; control,Flashback; Spells from graveyard
https://cardgamebase.com/commander-precons-2011-2019/,Commander 2019,Primal Genesis,"Ghired, Conclave Exile",,Red; Green; White,Populate,"A Populate-focused Naya token deck that creates powerful creature tokens early, then copies the best one repeatedly in the mid and late game. Ghired enters creating a 4/4 Rhino, which becomes the primary Populate target for subsequent turns. A straightforward but effective go-wide token strategy.","Marisi, Breaker of the Coil; Atla Palani, Nest Tender; Tahngarth, First Mate; Ghired's Belligerence; Ohran Frostfang; Song of the Worldsoul",Populate; token copying; Rhino token as primary populate target; go-wide combat,tokens; populate; aggro; go-wide,Populate / token copying,Token aggression,"Make powerful tokens early (often 4/4 Rhinos), then Populate them in the mid/late game for overwhelming board presence",Populate,unclear,3,2,1,4,2,1,5,1,1,1,2,1,4,3,Token and aggro players who want to make large tokens and copy them for a dominating board state,Control or combo players; those who dislike combat-focused strategies,Naya players who want explosive token-based board development,"Naya's White tokens, Red aggression, and Green creature power combine to make Populate a devastating snowball mechanic","Illustrates how Naya channels White's token army, Red's aggressive momentum, and Green's creature power into the Populate mechanic — copying your best token amplifies all three colors' strengths simultaneously.",Teaches Populate — copying your best token rather than making weak generic ones,Teaches players that token quality beats token quantity — making one powerful token (like Ghired's 4/4 Rhino) and Populating it repeatedly is more efficient than flooding the board with 1/1s.,Perfect for explaining the Populate mechanic on a basics page; shows how Naya's go-wide token identity can be elevated from swarm tactics into a copy-the-best strategy.,tokens; populate; aggro; go-wide,Populate; Token copying; Combat aggression
https://cardgamebase.com/commander-precons-2011-2019/,Commander 2019,Merciless Rage,Anje Falkenrath,,Red; Black,Madness,"A Madness-focused Rakdos deck built around Anje Falkenrath's ability to tap for draw-and-discard, enabling free or discounted Madness spells every turn. Scales easily toward competitive play through reanimation of discarded threats. Considered one of the highest-ceiling precons ever printed.","Chainer, Nightmare Adept; Greven, Predator Captain; K'rrik, Son of Yawgmoth; Bone Miser; Anje's Ravager",Madness; Anje Falkenrath tap ability; discard as resource; Madness cost reduction; reanimation of discarded creatures; near-cEDH potential,madness; discard; graveyard; combo; reanimator,Madness / discard for value,Reanimation,Discard cards constantly for Madness cost savings and Anje's ability triggers; reanimate discarded creatures; near-cEDH viable with minimal upgrades,Madness,unclear,1,4,1,2,5,4,1,1,1,1,1,2,3,5,Competitive-leaning players who want a Madness/discard combo deck that scales easily toward cEDH,"Beginners or casual players who prefer fair, interactive gameplay",Rakdos players drawn to maximum resource exploitation and high-speed combo potential,Black's willingness to spend resources and Red's impulsive discard combine to turn every discarded card into fuel,Captures Rakdos at its most resource-efficient — Black's willingness to spend life and discard cards pairs with Red's impulsive discard-for-value to make every resource expenditure simultaneously a gain through Madness.,Not for beginners — teaches advanced discard-as-resource and combo assembly,"Teaches the advanced concept of discard-as-resource: building a deck where discarding is never a cost but always a trigger, and understanding how Anje's tap ability creates an infinite loop of draw-discard-cast.",Excellent advanced example for a basics page on Madness and discard synergies; demonstrates how Rakdos can make losing resources feel like gaining them.,madness; discard; combo; reanimator,Madness; Discard triggers; Graveyard recursion
https://cardgamebase.com/commander-precons-2011-2019/,Commander 2018,Exquisite Invention,"Saheeli, the Gifted",,Red; Blue,Artifacts,"A Saheeli-led Izzet artifact deck that reduces costs with each cheap artifact cast, then deploys one dominant artifact threat. The strategy rewards flooding the board with small artifacts early to make Saheeli's second ability affordable. Contains several strong new artifact-focused cards.","Brudiclad, Telchor Engineer; Tawnos, Urza's Apprentice; Varchild, Betrayer of Kjeldor; Saheeli's Directive; Echo Storm; Retrofitter Foundry; Enchanter's Bane",Artifact cost reduction via Saheeli; cheap artifacts as ramp enablers; big artifact threat as win condition,artifacts; ramp; big creatures; cost reduction,Artifacts / cheap artifact ramp into big artifact threats,Cost reduction via commander,"Cast many cheap artifacts to trigger Saheeli's cost reduction, then ramp into a single massive artifact threat",,unclear,2,3,1,2,3,1,1,5,1,1,3,2,2,3,Artifact lovers who want an Izzet deck focused on ramping into one dominant artifact threat,Creature-focused or combat-heavy players; those wanting a more interactive play pattern,Izzet players interested in artifacts over spellslinging,Izzet's inventive Red and precise Blue combine to build and deploy artifacts faster than any other color pair,"Shows Izzet's inventor identity — Blue provides the precise engineering to play many cheap artifacts and Red supplies the inventive ambition to deploy one massive artifact payoff, with Saheeli's cost reduction bridging the two.",Teaches how cost reduction stacks with small artifacts to enable early access to expensive payoffs,Teaches ramp through artifact volume rather than land-based ramp — counting Saheeli's cost reduction triggers as a mana acceleration mechanic and planning the big artifact deployment turn from the first card played.,Good example for explaining cost reduction mechanics on a basics page; shows how Izzet builds mana acceleration through artifact density rather than traditional ramp spells.,artifacts; ramp; combo; cost reduction,Cost reduction; Artifact synergy; Ramp
https://cardgamebase.com/commander-precons-2011-2019/,Commander 2018,Nature's Vengeance,Lord Windgrace,,Black; Red; Green,Lands,A Lord Windgrace-led Jund lands deck with landfall and land recursion as its primary engines. Windgrace's planeswalker abilities recur lands from the graveyard and generate card advantage directly through land interaction. Somewhat underdelivers on land synergies beyond the commander itself.,"Thantis, the Warweaver; Gyrus, Waker of Corpses; Xantcha, Sleeper Agent; Fury Storm; Windgrace's Judgment; Nesting Dragon",Landfall; land recursion from graveyard via Windgrace; land-based card draw; Windgrace planeswalker abilities,lands; landfall; graveyard; ramp; value,Lands matter,Land recursion / landfall,"Leverage Lord Windgrace's land-focused abilities to recur and replay lands, generating value through landfall and land-based effects",Landfall,unclear,2,3,2,2,3,3,1,1,1,1,4,1,2,4,Land strategy enthusiasts in Jund colors who want landfall and land recursion in a single cohesive package,Players wanting a fully creature-centric or combat-heavy Jund deck; noted as underdelivering on land synergies beyond the commander,Jund players interested in land-as-resource strategy rather than standard creature aggro,"Jund's Black sacrifice, Red destruction, and Green growth all apply to lands — treating the mana base itself as a renewable engine","Demonstrates how Jund treats lands as weapons — Black sacrifices them, Red destroys with them, and Green grows through them, with Lord Windgrace making the mana base itself the primary resource engine.","Teaches how lands can be a primary resource engine, not just mana sources",Teaches players that lands can be a renewable sacrifice resource rather than permanent fixtures — Windgrace's recursion loop shows how the same land can enter and generate value multiple times per game.,Strong example for a basics page on lands-matter strategies; useful for explaining how Jund's three aggressive colors can approach land interaction from a value-engine rather than purely destructive perspective.,lands; landfall; ramp; graveyard,Landfall; Land recursion; Land sacrifice
https://cardgamebase.com/commander-precons-2011-2019/,Commander 2018,Adaptive Enchantment,"Estrid, the Masked",,Green; White; Blue,Enchantments,"An Estrid-led Bant enchantress deck that builds a card-draw engine by casting enchantments while generating mana through Estrid's untap ability. The classic enchantress loop — each enchantment draws a card, enabling the next — is the deck's core engine. One of the strongest C18 decks out of the box.","Kestia, the Cultivator; Tuvasa the Sunlit; Arixmethes, Slumbering Isle; Empyrial Storm; Genesis Storm; Estrid's Invocation",Enchantress draw triggers; Estrid untap ability as mana engine; Aura synergies; enchantments matter,enchantments; enchantress; ramp; value; control,Enchantress / enchantments matter,Enchantment-based ramp (Estrid's untap ability),"Build an enchantress engine — play enchantments to draw cards, generate mana via Estrid's untap, and win through enchantment-based value accumulation",,unclear,2,3,1,2,3,1,1,1,5,1,3,3,1,5,Enchantment lovers who want a cohesive Bant enchantress deck with ramp and card draw built in,Players who prefer creature-combat or artifact-based strategies,"Bant players aligned with Blue-Green's growth-through-knowledge philosophy, extended into enchantment permanents","Bant's White structure, Blue card draw, and Green ramp make enchantments both the engine and the payoff","Showcases Bant's enchantment identity at its most cohesive — White structures the enchantment framework, Blue draws cards from each enchantment cast, and Green generates the mana through Estrid's untap, making all three colors essential to the engine.",Classic enchantress lesson: each enchantment you cast replaces itself and enables the next — a self-sustaining value loop,"Teaches the classic enchantress loop: each enchantment replaces itself through card draw, enabling the next enchantment, which enables the next — the deck accelerates itself and the key skill is knowing which enchantments break the loop open.",Definitive enchantress archetype example for a basics page; ideal for explaining how White-Blue-Green approaches enchantments as both the engine and the payoff simultaneously.,enchantments; enchantress; control; ramp,Enchantress draw triggers; Aura synergy; Untap effects
https://cardgamebase.com/commander-precons-2011-2019/,Commander 2018,Subjective Reality,"Aminatou, the Fateshifter",,White; Blue; Black,Top Card of your Library,"An Aminatou-led Esper deck combining top-of-library manipulation with the Miracle mechanic for cost-reduced spells and ETB blink value. The most complex C18 deck, rewarding players who can engineer their draw step to set up Miracle triggers and chain blink effects. Contains powerful reprints for all three strategies.","Yennett, Cryptic Sovereign; Varina, Lich Queen; Yuriko, the Tiger's Shadow; Aminatou's Augury; Entreat the Dead; Skull Storm",Miracle cost reduction; top-of-library manipulation; ETB blink via Aminatou minus ability; library order engineering,library manipulation; miracle; control; blink; value,Top-of-library manipulation,Miracle cost reduction,Manipulate the top card of the library to always draw the most useful card; use Miracle to cast those cards for reduced cost; blink permanents with Aminatou for ETB value,Miracle,unclear,1,5,1,1,4,2,1,1,2,2,1,5,1,5,"Advanced players who enjoy precision library control, Miracle triggers, and ETB blink value in a controlling Esper shell",Beginners or players who prefer aggro/combat; extremely complex to pilot optimally,Esper players who want maximum information control and deliberate play patterns,Esper's Blue precision and Black depth combine with White's order to curate the future — every draw is a deliberate choice,"Demonstrates Esper's most cerebral identity — Blue engineers the library order with precision, White provides Miracle's protective cost reduction, and Black adds the recursive depth that makes the engine resilient to disruption.",Not for beginners — teaches advanced library manipulation and how to engineer draw steps,"Teaches top-deck engineering as an active skill: using Aminatou's +1 to set up Miracle triggers, her -1 to blink permanents for ETB chains, and sequencing both abilities to maximize value while maintaining library control every turn.",Advanced example for a basics page on library manipulation and Miracle; best used to show how Esper can win through information control rather than direct power.,library manipulation; miracle; control; blink,Miracle; Top-deck manipulation; ETB blink; Library order
https://cardgamebase.com/commander-precons-2011-2019/,Commander 2017,Draconic Domination,The Ur-Dragon,,White; Blue; Black; Red; Green,Tribal Dragons,"The quintessential five-color Dragon tribal deck, led by The Ur-Dragon whose eminence ability reduces Dragon casting costs by one from the command zone. Floods the board with Dragons as fast as possible and wins through overwhelming aerial combat. Considered the best Dragon tribal commander precon.","O-Kagachi, Vengeful Kami; Ramos, Dragon Engine; Taigam, Ojutai Master; Wasitora, Nekoru Queen; Territorial Hellkite; Fractured Identity; Herald's Horn; Kindred Discovery",Eminence cost reduction; Dragon tribal; five-color mana base; combat overwhelm with flying Dragons,dragons; tribal; five-color; big creatures; eminence,Dragon tribal,Cost reduction via Ur-Dragon's eminence,"Use Ur-Dragon's eminence to reduce Dragon casting costs, flood the board with Dragons as fast as possible, and win through combat overwhelm",Eminence,Dragons,3,2,1,5,1,1,1,1,1,1,3,1,4,3,Dragon fans and players who want a straightforward but powerful five-color tribal aggro deck,"Players who prefer combo, control, or non-creature strategies",Five-color players who want a focused tribal identity rather than goodstuff,All five colors exist solely to enable the ultimate tribe — Dragons — whose power transcends any single color's philosophy,"Shows that five colors can have a singular focused identity — every color contributes its best Dragons and its mana base to one unified goal, teaching players that five-color doesn't mean unfocused.","Approachable for beginners — ramp into Dragons, attack. Teaches eminence as a passive command zone benefit","Teaches how Eminence functions as a passive cost reduction that makes the entire tribe cheaper from turn one, and how to sequence Dragon deployment to maximize the passive benefit before ever casting Ur-Dragon.",Perfect for explaining Eminence on a basics page; demonstrates five-color tribal identity and how a passive command zone ability can define an entire deck's strategy.,dragons; tribal; five-color; aggro,Eminence; Dragon tribal; Cost reduction
https://cardgamebase.com/commander-precons-2011-2019/,Commander 2017,Feline Ferocity,"Arahbo, Roar of the World",,Green; White,Tribal Cats,An Arahbo-led Selesnya Cat tribal deck that uses Arahbo's eminence to pump a Cat at the start of combat every turn. Equipment synergies provide additional power through Nazahn's ability to tutor and auto-equip. Straightforward but effective tribal aggro in Green-White.,"Mirri, Weatherlight Duelist; Nazahn, Revered Bladesmith; Hammer of Nazahn; Balan, Wandering Knight; Hungry Lynx; Traverse the Outlands; Kindred Summons; Bloodforged Battle-Axe",Eminence combat pump; Cat tribal; equipment synergy via Nazahn; power boosting on attack,cats; tribal; equipment; aggro; eminence,Cat tribal,Equipment / power boosting,"Build a board of Cats, boost their power with Arahbo's eminence, and win through combat with pumped feline creatures",Eminence,Cats,3,2,1,5,1,1,1,2,1,1,2,1,4,3,"Cat tribal fans and players who want a clean, approachable Selesnya aggro deck with equipment synergies",Control or combo players; those who find tribal strategies too linear,Selesnya players who want tribal focus and straightforward combat aggression,White's order and protection combined with Green's creature power create a disciplined hunting pack that strikes hard and fast,"Illustrates how Selesnya approaches tribal combat — White provides the protective structure and pump that makes each Cat valuable, while Green supplies the creature density that makes Arahbo's eminence consistently relevant.","Very beginner-accessible: play Cats, pump them with Arahbo, attack — a clean and intuitive game plan","Teaches how Eminence combat pump works differently from static anthems — it targets one Cat per turn, teaching players to identify which Cat benefits most from the free +3/+3 and trample in each specific combat situation.",Clean Selesnya tribal example for a basics page; useful for explaining how Eminence creates a passive benefit that rewards the commander never needing to be cast.,tribal; equipment; aggro; combat,Eminence; Tribal; Equipment; Power boosting
https://cardgamebase.com/commander-precons-2011-2019/,Commander 2017,Vampiric Bloodlust,Edgar Markov,,Red; White; Black,Tribal Vampires,"An Edgar Markov-led Mardu Vampire tribal deck widely regarded as the strongest C17 precon and one of the best Vampire commanders ever printed. Edgar's eminence ability creates a 1/1 Vampire token every time a Vampire is cast, flooding the board without ever needing to cast Edgar himself. Demands opponents answer the board every single turn.","Licia, Sanguine Tribune; Mathas, Fiend Seeker; Teferi's Protection; Patron of the Vein; New Blood; Disrupt Decorum; Kindred Charge; Kindred Boon",Eminence token generation; Vampire tribal; token flooding on every Vampire cast; aggressive go-wide combat,vampires; tribal; tokens; eminence; aggro,Vampire tribal,Token flooding via eminence,"Use Edgar's eminence to flood the board with Vampire tokens every time a Vampire is cast, creating an unstoppable wide army that overwhelms opponents unless they answer the board every single turn",Eminence,Vampires,3,2,1,4,2,1,4,1,1,1,1,1,5,3,Vampire fans and aggressive token players; widely considered the best Vampire commander ever printed,"Players who prefer slow, deliberate strategies; this deck demands opponents answer it every turn","Mardu players who want consistent, pressure-forward aggro that never lets opponents breathe","Mardu's Red aggression, White token production, and Black's vampire ambition combine into the most relentless tribal aggro identity in Commander","Demonstrates Mardu tribal at its most aggressive — White generates the token army, Red drives it into relentless combat, and Black adds the sacrifice and recursion depth that makes the Vampire swarm perpetually threatening.",Clean lesson in how eminence enables passive token generation — every spell cast becomes two threats,"Teaches the power of command zone presence — Edgar never needs to be cast for his eminence to flood the board, teaching players to evaluate when casting the commander adds value versus keeping him as a passive engine.",Excellent for explaining token-flooding tribal strategies on a basics page; Edgar's eminence is the clearest possible example of how a commander can win games from the command zone without being cast.,tribal; tokens; aggro; eminence,Eminence; Vampire tribal; Token generation
https://cardgamebase.com/commander-precons-2011-2019/,Commander 2017,Arcane Wizardry,"Inalla, Archmage Ritualist",,Blue; Black; Red,Tribal Wizards,"An Inalla-led Grixis Wizard tribal deck that uses Inalla's eminence to create a copy of each Wizard on ETB for one mana, doubling every enter-the-battlefield trigger. The deck's power comes from chaining high-value Wizard ETBs and doubling them for overwhelming value. Features several powerful new Wizard cards.","Kess, Dissident Mage; Mairsil, the Pretender; Magus of the Mind; Galecaster Colossus; Bloodline Necromancer; Kindred Dominance",Eminence ETB copying; Wizard tribal; ETB trigger doubling; creature-based control and value,wizards; tribal; ETB; eminence; control,Wizard tribal / ETB doubling,Creature-based control,Play Wizards with powerful ETB triggers; use Inalla's eminence to copy them and double the triggers for overwhelming value,Eminence,Wizards,2,4,1,2,4,2,1,1,1,2,1,4,2,5,"Players who enjoy ETB value-stacking, creature-based control, and Grixis color identity with a tribal focus",Players who prefer combat aggro or simple token strategies; ETB stacking requires careful sequencing,Grixis players who want tribal depth combined with complex ETB value chains,"Grixis's Blue intellect, Black cunning, and Red impulsiveness merge in the Wizard type — each ETB trigger a spell-like effect doubled by Inalla","Shows how Grixis focuses its three colors through a single creature type — Blue's Wizard intellect, Black's cunning utility creatures, and Red's impulsive ETB payoffs all combine through Inalla's doubling to create a value chain greater than any individual part.",Teaches ETB trigger stacking and how eminence copy effects create exponential value,"Teaches ETB sequencing as a skill — identifying which Wizards have the best ETB abilities to double with Inalla, and how to chain those doubled triggers for maximum value in a single turn.",Strong example for explaining ETB doubling and Eminence on a basics page; demonstrates how Grixis approaches tribal through ability chains rather than pure creature power.,tribal; ETB value; control; combo,Eminence; ETB triggers; Wizard tribal
https://cardgamebase.com/commander-precons-2011-2019/,Commander 2016,Entropic Uprising,"Yidris, Maelstrom Wielder",,Blue; Black; Red; Green,Chaos / Cascade,A Yidris-led four-color Cascade deck that gives all spells cast this turn Cascade after Yidris deals combat damage. Each Cascade hit can chain into further Cascades for explosive value turns. Contains several notable partner commanders and cards that became staples.,"Thrasios, Triton Hero; Vial Smasher the Fierce; Kydele, Chosen of Kruphix; Grave Upheaval; Treacherous Terrain; Ancient Excavation; Curtains' Call; Boompile; Cruel Entertainment",Cascade on all spells after combat damage; Undaunted mechanic; four-color without White; chain Cascade potential; partner commanders,cascade; chaos; value; four-color,Cascade / chaos,Random value from hits,"Deal combat damage with Yidris to give all spells cast this turn Cascade, chaining into random but powerful free spells for chaotic value",Cascade; Undaunted,unclear,1,4,2,3,4,1,1,1,1,2,2,2,3,4,"Players who love chaotic, unpredictable games and cascading into unexpected free spells","Players who want consistent, predictable game plans; Cascade outcomes are inherently random",Four-color players who embrace chaos and spontaneity over control,"Four-color without White means no order — Blue's plans, Black's cunning, Red's chaos, and Green's power combine into an unstoppable cascade of randomness","Demonstrates four-color Cascade as the ultimate expression of Blue-Black-Red-Green's combined unpredictability — each Cascade hit could generate any spell in the deck, and the deck is built to make every random hit as valuable as possible.",Not for beginners — teaches Cascade mechanics and how to build a deck that benefits from random free spells,"Teaches Cascade deck construction: understanding how CMC distribution affects Cascade hits, how to build a curve where random hits are rarely wasted, and how Yidris's combat damage requirement creates a meaningful timing decision each turn.",Best example for explaining Cascade on a basics page; teaches how the mechanic rewards careful deck construction and why CMC management is the hidden skill in chaos-themed decks.,cascade; chaos; combo; value engine,Cascade; Undaunted; Chaos effects
https://cardgamebase.com/commander-precons-2011-2019/,Commander 2016,Open Hostility,Saskia the Unyielding,,Black; Red; Green; White,Aggression,"A Saskia-led four-color aggro deck built around cheap creatures that scale and Saskia's combat ability to deal damage to a second player simultaneously. The simplest and most aggressive four-color precon, designed to end games quickly through combat damage amplification.","Ravos, Soultender; Tana, the Bloodsower; Tymna the Weaver; Stonehoof Chieftain; Grave Upheaval; Treacherous Terrain; Sylvan Reclamation; Divergent Transformations",Damage doubling to second player via Saskia; four-color without Blue; aggressive creature scaling; combat-focused win condition,aggro; combat; damage doubling; four-color,Aggressive combat / damage doubling,Cheap creatures that scale,"Play cheap creatures that grow, attack aggressively, and use Saskia's ability to double combat damage by targeting a second player — overwhelming the table quickly",,unclear,3,2,1,5,1,1,1,1,1,1,2,1,5,2,"Players who want the most aggressive four-color Commander deck available, with a simple and effective game plan",Combo or control players; those who dislike being the table's primary threat,Four-color aggro players who want to end games fast and directly,"Without Blue's hesitation, the remaining four colors push pure aggression — the warrior identity across White order, Black sacrifice, Red fire, and Green power","Shows four-color aggro without Blue's hesitation — Black's sacrifice, Red's fire, Green's power, and White's martial discipline all push the same direction, teaching players that color combinations without one color can still achieve extreme synergy.","Simple and accessible concept: attack, hit two players at once with Saskia, end the game","Teaches how Saskia's second-player damage trigger creates a political decision every attack — choosing which opponent to designate doubles all damage dealt, making each combat a strategic choice about who to pressure most.",Clean example for explaining combat damage amplification on a basics page; demonstrates how four-color decks can have a completely focused identity despite spanning multiple colors.,aggro; combat; damage doubling,Damage doubling; Combat aggression; Creature scaling
https://cardgamebase.com/commander-precons-2011-2019/,Commander 2016,Stalwart Unity,Kynaios and Tiro of Meletis,,Red; Green; White; Blue,Group Hug,"A Kynaios and Tiro-led four-color group hug deck that gives all players extra cards, lands, and resources each turn while benefiting more from those gifts than opponents. The original group hug Commander precon, featuring the Join Forces mechanic and broad four-color access for political tools.","Ludevic, Necro-Alchemist; Sidar Kondo of Jamuraa; Kraum, Ludevic's Opus; Realm Seekers; Migratory Route; Treacherous Terrain; Sylvan Reclamation; Seeds of Renewal",Group hug resource sharing; Join Forces mechanic; four-color without Black; benefit-more-than-opponents design; political alliances,group hug; politics; four-color; shared resources,Group hug,Politics / shared resources,"Give opponents extra cards, lands, and resources while benefiting more yourself; use political alliances to survive and be the last player standing",Join Forces,unclear,2,3,5,2,2,1,1,1,1,1,2,2,1,4,Players who enjoy group hug politics and want the original group-hug precon with broad color access,Players who prefer competitive or combat-focused gameplay; group hug is polarizing,Four-color players with strong White/community personality alignment who want to win through politics,"All colors except Black — without the will to dominate, the deck enables genuine generosity, using the table's goodwill as its defense","Illustrates four colors without Black's selfishness — Red, Green, White, and Blue all have cooperative instincts that Kynaios and Tiro exploit, teaching players that color philosophy directly shapes which multiplayer strategies are possible.",Teaches group hug and Join Forces as political tools — sharing to survive,Teaches that giving resources to opponents can be a winning strategy when you benefit more from those gifts than they do — and how Join Forces mechanics create political moments where cooperation is genuinely in everyone's interest.,Ideal for explaining group hug and Join Forces on a basics page; demonstrates how color philosophy (no Black) enables a cooperative strategy that would be impossible with a different color combination.,group hug; politics; value engine,Join Forces; Group hug effects; Political mechanics
https://cardgamebase.com/commander-precons-2011-2019/,Commander 2016,Breed Lethality,"Atraxa, Praetors' Voice",,Green; White; Blue; Black,+1/+1 Counters,"An Atraxa-led four-color proliferate deck that adds a counter to every permanent and player with a counter at the start of each upkeep. Supports +1/+1 counters, planeswalker loyalty, poison counters, and charge counters simultaneously. Atraxa remains one of the most popular and versatile commanders ever printed.","Reyhan, Last of the Abzan; Ishai, Ojutai Dragonspeaker; Ikra Shidiqi, the Usurper; Deepglow Skate; Migratory Route; Ancient Excavation; Sylvan Reclamation; Sublime Exhalation; Grip of Phyresis",Proliferate every upkeep; +1/+1 counters; planeswalker loyalty advancement; poison counter support; charge counters,counters; proliferate; value; four-color; Atraxa,+1/+1 counters / proliferate,"Multi-strategy proliferate (planeswalkers, poison, charge counters)","Place +1/+1 counters on creatures and proliferate every turn with Atraxa, exponentially growing threats and any other counters on the board",Proliferate,unclear,2,4,1,3,4,1,1,1,1,1,2,2,2,5,Players who want the most versatile counter-based commander — Atraxa supports dozens of strategies and is endlessly upgradeable,Players who dislike tracking many counter types or those who find Atraxa a high-priority removal target in their playgroup,Four-color players who value sustained growth over explosive moments; the defining proliferate commander,"Four colors without Red — deliberate, not impulsive — White's order, Blue's growth through knowledge, Black's ambition, and Green's proliferating nature","Captures four colors without Red's impulsiveness — White's order, Blue's precision, Black's ambition, and Green's growth all serve Atraxa's patient proliferate engine, demonstrating how Atraxa's colors naturally support a scaling rather than explosive strategy.",Teaches proliferate as a force multiplier — every counter doubles its impact each rotation,"Teaches proliferate as a force multiplier: every counter on every permanent grows each upkeep, creating compound growth that makes early investment pay off exponentially — the key skill is placing the first counters correctly.",Definitive proliferate archetype example for a basics page; Atraxa is the clearest possible demonstration of how a single mechanic can unify four colors into a single coherent strategy.,counters; proliferate; value engine; combo,Proliferate; +1/+1 counters; Counter synergy
https://cardgamebase.com/commander-precons-2011-2019/,Commander 2016,Invent Superiority,"Breya, Etherium Shaper",,White; Black; Blue; Red,Artifacts,A Breya-led four-color artifact deck that uses Breya's sacrifice ability as a repeatable removal and life-drain tool. The deck supports artifact combo lines through the sacrifice loop and contains several artifact-focused partner commanders. One of the strongest C16 decks with wide upgrade paths.,"Bruse Tarl, Boorish Herder; Silas Renn, Seeker Adept; Akiri, Line-Slinger; Magus of the Will; Faerie Artisans; Migratory Route; Grave Upheaval; Ancient Excavation; Coastal Breach; Curse of Vengeance; Armory Automaton",Artifact sacrifice for removal and life drain; Breya combo potential; four-color without Green; artifact token generation; partner commanders,artifacts; sacrifice; combo; four-color; value,Artifacts,Artifact sacrifice / value loops,"Build an artifact board, use Breya's sacrifice ability as a repeatable removal and life-drain tool, and win through artifact-based combo or value",,unclear,2,4,1,2,5,2,2,5,1,1,2,3,2,4,Artifact combo players who want a four-color shell with flexible sacrifice-based removal and loop potential,Players who prefer creature-based or land-based strategies,Four-color players drawn to artifact combo and the most artifact-synergistic color combination possible,"All colors except Green (which dislikes artifacts) — this is the definitive artifact identity across White, Blue, Black, and Red","Demonstrates four colors without Green's dislike of artifacts — White, Blue, Black, and Red each contribute a different relationship with artifice to make Breya the most artifact-synergistic commander possible.",Teaches artifact sacrifice loops and how Breya's ability turns excess artifacts into removal,"Teaches Breya's sacrifice loop as a decision tree: spend two mana and sacrifice two artifacts to either deal 3 damage, drain 3 life, or give a creature -4/-4 — choosing the right mode for each board state is the deck's primary skill.",Strong example for explaining artifact combo and sacrifice loops on a basics page; demonstrates why the four colors without Green form the natural artifact identity in Magic.,artifacts; sacrifice; combo; value engine,Artifact sacrifice; Combo loops; ETB value
https://cardgamebase.com/commander-precons-2011-2019/,Commander 2015,Call the Spirits,Daxos the Returned,,White; Black,Enchantments,"A Daxos-led Orzhov enchantment deck that gains experience counters whenever an enchantment enters under your control, then creates Spirit tokens with power and toughness equal to those counters. An unusual White-Black identity that combines enchantments with token generation through a scaling counter mechanic.",Karlov of the Ghost Council; Bastion Protector; Thief of Blood; Righteous Confluence; Grasp of Fate,Experience counters from enchantment casts; Spirit token creation scaling with experience; enchantments matter; Orzhov identity,enchantments; tokens; spirits; experience counters; Orzhov,Enchantments / experience counters,Spirit tokens from experience counters,Cast enchantments to gain experience counters; use those counters to make progressively larger Spirit tokens; win through enchantment synergies and a growing token army,Experience counters,Spirits,2,3,1,3,2,1,3,1,5,1,1,2,2,4,Enchantment lovers who want a two-color Orzhov deck combining enchantments with token generation via experience counters,Players wanting a traditional Orzhov life-drain deck; the enchantment focus is specific,Orzhov players who want an unusual enchantment angle rather than pure aristocrats or life drain,"White's enchantment order and Black's underworld connection combine — Daxos trapped in Theros makes enchantments into spirits, bridging the two colors' identities","Shows how White-Black combines enchantment order (White) with the underworld's spiritual power (Black) through Daxos's lore — enchantments become spirits, bridging both colors' thematic identities through a unique mechanical expression.",Teaches how experience counters create a scaling engine tied to a specific card type — each enchantment grows future Spirit tokens,"Teaches experience counters as a scaling mechanic tied to a specific card type — every enchantment cast grows future Spirit tokens, creating a deckbuilding incentive to maximize enchantment density rather than just picking the best individual cards.",Good example for explaining experience counters and enchantment-matters strategies on a basics page; Daxos's Spirit tokens make the connection between enchantments and combat presence visually immediate.,enchantments; tokens; experience counters,Experience counters; Enchantments matter; Spirit tokens
https://cardgamebase.com/commander-precons-2011-2019/,Commander 2015,Seize Control,Mizzix of the Izmagnus,,Blue; Red,Instants and Sorceries,"A Mizzix-led Izzet spellslinger deck that gains experience counters by casting spells with CMC greater than the current experience count, reducing all instant and sorcery costs by one per counter. Snowballs quickly from a few experience counters into near-free high-impact spells. High combo ceiling.","Arjun, the Shifting Flame; Mizzix's Mastery; Mystic Confluence; Aethersnatch",Experience counters from high-CMC spells; cost reduction per experience counter; instant and sorcery snowball; near-free spells at high experience,spellslinger; experience counters; cost reduction; Izzet; combo,Instants and sorceries / experience counters,Cost reduction via experience counters,"Cast instants and sorceries to gain experience counters; use those counters to reduce spell costs, enabling increasingly explosive turns of chained high-impact spells",Experience counters,unclear,2,4,1,1,5,1,1,1,1,5,1,3,2,4,Spellslinger and combo players who want to snowball experience counters into near-free high-impact spells,Creature-focused or combat-heavy players; solitaire-feeling at high experience counts,Izzet players who want the most spell-chain-focused Commander experience,"Izzet's spell-obsessed identity reaches its peak here — each spell cast makes future spells cheaper, until the entire deck costs almost nothing","Demonstrates Izzet's spell-obsession taken to its extreme — Blue's love of optimization meets Red's passion for explosive moments as experience counters make every subsequent spell cheaper, building toward a turn where the entire deck costs almost nothing.","Teaches how experience counters compound over time, turning a spell-heavy deck into an exponentially cheaper engine",Teaches experience counter snowballing: the first few experience counters are hard to earn but each one makes earning the next faster — understanding this curve and protecting Mizzix through the vulnerable early turns is the critical skill.,Excellent for explaining experience counters and cost reduction on a basics page; Mizzix is the clearest example of a scaling mechanic that rewards early investment with exponential late-game returns.,spellslinger; experience counters; combo; cost reduction,Experience counters; Cost reduction; Instants and sorceries matters
https://cardgamebase.com/commander-precons-2011-2019/,Commander 2015,Plunder the Graves,Meren of Clan Nel Toth,,Black; Green,Graveyard Recursion,"A Meren-led Golgari graveyard recursion deck that gains experience counters when creatures die and reanimates creatures at end of turn based on those counters. The most popular C15 commander, Meren creates a perpetual death-and-return loop that generates consistent value every turn. Considered a timeless Commander archetype.","Mazirek, Kraul Death Priest; Scourge of Nel Toth; Wretched Confluence",Experience counters from creature deaths; end-of-turn reanimation scaling with experience; sacrifice synergies; perpetual recursion loop,graveyard; sacrifice; reanimator; experience counters; Golgari,Graveyard recursion / experience counters,Sacrifice for value,"Gain experience counters by having creatures die; use those counters to reanimate creatures at end of turn — creatures with high CMC return to battlefield, others to hand",Experience counters,unclear,3,3,1,2,3,5,1,1,1,1,2,1,2,5,The most popular C15 commander — ideal for Golgari players who want graveyard recursion with a scaling engine,Players in groups with heavy graveyard hate; combat-focused players who want to win more directly,Golgari players who want the most beloved classic graveyard recursion commander,"Classic Golgari: Black reclaims from death, Green provides the creature bodies — Meren's experience counters turn that cycle into a perpetual machine","Captures Golgari's life-death cycle at its most elegant — Green provides the creatures and Black reclaims them, with Meren's experience counters making that cycle increasingly efficient until death becomes cheaper than life.",Teaches how sacrifice creates a renewable death/recursion loop — death is never final with enough experience counters,"Teaches the Golgari sacrifice loop as a self-sustaining engine: creatures die to generate experience, experience enables free recursion, recursed creatures die again for more experience — identifying the best sacrifice targets to maximize this loop is the central skill.",Definitive Golgari graveyard example for a basics page; Meren is the most iconic illustration of how Black and Green's combined philosophy turns the graveyard into a resource engine rather than a discard pile.,graveyard; sacrifice; reanimator; experience counters,Experience counters; Graveyard recursion; Sacrifice triggers
https://cardgamebase.com/commander-precons-2011-2019/,Commander 2015,Wade Into Battle,"Kalemne, Disciple of Iroas",,Red; White,Creatures with CMC 5 or Greater,"A Kalemne-led Boros deck built around creatures with CMC 5 or greater that earn experience counters, growing Kalemne into an increasingly powerful double-striker. Primarily a Giants-flavored big-creature aggro deck with an experience counter twist. Contains strong reprints despite being the least popular C15 deck.","Anya, Merciless Angel; Magus of the Wheel; Kalemne's Captain; Fiery Confluence; Blade of Selves",Experience counters from 5+ CMC spells; Kalemne double strike and vigilance scaling; Giants tribal flavor; big-creature aggro,giants; big creatures; aggro; experience counters; Boros,High-CMC creatures / giants,Experience counters powering Kalemne,"Play expensive creatures (CMC 5+) to earn experience counters that grow Kalemne; win through combat with double-strike, vigilance Kalemne plus an army of giants",Experience counters,Giants,3,2,1,5,1,1,1,1,1,1,2,1,4,3,Players who want a big-creatures aggro Boros deck with a giant tribal feel and simple scaling through experience counters,Control or combo players; described as least popular of the C15 decks but packed with powerful cards,Boros players who want big creatures over tokens or equipment,Red's giant-smashing aggression and White's martial order build an army of enormous threats led by a growing commander,"Shows Boros through the lens of legendary giants — White provides the disciplined military structure and Red channels the passionate combat power, with Kalemne's experience counter growth embodying the Boros belief that battle makes warriors stronger.","Simple lesson: cast big creatures, earn experience, attack with a growing double-striker","Teaches how experience counters reward a specific deckbuilding constraint (CMC 5+) and how Kalemne's double strike means each additional +1/+1 counter from experience doubles her damage output, creating disproportionate scaling.",Good example for explaining experience counters in a Boros context on a basics page; honest case study in how a color combination's limitations (card draw) can shape deck identity even within a strong mechanical framework.,big creatures; aggro; giants; experience counters,Experience counters; CMC threshold; Double strike; Vigilance
https://cardgamebase.com/commander-precons-2011-2019/,Commander 2015,Swell the Host,"Ezuri, Claw of Progress",,Green; Blue,+1/+1 Counters,"An Ezuri-led Simic experience counter deck that gains experience whenever a creature with power 2 or less enters, then dumps a number of +1/+1 counters equal to experience onto one creature each upkeep. Creates one enormously powerful threat from small utility creatures as the experience engine.","Kaseto, Orochi Archmage; Verdant Confluence; Ezuri's Predation; Arachnogenesis; Command Beacon",Experience counters from power-2-or-less creatures; +1/+1 counter dump equal to experience; small creatures as engine fuel; single large threat creation,counters; experience counters; Simic; go-wide; value,+1/+1 counters / experience counters,Small creatures enabling the experience engine,Play creatures with power 2 or less to gain experience counters; use those counters to dump a massive pile of +1/+1 counters onto one creature each turn — a single unblockable threat,Experience counters,unclear,2,3,1,3,3,1,2,1,1,1,2,2,3,4,Simic players who want an experience-counter deck focused on growing one creature into an unstoppable threat via counter stacking,Players who prefer wide board strategies or those who dislike single-target voltron-like finishes,"Simic players who want a patient, scaling game plan centered on counter stacking",Blue's analytical growth and Green's natural adaptation combine in Ezuri's vision — small things become enormous through patient accumulation,"Demonstrates Simic's growth-through-knowledge philosophy made literal — Blue's analytical precision identifies which creature receives the counter pile, while Green's natural growth provides the small creatures that fuel the experience engine.",Teaches how small creatures can serve as engine fuel rather than threats themselves — the power is in what they enable,"Teaches how small creatures can function as pure engine fuel rather than threats — the entire early game is about deploying power-2-or-less creatures not to attack but to accumulate experience, and then choosing which single creature to make unstoppable.",Strong example for explaining how small creatures enable large payoffs on a basics page; shows the Simic philosophy of patient investment in contrast to the more explosive Izzet or Gruul approaches.,counters; experience counters; Simic; go-wide,Experience counters; +1/+1 counters; Small creature tribal
https://cardgamebase.com/commander-precons-2011-2019/,Commander 2014,Forged in Stone,"Nahiri, the Lithomancer",,White,Equipment,A Nahiri-led mono-White equipment deck featuring the Lieutenant mechanic that buffs creatures when the commander is on the battlefield. Nahiri generates tokens and tutors equipment through her planeswalker abilities. Constrained by mono-White's card draw limitations but packed with strong equipment support cards.,Jazal Goldmane; Containment Priest; Angelic Field Marshal; Benevolent Offering; Comeuppance; Assault Suit,Equipment synergies; Lieutenant mechanic; Nahiri planeswalker as commander; token generation for equip targets; mono-White card draw constraints,equipment; mono-white; tokens; combat; voltron,Equipment,Token generation to equip,"Equip creatures with Nahiri's help, generate tokens via her planeswalker abilities, and win through combat with well-equipped creatures — hampered by mono-White's card advantage limitations",Lieutenant,unclear,3,2,1,4,1,1,2,3,1,1,1,2,3,2,Equipment fans interested in mono-White's unique constraints and a historically significant commander,Players who expect consistent card advantage; mono-White's resource limitations make this difficult to pilot,Pure White-identity players who want to explore equipment in mono-White's constrained but focused environment,"Mono-White's pure order and justice — equipping the chosen with legendary weapons, but limited by White's inability to draw cards effectively","Presents mono-White's purest identity — order, protection, and equipment as the expression of White's belief in discipline and preparation, while also honestly demonstrating White's Commander limitations: card draw is a structural weakness.","Honest lesson in mono-White's strengths (structure, protection, equipment) and weaknesses (card draw) in Commander","Teaches players that mono-color decks have structural trade-offs: Nahiri's power is real but mono-White's card draw limitations mean every card must be more efficient to compensate, which is itself a valuable deckbuilding lesson.",Valuable for explaining mono-White identity and its Commander limitations on a basics page; honest case study in how color philosophy creates both strengths and constraints.,equipment; mono-white; combat; voltron,Equipment; Lieutenant; Token generation
https://cardgamebase.com/commander-precons-2011-2019/,Commander 2014,Peer Through Time,"Teferi, Temporal Archmage",,Blue,Sea Monsters,A Teferi-led mono-Blue deck that surprisingly focuses on big creatures — primarily sea monsters — rather than traditional Blue control. Uses the Lieutenant mechanic and ramp effects to deploy 6+ CMC threats ahead of schedule. Subverts Blue's control reputation with a creature-threat identity.,Stitcher Geralf; Stormsurge Kraken; Reef Worm; Domineering Will; Intellectual Offering,Lieutenant mechanic; sea monster tribal flavor; 6+ CMC creature focus; Teferi planeswalker as commander; mono-Blue ramp,mono-blue; big creatures; sea monsters; ramp,Big creatures (sea monsters),Ramp into 6+ CMC threats,Ramp into 6+ mana creatures — primarily sea monsters — and win through combat; a surprisingly creature-heavy mono-Blue deck rather than a control deck,Lieutenant,Sea monsters,2,3,1,3,2,1,1,1,1,1,3,3,3,3,Players curious about an unusual mono-Blue deck that subverts the typical control expectation with giant sea creatures,Players expecting a typical Blue counterspell control deck; this is a ramp-into-fatties strategy,"Mono-Blue players who want to explore a non-control, creature-threat identity","Mono-Blue's depths contain the ocean's most terrifying creatures — Teferi uses time itself to ramp into them, subverting Blue's reputation as the control color","Subverts Blue's control reputation by revealing its hidden depth — beneath Blue's counterspell surface lies an appreciation for vast, incomprehensible threats, and Teferi's sea monsters represent Blue's relationship with the unknowable and enormous.",Teaches that Blue doesn't have to be pure control — it can ramp into massive threats when given the right shell,"Teaches players to question color assumptions: Blue doesn't have to be reactive control — it can ramp into enormous threats using temporal manipulation as mana acceleration, demonstrating the breadth of what Blue can accomplish when not constrained by archetype expectations.",Excellent for challenging color stereotypes on a basics page; Peer Through Time is the best example of how mono-Blue can defy its control reputation and surprise opponents with a creature-based win condition.,big creatures; mono-blue; ramp,Lieutenant; CMC threshold; Ramp
https://cardgamebase.com/commander-precons-2011-2019/,Commander 2014,Sworn to Darkness,Ob Nixilis of the Black Oath,,Black,Demons,An Ob Nixilis-led mono-Black Demon tribal deck featuring the Lieutenant mechanic and Ob Nixilis's Demon token generation. Combines Black's removal depth with a big-creature tribal identity centered on Demons. Flavor-forward with strong thematic resonance and solid reprints.,Ghoulcaller Gisa; Demon of Wailing Agonies; Infernal Offering; Raving Dead; Necromantic Selection; Spoils of Blood,Lieutenant mechanic; Demon tribal; Ob Nixilis Demon token creation; mono-Black removal; big creature tribal,demons; tribal; mono-black; token generation,Demon tribal,Token generation (Demon tokens),"Summon an army of Demons using Ob Nixilis's abilities, support them with Black's removal, and overwhelm opponents with infernal threats",Lieutenant,Demons,3,2,1,3,2,2,2,1,1,1,2,2,3,3,Demon tribal fans and mono-Black players who want a flavor-driven big-creature tribal deck,Players who prefer aggressive combat or highly synergistic combo builds over a flavor-first tribal experience,Pure Black-identity players who want a thematic demon-summoning experience,"Mono-Black at its most thematic — Ob Nixilis summons infernal armies, embodying Black's relationship with power, cost, and domination through dark means","Embodies mono-Black's most thematic identity — Ob Nixilis summons infernal armies at the cost of life and loyalty, expressing Black's philosophy that power demands sacrifice and that even the most terrifying creatures are tools to be exploited.",Approachable flavor-first deck; teaches mono-Black identity through a classic Demon lord archetype,Teaches how mono-Black approaches creature tribal differently from other colors — using removal and recursion as supporting tools that keep the Demon army perpetually threatening rather than relying on tribal synergies as the primary engine.,"Strong flavor-first example for explaining mono-Black identity on a basics page; Ob Nixilis and Demon tribal make Black's philosophical relationship with power, cost, and domination immediately tangible.",demons; tribal; mono-black; big creatures,Demon tribal; Lieutenant; Token generation
https://cardgamebase.com/commander-precons-2011-2019/,Commander 2014,Built from Scratch,"Daretti, Scrap Savant",,Red,Artifact Recursion,"A Daretti-led mono-Red artifact recursion deck that loots to fill the graveyard with artifacts, then recurs and doubles them from the graveyard. Daretti remains the most popular mono-Red artifacts commander, combining Red's destructive creativity with artifact recursion in an unusual color identity.",Feldon of the Third Path; Tyrant's Familiar; Scrap Mastery; Incite Rebellion; Volcanic Offering,Artifact recursion via Daretti; looting to fill graveyard; artifact doubling from graveyard; Lieutenant mechanic; mono-Red artifacts,artifacts; mono-red; recursion; sacrifice; ramp,Artifact ramp and recursion,Artifact sacrifice for value,"Ramp into large artifacts, sacrifice them for value, then recur them from the graveyard — Daretti's looting ability fills the graveyard while his other abilities recur artifacts",Lieutenant,unclear,2,3,1,2,3,3,1,5,1,1,3,1,2,4,Mono-Red artifact players who want to exploit sacrifice and recursion loops — Daretti remains the most popular mono-Red artifacts commander,Players who prefer creature-based or spell-focused Red strategies,Mono-Red players who want an artifact identity that leverages Red's love of destruction as a feature rather than a flaw,"Red's relationship with destruction and invention — artifacts aren't permanents to protect but fuel to burn and reclaim, expressing Red's impulsive creativity","Demonstrates mono-Red's most creative identity — Daretti doesn't just destroy artifacts but rebuilds them from wreckage, expressing Red's impulse-driven creativity as a cycle of destruction and reconstruction rather than permanent construction.",Teaches artifact graveyard recursion as a Red strategy — destruction enables recursion rather than stopping it,"Teaches artifact graveyard management as an active skill: Daretti's looting ability requires choosing which artifacts to discard intentionally for future recursion, making every loot activation a deckbuilding decision played in real time.",Best example for explaining mono-Red artifact strategies on a basics page; Daretti demonstrates that Red's relationship with destruction can be generative rather than merely chaotic.,artifacts; mono-red; recursion; sacrifice,Artifact recursion; Looting; Sacrifice; Lieutenant
https://cardgamebase.com/commander-precons-2011-2019/,Commander 2014,Guided by Nature,"Freyalise, Llanowar's Fury",,Green,Elves,"A Freyalise-led mono-Green Elf tribal deck featuring 37 creatures (mostly Elves) that generate enormous mana quantities before closing with a massive overrun effect. The most cohesive C14 deck thematically, Freyalise's abilities directly support the Elf swarm strategy with removal and token generation.","Titania, Protector of Argoth; Thunderfoot Baloth; Sylvan Offering; Wave of Vitriol; Song of the Dryads",Elf tribal; mana dork swarm; overrun win condition; Freyalise planeswalker as commander; Lieutenant mechanic; mono-Green,elves; tribal; mono-green; mana generation; go-wide,Elf tribal,Mana generation into overrun win,"Fill the battlefield with Elves (37 creatures, mostly Elves), generate enormous amounts of mana with them, then cast a massive overrun effect to win",Lieutenant,Elves,3,2,1,4,3,1,1,1,1,1,5,1,3,3,Elf tribal fans and mono-Green players who want the classic Elf swarm into overrun game plan,Players who prefer non-tribal or control strategies; simple game plan may feel repetitive,Mono-Green players who want the purest expression of Green's tribal identity and mana generation,"Mono-Green at its most cohesive — Elves embody Green's principle of growth through community, generating overwhelming collective mana and force","Presents mono-Green at its most collective and cohesive — Elves embody Green's philosophy that individual strength matters less than community power, and the Elf swarm generates mana that no individual creature could produce alone.",Most cohesive C14 tribal deck; teaches how mana dorks enable explosive turns and how overrun effects win through combat,"Teaches how Elf mana dorks function as a ramp engine rather than threats: each Elf makes the next Elf cheaper to play and the overrun effect more powerful, creating a linear but deeply satisfying acceleration curve.",Definitive mono-Green tribal example for a basics page; Freyalise's Elf deck is the clearest illustration of how Green's community-based philosophy translates into a mechanical advantage through collective mana generation.,elves; tribal; mono-green; ramp; go-wide,Elf tribal; Mana dorks; Overrun; Lieutenant
https://cardgamebase.com/commander-precons-2011-2019/,Commander 2013,Evasive Maneuvers,"Derevi, Empyrial Tactician",,Green; White; Blue,Evasion,A Derevi-led Bant deck built around evasive flying creatures and Derevi's tap/untap triggers for light control. Derevi's unique ability to enter from the command zone for four mana bypasses commander tax entirely. Versatile enough to support stax upgrades though the precon plays as straightforward evasion.,Roon of the Hidden Realm; Bane of Progress; Tempt with Glory; Darksteel Mutation,Evasion via flying creatures; Derevi untap triggers; command zone deployment bypassing commander tax; light control elements,evasion; flying; control; Bant; stax potential,Evasion / flying creatures,Light control / tapping and untapping,"Build a small army of flying and evasive creatures, use Derevi's untap triggers for light control, and win through an unblockable creature swarm",,unclear,2,3,1,3,3,1,1,1,1,1,2,4,2,3,Bant players who want evasive combat with untap control elements; Derevi is powerful and flexible,Playgroups that dislike stax/control; Derevi is notorious for leading oppressive decks outside the precon context,Bant players wanting evasion-based tempo control; note Derevi's broader reputation for stax upgrades,"Bant's White order, Blue control, and Green creatures combine into a disciplined aerial assault — Derevi turns creatures into tapping/untapping control levers","Shows Bant's disciplined aerial identity — White organizes the flying formation, Blue provides the evasive tactical precision, and Green supplies the creature density that makes Derevi's untap triggers consistently relevant.",Teaches evasion as a combat advantage and introduces Derevi's unique command zone ability,"Teaches how Derevi's untap triggers create a tempo advantage that compounds over multiple turns — each untapped permanent represents either free mana or a reset blocker, and identifying which permanents to untap in each situation is the deck's central skill.",Good example for explaining untap effects and tempo control on a basics page; Derevi demonstrates how passive triggers from combat can accumulate into a decisive advantage without requiring any additional mana investment.,evasion; control; tempo; stax,Evasion; Untap effects; Flying tribal
https://cardgamebase.com/commander-precons-2011-2019/,Commander 2013,Eternal Bargain,"Oloro, Ageless Ascetic",,White; Blue; Black,Life Gain,"An Oloro-led Esper life gain deck where Oloro generates life, card draw, and opponent life loss from the command zone without ever being cast. The passive command zone engine makes Oloro unique — he functions as an always-on enchantment that fuels an artifact and life-gain strategy.","Sydri, Galvanic Genius; Order of Succession; Tempt with Immortality; Toxic Deluge; Act of Authority",Passive life gain from command zone; Oloro card draw trigger; opponent life loss drain; artifact subtheme; life gain payoffs,life gain; Esper; artifacts; control; value,Life gain,Artifacts / eminence-style life gain from command zone,"Gain life every upkeep via Oloro's command zone ability, convert life gain into card draw and damage, and use an artifact subtheme for additional value",,unclear,3,3,1,1,3,1,1,3,1,1,1,4,1,4,Life gain enthusiasts who want Esper's control tools paired with a passive life engine from the command zone,"Aggressive or combat-focused players; Oloro is a slow, inevitability-based strategy",Esper players who want a passive life-gain engine that enables card draw and life-based payoffs,"Esper's White permanence, Blue knowledge, and Black ambition converge — Oloro's eternal life fuels a slow but inevitable advantage engine","Demonstrates Esper's most passive expression of inevitability — Oloro's command zone ability generates life, card draw, and damage every turn without being cast, teaching players that Black and Blue's resource accumulation doesn't always require active plays.",Teaches how life gain becomes a resource engine when converted into cards and damage via Oloro's triggered abilities,"Teaches how passive resource generation compounds over a long game: Oloro draws cards and drains opponents every upkeep from the command zone, creating a life/card differential that grows insurmountable if left unchecked.",Ideal for explaining command zone abilities and passive resource engines on a basics page; Oloro is the most dramatic example of how a commander can win games without ever being cast.,life gain; control; artifacts; value engine,Life gain payoffs; Command zone ability; Artifact synergy
https://cardgamebase.com/commander-precons-2011-2019/,Commander 2013,Mind Seize,"Jeleva, Nephalia's Scourge",,Blue; Black; Red,Instants and Sorceries,A Jeleva-led Grixis deck that exiles cards from opponents' libraries when cast and allows free casting of those instants and sorceries. Recasting Jeleva with more mana exiles more cards. Nekusar (the wheel commander) and True-Name Nemesis are the most notable secondary cards.,"Nekusar, the Mindrazer; True-Name Nemesis; Tempt with Reflections; Illusionist's Gambit",Exile and free cast opponents' instants and sorceries; scaling exile with cast mana; Jeleva scaling commander tax; high-CMC spell focus,spellslinger; exile casting; Grixis; high CMC; value,Free spell casting from exile,High-CMC instants and sorceries,Cast Jeleva by paying large amounts of mana to exile more opponent cards; cast those cards for free; escalate with each recast of Jeleva,,unclear,1,4,1,1,4,1,1,1,1,5,1,3,2,4,Experienced spellslinger players who want to exploit opponent spells; Nekusar secondary commander is the more popular build,Beginners; the free spell mechanic requires understanding of exile zones and scaling commander cost,Grixis players interested in spell theft and escalating resource exploitation,"Grixis's Blue cunning steals knowledge, Black exploits it, and Red casts it explosively — using opponents' best spells against them","Embodies Grixis's opportunistic resource philosophy — Blue steals knowledge, Black exploits it ruthlessly, and Red casts it explosively; Jeleva's exile-and-cast mechanic turns opponents' best spells into Grixis's most powerful weapons.",Teaches scaling commander cost mechanics and exile-zone casting for advanced players,"Teaches scaling commander cost strategy: casting Jeleva with more mana exiles more cards, creating an incentive to delay the first cast until enough mana is available to exile the most valuable opponent spells.",Good advanced example for explaining exile casting and scaling commander cost on a basics page; demonstrates Grixis's philosophy of turning opponent resources against them.,spellslinger; exile casting; combo; control,Exile casting; Scaling commander cost; Free spell triggers
https://cardgamebase.com/commander-precons-2011-2019/,Commander 2013,Power Hungry,"Prossh, Skyraider of Kher",,Black; Red; Green,Sacrifice,"A Prossh-led Jund sacrifice deck that generates Kobold tokens equal to the mana spent to cast it, scaling with each recast. Those tokens become immediate sacrifice fodder for Food Chain or other payoffs. Beloved at every power level from casual aristocrats to near-cEDH with Food Chain.",Shattergang Brothers; Ophiomancer; Fell Shepherd; Tempt with Vengeance; Primal Vigor,Kobold token scaling with cast mana; sacrifice loop with Food Chain potential; Prossh commander tax scaling; aristocrats to cEDH spectrum,sacrifice; tokens; Kobolds; Jund; combo; reanimator,Sacrifice / Kobold token scaling,Reanimation,Cast Prossh generating Kobold tokens equal to mana spent; sacrifice those tokens for Food Chain or other payoffs; recast for more tokens and escalating power,,Kobolds,1,4,1,2,5,3,3,1,1,1,2,1,3,4,Competitive-leaning players; Prossh is beloved as a casual-to-cEDH scaling commander with Food Chain combo potential,Casual players who dislike being targeted; Prossh is notorious at every power level,Jund players who want the highest-ceiling sacrifice commander from this era,"Jund's Black sacrifice, Red aggression, and Green ramp combine perfectly — Prossh literally makes tokens from mana spent to sacrifice immediately","Captures Jund's most explosive identity — Green generates the mana, Black provides the sacrifice willingness, and Red drives the aggression; Prossh converts all three into a Kobold token flood that scales with each recast.","Not for beginners — teaches scaling commander cost, token sacrifice loops, and Food Chain combo potential","Teaches scaling commander cost as a strategic advantage: each Prossh recast generates more tokens than the last, and understanding how Food Chain converts those tokens into infinite mana is the deck's ceiling — the precon teaches the floor while pointing toward the sky.",Strong example for explaining scaling token generation and sacrifice loops on a basics page; Prossh demonstrates how Jund's three colors combine into the highest-ceiling sacrifice commander in Commander history.,sacrifice; tokens; combo; reanimator,Scaling commander cost; Token sacrifice; Food Chain combo; Reanimation
https://cardgamebase.com/commander-precons-2011-2019/,Commander 2013,Nature of the Beast,"Marath, Will of the Wild",,Red; Green; White,Beasts,"A Marath-led Naya deck with a flexible commander that enters with +1/+1 counters equal to mana spent and can ping, make tokens, or pump creatures. Beast tribal flavor with limited Beast-specific synergies at time of printing. Marath's scaling ability rewards replaying the commander for growing versatility.","Gahiji, Honored One; Magus of the Arena; Tempt with Discovery; Mystic Barrier; Spawning Grounds; Witch Hunt",Marath scaling with commander cost; three-mode activated ability (ping/token/pump); Beast tribal flavor; +1/+1 counter scaling,beasts; tribal; Naya; counter scaling; flexible,Beasts tribal / +1/+1 counter scaling,Flexible mana sink via Marath,"Cast Marath to enter with counters equal to mana spent; use those counters to ping, make tokens, or pump creatures; scale counters with each recast",,Beasts,2,3,2,3,3,1,2,1,1,1,2,1,3,3,Naya players who want a flexible commander with scaling power and a beast tribal flavor,Players seeking strong tribal payoffs; Beast synergies were sparse in 2013 and the deck lacks dedicated Beast payoffs,Naya players who value commander flexibility and counter scaling over focused tribal synergy,"Naya's White order, Red wildness, and Green beast-power combine in Marath — a primal force that grows with each summoning","Shows Naya's wildest identity — White marshals the beast army in formation, Red channels primal aggression, and Green supplies the raw creature power; Marath's three-mode ability gives each color a distinct mechanical expression.",Teaches how scaling commander cost creates a growing mana sink with three different modes — flexibility as a resource,"Teaches flexibility as a strategic resource: Marath's three modes (ping, token, pump) mean the optimal play changes every turn based on board state, training players to evaluate which mode generates the most value in each specific situation.",Good example for explaining flexible commanders and scaling with cast cost on a basics page; Marath demonstrates how a single ability with three modes can adapt to any game state.,tribal; counters; flexible; Naya,Scaling commander cost; +1/+1 counter manipulation; Beast tribal
https://cardgamebase.com/commander-precons-2011-2019/,Commander – First Commander Precons,Heavenly Inferno,Kaalia of the Vast,,White; Black; Red,"Angels, Demons, and Dragons","The original Mardu precon led by Kaalia of the Vast, who puts an Angel, Demon, or Dragon from hand into play for free whenever she attacks. One of the most beloved original Commander precon commanders, enabling a multi-tribe strategy across three iconic creature types. A high-priority removal target in every game.","Tariel, Reckoner of Souls; Basandra, Battle Seraph; Mana-Charged Dragon; Death by Dragons; Archangel of Strife","Free Angel/Demon/Dragon deployment on attack; multi-tribe (Angels, Demons, Dragons); combat attack trigger; Join Forces and Vow cycle mechanics",tribal; cheating costs; angels; demons; dragons; Mardu; aggro,"Angels, Demons, Dragons tribal (cheating into play)",Combat attack triggers,"Attack with Kaalia to put an Angel, Demon, or Dragon from hand into play for free; build a board of enormous flying threats via repeated combat triggers",Join Forces; Vow cycle,Angels; Demons; Dragons,2,3,1,5,2,1,1,1,1,1,1,1,5,3,Players who love big flying threats across three iconic creature types and want to cheat expensive creatures into play via combat,Players who prefer slower or non-combat strategies; Kaalia is a high-priority removal target every game,"Mardu players who want a combat-first, big-creature identity across three iconic creature types","Mardu's White righteousness (Angels), Black darkness (Demons), and Red fire (Dragons) unite under Kaalia — combining all three divine/infernal creature types into one aggressive identity","Embodies Mardu's most epic identity — White's righteous Angels, Black's infernal Demons, and Red's primal Dragons united under Kaalia, expressing how Mardu's three colors each command a different legendary flying creature type.",Classic beginner-to-intermediate lesson: Kaalia cheats mana costs — protect her to get free threats; teaches attack trigger dependency,"Teaches attack trigger dependency as a strategic vulnerability: Kaalia's power requires connecting with combat damage, making her the highest-priority removal target every game — protecting Kaalia and creating windows to attack safely is the critical skill.",Perfect for explaining attack triggers and multi-tribe strategies on a basics page; Kaalia is one of the most iconic examples of how an attack trigger can redefine an entire deck's strategy.,tribal; cheating costs; aggro; big creatures,Attack triggers; Cheating mana costs; Join Forces; Vow auras
https://cardgamebase.com/commander-precons-2011-2019/,Commander – First Commander Precons,Mirror Mastery,Riku of Two Reflections,,Blue; Red; Green,Copying Spells,"A Riku-led Temur deck that copies both spells and creatures through Riku's two abilities, doubling the impact of every large spell or creature cast. Requires significant mana investment to activate copy abilities. Often described as unfocused out of the box but powerful with upgrades.","Animar, Soul of Elements; Edric, Spymaster of Trest; Collective Voyage; Magmatic Force; Hydra Omnivore; Trench Gorger",Spell copying via Riku; creature copying via Riku; high mana investment for copies; Temur ramp enabling copy activations; Join Forces and Vow cycle,copy spells; copy creatures; Temur; ramp; big spells,Copying spells and creatures,Ramp into big threats to copy,Ramp heavily to generate enough mana for Riku's copy abilities; cast large spells or creatures and pay Riku's ability to copy them for double the impact,Join Forces; Vow cycle,unclear,2,4,1,2,4,1,1,1,1,3,4,1,2,4,Temur players who want to double up on their best spells and creatures with Riku's copy abilities,Players who want a focused game plan; the deck requires significant upgrades to perform consistently — noted as unfocused out of the box,Temur players drawn to spell doubling and creature copying over direct aggro,"Temur's Green ramp, Blue copy magic, and Red big spells create an engine that doubles every investment — every mana spent gives twice the value","Demonstrates Temur's doubling identity — Green ramps to enable Riku's expensive copy abilities, Blue selects which spell or creature is worth doubling, and Red provides the impulsive power of the things being doubled.",Teaches how Riku's copy abilities require mana investment and sequencing — understanding when to copy versus just casting,"Teaches mana investment decision-making: Riku's copy abilities cost one additional mana each, creating a constant decision between casting something powerful or copying something already cast — understanding when to copy versus when to advance the board is the central skill.",Good example for explaining copy effects and mana investment decisions on a basics page; Riku demonstrates how Temur can build a value engine around doubling rather than through raw creature power.,copy spells; copy creatures; ramp; big spells,Spell copying; Creature copying; Ramp; Join Forces
https://cardgamebase.com/commander-precons-2011-2019/,Commander – First Commander Precons,Counterpunch,"Ghave, Guru of Spores",,White; Black; Green,+1/+1 Counters,"A Ghave-led Abzan deck combining +1/+1 counters, token generation, and sacrifice in a single commander whose abilities enable all three strategies simultaneously. Ghave can both spend counters to make tokens and spend tokens to make counters, creating a self-sustaining engine with high combo ceiling.","Vish Kal, Blood Arbiter; Karador, Ghost Chieftain; Hornet Queen; Alliance of Arms; Acorn Catapult",Ghave token-from-counter and counter-from-token duality; sacrifice synergies; +1/+1 counter manipulation; flexible win conditions; Join Forces and Vow cycle,counters; tokens; sacrifice; Abzan; combo,+1/+1 counters / token generation,Sacrifice for value,Build a swarm of small tokens loaded with +1/+1 counters via Ghave; overrun opponents with the army or sacrifice tokens for value — often both simultaneously,Join Forces; Vow cycle,unclear,2,4,1,3,4,2,4,1,1,1,2,1,3,4,"Abzan players who want a flexible commander that supports counters, tokens, and sacrifice simultaneously — with strong combo potential","Players who want a simple, linear game plan; Ghave's flexibility can make decision-making overwhelming","Abzan players who want the most flexible +1/+1 counter commander, capable of multiple win lines","Abzan's White tokens, Black sacrifice, and Green growth combine in Ghave — a deck where every game piece serves double duty as both threat and fuel","Shows Abzan's most versatile identity — White generates the token community, Black extracts sacrifice value from it, and Green provides the growth counters that make those tokens increasingly powerful before they're sacrificed.",Teaches how a single commander ability creates multiple viable game plans — Ghave's flexibility is both its strength and its complexity,"Teaches Ghave's self-referential loop: spending a counter creates a token, sacrificing a token puts a counter back — recognizing that this loop can be entered with any additional mana or effect that puts counters or creates tokens is the deck's highest-level skill.",Excellent for explaining token-counter combo loops on a basics page; Ghave is the most accessible introduction to how two simple abilities can create a self-sustaining infinite loop with the right support.,counters; tokens; sacrifice; combo,+1/+1 counters; Token generation; Sacrifice; Populate-adjacent
https://cardgamebase.com/commander-precons-2011-2019/,Commander – First Commander Precons,Political Puppets,Zedruu the Greathearted,,Blue; Red; White,Giving Things to Your Opponents,"A Zedruu-led Jeskai politics deck that donates permanents — ideally harmful ones — to opponents, then draws cards and gains life for each donated permanent each upkeep. Requires creative deckbuilding to find permanents worth giving away. One of the most unusual and skill-testing Commander precons ever made.","Ruhan of the Fomori; Nin, the Pain Artist; Flusterstorm; Chaos Warp; Crescendo of War",Permanent donation for life gain and card draw; cursed gift strategy; pillowfort elements; Zedruu upkeep triggers; Join Forces and Vow cycle,politics; donation; pillowfort; Jeskai; group hug adjacent,Donating permanents / group politics,Life gain and card draw from donated permanents,Give permanents — ideally harmful ones — to opponents; gain life and draw cards equal to donated permanents per upkeep; win through pillowfort and political maneuvering,Join Forces; Vow cycle,unclear,1,4,5,1,3,1,1,1,2,1,1,4,1,3,Political players who enjoy donating harmful permanents and winning through a pillowfort while others fight over cursed gifts,Players who want a reliable win condition; the deck lacks an obvious finisher and requires experience to pilot effectively,Jeskai players who want maximum political gameplay; a unique and polarizing experience,"Jeskai's White fairness twisted by Red's chaos and Blue's manipulation — gifts are traps, generosity is a weapon, and the table is the deck's battlefield",Demonstrates Jeskai's most subversive identity — White's apparent generosity masks Blue's calculated strategy and Red's chaotic gift-giving; Zedruu's donation mechanic weaponizes all three colors' relationship with sharing.,"Not for beginners — teaches advanced political concepts: what to give, when to give it, and how to build a life/card advantage engine from donations","Teaches donation strategy as a two-part skill: first, finding permanents worth giving away (curses, harmful enchantments, useless tokens); second, protecting yourself with a pillowfort while Zedruu's upkeep accumulates life and cards — both halves must work together.",Ideal for explaining political donation strategies on a basics page; Zedruu is the most extreme example of how apparent generosity can be a winning strategy when the gifts are carefully chosen.,politics; pillowfort; donation; group hug adjacent,Permanent donation; Life gain from donations; Card draw from donations; Join Forces
https://cardgamebase.com/commander-precons-2011-2019/,Commander – First Commander Precons,Devour for Power,The Mimeoplasm,,Black; Green; Blue,Graveyard,"A Mimeoplasm-led Sultai graveyard deck that casts The Mimeoplasm to combine two creatures in the graveyard — one for abilities, one for power — into one enormous hybrid threat. Self-mill fills the graveyard with desirable combination targets. The original Sultai graveyard commander precon.","Damia, Sage of Stone; Skullbriar, the Walking Grave; Minds Aglow; Shared Trauma",Mimeoplasm graveyard combination; self-mill to fill graveyard; power/ability split targeting; flexible threat construction; Join Forces and Vow cycle,graveyard; self-mill; Sultai; big creatures; value,Graveyard / Mimeoplasm as combination creature,Self-mill / filling graveyard with targets,Fill the graveyard with creatures that have interesting abilities and creatures with high power/toughness; cast The Mimeoplasm to combine the best of both into one enormous threat,Join Forces; Vow cycle,unclear,2,3,1,3,3,5,1,1,1,1,2,2,2,4,Sultai graveyard players who want a flexible commander that combines multiple threats into one overwhelmingly powerful creature,Players who dislike graveyard-dependent strategies or those who face heavy graveyard hate,Sultai players who want the original graveyard-combination commander from the first precon release,"Sultai's Black graveyard dominion, Green's enormous creatures, and Blue's self-mill create the perfect hunting ground for The Mimeoplasm — every dead creature is a potential power upgrade","Captures Sultai's graveyard philosophy — Black fills it and reclaims from it, Blue selects which creatures to target for combination, and Green provides the enormous power values that make The Mimeoplasm's combined form devastating.",Teaches graveyard deckbuilding — selecting creatures that pair well as Mimeoplasm targets (ability + power) is a fundamental deckbuilding lesson,Teaches graveyard deckbuilding with a specific dual-target goal: identifying creatures with the best abilities (for the Mimeoplasm to copy) and creatures with the highest power (for the Mimeoplasm to take counters from) — these are often different cards.,"Original Sultai graveyard example for a basics page; The Mimeoplasm teaches the most fundamental graveyard deckbuilding lesson: not all creatures are equal targets, and building around two distinct roles creates strategic depth.",graveyard; self-mill; big creatures; Sultai,Mimeoplasm combination; Graveyard filling; Self-mill; Join Forces
https://cardgamebase.com/commander-precons-2020-2021/,Innistrad: Crimson Vow Commander,Vampiric Bloodline,"Strefan, Maurer Progenitor",,Black; Red,"Vampire tribal, Blood tokens",A Strefan-led Rakdos Vampire deck focused on cheating large Vampires into play rather than token flooding. Strefan's attack trigger lets you put a Vampire from hand into play for free if Blood tokens were created this turn. A bigger-creature approach that distinguishes it from Edgar Markov.,Shadowgrange Archfiend; Scion of Opulence; Predator's Hour; Arterial Alchemy; Imposing Grandeur,Strefan attack trigger for free Vampire deployment; Blood token generation; big Vampire focus over token flooding; Vampire tribal,tribal; vampires; cheating costs; Rakdos; combat,Vampire tribal / cheating big Vampires into play,Blood tokens,Use Strefan's Sneak Attack-style ability to put large Vampires into play for free; focus on bigger Vampires rather than token flooding,Blood tokens,Vampires,3,3,1,4,2,1,2,1,1,1,1,1,4,3,Vampire fans who want a bigger-creatures approach rather than token flooding; players who enjoy Sneak Attack-style cheating in Rakdos colors,Players expecting Edgar Markov's wide token strategy; those who dislike combat-dependent commanders,Rakdos players drawn to Black's ambition and Red's aggression — putting enormous Vampires into play for free embodies both colors' love of paying any cost for power,Black's hunger for dominance and Red's impulsive aggression merge in Strefan — why cast expensive Vampires when you can simply take them from your hand and throw them into battle?,"Shows that Vampire decks don't have to flood with tokens — Black and Red together can pursue a big-threat, high-impact path that rewards patience and a well-stocked hand",Teaches how attack triggers generate value beyond combat damage — Strefan's ability turns each attack into a free creature deployment,Teaches hand management around Strefan: keeping high-impact Vampires in hand for free deployment is more important than playing them out normally,Good example of a Vampire deck that defies the typical token-flood expectation; useful for showing Rakdos tribal identity,tribal; cheating costs; aggro,Attack triggers; Free creature deployment; Blood tokens
https://cardgamebase.com/commander-precons-2020-2021/,Innistrad: Crimson Vow Commander,Spirit Squadron,"Millicent, Restless Revenant",,White; Blue,Spirit tribal,A Millicent-led Azorius Spirit tribal deck that creates Spirit tokens when Spirits deal combat damage and leverages Millicent's ETB and attack triggers to build a wide flying board. A clean go-wide evasion strategy using White-Blue's natural affinity for Spirit tribal.,"Donal, Herald of Wings; Storm of Souls; Sudden Salvation; Spectral Arcanist",Millicent Spirit token generation on ETB and combat; Spirit tribal flying synergies; go-wide evasive combat; White-Blue Spirit identity,tribal; spirits; go-wide; Azorius; tokens,Spirit tribal / go-wide,Spirit token generation,Build a wide board of Spirits quickly using tribal synergies; go-wide combat strategy in Azorius colors,,Spirits,3,2,1,3,2,1,4,1,1,1,1,2,3,3,"Spirit tribal fans and players who want a clean, approachable go-wide strategy in Azorius colors",Players who want a complex or combo-heavy experience; those who find token go-wide strategies repetitive,Azorius players who value White's token structure and Blue's evasive flight — a disciplined aerial Spirit force that wins cleanly through combat,"White creates the token army and protects it with structure, while Blue provides the evasion and card selection that ensures the Spirit swarm is always relevant","Demonstrates how Azorius approaches tribal — not through brute force but through evasion, protection, and precise token deployment",Accessible introduction to Spirit tribal and go-wide flying strategies; teaches how evasion converts token quantity into consistent damage,Teaches how to leverage evasive tribal creatures to maintain consistent damage output that opponents struggle to interact with,Clean Azorius tribal example; good for explaining how White and Blue combine tokens with evasion for a distinctive go-wide identity,tribal; tokens; go-wide; evasion,Spirit tribal; Flying; Token generation; ETB triggers
https://cardgamebase.com/commander-precons-2020-2021/,Innistrad: Midnight Hunt Commander,Undead Unleashed,"Wilhelt, the Rotcleaver",,Blue; Black,Zombie tribal,"A Wilhelt-led Dimir Zombie tribal deck that draws a card and creates a Decayed Zombie token when a non-token Zombie dies under your control. The self-replacing token mechanic makes the board remarkably resilient, converting each Zombie death into continued board presence and card advantage.","Eloise, Nephalia Sleuth; Hordewing Skaab; Ghoul's Night Out; Curse of the Restless Dead; Curse of Unbinding",Wilhelt death trigger; Decayed Zombie token replacement on non-token Zombie death; Zombie tribal card draw; graveyard interaction,tribal; zombies; Dimir; graveyard; tokens,Zombie tribal,Zombie token generation / graveyard synergy,Build a Zombie horde in Dimir colors; includes key Zombie reprints; Wilhelt generates value when Zombies die and creates token replacements,Decayed,Zombies,3,2,1,3,2,3,3,1,1,1,1,2,3,3,Zombie tribal fans who want a Dimir twist on the classic archetype with graveyard depth and token self-replacement,Players wanting a completely novel experience; Zombie tribal is well-trodden territory and this deck doesn't dramatically reinvent it,Dimir players who want Black's graveyard dominion over Zombies combined with Blue's selective card draw and graveyard management — the thinking Zombie player,"Black commands the undead army while Blue curates it — Wilhelt ensures no Zombie truly dies, replacing each loss with a Decayed token and turning death into a resource",Shows how Blue adds a layer of strategic graveyard management to Black's Zombie identity — death becomes a revolving door rather than a permanent loss,Good entry-level tribal deck; Wilhelt's Decayed token replacement teaches players how sacrifice and death triggers create self-sustaining loops,Teaches how token replacement mechanics create resilient board states and how Decayed tokens enable sacrifice synergies without losing board presence,Solid Dimir Zombie example; useful for explaining how Black-Blue approaches tribal differently from mono-Black through graveyard selectivity,tribal; graveyard; tokens; sacrifice,Zombie tribal; Decayed tokens; Death triggers; Graveyard interaction
https://cardgamebase.com/commander-precons-2020-2021/,Innistrad: Midnight Hunt Commander,Coven Counters,"Leinore, Autumn Sovereign",,White; Green,"+1/+1 counters, Coven","A Leinore-led Selesnya +1/+1 counter deck built around the Coven mechanic, which requires three creatures with different power values for maximum payoffs. Leinore adds a +1/+1 counter to a creature and draws a card at end of combat when Coven is active. Backup commander Kyler supports a Human tribal alternate route.","Kurbis, Harvest Celebrant; Wall of Mourning; Moorland Rescuer; Curse of Conformity; Curse of Clinging Webs",Coven mechanic requiring three different power values; +1/+1 counter distribution on Coven activation; Leinore card draw at end of combat; Kyler Human tribal backup,counters; Coven; Selesnya; humans; tribal,+1/+1 counters,Coven mechanic / Human tribal (via backup commander Kyler),Distribute +1/+1 counters to meet Coven requirements (three creatures with different power); backup commander Kyler supports Human tribal route,Coven,Humans,3,2,1,3,2,1,1,1,1,1,2,1,3,3,Counter enthusiasts who want a Selesnya deck with a mechanical twist; players interested in the Coven mechanic and Human tribal via the backup commander,Players who want a single focused game plan; Coven's requirement for three different power values adds a constraint that can be awkward to maintain,"Selesnya players who value White's community and Green's growth — Coven rewards having a diverse creature board rather than stacking one threat, reflecting both colors' group-oriented philosophy",White's diversity-in-unity and Green's natural growth combine in Coven — rewarding a board that looks like a community rather than a single dominant force,Illustrates how Selesnya can approach +1/+1 counters not as a stacking game but as a precision tool for maintaining specific power thresholds,Teaches the Coven mechanic and how power-level differentiation matters beyond just making creatures bigger — sometimes diversity is the engine,Teaches players to deliberately manage creature power values rather than simply buffing everything equally — a unique constraint-based deckbuilding lesson,Good example of a Selesnya counter deck with a mechanical constraint; useful for explaining Coven and how Midnight Hunt's design tied mechanics to flavor,counters; tribal; go-wide,Coven; +1/+1 counters; Human tribal; Power threshold
https://cardgamebase.com/commander-precons-2020-2021/,Adventures in the Forgotten Realms Commander,Aura of Courage,"Galea, Kindler of Hope",,Green; White; Blue,"Auras, Equipment",A Galea-led Bant Aura and Equipment deck that allows casting of Auras and Equipment directly off the top of the library for free. Galea solves the card disadvantage problem of Aura strategies by replacing each enchantment as it's cast. A hybrid voltron deck combining both attachment types.,Robe of Stars; Mantle of the Ancients; Holy Avenger; Catti-brie of Mithral Hall,Free top-of-library casting of Auras and Equipment; Aura card disadvantage mitigation; Equipment and Aura hybrid; voltron combat strategy,auras; equipment; voltron; Bant; library manipulation,Auras and Equipment / voltron,Casting from top of library,"Pump up Galea or one creature with Auras and Equipment; Galea lets you cast those spells off the top of your library for free, enabling a library-top-play enchantress-equipment hybrid",Equipment; Auras,unclear,2,3,1,4,2,1,1,3,4,1,2,1,3,3,Aura and Equipment fans who want both in a single Bant deck; players who enjoy casting permanents off the top of their library as a card advantage engine,Players who want a pure voltron experience; the dual Aura/Equipment focus can dilute both strategies if not built carefully,"Bant players who value Blue's knowledge and planning, White's protective enchantments, and Green's creature base — Galea embodies the Bant ideal of well-equipped, well-protected threats","Blue's top-of-library manipulation, White's Aura protection, and Green's creature power combine to make Galea a fully self-sufficient voltron commander who draws and deploys simultaneously","Demonstrates how Bant colors unify two traditionally separate strategies (Auras and Equipment) through Blue's library manipulation, making them work as one cohesive engine",Teaches how library-top casting removes the card disadvantage problem that normally plagues Aura strategies — Galea draws and plays simultaneously,Teaches the core Aura vulnerability lesson (two-for-one risk) and how Galea's ability mitigates it by replacing the card as it's played,Excellent example for explaining the Aura card-disadvantage problem and how a commander ability can solve it; good Bant identity showcase,auras; equipment; voltron; library manipulation,Auras; Equipment; Top-of-library casting; Voltron
https://cardgamebase.com/commander-precons-2020-2021/,Adventures in the Forgotten Realms Commander,Draconic Rage,"Vrondiss, Rage of Ancients",,Red; Green,"Dragons, Enrage","A Vrondiss-led Gruul Dragon tribal deck that triggers Enrage to create 5/4 Dragon Spirit tokens whenever Vrondiss takes damage. Multiple strong backup commanders (Klauth for mana, Wulfgar for trigger doubling) provide alternate aggressive lines.","Klauth, Unrivaled Ancient; Wulfgar of Icewind Dale; Klauth's Will; Druid of Purification",Enrage on damage to create Dragon Spirit tokens; Dragon tribal combat focus; Klauth extra mana on attack; Wulfgar attack trigger doubling; dice rolling subtheme,dragons; tribal; Gruul; aggro; enrage,Dragon tribal,Enrage / dice rolling,Make big Dragons and attack; Vrondiss triggers Enrage to create Dragon Spirit tokens; backup commanders Klauth and Wulfgar offer alternate aggressive lines,Enrage,Dragons,3,2,1,5,1,1,2,1,1,1,3,1,5,3,"Dragon fans who want a Gruul deck with combat aggression and a clear, satisfying game plan; players who enjoy multiple strong backup commander options",Players who want a unique or unusual Dragon deck; this is a straightforward attack-with-Dragons strategy without much complexity,Gruul players who embody Red's dragon-fire aggression and Green's overwhelming creature power — the most direct expression of Gruul's combat identity,"Red's primal dragon energy and Green's unstoppable creature force merge in Vrondiss — Enrage turns damage into more Dragons, and more Dragons mean more damage",Shows how Gruul combines Red's love of Dragons with Green's ramp to consistently produce the largest creatures on the board earlier than any other color pair,"Very accessible: ramp with Green, cast Dragons with Red, attack with everything. The Enrage trigger teaches players to turn damage into advantage rather than just a cost","Teaches how Enrage creates a damage-into-value loop and how backup commanders (Klauth, Wulfgar) offer dramatically different aggressive lines from the same base deck",Strong beginner-accessible example for Dragon tribal and Gruul identity; good for showing how backup commanders can shift a deck's entire identity,dragons; tribal; aggro; ramp,Dragon tribal; Enrage; Ramp; Combat triggers
https://cardgamebase.com/commander-precons-2020-2021/,Adventures in the Forgotten Realms Commander,Dungeons of Death,Sefris of the Hidden Ways,,White; Blue; Black,Venture into the Dungeon,"A Sefris-led Esper Venture into the Dungeon deck that reanimates a creature card when a dungeon is completed. Venture triggers advance through three dungeon options with escalating rewards, and completion triggers Sefris's recursion ability. The definitive precon for learning the D&D dungeon mechanic.","Midnight Pathlighter; Minn, Wily Illusionist; Radiant Solar; Rod of Absorption",Venture into the Dungeon mechanic; dungeon completion triggers Sefris reanimation; three dungeon options with escalating rewards; graveyard recursion backup,dungeon; venture; Esper; reanimator; value,Venture into the Dungeon,Reanimation / graveyard,Progress through Dungeon cards via Venture triggers; Sefris reanimates creatures when you complete a dungeon; flexible into alternate strategies if dungeon support is insufficient,Venture into the Dungeon,unclear,2,4,1,2,3,3,1,1,1,1,1,2,2,4,Players curious about the Venture into the Dungeon mechanic and fans of the D&D flavor; those who enjoy reanimation as a backup win condition,"Players who want a mechanically tight, focused deck; Venture support was limited at release and the deck can feel inconsistent without upgrades","Esper players who value Blue's exploration of the unknown, White's structure, and Black's power over death — Sefris's dungeon-completion reanimation fits Black's graveyard identity with a D&D twist","Esper's White structure sets the dungeon path, Blue's curiosity drives the exploration, and Black collects the reward at the end — dungeon completion as a metaphor for Esper's methodical approach to power",Introduces the Venture mechanic and teaches players how progressive dungeon completion creates cumulative rewards — a lesson in patience and incremental value building,Teaches the Venture mechanic and how dungeon rooms create a sequential decision tree; also introduces reanimation as a flexible backup plan,Teaches players how to evaluate dungeon room choices based on current game state and how reanimation can close games independently of the dungeon strategy,Best deck for explaining Venture into the Dungeon and how dungeon mechanics work; valuable for players new to the D&D era of Magic,dungeon; reanimator; value engine,Venture into the Dungeon; Dungeon completion triggers; Reanimation
https://cardgamebase.com/commander-precons-2020-2021/,Adventures in the Forgotten Realms Commander,Planar Portal,"Prosper, Tome-Bound",,Black; Red,Playing cards from exile,"A Prosper-led Rakdos impulse draw deck that creates a Treasure token whenever a spell is cast from exile. Combines Cascade, Madness, Adventures, and other exile-cast mechanics to trigger Prosper's ability repeatedly. One of the most popular Commander 2021 commanders for its self-sustaining value engine.",Share the Spoils; Grim Hireling; Hurl Through Hell; Fevered Suspicion,Prosper Treasure generation on exile cast; impulse draw as primary card advantage; Cascade and Madness as exile-cast enablers; self-funding Treasure engine,exile casting; impulse draw; treasures; Rakdos; value,Impulse draw / exile casting,Treasure token generation,"Exile cards and cast them from exile; Prosper generates Treasure tokens each time you cast a spell from exile; rewards Cascade, Madness, Adventures and other exile-cast mechanics",Impulse draw,unclear,2,3,1,2,3,1,2,2,1,2,2,1,2,5,Players who enjoy impulse draw and exile-casting strategies; those who want a Rakdos value deck that generates Treasure tokens as a byproduct of its main strategy,Players who prefer drawing cards to hand and playing them normally; impulse draw requires a different mental model of resource management,"Rakdos players who want Black's resource exploitation and Red's impulsive casting combined — Prosper embodies both colors' relationship with temporary, use-it-now resources","Black's hunger for every available resource meets Red's impulse to act immediately — Prosper turns every exiled card into a Treasure, monetizing the very act of casting from exile","Demonstrates how exile functions as a second hand in Rakdos colors, and how Treasure tokens created by casting from exile create a self-funding value engine","Teaches impulse draw as a distinct card advantage paradigm — use it this turn or lose it, which trains players to evaluate tempo vs value in real time","Teaches how to build around exile casting by including Cascade, Madness, Adventures, and other exile-enabling mechanics as mutually reinforcing engine pieces",Excellent example for explaining impulse draw and how Treasure tokens function as mana acceleration; one of the most distinctive Rakdos precon identities,exile casting; impulse draw; treasures; value engine,Impulse draw; Exile casting; Treasure tokens; Cascade; Madness
https://cardgamebase.com/commander-precons-2020-2021/,Commander 2021 / Strixhaven Commander,Lorehold Legacies,"Osgir, the Reconstructor",,Red; White,Artifacts,"An Osgir-led Boros artifact deck widely praised as a landmark precon that finally gave Red-White a powerful non-aggro identity. Osgir sacrifices artifacts to create two copies from the graveyard when tapped, enabling recursive artifact loops. One of the strongest C21 precons out of the box.",Archeomancer's Map; Monologue Tax; Cursed Mirror,Artifact sacrifice for graveyard doubling via Osgir; artifact recursion and copying; Boros artifact identity milestone; strong out-of-box power,artifacts; sacrifice; Boros; reanimator; value,Artifact sacrifice and reanimation,Artifact value loops,Sacrifice artifacts to generate value; use Osgir's ability to reanimate and double artifacts from the graveyard; milestone Boros precon praised as a major power upgrade for the color pair,,unclear,2,3,1,2,4,3,1,5,1,1,2,1,2,4,Artifact players who want a Boros deck that finally delivers on the color pair's potential; players who enjoy graveyard artifact recursion with doubling payoffs,Players wanting traditional Boros aggro; this deck plays nothing like a typical Red-White combat deck,Boros players who feel constrained by the color pair's typical limitations — Osgir turns artifact sacrifice into a doubling engine that makes Boros feel as powerful as any other color combination,"White's orderly artifact construction and Red's creative destruction combine in Osgir — nothing is wasted, everything sacrificed is doubled and returned, making the battlefield a perpetual forge","Landmark example of how a single commander can redefine a color pair's identity — Osgir showed that Boros could be a powerful artifact combo deck, not just aggro",Teaches artifact sacrifice and recursion in a clean two-color context; Osgir's doubling ability is intuitive and makes the payoff of sacrificing artifacts immediately visible,Teaches how artifact sacrifice feeds recursion which enables further sacrifice — a self-sustaining loop that generates value every turn without needing external draw engines,Strong example of a milestone Boros precon; excellent for explaining how commanders can redefine color pair expectations and why Lorehold Legacies was praised as a breakthrough,artifacts; sacrifice; reanimator; value engine,Artifact sacrifice; Artifact reanimation; Doubling effects; Value loops
https://cardgamebase.com/commander-precons-2020-2021/,Commander 2021 / Strixhaven Commander,Silverquill Statement,"Breena, the Demagogue",,White; Black,Multiplayer / politics,"A Breena-led Orzhov political deck that adds two +1/+1 counters to Breena whenever a player other than you is attacked, and lets that attacker draw a card. A subtle political engine where Breena grows while you encourage opponents to attack each other. One of the most popular C21 commanders.",Scholarship Sponsor; Tempting Contract; Keen Dualist; Bold Plagiarist; Inkshield,Breena +1/+1 counter growth when others attacked; opponent card draw incentive; political attack redirection,politics; Orzhov; counters; multiplayer; value,Politics / encouraging opponents to attack each other,+1/+1 counter payoffs for Breena,Trick opponents into attacking each other; Breena grows with +1/+1 counters whenever a player other than you is attacked; swoop in for the kill once opponents are depleted,,unclear,2,3,5,3,2,1,1,1,1,1,1,2,3,3,Political players who enjoy encouraging opponents to fight each other; those who want an Orzhov deck built around multiplayer dynamics rather than pure aggro or life drain,"Players who prefer direct, aggressive strategies or those who dislike the unpredictability of relying on opponent behavior",Orzhov players who use White's social structure and Black's manipulation to engineer the table — Breena rewards letting others fight while quietly growing into an unblockable threat,"White's moral authority and Black's cunning ambition combine in Breena — she appears generous in letting others attack freely, but every skirmish that doesn't target you makes her more dangerous",Shows how Orzhov can approach Commander's political landscape with subtlety — growing a commander while others deplete each other is a distinct and rewarding play pattern,Teaches political awareness in Commander: tracking who is attacking whom and how to position yourself as the least threatening player while growing the most powerful one,"Teaches players to read the table, incentivize non-threatening behavior through Breena's counter triggers, and time the kill precisely when opponents are depleted",Excellent for explaining the political dimension of Commander and how Orzhov can win through manipulation rather than direct aggression,politics; counters; multiplayer,Attack redirection; +1/+1 counters on Breena; Political triggers
https://cardgamebase.com/commander-precons-2020-2021/,Commander 2021 / Strixhaven Commander,Witherbloom Witchcraft,"Willowdusk, Essence Seer",,Black; Green,Life gain / life loss,"A Willowdusk-led Golgari life-total-as-resource deck that converts the difference between life gained and life lost per turn into +1/+1 counters. The greater the life swing in a single turn, the more counters Willowdusk generates. Rewards deliberately cycling life totals for maximum counter production.",Marshland Bloodcaster; Veinwitch Coven; Witch's Clinic,Life total as resource; Willowdusk counter generation from life swings; life gain and loss payoffs; deliberate life cycling strategy,life gain; life loss; Golgari; life as resource; value,Life total as a resource,Life gain and life loss payoffs,Spend life aggressively to power effects; earn it back with life gain; Willowdusk converts life total changes into +1/+1 counters on creatures,,unclear,2,3,1,2,3,2,1,1,1,1,2,2,2,4,Players who enjoy using life total as a flexible resource; those who want a Golgari deck that rewards both spending and gaining life for powerful payoffs,Players who want to maximize life total as a defensive buffer; this deck deliberately drains and refills life rather than protecting it,Golgari players who see life as a currency rather than a safety net — Black's willingness to spend it for power and Green's ability to replenish it create a uniquely sustainable engine,"Black treats life as a resource to spend recklessly, while Green ensures there's always more to draw from — Willowdusk converts the fluctuation itself into +1/+1 counters, making volatility the engine",Demonstrates how Golgari can build a life-as-resource economy where both gaining and losing life are productive actions rather than simple buffs or costs,"Teaches that life total is a resource, not just a number to protect — Willowdusk's ability makes players comfortable spending life aggressively, a fundamental advanced concept",Teaches how to maximize Willowdusk's counter generation by deliberately cycling through life loss and gain in the same turn for exponential counter stacking,Strong example for explaining life-as-resource philosophy and how Golgari approaches the life total differently from White-based life gain decks,life gain; life loss; counters; value engine,Life gain payoffs; Life loss triggers; Counter generation from life swings
https://cardgamebase.com/commander-precons-2020-2021/,Commander 2021 / Strixhaven Commander,Quantum Quandrix,"Adrix and Nev, Twincasters",,Green; Blue,Tokens,An Adrix and Nev-led Simic token doubling deck with a Parallel Lives effect in the command zone. Every token-generating effect produces twice as many tokens while Adrix and Nev are in play. A straightforward but exponentially powerful engine that scales every token producer in the deck.,"Esix, Fractal Bloom; Oversimplify; Spawning Kraken",Token doubling via Adrix and Nev Parallel Lives effect; Fractal token generation; all token producers doubled; Simic go-wide exponential scaling,tokens; doubling; Simic; go-wide; value,Token doubling,Token go-wide,Put a Parallel Lives in the command zone — Adrix and Nev double all tokens created; generate as many tokens as possible and win through overwhelming board presence,Fractal tokens,Fractals,3,2,1,3,3,1,5,1,1,1,3,1,3,4,Token players who want a Simic deck that doubles all token production; players who enjoy exponential board development,"Players who want a nuanced, interactive experience; this deck can feel like a solitaire engine once Adrix and Nev resolve",Simic players who want Green's creature abundance and Blue's mathematical doubling combined into a self-multiplying token engine — the most direct expression of Simic's growth-through-knowledge identity,Blue's mathematical duplication and Green's natural proliferation combine in Adrix and Nev — a Parallel Lives in the command zone that makes every token producer twice as powerful,Demonstrates how a single commander ability that doubles a fundamental game action (token creation) scales every card in the deck without requiring synergy-specific cards,Teaches the concept of multiplicative vs additive value — doubling token production is exponentially more powerful than adding more token producers,Teaches players to evaluate token producers by their output per mana and how doubling effects make even modest token generators into game-warping threats,Excellent example of how a doubling commander creates exponential value; ideal for explaining why Parallel Lives effects are so powerful in Commander,tokens; go-wide; value engine; doubling,Token doubling; Fractal tokens; Go-wide combat; ETB triggers
https://cardgamebase.com/commander-precons-2020-2021/,Commander 2021 / Strixhaven Commander,Prismari Performance,"Zaffai, Thunder Conductor",,Blue; Red,Expensive instants & sorceries,"A Zaffai-led Izzet big-spells deck that scries 2 and creates a 4/4 Elemental token when casting spells with CMC 5+, then copies a random instant or sorcery for spells with CMC 10+. Rewards casting the most expensive spells possible for escalating trigger rewards.","Veyran, Voice of Duality; Reinterpret; Inspiring Refrain; Rousing Refrain; Surge to Victory",CMC-based payoffs via Zaffai; 4/4 Elemental token for 5+ CMC; spell copy for 10+ CMC; scry 2 on all instants and sorceries,spellslinger; big spells; Izzet; value; combo,Big instants and sorceries,Spell magnitude payoffs,"Cast the largest instants and sorceries possible; Zaffai creates tokens and scries based on spell CMC, rewarding high-cost spells with escalating payoffs",,unclear,2,3,1,1,4,1,2,1,1,5,2,2,2,4,Spellslinger players who want a Strixhaven deck with scaling payoffs for casting the biggest possible instants and sorceries,Players who prefer creature combat or board presence strategies; this deck is primarily a spell-value engine,Izzet players who want the full spell-magnitude experience — Blue's precision scaling and Red's explosive high-cost spells create a deck where every big spell compounds into bigger payoffs,"Blue's love of optimization meets Red's addiction to dramatic, high-cost moments — Zaffai rewards the biggest spells with the biggest tokens and scry, making mana investment directly proportional to reward",Shows how Izzet's spellslinger identity scales from small cantrips to game-ending explosions when spell CMC is treated as a resource rather than just a cost,"Teaches CMC as a strategic variable — deliberately casting the highest-cost spells unlocks the best Zaffai triggers, training players to think about spell selection beyond raw effect",Teaches players to build toward a critical mass of ramp and cheap cantrips that enable casting one massive spell per turn for maximum Zaffai trigger value,Strong example for explaining CMC-based payoffs and the Izzet spellslinger identity at its most spectacle-focused,spellslinger; big spells; combo; value engine,CMC payoffs; Spell magnitude triggers; Token generation from spells; Scry
https://cardgamebase.com/commander-precons-2020-2021/,Kaldheim Commander Decks,Phantom Premonition,"Ranar, the Ever-Watchful",,White; Blue,Foretell,A Ranar-led Azorius Foretell deck that creates a 1/1 Spirit token whenever a card is exiled from hand or a spell is exiled as it resolves. Pairs Foretell's exile mechanic with blink effects to generate a constant stream of Spirit tokens and ETB value.,"Cosmic Intervention; Stoic Farmer; Brago, King Eternal; Arcane Artisan",Foretell exile triggers; Spirit token on exile from hand; blink and flicker synergies; Ranar Spirit token generation,foretell; exile; Azorius; blink; spirits; tokens,Foretell / exile zone interaction,Blink / flicker synergies,Foretell cards to exile them; Ranar creates Spirit tokens whenever cards are exiled from hand or resolved spells are exiled; flicker synergies extend ETB value,Foretell,Spirits,2,3,1,2,3,1,3,1,1,1,1,3,2,4,Players who enjoy the Foretell mechanic and want an Azorius deck that rewards exile-zone interaction with blink synergies,Players who want aggressive or combat-heavy strategies; this deck is deliberate and value-focused,"Azorius players who value Blue's information control and White's protective structure — Foretell's exile interaction and Spirit token generation fit both colors' methodical, evasive identity","White's patient defense and Blue's hidden information combine in Ranar — cards exiled through Foretell become free Spirit tokens, turning caution into a board presence","Introduces Foretell as a mana-smoothing and information-hiding mechanic, and shows how exile interaction creates unexpected token synergies",Teaches Foretell as a two-turn planning mechanic — paying now to cast cheaper later trains players to think ahead about resource allocation,"Teaches how to combine Foretell with blink effects for an engine that generates Spirit tokens, resets ETBs, and accumulates hand-exile advantage simultaneously",Best deck for explaining the Foretell mechanic and showing how exile-zone interaction creates token generation payoffs,foretell; blink; tokens; control,Foretell; Exile triggers; Blink/flicker; Spirit tokens
https://cardgamebase.com/commander-precons-2020-2021/,Kaldheim Commander Decks,Elven Empire,"Lathril, Blade of the Elves",,Black; Green,Elf Tribal,A Lathril-led Golgari Elf tribal deck that builds toward Lathril's tap ability: tap ten Elves to drain each opponent for ten life simultaneously. A mana-dork-heavy swarm strategy with a non-combat mass life drain win condition that bypasses defensive boards entirely.,Ruthless Winnower; Pact of the Serpent; Rhys the Exiled,Elf tribal mana dorks; Lathril tap-ten-Elves drain ability; mass life drain win condition; go-wide swarm strategy,elves; tribal; Golgari; life drain; go-wide,Elf tribal,Life drain via Lathril's tap ability,Build a wide board of Elves; use Lathril's tap ability (requiring 10 Elves) to drain each opponent for 10 life simultaneously for a massive life swing win,,Elves,3,2,1,3,3,1,2,1,1,1,3,1,3,3,Elf tribal fans who want a Golgari take on the archetype with a powerful mass-drain win condition via Lathril,"Players who prefer combat-based wins; Lathril's tap ability requires 10 Elves and bypasses combat entirely, which can feel non-interactive",Golgari players who want Green's explosive Elf mana generation combined with Black's drain-and-dominate win condition — a patient build toward a devastating life-swap moment,"Green builds the Elf swarm and floods the battlefield, while Black weaponizes their collective presence into a life-draining tap ability that simultaneously kills opponents and sustains you","Demonstrates how Golgari approaches tribal differently from Selesnya or mono-Green — the Elf army is the engine, but Black provides the non-combat kill condition that closes the game","Teaches mana dork sequencing and how Elf synergies compound — each Elf makes the next one cheaper or more powerful, creating a snowball effect that's easy to understand",Teaches how to build toward Lathril's 10-Elf threshold and how to protect that board state from sweepers using Black's resilience tools,Classic Elf tribal example in Golgari; excellent for explaining how Black adds a non-combat win condition to Green's creature-based strategy,elves; tribal; life drain; go-wide,Elf tribal; Mana dorks; Life drain tap ability; Token generation
https://cardgamebase.com/commander-precons-2020-2021/,Commander Legends Commander Decks,Reap the Tides,"Aesi, Tyrant of Gyre Strait",,Green; Blue,Lands Matter / Ramp,"An Aesi-led Simic lands deck that draws a card whenever a land enters under your control, combined with extra land plays per turn. The purest expression of Simic's ramp-and-draw identity, Aesi converts every land drop into a card and every card into more land drops.",Trench Behemoth; Stumpsquall Hydra; Avenger of Zendikar; Ramunap Excavator,Card draw on land entry via Aesi; extra land plays per turn; landfall-adjacent triggers; Simic ramp and draw engine,lands; landfall; Simic; ramp; card draw,Lands matter / landfall,Extra land plays,Play extra lands each turn; Aesi draws a card whenever a land enters under your control; build massive card and mana advantage through repeated land drops,Landfall,unclear,3,2,1,2,2,1,1,1,1,1,5,1,2,4,Land strategy and Simic value players who want the simplest and most reliable version of the lands-matter archetype,Players looking for a unique or complex experience; this is a clean but straightforward Simic value deck without many surprises,"The quintessential Simic deck for players who want to embody Green's land mastery and Blue's card draw — Aesi is the purest expression of Simic's 'more lands, more cards' identity","Green's land-as-power philosophy and Blue's card-draw engine combine perfectly — every land drop draws a card, every card draw finds more lands, creating a self-reinforcing cycle of abundance","Demonstrates the core Simic loop: ramp into lands, draw cards off those lands, find more lands — showing why this engine is so consistently powerful in Commander","Ideal beginner's Simic deck: the game plan is simple and visible — play lands, draw cards, play more lands. The loop is easy to understand and satisfying to execute",Teaches how extra land plays compound over multiple turns and how Aesi's trigger converts each land drop into card advantage that accelerates the entire game plan,Perfect entry-level Simic identity deck; the cleanest possible example of how Green ramp and Blue card draw combine into a dominant value engine,lands; landfall; ramp; card draw,Landfall; Extra land plays; Land-based card draw; Ramp
https://cardgamebase.com/commander-precons-2020-2021/,Commander Legends Commander Decks,Arm for Battle,"Wyleth, Soul of Steel",,Red; White,Equipment & Auras,A Wyleth-led Boros equipment and Aura deck that draws cards equal to the number of Auras and Equipment attached to Wyleth when he attacks. Solves Boros's card draw problem by making the commander the draw engine himself. A focused voltron strategy that sustains itself through combat.,"Timely Ward; Blazing Sunsteel; Sram, Senior Edificer; Sigarda's Aid",Card draw on attack equal to attached Auras and Equipment; equipment and Aura synergy; Wyleth as draw engine; voltron combat strategy,equipment; auras; voltron; Boros; card draw,Equipment and Auras / voltron,Card draw from equipped/enchanted commander,Equip and enchant Wyleth to draw cards equal to the number of Auras and Equipment attached; build one enormous threat with card advantage fueling the strategy,Equipment; Auras,unclear,3,2,1,4,2,1,1,3,3,1,1,1,4,3,Equipment and Aura fans who want a Boros deck with built-in card draw that solves the color pair's traditional resource problem,Players who dislike voltron strategies or those who find commander-reliant decks frustrating when the commander is removed repeatedly,Boros players who want White's protective equipment structure and Red's aggressive combat drive — Wyleth solves Boros's card draw problem by making the commander itself the draw engine,"White equips and protects while Red drives aggression — Wyleth converts every Aura and Equipment attached to him into a card draw trigger, making protection and power the same action",Shows how a commander ability can solve a fundamental color weakness — Wyleth's draw trigger makes Boros self-sustaining in a way that teaches players to evaluate commanders as problem-solvers,Teaches equipment and Aura fundamentals in a clean Boros context; Wyleth's card draw makes the strategy feel rewarding rather than resource-starved,Teaches how to sequence equipment deployment to maximize draw triggers and how to protect Wyleth as the deck's engine rather than just a threat,Strong example for explaining how a single commander ability can compensate for a color pair's weakness; good for Boros identity and equipment strategy,equipment; auras; voltron; card draw,Equipment; Auras; Card draw from attachments; Voltron
https://cardgamebase.com/commander-precons-2020-2021/,Zendikar Rising Commander Decks,Land's Wrath,"Obuun, Mul Daya Ancestor",,Red; Green; White,Lands Matter,An Obuun-led Naya landfall deck that distributes +1/+1 counters and animates a land into a creature each combat. Obuun's dual ability makes every land drop both a board development and a potential combat threat. A fresh take on landfall that rewards aggressive play rather than pure value accumulation.,"Trove Warden; Geode Rager; Omnath, Locus of Rage",Landfall triggers on land entry; land animation into creature at combat; +1/+1 counter distribution; extra land plays,lands; landfall; Naya; ramp; combat,Landfall,Land animation (Obuun makes a land into a creature),Play lands to trigger landfall payoffs; Obuun puts +1/+1 counters on a creature and can animate a land into a creature each combat — winning through land-fueled board development,Landfall,unclear,3,2,1,3,2,1,1,1,1,1,4,1,3,3,Landfall fans who want a Naya take on the archetype with an animated land combat angle; players who enjoy creature-land hybrid strategies,Players who want a lands-combo deck; this is a straightforward landfall aggro strategy without high combo ceiling,"Naya players who value Green's land mastery, Red's combat aggression, and White's structured creature buffs — Obuun combines all three into a land-animated combat strategy","Green grows and multiplies the land base, Red channels that land energy into animated combat threats, and White provides the counter distribution that makes each land drop a creature buff","Shows how Naya uses landfall differently from typical Green-Blue builds — not just drawing cards but creating combat threats, teaching players that landfall payoffs can be creature-focused","Accessible: play lands, trigger landfall, attack with animated land creatures. Obuun makes the payoff visible and immediate, teaching landfall as a combat engine","Teaches how to maximize landfall triggers through fetch lands, extra land plays, and bounce lands — and how Obuun's animated lands create surprise combat threats",Good Naya landfall example; useful for showing how landfall can be a combat strategy rather than purely a value or combo strategy,lands; landfall; ramp; combat,Landfall; Land animation; +1/+1 counter distribution; Extra land plays
https://cardgamebase.com/commander-precons-2020-2021/,Zendikar Rising Commander Decks,Sneak Attack,"Anowon, the Ruin Thief",,Blue; Black,Tribal Rogues,An Anowon-led Dimir Rogue tribal deck that mills opponents when Rogues deal unblocked combat damage and draws cards for each Rogue that connects. Creates a dual threat: depleting opponent libraries while generating card advantage from those same hits.,"Enigma Thief; Whispersteel Dagger; Oona, Queen of the Fae",Rogue tribal combat damage triggers; mill on unblocked Rogue damage; card draw from combat connection; evasion focus,rogues; tribal; mill; Dimir; card draw,Rogue tribal / mill,Card draw from milling opponents,Attack with unblocked Rogues to mill opponents; Anowon draws a card whenever a Rogue deals combat damage and mills; depletes opponent libraries while generating card advantage,Mill,Rogues,3,2,1,3,2,2,1,1,1,1,1,2,3,3,Rogue tribal fans and mill-adjacent players who want a clean two-color aggro deck with library attrition as a secondary win condition,Players who want dedicated mill; the mill here is a byproduct of combat damage rather than a primary strategy,Dimir players who want Blue's evasive rogues and Black's attrition tools combined — Anowon rewards unblocked combat with both card draw and library depletion,"Blue provides the evasion that lets Rogues connect, while Black converts those connections into resource denial — every unblocked attack strips the opponent's library and refills yours",Demonstrates how Dimir approaches tribal differently — not just buffing creatures but building a two-pronged attack that depletes both opponent life total and library simultaneously,"Teaches evasion as a strategic tool beyond just dealing damage — Anowon shows that unblocked creatures can generate card draw and mill, teaching players to value damage that connects","Teaches how to build toward consistent Rogue damage connection through evasion, removal, and timing — and how mill scales as a win condition when opponents are low on cards",Clean Dimir Rogue tribal example; good for explaining how Black and Blue combine evasion with resource denial in a tribal context,tribal; mill; evasion; card draw,Rogue tribal; Mill on combat damage; Card draw from unblocked damage; Evasion
https://cardgamebase.com/commander-precons-2020-2021/,Commander 2020 / Ikoria Commander,Ruthless Regiment,Jirina Kudro,,White; Black; Red,Tribal Humans,A Jirina-led Mardu Human tribal deck that creates 1/1 Human tokens and buffs all Humans when Jirina enters. Sacrifice synergies add an aristocrats layer to the tribal core. Features partner commanders Trynn and Silvar as a strong alternate build for Human breeding and sacrifice loops.,"Flawless Maneuver; Verge Rangers; Kelsien, the Plague; Silvar, Devourer of the Free; Trynn, Champion of Freedom",Human tribal ETB token creation and anthem; Jirina enters-the-battlefield trigger; sacrifice synergies; Trynn and Silvar partner backup; aristocrats subtheme,humans; tribal; Mardu; aristocrats; aggro,Human tribal,Aristocrats sacrifice synergies,Build an army of Humans pumped by Jirina's ETB counters; sacrifice them for aristocrats value to finish opponents off,,Humans,3,2,1,3,2,2,2,1,1,1,1,1,4,3,Human tribal fans who want a Mardu deck with aristocrats depth; players who enjoy combat-focused tribal with a sacrifice subtheme,Players who want a pure aristocrats or pure tribal experience without overlap; the dual theme can feel unfocused without upgrades,"Mardu players who combine White's Human community, Red's aggressive combat drive, and Black's willingness to sacrifice allies for power — Jirina leads a tribe that fights and dies productively","White creates the Human army and imbues it with solidarity, Red drives it into aggressive combat, and Black extracts value when those Humans fall — a civilization that weaponizes its own casualties",Shows how Mardu approaches Human tribal differently from Boros — adding Black's sacrifice dimension creates an aristocrats layer that rewards both attacking and dying,Good introduction to how tribal and aristocrats synergies overlap — playing Jirina teaches players that creatures can generate value both while alive and when they die,Teaches how to balance attacking (to use Human buffs) with holding back for sacrifice fodder — managing the tension between aggression and value extraction,Solid Mardu tribal example; useful for explaining how Black adds a sacrifice dimension to White's Human tribal identity,tribal; aristocrats; aggro; sacrifice,Human tribal; ETB counter buffs; Sacrifice triggers; Combat aggression
https://cardgamebase.com/commander-precons-2020-2021/,Commander 2020 / Ikoria Commander,Arcane Maelstrom,"Kalamax, the Stormsire",,Green; Blue; Red,Instants Matter,"A Kalamax-led Temur instants deck that copies the first instant cast each turn while Kalamax is tapped, and grows Kalamax with a +1/+1 counter whenever an instant is copied. Rewards reactive play patterns and holding up mana across opponents' turns for maximum copy triggers.","Xyris, the Writhing Storm; Pako, Arcane Retriever; Haldan, Avid Arcanist; Deflecting Swat",Kalamax instant copy when tapped; +1/+1 counter on Kalamax per copy; first instant per turn triggers; reactive play and instant-speed priority,instants; copy; Temur; spellslinger; value,Instants matter / instant copying,+1/+1 counters on Kalamax,Cast the first instant each turn while Kalamax is tapped to copy it; grow Kalamax with +1/+1 counters whenever instants are copied; maximize value from each instant cast,,unclear,2,3,1,2,4,1,1,1,1,4,2,2,2,4,Instant-focused players who want a Temur deck that copies spells and grows a commander through combat; players who enjoy reactive play patterns,Players who prefer sorcery-speed strategies or those who find holding up mana each turn mentally taxing,"Temur players who want Blue's instant precision, Red's explosive copy payoffs, and Green's mana base — Kalamax rewards playing at instant speed with both spell copies and a growing commander","Green builds the mana base to hold up instants, Blue selects the right instant at the right moment, and Red copies it for explosive value — Temur's reaction speed taken to its logical extreme","Teaches players to think at instant speed — holding up mana, evaluating board states on opponents' turns, and maximizing Kalamax's copy trigger through careful tapping management",Teaches instant-speed play and the value of holding up mana; Kalamax's tapped requirement trains players to plan their combat step strategically to enable spell copies,"Teaches how to sequence attacks to keep Kalamax tapped during opponents' turns, maximizing copy triggers while also growing Kalamax with +1/+1 counters",Strong example for explaining instant-speed play patterns and how Temur approaches reactive spell-copying differently from Izzet,instants; copy effects; spellslinger; value engine,Instant copying; Tapped triggers; Reactive play; +1/+1 counters on copy
https://cardgamebase.com/commander-precons-2020-2021/,Commander 2020 / Ikoria Commander,Symbiotic Swarm,"Kathril, Aspect Warper",,White; Black; Green,Counters Matter,"A Kathril-led Abzan keyword ability counter deck that distributes keyword counters (flying, deathtouch, lifelink, etc.) to creatures based on keywords present in the graveyard. Intentionally fills the graveyard with keyword-dense creatures to maximize Kathril's entry impact.","Tayam, Luminous Enigma; Nikara, Lair Scavenger; Yannik, Scavenging Sentinel; Obscuring Haze; Cartographer's Hawk; Netherborn Altar","Keyword ability counters from Ikoria; Kathril distributes graveyard keywords on ETB; graveyard keyword density as deckbuilding goal; flying, deathtouch, lifelink, hexproof counter distribution",keyword counters; graveyard; Abzan; value; combat,Keyword ability counters,Graveyard filling for Kathril,"Fill graveyard with creatures that have keyword abilities; cast Kathril to distribute keyword ability counters (flying, deathtouch, lifelink, etc.) equal to keywords among creatures in graveyard",Keyword counters,unclear,2,4,1,3,3,4,1,1,1,1,2,1,3,4,Players who want a creative combat deck built around keyword ability counters; graveyard enthusiasts who want a unique Abzan experience,Players who dislike tracking many different counter types; those who prefer straightforward creature combat without graveyard setup,"Abzan players who value White's keyword protection (lifelink, vigilance), Black's deathtouch and graveyard filling, and Green's creature base — Kathril harvests every dead creature's best ability","White's protective keywords, Black's lethal abilities, and Green's physical prowess each contribute to Kathril's counter distribution — every dead creature leaves its best trait behind as a permanent gift",Introduces keyword ability counters as a mechanic and teaches players how graveyard composition directly affects the board state Kathril creates — deckbuilding lesson in keyword density,Teaches how keyword ability counters work and how deliberately filling the graveyard with keyword-rich creatures maximizes Kathril's impact on entry,Teaches graveyard deckbuilding with a specific goal: maximizing the variety and power of keywords available for Kathril to distribute — a targeted version of the classic reanimator setup,Best example for explaining keyword ability counters from Ikoria; excellent for showing how Abzan approaches graveyard strategies through creature keywords rather than raw recursion,keyword counters; graveyard; combat; value engine,Keyword ability counters; Graveyard keyword counting; Ikoria counters; Deathtouch; Flying; Lifelink
https://cardgamebase.com/commander-precons-2020-2021/,Commander 2020 / Ikoria Commander,Timeless Wisdom,"Gavi, Nest Warden",,Blue; Red; White,Cycling,"A Gavi-led Jeskai cycling deck that allows the first cycling activation each turn to be free, triggering payoffs for each cycled card. Multiple win conditions (Brallin/Shabraz, Zenith Flare, The Locust God) make the deck resilient to disruption. The definitive cycling Commander precon.","Akim, the Soaring Wind; Brallin, Skyshark Rider; Shabraz, the Skyshark; Fierce Guardianship; Dismantling Wave",Gavi free cycling once per turn; cycling payoff triggers; Brallin and Shabraz as partner alternate commanders; Zenith Flare as win condition; The Locust God as token engine,cycling; Jeskai; card draw; tokens; combo,Cycling,Cycling payoffs / free cycle each turn,"Cycle cards freely each turn via Gavi's ability; trigger cycling payoffs to generate tokens and draw; finish with Zenith Flare, The Locust God, or Brallin/Shabraz",Cycling,unclear,2,3,1,2,4,1,2,1,1,2,1,2,2,4,Cycling enthusiasts who want a Jeskai deck with multiple built-in win conditions and the ability to cycle for free each turn via Gavi,Players who dislike managing a separate cycling-focused card pool; building optimally requires knowing which cycling cards to include,"Jeskai players who want Blue's card filtering, Red's explosive cycling payoffs, and White's structural support — Gavi's free cycling each turn makes the entire deck's engine cost one fewer mana","Blue filters with precision, Red generates impulsive cycling rewards, and White provides the structural framework that makes Gavi's free cycle every turn feel like a permanent advantage",Teaches cycling as a two-function mechanic — card selection AND a trigger condition — and how Gavi's free cycle converts that into a zero-cost engine activation every turn,"Teaches how cycling enables both card selection and ability triggers simultaneously — Gavi makes this visible by reducing cycling's mana cost to zero, showing the engine in its purest form","Teaches how to identify and sequence cycling payoffs (Brallin, Shabraz, Zenith Flare) for multiple win conditions and how the deck's redundancy makes it resilient to disruption",Definitive cycling archetype example; excellent for explaining how cycling functions as both card selection and engine activation in a Jeskai shell,cycling; card draw; combo; tokens,Cycling; Free cycling trigger; Cycling payoffs; Looting
https://cardgamebase.com/commander-precons-2020-2021/,Commander 2020 / Ikoria Commander,Enhanced Evolution,"Otrimi, the Ever-Playful",,Black; Green; Blue,Mutate,"An Otrimi-led Sultai Mutate deck where creatures are stacked on top of each other to create hybrid threats combining multiple abilities. Otrimi returns mutated creatures from the graveyard to hand when dealing combat damage, enabling continuous Mutate re-stacking. The most mechanically complex Ikoria precon.","Zaxara, the Exemplary; Ukkima, Stalking Shadow; Cazur, Ruthless Stalker; Deadly Rollick; Manascape Refractor",Mutate stacking mechanic; Otrimi combat trigger returning mutated creatures; ability stacking on Mutate target; graveyard recursion of Mutate creatures; complex board state management,mutate; Sultai; combat; combo; graveyard,Mutate,Graveyard recursion of mutated creatures,Mutate creatures onto one another to build enormous hybrid threats; Otrimi returns mutated creatures from graveyard to hand when dealing combat damage; either stack one massive creature or spread mutations across many,Mutate,unclear,1,5,1,3,4,3,1,1,1,1,2,2,3,4,"Players who want the deepest, most complex Ikoria Commander experience; fans of Mutate who are comfortable with stack interactions and creative deckbuilding",Beginners or players who dislike complex board states; Mutate stacking is one of the most mechanically complex strategies in Commander,"Sultai players who want Black's graveyard recursion, Green's enormous creature base, and Blue's strategic Mutate sequencing — Otrimi recovers Mutated creatures and sends them back for another stack","Green grows the Mutate targets, Blue sequences the stack with precision, and Black retrieves whatever falls off — Otrimi embodies Sultai's philosophy of using every resource, even impermanent ones","Teaches Mutate as the most complex Ikoria mechanic — how stacks function, what happens when a Mutated creature dies, and how Otrimi's combat trigger rebuilds the stack from scratch",Not for beginners — teaches advanced Mutate stacking rules and how the order of abilities on a Mutate pile creates different gameplay patterns,"Teaches how to build a Mutate pile for maximum keyword and ability density, how to protect that pile from removal, and how Otrimi's recovery trigger creates an effectively indestructible value engine",Definitive Mutate archetype example; best deck for explaining how Mutate stacks work and how Sultai's three colors support the mechanic's demands,mutate; combo; graveyard; big creatures,Mutate; Mutate stack; Ability stacking; Graveyard recursion; Combat triggers
https://cardgamebase.com/commander-precons-2022-2023/,The Lost Caverns of Ixalan Commander,Veloci-Ramp-Tor,"Pantlaza, Sun-Favored",,White; Red; Green,"Dinosaurs, ramp","A Pantlaza-led Naya Dinosaur tribal deck that triggers Discover whenever a Dinosaur enters under your control for the first time each turn. Discover exiles cards until finding one with a lower CMC, casting it for free. A Dinosaur ramp deck with an ETB Cascade variant as its primary value engine.","Pantlaza, Sun-Favored; Gishath, Sun's Avatar; Etali, Primal Conqueror; Wakening Sun's Avatar; Zacama, Primal Calamity",Discover mechanic on Dinosaur ETB via Pantlaza; Dinosaur tribal ramp; Discover as ETB Cascade variant; free spell generation from creature casting,dinosaurs; tribal; Naya; ramp; big creatures,Dinosaur tribal,Ramp,"Ramp into expensive Dinosaurs ahead of schedule; Pantlaza discovers cards when Dinosaurs enter, generating value and board presence",Discover,Dinosaurs,3,2,1,4,2,1,1,1,1,1,4,1,4,3,Dinosaur fans and Naya ramp players who want big creature aggro with a Discover engine that generates cascading value,Players who want a nuanced or combo-heavy strategy; this is a straightforward ramp-into-Dinosaurs deck,"Naya players who embody Green's ramp power, Red's draconic combat aggression, and White's orderly prehistoric hierarchy — Pantlaza's Discover trigger makes every Dinosaur that enters generate even more Dinosaurs","Green ramps the prehistoric engine, Red drives the Dinosaurs into aggressive combat, and White provides the structured support that keeps the herd organized and protected","Teaches the Discover mechanic as a Cascade variant and how Dinosaur tribal combines naturally with ramp strategies — big creatures need big mana, and Naya provides both","Accessible: ramp early, cast Dinosaurs, trigger Discover for free spells. The chain of Dinosaurs entering one after another is intuitive and satisfying",Teaches Discover mechanics and how to build a Dinosaur curve that maximizes Discover triggers by sequencing medium-cost Dinosaurs before large ones,Good Naya Dinosaur tribal example; useful for explaining Discover as a Cascade variant and how ramp naturally enables big-creature tribal strategies,dinosaurs; tribal; ramp; big creatures,Dinosaur tribal; Discover; Ramp; ETB triggers
https://cardgamebase.com/commander-precons-2022-2023/,The Lost Caverns of Ixalan Commander,Blood Rites,"Clavileño, First of the Blessed",,White; Black,"Vampires, sacrifice",A Clavileño-led Orzhov Vampire tribal deck where sacrificing a Vampire creates a 4/3 flying Demon token that retains the Vampire's non-keyword activated abilities. A sacrifice-focused Vampire deck that transforms the tribe's deaths into a flying Demon army with a distinct identity from other Vampire precons.,"Clavileño, First of the Blessed; Edgar Markov; Olivia, Crimson Bride; Indulgent Aristocrat; New Blood",Clavileño Vampire sacrifice for 4/3 flying Demon tokens; Vampire ability preservation on Demon; Vampire tribal sacrifice loop; third Vampire precon with unique identity,vampires; tribal; Orzhov; sacrifice; demons,Vampire tribal,Sacrifice Vampires to flying Demons,Build a Vampire board then sacrifice them to empower flying Demon tokens; third Vampire precon with a unique sacrifice twist,Sacrifice,Vampires,2,3,1,3,3,2,2,1,1,1,1,1,3,3,Vampire fans who want an Orzhov take on the tribe with a sacrifice twist that distinguishes it from Edgar Markov and Strefan,Players who want a third version of Vampire tribal without meaningful differentiation; the sacrifice-to-Demon angle is distinct but the core loop may feel familiar,"Orzhov players who use White's Vampire nobility and Black's dark sacrifice rituals — Clavileño converts sacrificed Vampires into flying Demon tokens, making each death an ascension",White organizes the Vampire nobility in ordered ranks while Black drives the dark ritual of sacrifice — every Vampire given to the Demon empowers the horde rather than depleting it,Shows how Vampire tribal can be differentiated through a sacrifice subtheme — teaching players that the same tribe can support dramatically different archetypes across different commanders,"Teaches how sacrifice payoffs work in a tribal context and how Clavileño converts Vampire deaths into Demon tokens, making sacrifice feel like progression rather than loss",Teaches how to balance Vampire tribal synergies with sacrifice fodder management and when to sacrifice vs attack for maximum value from Clavileño,"Good example of tribal differentiation — showing how the same creature type can support different archetypes (tokens, big creatures, sacrifice) across different commanders",tribal; sacrifice; aristocrats; demons,Vampire tribal; Sacrifice triggers; Demon token generation; Flying payoffs
https://cardgamebase.com/commander-precons-2022-2023/,The Lost Caverns of Ixalan Commander,Ahoy Mateys,"Admiral Brass, Unsinkable",,Blue; Black; Red,"Pirates, reanimator",An Admiral Brass-led Grixis Pirate tribal deck where Admiral Brass reanimates a Pirate from any graveyard tapped and attacking at the beginning of each combat. A graveyard-focused Pirate deck that continuously rebuilds an attacking army from the graveyard each combat step.,"Admiral Brass, Unsinkable; Malcolm, Keen-Eyed Navigator; Breeches, Brazen Plunderer; Ramirez DePietro, Pillager; Corsair Captain",Admiral Brass combat-step Pirate reanimation; Pirate tribal graveyard filling; tapped-and-attacking reanimation trigger; continuous graveyard army rebuilding,pirates; tribal; Grixis; reanimator; combat,Pirate tribal,Pirate reanimation,Fill graveyard with Pirates and reanimate them specifically; Admiral Brass reanimates a Pirate tapped and attacking each combat,Reanimation,Pirates,2,3,1,4,2,3,1,1,1,1,1,2,4,3,Pirate tribal fans who want a unique reanimation-focused approach rather than combat damage triggers; players who enjoy filling the graveyard with specific creature types,Players expecting a typical Pirate treasure-generation strategy; this deck focuses on graveyard reanimation rather than Treasure synergies,"Grixis players who want Blue's graveyard planning, Black's reanimation power, and Red's Pirate aggression — Admiral Brass reanimates a Pirate tapped and attacking each combat, making the graveyard a persistent recruitment pool","Blue charts the course and fills the graveyard strategically, Black calls the dead back to service, and Red drives them into battle immediately — the Admiral's fleet never truly sinks","Demonstrates how reanimation can be tribal-specific, teaching players that graveyard strategies can be constrained to a creature type for more focused synergies",Teaches combat-step reanimation as a mechanic and how filling the graveyard with a specific creature type (Pirates) creates a renewable army that grows more threatening over time,Teaches how to build a graveyard full of high-value Pirates and how Admiral Brass's combat trigger creates a self-sustaining attack force that replaces losses immediately,Good example for explaining tribal-specific reanimation and how Grixis approaches Pirate tribal differently from Izzet or Dimir builds,tribal; reanimator; combat; graveyard,Pirate tribal; Combat reanimation; Graveyard filling; Haste enablement
https://cardgamebase.com/commander-precons-2022-2023/,The Lost Caverns of Ixalan Commander,Explorers of the Deep,Hakbal of the Surging Soul,,Blue; Green,"Merfolk, +1/+1 counters, explore","A Hakbal-led Simic Merfolk tribal deck where Hakbal triggers Explore on each Merfolk that enters the battlefield, revealing the top card for either a hand addition or extra land play with a +1/+1 counter. A counter-focused tribal deck with integrated card selection through Explore.","Hakbal of the Surging Soul; Kumena, Tyrant of Orazca; Merfolk Mistbinder; Deeproot Waters; Surgical Skullbomb",Hakbal Explore trigger on Merfolk ETB; Explore as top-card reveal for land or counter; Merfolk tribal +1/+1 counter scaling; extra land plays from Explore,merfolk; tribal; Simic; counters; explore,Merfolk tribal,+1/+1 counters / explore,"Play Merfolk to trigger explore, putting +1/+1 counters on creatures and finding lands/cards; classic Simic value with a tribal and counter focus",Explore,Merfolk,3,2,1,3,2,1,1,1,1,1,3,1,3,3,Merfolk tribal fans and Simic players who want +1/+1 counters combined with the explore mechanic for card selection and land plays,Players who want a high-power Simic experience; this plays like a standard Simic value deck with Merfolk flavor rather than a uniquely powerful strategy,Simic players who want the full Merfolk experience — Blue's aquatic knowledge and Green's adaptive growth combine through Explore to find lands and stack counters simultaneously,"Blue maps the ocean's depths through Explore's top-card reveal and decision, while Green converts every land found into growth — Hakbal embodies Simic's core principle of growth through knowledge",Teaches Explore as a combined card selection and land-play mechanic and how Merfolk tribal synergies interact with counter generation,"Teaches Explore as a two-mode mechanic (land to play, or counter on creature) and how Hakbal's trigger creates a free Explore for each Merfolk that enters",Teaches how to build a Merfolk deck that maximizes Explore triggers and how the counter accumulation from failed land-finds scales creatures without requiring additional spell investment,Good Merfolk tribal example; useful for explaining the Explore mechanic and how it combines card selection with land development in a Simic shell,merfolk; tribal; counters; ramp,Merfolk tribal; Explore; +1/+1 counters; Extra land plays
https://cardgamebase.com/commander-precons-2022-2023/,Doctor Who Commander,Blast From the Past,The Fourth Doctor / Sarah Jane Smith,,White; Blue; Green,Historic spells,"A Fourth Doctor-led Bant historic spells deck using the Doctor's Companion mechanic to pair two legendary creatures as co-commanders. Historic spells (artifacts, sagas, and legendary cards) trigger payoffs while the companion system adds modular commander selection. Features Doctors 1 through 8.",City of Death; Displaced Dinosaurs; Heroic Intervention,"Historic spells (artifacts, sagas, legendaries) payoffs; Doctor's Companion partner variant; Bant color identity; modular companion commander selection; Doctors 1-8 flavor",historic; legendaries; sagas; Bant; partner,"Historic spells (artifacts, sagas, legendaries)",Doctor's Companion partner mechanic,"Cast historic spells (artifacts, sagas, legendary cards) for synergy payoffs; use Doctor's Companion to pair two commanders; contains Doctors 1–8",Doctor's Companion,unclear,2,3,1,2,3,1,1,3,2,1,2,2,2,4,"Doctor Who fans who want the most broadly appealing DW precon; players who enjoy historic spell synergies across artifacts, sagas, and legendary cards",Players who want a mechanically tight focus; historic spans three card types which can dilute the strategy,"Bant players who value White's legendary history, Blue's artifact knowledge, and Green's saga-growth — the Fourth Doctor and Sarah Jane explore time through every historic card type","White honors the legendary past, Blue investigates artifacts with scientific precision, and Green grows with each saga chapter — Bant's three colors each contribute a different relationship with history",Teaches historic spells as a combined card type category and how Doctor's Companion expands the partner system to allow non-partner legendary creatures to pair together,"Teaches historic as a category (artifacts, sagas, legendaries) and introduces Doctor's Companion as a new partner variant — accessible for Doctor Who fans new to Commander",Teaches how to build around three overlapping card types and how to maximize Doctor's Companion by choosing the right companion for each game's opponent makeup,Good for explaining the historic mechanic category and Doctor's Companion as a partner variant; accessible entry point to the Doctor Who precon lineup,historic; legendaries; sagas; artifacts,Historic spells; Doctor's Companion; Legendary synergy; Saga synergy; Artifact matters
https://cardgamebase.com/commander-precons-2022-2023/,Doctor Who Commander,Timey-Wimey,The Tenth Doctor / Rose Tyler,,White; Blue; Red,"Time counters, suspend","A Tenth Doctor-led Jeskai time counter and Suspend deck that manipulates time counters on suspended cards and other permanents for strategic advantage. The most mechanically unusual Doctor Who precon, featuring Doctors 9 through 11 with complex timing interactions.",Everybody Lives!; Farewell; Flesh Duplicate,Suspend mechanic; time counter manipulation; Doctor's Companion partner variant; suspend acceleration and delay; Doctors 9-11 flavor,suspend; time counters; Jeskai; partner; unusual mechanics,Time counters / suspend,Doctor's Companion partner mechanic,Manipulate time counters and suspend cards; trigger effects tied to time counter removal; the most unusual Doctor Who precon mechanically; features Doctors 9 and 11,Suspend; Doctor's Companion,unclear,1,4,1,2,3,1,1,1,1,2,1,3,2,4,Players who want the most mechanically unusual Doctor Who precon; fans of suspend and time counter manipulation in Jeskai colors,"Beginners or players who want a focused, consistent game plan; suspend and time counter interaction is complex and situational","Jeskai players who value Blue's time manipulation, White's patient defense, and Red's impulsive moment-seizing — the Tenth Doctor embodies the feeling of waiting for exactly the right moment to act","Blue manipulates time with precision, White provides the patience to wait for suspended cards, and Red seizes the perfect moment when time counters run out — Jeskai as a temporal architect",Teaches suspend as a delayed-cast mechanic and how time counter manipulation creates unusual strategic decisions — a lesson in planning multiple turns ahead,Teaches suspend as a pay-now-cast-later mechanic and how time counters track the delay — unusual but deeply flavorful for the Doctor Who theme,Teaches how to manipulate time counters to accelerate or delay suspended spells strategically and how to build toward a turn where multiple suspended cards trigger simultaneously,Best example for explaining suspend mechanics and time counter interaction; the most mechanically distinctive Doctor Who precon,suspend; time counters; control; unusual mechanics,Suspend; Time counters; Doctor's Companion; Delayed cast triggers
https://cardgamebase.com/commander-precons-2022-2023/,Doctor Who Commander,Paradox Power,The Thirteenth Doctor / Yasmin Khan,,Blue; Red; Green,Casting spells from anywhere but hand,"A Thirteenth Doctor-led Temur non-hand casting deck that rewards casting spells from anywhere other than hand with power doubling effects. Supports Cascade, impulse draw, and top-library casting as unified non-hand enablers. Features Doctors 12 and 13.",Carpet of Flowers; Quantum Misalignment; River Song's Diary,"Non-hand casting payoffs; Thirteenth Doctor power doubling; Doctor's Companion partner variant; Cascade, impulse draw, top-library casting as enablers; Doctors 12-13 flavor",exile casting; non-hand casting; Temur; partner; value,Casting spells from non-hand zones,Doctor's Companion partner mechanic,"Cast spells from exile, graveyard, top of library, etc. for payoffs; features Doctors 12 and 13; deck provides support for casting from unusual zones",Doctor's Companion,unclear,2,4,1,2,4,2,1,1,1,3,2,2,2,4,Players who enjoy exile-casting strategies and want a Temur deck with Doctor's Companion flexibility and strong support for non-hand casting,Players who want to cast spells from hand normally; the deck is specifically built to reward casting from anywhere but hand,"Temur players who combine Blue's exile-zone cunning, Red's impulsive casting, and Green's mana generation — the Thirteenth Doctor rewards the Temur ideal of finding power in unexpected places","Blue accesses cards from unusual zones with precision, Red casts them impulsively regardless of source, and Green provides the mana to do so consistently — Temur's adaptability as a casting paradigm","Teaches non-hand casting as a strategic category including Cascade, impulse draw, top-library casting, and exile casting — and how building around all of them creates a resilient engine",Teaches the concept of casting from non-hand zones and how to build a deck that includes multiple enablers for this strategy so the payoff triggers consistently,Teaches how to identify cards that enable non-hand casting across different mechanics and how to sequence them for maximum Thirteenth Doctor trigger value,Good example for explaining non-hand casting as a unified strategic category and how Temur supports multiple exile-casting mechanics simultaneously,exile casting; non-hand casting; spellslinger; value engine,Non-hand casting; Exile casting; Doctor's Companion; Cascade; Impulse draw
https://cardgamebase.com/commander-precons-2022-2023/,Doctor Who Commander,Masters of Evil,"Davros, Dalek Creator",,Blue; Black; Red,"Giving opponents bad choices, artifacts",A Davros-led Grixis artifact and forced-choice deck featuring major Doctor Who villains. Davros creates Treasure tokens and Dalek tokens while opponents face lose-lose upkeep decisions. A flavor-forward villain deck combining artifact generation with political decision pressure.,Cyber Conversion; Cybermen Squadron; Propaganda,"Davros forced choice mechanic; Treasure and Dalek token generation; artifact synergies; villain tribal flavor; Dalek, Cybermen, and Master flavor cards",artifacts; control; Grixis; bad choices; villains,Artifacts,Forced bad choices / Grixis control,"Play artifacts for rewards; force opponents into lose-lose decisions; features major Doctor Who villains (Davros, Missy, the Master); flavor-forward control deck",Treasure,unclear,2,3,3,2,3,1,1,4,1,1,2,3,2,3,Doctor Who fans who want to play the villains; artifact players who enjoy forcing opponents into bad choices as a political tool,Players who want a mechanically tight focus; the two themes (artifacts and forced choices) don't always synergize naturally,"Grixis players who want Blue's cunning manipulation, Black's dark artifact power, and Red's chaotic forced choices — Davros and the Doctor Who villains embody Grixis's philosophy of making every opponent option a losing one","Blue engineers the dilemma, Black provides the dark artifact engine, and Red ensures neither choice is comfortable — the Masters of Evil don't win by force but by making every option the wrong one",Teaches forced choice mechanics and how artifact synergies can be combined with political tools in a Grixis shell,Teaches how forced choice mechanics work and how to construct dilemmas where both options benefit you — a foundational political gameplay lesson,Teaches how to build a deck where artifact payoffs and forced choices reinforce each other — artifacts generate the resources that make both forced choice outcomes profitable for you,Good example for explaining forced choice mechanics and how Grixis uses artifacts as the engine behind political control gameplay,artifacts; control; politics; forced choices,Artifact synergy; Forced choice effects; Control tools; Villain tribal
https://cardgamebase.com/commander-precons-2022-2023/,Wilds of Eldraine Commander,Virtue and Valor,Ellivere of the Wild Court,,White; Green,"Auras, enchanted creatures","An Ellivere-led Selesnya Aura deck that creates a Virtuous Role token on your most powerful creature at the start of each combat, automatically providing a buff Aura without hand investment. Combines traditional Aura support with the new Role token mechanic.",Mantle of the Ancients; Songbirds' Blessing; Retether,Virtuous Role token auto-attach on best creature; Ellivere combat trigger; Role token mechanic; Aura synergies; enchanted creature payoffs,auras; enchantments; Selesnya; combat; voltron-adjacent,Auras / enchanted creatures,Role tokens (Ellivere attaches Virtuous Role tokens),Enchant creatures with Auras; Ellivere creates Virtuous Role tokens on your best creature each combat; win through buffed creature combat,Role tokens,unclear,3,2,1,4,2,1,1,1,4,1,2,1,3,3,Aura and enchantment fans who want a Selesnya deck with the new Role token system as a built-in buff engine,Players who want a pure enchantress strategy with lots of enchantment draw triggers; this deck focuses on combat buffs via Auras rather than card advantage,"Selesnya players who value White's protective Aura order and Green's creature power — Ellivere automatically attaches a Virtuous Role to your best creature each combat, combining both colors' enhancement philosophies",White weaves protective enchantments with orderly purpose while Green grows the creatures worthy of wearing them — Ellivere's Virtuous Role token embodies Selesnya's belief that the right creature with the right buff is unstoppable,Teaches Role tokens as a new enchantment subtype and how Aura-based strategies can generate value through combat triggers rather than card draw,Teaches Aura strategies and how Role tokens work as auto-attaching Auras — Ellivere makes the Aura strategy accessible by removing the setup cost,Teaches how to layer multiple Aura sources (Role tokens + traditional Auras) on key creatures for voltron-adjacent power without concentrating all resources on one creature,Good example for explaining Role tokens and how Selesnya approaches the enchantments-matter theme through creature combat enhancement,auras; enchantments; combat; voltron,Auras; Role tokens; Enchanted creature payoffs; Combat buffs
https://cardgamebase.com/commander-precons-2022-2023/,Wilds of Eldraine Commander,Fae Dominion,"Tegwyll, Duke of Splendor",,Blue; Black,"Faerie tribal, casting spells on opponents' turns","A Tegwyll-led Dimir Faerie tribal deck where Tegwyll draws a card and deals one damage to each opponent when a Faerie you control dies. Built around Flash to deploy threats on opponents' turns, creating information asymmetry and reactive play patterns throughout the game.",Brazen Borrower; Kindred Dominance; Misleading Signpost,Tegwyll Faerie death triggers for card draw and damage; Flash tribal strategy; end-step Faerie deployment; Faerie tribal evasion,faeries; tribal; Dimir; flash; control,Faerie tribal,Flash / casting spells on opponents' turns,Build a Faerie board with flash; Tegwyll draws a card and makes opponents lose life whenever a Faerie dies; hold up mana on opponents' turns for flash threats,Flash,Faeries,2,3,1,2,3,1,1,1,1,2,1,3,2,3,Faerie tribal fans who have waited for a dedicated Commander precon; players who enjoy Flash and instant-speed play patterns in Dimir colors,"Players who want aggressive combat strategies; Faeries are primarily a reactive, flash-based tribe that wins through evasion over many turns",Dimir players who combine Blue's scheming Faerie magic and Black's lethal fairy-tale darkness — Tegwyll bleeds opponents when Faeries die while rewarding the flash-centric play style with card draw,"Blue schemes from the shadows with flash creatures while Black collects the life and cards when they inevitably die — Dimir Faeries are the perfect predators, striking on opponents' turns when least expected",Teaches flash as a proactive strategy rather than just a reactive tool — Faeries reward holding up mana every turn and converting opponents' actions into flash trigger opportunities,"Teaches how to build and play a flash tribal deck — holding up mana, evaluating opponents' actions, and deploying Faeries at the optimal moment for maximum card draw and death trigger value",Teaches how to maximize Tegwyll's draw and life loss triggers through Faerie sacrifice and death effects and how flash timing creates information asymmetry opponents must play around,Definitive Faerie tribal example; best deck for explaining flash strategies and how Dimir builds a tribal identity around reactive play rather than proactive board development,faeries; tribal; flash; control,Faerie tribal; Flash; End-step casting; Death triggers; Card draw payoffs
https://cardgamebase.com/commander-precons-2022-2023/,Commander Masters,Sliver Swarm,Sliver Gravemother,,White; Blue; Black; Red; Green,Sliver tribal,"A Sliver Gravemother-led five-color Sliver tribal deck where every Sliver shares every other Sliver's abilities. The Gravemother's Encore ability creates token copies of Slivers from the graveyard, providing board recovery after sweepers. The definitive Sliver Commander experience.",Descendants' Fury; Sliver Hivelord; Titan of Littjara,Sliver shared ability tribal; Sliver Gravemother Encore for graveyard recursion; exponential ability stacking; five-color Sliver mana base,slivers; tribal; five-color; go-wide; shared abilities,Sliver tribal,Sliver graveyard recursion via Gravemother,Build a Sliver hive where each Sliver buffs all others; Gravemother creates Sliver tokens from exile as an encore ability; quintessential shared-ability tribal deck,Encore,Slivers,2,3,1,4,3,2,2,1,1,1,2,1,4,4,Sliver fans who want the classic shared-ability tribal experience with a graveyard recursion twist via Sliver Gravemother's Encore ability,Players whose groups have strong anti-tribal sentiment; Slivers are a high-priority removal target in most Commander pods,Five-color players who want the most iconic tribal experience in Magic — all five colors working together to amplify every Sliver's individual power into a shared collective force,"All five colors each contribute a different ability dimension to the Sliver hive — White's protection, Blue's evasion, Black's disruption, Red's power, Green's resilience — each Sliver sharing every other's gift",Teaches Sliver tribal as the definitive shared-ability tribe and how Encore works as a graveyard recursion mechanic for creatures,Teaches how shared abilities scale exponentially with each Sliver added — a perfect lesson in how tribal synergies compound rather than add,Teaches how to sequence Sliver deployment for maximum shared ability coverage and how Gravemother's Encore provides a board rebuild after sweepers,Definitive shared-ability tribal example; best deck for explaining how Sliver synergies work and why five-color tribal can be more focused than five-color goodstuff,slivers; tribal; five-color; go-wide,Sliver tribal; Shared abilities; Encore; Five-color mana base
https://cardgamebase.com/commander-precons-2022-2023/,Commander Masters,Planeswalker Party,Commodore Guff,,White; Blue; Red,Planeswalkers,A Commodore Guff-led Jeskai planeswalker-focused deck where Guff draws a card whenever a planeswalker you control activates a loyalty ability. Proliferate advances all planeswalkers toward their ultimates simultaneously. The dedicated planeswalker Commander precon.,"Chandra, Legacy of Fire; The Chain Veil; Vronos, Masked Inquisitor",Commodore Guff card draw on loyalty ability activation; Proliferate for multi-planeswalker advancement; planeswalker-focused build; loyalty counter stacking,planeswalkers; Jeskai; proliferate; control; value,Planeswalkers matter,Proliferate to advance loyalty counters,Fill the deck with planeswalkers; Commodore Guff generates card draw from their loyalty abilities; proliferate to advance all planeswalkers simultaneously,Proliferate,unclear,2,4,1,1,3,1,2,1,1,1,1,4,1,4,Planeswalker fans who want a Commander deck built entirely around the card type; players who enjoy proliferating loyalty counters for powerful ultimate abilities,Players in groups with lots of planeswalker hate; players who find managing multiple planeswalkers mentally taxing,"Jeskai players who combine Blue's planeswalker expertise, White's protective order, and Red's passionate planeswalker devotion — Commodore Guff generates card draw from loyalty abilities, making every planeswalker activation twice as efficient","Blue plans the perfect activation sequence, White protects planeswalkers from attackers, and Red passionately activates them every turn — Jeskai as the color combination that most fully appreciates what planeswalkers can do",Teaches how to build a planeswalker-focused Commander deck and how proliferate advances loyalty counters on all planeswalkers simultaneously,"Teaches planeswalker card type mechanics — loyalty counters, +/- abilities, ultimates — and how Guff's draw trigger makes activating planeswalkers card-positive","Teaches how to sequence planeswalker activations, which abilities to prioritize, and how proliferate creates explosive turns where multiple planeswalkers approach their ultimates simultaneously",Best example for explaining planeswalker-focused Commander strategies and how proliferate advances loyalty counters in Jeskai colors,planeswalkers; proliferate; control; value engine,Planeswalker synergy; Proliferate; Loyalty counters; Planeswalker ultimates
https://cardgamebase.com/commander-precons-2022-2023/,Commander Masters,Enduring Enchantments,"Anikthea, Hand of Erebos",,White; Black; Green,Enchantments in graveyard,An Anikthea-led Abzan enchantment-graveyard deck where Anikthea creates token copies of enchantments in your graveyard as 3/3 enchantment creatures with haste. Intentionally fills the graveyard with high-value enchantments rather than keeping them in play.,Composer of Spring; Dryad of the Ilysian Grove; Ondu Spiritdancer,Anikthea enchantment-to-creature token from graveyard; 3/3 haste enchantment creature tokens; intentional enchantment graveyard filling; enchantment graveyard strategy,enchantments; graveyard; Abzan; tokens; unusual,Enchantments in graveyard,Enchantment recursion / token copies,Put enchantments in graveyard intentionally; Anikthea creates token copies of enchantments in your graveyard as creature tokens; unusual enchantment-graveyard hybrid strategy,,unclear,2,3,1,3,3,3,2,1,5,1,2,1,2,4,Enchantment players who want an unusual graveyard angle on the theme; those who enjoy seeing enchantments return as creature tokens,Players who want a traditional enchantress draw-engine deck; this deck fills the graveyard with enchantments rather than keeping them in play,"Abzan players who value White's enchantment permanence, Black's graveyard dominion, and Green's growth — Anikthea creates creature token copies of enchantments in the graveyard, making death a form of transformation","White enchants with structure and purpose, Black claims what falls into the graveyard, and Green ensures there are always more — Abzan's cycle of growth and decay makes enchantments eternal rather than temporary",Teaches an unusual enchantment strategy where filling the graveyard with enchantments is a productive action — subverting the typical goal of keeping enchantments in play,Teaches how graveyard-to-token conversion works and how Anikthea's enchantment token copies function as creature versions of their enchantment originals,Teaches how to intentionally fill the graveyard with high-value enchantments and how to time Anikthea's activation for maximum token production in a single turn,Strong example of an unusual enchantment strategy; excellent for showing players that enchantments-matter doesn't have to mean enchantress draw triggers,enchantments; graveyard; tokens; value engine,Enchantment graveyard; Token copies of enchantments; Enchantress; Graveyard filling
https://cardgamebase.com/commander-precons-2022-2023/,Commander Masters,Eldrazi Unbound,"Zhulodok, Void Gorger",,Colorless,"Eldrazi tribal, expensive colorless spells",A Zhulodok-led colorless Eldrazi deck — the first-ever mono-colorless Commander precon — where Zhulodok gives all colorless spells with CMC 7 or greater Cascade twice. The double Cascade from a single large Eldrazi creates a chain reaction of free spells.,Darksteel Monolith; Flayer of Loyalties; Rise of the Eldrazi,First colorless Commander precon; Zhulodok double Cascade for 7+ CMC colorless spells; colorless mana base; Eldrazi tribal; free spell chain from large investments,eldrazi; colorless; big creatures; ramp; cascade,Colorless / Eldrazi tribal,Expensive colorless spells,Generate massive colorless mana and cast enormous Eldrazi; Zhulodok gives cascade twice to colorless spells with CMC 7+; first-ever colorless Commander precon,Cascade,Eldrazi,2,3,1,4,3,1,1,2,1,1,4,1,4,3,Eldrazi fans and colorless ramp players who want the first-ever dedicated colorless Commander precon; players who enjoy casting massive spells with double Cascade,Players who want a multicolor experience; the colorless identity severely limits the deck's interaction suite,"Players who transcend all color philosophies — Eldrazi are the absence of color, and Zhulodok embodies that by giving colorless spells double Cascade, making massive mana investment cascade into even more massive free spells","Without color there is no philosophy — only power. The Eldrazi exist beyond the color wheel and Zhulodok rewards casting the largest colorless spells with two Cascade triggers, embodying pure unconstrained scale",Teaches colorless mana mechanics and how Cascade works as a free-spell trigger — double Cascade from Zhulodok creates a chain reaction from a single large spell,Teaches colorless mana as a distinct resource and how Zhulodok's double Cascade creates a chain of free spells from casting one expensive Eldrazi,Teaches how to build a colorless deck around CMC distribution for maximum Cascade value and how to manage a mana base that produces only colorless mana,Definitive colorless Commander example; best deck for explaining how a colorless strategy works and why Eldrazi Unbound was a landmark product as the first mono-colorless precon,eldrazi; colorless; big creatures; ramp; cascade,Colorless mana; Eldrazi tribal; Cascade; Double Cascade; High-CMC payoffs
https://cardgamebase.com/commander-precons-2022-2023/,Lord of the Rings Commander,Food and Fellowship,"Frodo, Adventurous Hobbit / Sam, Loyal Attendant",,White; Black; Green,"Food tokens, life gain, tokens",A Frodo and Sam-led Abzan Food token deck using the Partners with mechanic to pair Hobbits as dual commanders. Food tokens provide life gain and sacrifice fodder while Frodo and Sam create them through attacks and ETB effects. Features Pippin and Merry as an alternate commander pair.,The Gaffer; Gollum Obsessed Stalker; Toxic Deluge; Birds of Paradise,Partners with enabling Hobbit dual commanders; Food token generation and life gain; Halfling tribal flavor; alternate Pippin and Merry commander pair; life gain payoffs,food; tokens; life gain; Abzan; partner,Food tokens,Life gain / tokens,Generate Food tokens for life gain and other uses; Partners with allows Frodo+Sam or Pippin+Merry as dual commanders; full Hobbit/Halfling flavor,Partners with,Halflings,3,2,1,2,2,1,4,1,1,1,2,1,2,4,LOTR fans who want the Hobbit/Halfling experience; players who enjoy Food token synergies with life gain and token subthemes,"Players who want a high-power or mechanically complex experience; this is a flavorful, casual-friendly deck","Abzan players who combine White's Hobbit-home community, Black's unexpected dark edge (Gollum), and Green's natural abundance — the deck embodies the Shire's warmth while packing meaningful removal in the 99","White protects the community and shares resources, Black understands that even Hobbits must confront darker forces, and Green ensures there is always more food and fellowship to sustain the journey","Teaches Food tokens as a multi-use artifact token (life gain, sacrifice, other effects) and how Partners with enables dual commander configurations",Teaches Food tokens as a life gain and sacrifice resource and how Partners with works — accessible and flavorful for players new to Commander who love LOTR,Teaches how to maximize Food token generation and how to convert life gain into board advantages through life-gain payoffs in the Abzan shell,Good example for explaining Food tokens and Partners with mechanic; accessible entry point to the LOTR Commander precon lineup,food; tokens; life gain; tribal,Food tokens; Partners with; Life gain payoffs; Halfling tribal
https://cardgamebase.com/commander-precons-2022-2023/,Lord of the Rings Commander,Elven Council,"Galadriel, Elven-Queen",,Blue; Green,"Elf tribal, voting, expensive spells, scry","A Galadriel-led Simic Elf tribal deck combining four subthemes: Elf tribal, voting mechanics, expensive spell payoffs, and scry. An unfocused but flavorful deck featuring the Elder Elves of Middle-earth and the voting mechanic that creates multiplayer-specific decisions.","Raise the Palisade; Galadhrim Ambush; Arwen, Weaver of Hope; Heroic Intervention",Elf tribal; voting mechanic for multiplayer decisions; expensive spell subtheme; scry payoffs; multi-subtheme Galadriel build,elves; tribal; Simic; voting; multiplayer,Elf tribal,Voting / expensive spells / scry,Unfocused multi-subtheme deck; Elf tribal plus voting mechanic plus big spells plus scry; best in multiplayer pods where voting matters; lacks clear single direction,Voting,Elves,2,3,3,2,2,1,1,1,1,1,3,2,2,3,"Players who want a multi-subtheme Simic deck with voting mechanics; LOTR fans who want Galadriel, Gandalf, and the Elder Elves of Middle-earth","Players who want a single focused strategy; the four subthemes (Elf tribal, voting, big spells, scry) create an unfocused experience without significant upgrades",Simic players who want Blue's council-chamber wisdom and Green's ancient Elf power — Galadriel and her council represent Blue-Green's intellectual authority combined with natural ancient force,"Blue deliberates in council through the voting mechanic, Green provides the ancient power that makes those decisions matter — Elven Council embodies the Simic ideal of wisdom informing strength",Teaches voting mechanics and how multiplayer-focused cards perform differently depending on pod size — a lesson in designing for multiplayer vs two-player contexts,Teaches the voting mechanic and how it creates interesting multiplayer dynamics; accessible for LOTR fans though the unfocused strategy benefits from some familiarity with Commander,Teaches how to evaluate which voting cards create the best outcomes in multiplayer pods and how to combine Elf tribal with voting for a coherent identity,Good example for explaining voting mechanics and how multi-subtheme decks require upgrades to perform consistently,elves; tribal; voting; politics,Elf tribal; Voting; Scry; Big spells; Multiplayer focus
https://cardgamebase.com/commander-precons-2022-2023/,Lord of the Rings Commander,Riders of Rohan,"Eowyn, Shieldmaiden",,White; Blue; Red,"Human tribal, monarch","An Eowyn-led Jeskai Human tribal deck — the first Jeskai Human commander — with a Monarch alternate path via Aragorn. Eowyn enables Human tribal payoffs while Aragorn grants Monarch to opponents who don't attack, incentivizing aggressive combat.",Forth Eorlingas!; Gimli of the Glittering Caves; Door of Destinies; Vanquisher's Banner,First Jeskai Human tribal commander via Eowyn; Monarch mechanic via Aragorn backup; Human tribal synergies; aggressive combat incentives; two distinct commander paths,humans; tribal; Jeskai; monarch; aggro,Human tribal,Monarch mechanic,Play Humans for tribal synergies via Eowyn (first Jeskai Human commander); alternate path with Aragorn (backup) using Monarch to incentivize aggressive attacking,Monarch,Humans,3,2,2,4,1,1,1,1,1,1,1,2,4,3,Human tribal fans who want the first Jeskai Human commander; players who enjoy the Monarch mechanic as a combat incentive in an aggressive shell,Players who want a control-oriented Jeskai deck; both paths (Eowyn and Aragorn) are aggressively oriented,"Jeskai players who want White's knightly order, Blue's tactical planning, and Red's battle charge — Eowyn leads the charge as the first Jeskai Human commander while Aragorn's Monarch version rewards pressing the attack","White marshals the Rohan army, Blue provides the tactical brilliance behind the charge, and Red channels the fiery battle cry — two commanders, two strategies, both charging headlong into glory",Teaches the Monarch mechanic and how it creates aggressive incentives in Commander; also teaches how two backup commanders can completely change a deck's play pattern,"Teaches Monarch as an incentive mechanic — the player with the Monarch draws an extra card per turn but must defend it, creating natural aggression throughout the game",Teaches how to choose between Eowyn (Human tribal) and Aragorn (Monarch) based on your pod's tendencies and how to switch between the two strategies mid-game,Good example for explaining Monarch mechanics and how two backup commanders enable dramatically different play patterns from the same 99,humans; tribal; monarch; aggro,Human tribal; Monarch; Attack incentives; First Jeskai Human commander
https://cardgamebase.com/commander-precons-2022-2023/,Lord of the Rings Commander,The Hosts of Mordor,"Sauron, Lord of the Rings",,Blue; Black; Red,"Control, graveyard subtheme","A Sauron-led Grixis control deck with The Ring tempts you as a progressive power mechanic and a graveyard subtheme. Sauron creates Army tokens and advances The Ring's temptation, granting escalating abilities to the chosen Ring-bearer. A controlling deck that wins through attrition and Ring progression.","Cavern-Hoard Dragon; The Black Gate; Shelob, Dread Weaver; Reanimate",The Ring tempts you mechanic with four progressive stages; Sauron Army token generation; Grixis control and removal; graveyard as secondary resource,control; Grixis; graveyard; attrition; big spells,Control / attrition,Graveyard as resource,Play expensive powerful spells while controlling the board; Sauron creates Army tokens and generates The Ring tempts; win through attrition and board control with graveyard as backup,The Ring tempts you,unclear,2,3,1,2,3,3,2,1,1,1,1,4,2,4,LOTR fans who want to play the villain; control players who want a Grixis deck with The Ring tempts you as a progressive power mechanic,Players who want a focused combo or tribal identity; this plays as a general Grixis control deck with graveyard tools rather than a sharp strategy,"Grixis players who embody Blue's calculating darkness, Black's shadow power, and Red's destructive force — Sauron creates an Army of corruption while The Ring's temptation creates a growing personal power structure","Blue plans the conquest with cold calculation, Black wields the shadow army with absolute authority, and Red destroys whatever stands in the way — Grixis as the dominant force that bends all to its will",Teaches The Ring tempts you as a progressive mechanic with four ascending abilities and how control decks use graveyard as a secondary resource,Teaches The Ring tempts you mechanic and how its four stages create an escalating power structure for your Ring-bearer creature,"Teaches how to balance control tools with The Ring's progression, advancing through Ring stages while maintaining board control through Sauron's Army token generation",Best example for explaining The Ring tempts you mechanic and how LOTR's most iconic antagonist translates into Grixis control identity,control; attrition; graveyard; The Ring,The Ring tempts you; Control tools; Graveyard recursion; Army tokens
https://cardgamebase.com/commander-precons-2022-2023/,Commander 2023 / March of the Machine,Growing Threat,"Brimaz, Blight of Oreskos",,White; Black,"Phyrexian tribal, incubate","A Brimaz-led Orzhov Phyrexian tribal deck built around the Incubate mechanic, which creates face-down artifact tokens that transform into 0/0 Phyrexian creatures with +1/+1 counters. Brimaz creates Phyrexian tokens and triggers Incubate on ETB and attack.","Blitterhorn, Nissa's Animus; Excise the Imperfect; Filigree Vector",Incubate mechanic creating transformable artifact tokens; Brimaz Phyrexian token generation; Phyrexian tribal synergies; artifact token transformation,phyrexians; tribal; Orzhov; incubate; artifacts,Phyrexian tribal,Incubate mechanic (large artifact tokens),Play Phyrexians for tribal payoffs; use Incubate to create large artifact creature tokens; Brimaz (compleated) generates Phyrexian tokens and triggers Incubate,Incubate,Phyrexians,2,3,1,3,2,1,3,2,1,1,1,1,3,3,Phyrexian lore fans and tribal players who want an unusual Orzhov tribal identity with the Incubate mechanic as a token engine,Players who want a standard tribal experience; Phyrexian tribal is less synergy-dense than established tribes and the deck relies heavily on the Incubate mechanic,"Orzhov players who combine White's Phyrexian order and Black's compleat ambition — Brimaz leads a Phyrexian horde that grows through Incubate tokens, making the very act of compleating a resource",White organizes the Phyrexian hierarchy with cold order while Black hungers for the power compleation brings — together they build an army of transforming artifact tokens that grows more threatening each turn,Teaches Incubate as a transform mechanic — creating face-down artifact tokens that can be transformed into creatures — and how Phyrexian tribal payoffs reward playing within the type,Teaches Incubate as a two-step token mechanic (create then transform) and how Phyrexian tribal payoffs work as a less-common tribe with specific support cards,Teaches when to transform Incubator tokens immediately vs waiting to accumulate more and transform all at once for maximum ETB and tribal trigger value,Definitive Incubate mechanic example; best deck for explaining how transform artifact tokens work in Phyrexia: All Will Be One's design space,tribal; tokens; artifacts,Phyrexian tribal; Incubate; Transform tokens; Artifact creature generation
https://cardgamebase.com/commander-precons-2022-2023/,Commander 2023 / March of the Machine,Cavalry Charge,Sidar Jabari of Zhalfir,,White; Blue; Black,Knight tribal,"A Sidar Jabari-led Esper Knight tribal deck where Jabari's eminence gives all Knights first strike from the command zone passively. The first Esper Knight commander, providing White's knightly base with Black's disruption and Blue's card selection.",Chivalric Alliance; Conjurer's Mantle; Vanquisher's Banner,Eminence first strike for all Knights; Knight tribal in Esper colors; passive command zone benefit; first Esper Knight commander,knights; tribal; Esper; eminence; combat,Knight tribal,Eminence (Sidar Jabari provides passive Knight buffs),Play Knights for tribal synergies; Sidar Jabari's eminence gives Knights first strike and buffs them from the command zone; first Esper Knight commander,Eminence,Knights,3,2,1,4,2,1,1,1,1,1,1,2,4,3,Knight tribal fans who want the best Commander support for the tribe; players who appreciate eminence as a passive command zone effect,Players who find Esper an unusual color combination for Knights; those who prefer more aggressive or creature-combat-focused tribal builds,"Esper players who want White's honorable Knight order, Blue's tactical planning, and Black's dark knightly ambition — Sidar Jabari gives all Knights first strike from the command zone, making every Knight inherently better","White instills the knightly code and first-strike discipline, Blue provides the tactical intelligence behind each charge, and Black adds the ruthless competitive edge that makes this Knight order deadlier than any other",Teaches Eminence as a passive command zone ability and how it rewards playing the commander's creature type without ever needing to cast the commander,"Teaches how Eminence provides value passively from the command zone, making it a constant threat even when the commander hasn't been cast — a lesson in how some commanders work as enchantments, not creatures",Teaches how to maximize Eminence by filling the deck with Knights that benefit most from first strike and how to use Sidar Jabari's cast ability as a combat finisher rather than an opening play,Strong example of Eminence as a passive tribal buff; good for explaining Knight tribal and how Esper provides the strongest Knight support of any color combination,tribal; eminence; combat; aggro,Knight tribal; Eminence; First strike; Combat triggers
https://cardgamebase.com/commander-precons-2022-2023/,Commander 2023 / March of the Machine,Call for Backup,"Bright-Palm, Soul Awakener",,White; Red; Green,"+1/+1 counters, backup","A Bright-Palm-led Naya +1/+1 counter deck featuring the Backup mechanic, which temporarily grants a creature's abilities to another creature while adding a +1/+1 counter. Bright-Palm places twice the normal number of +1/+1 counters when counters are placed on any creature, amplifying every Backup trigger.",Guardian Scalelord; Kalonian Hydra; Uncivil Unrest,Backup mechanic for temporary ability and counter granting; Bright-Palm counter doubling; +1/+1 counter synergies; combat board spreading,counters; backup; Naya; go-wide; combat,+1/+1 counters,Backup mechanic (spread counters to other creatures),Distribute +1/+1 counters using Backup — a mechanic that temporarily copies a creature's abilities onto another — creating a flexible counter-spreading engine in Naya,Backup,unclear,2,3,1,3,3,1,1,1,1,1,2,1,3,3,+1/+1 counter players who want the Backup mechanic as a fresh twist; those who enjoy spreading counters and abilities across their entire board,Players who dislike tracking many different ability grants; Backup's temporary ability-copying can create complex board states,"Naya players who want White's counter distribution, Red's aggressive counter payoffs, and Green's creature base — Bright-Palm converts Backup triggers into combat-oriented counter cascades across the board","White distributes counters with structured fairness, Red unleashes them aggressively in combat, and Green ensures the creatures receiving them are large enough to matter — Backup amplifies the entire board rather than one creature",Teaches Backup as a temporary ability-grant mechanic and how it differs from permanent ability counters — a lesson in the design space between temporary and permanent buff mechanics,Teaches Backup as a mechanic that spreads a creature's abilities to another temporarily and how this creates flexible attack threats that opponents can't predict,Teaches how to maximize Backup by targeting creatures that compound the granted abilities most effectively and how Bright-Palm's counter doubling creates exponential board development,Best example for explaining Backup mechanic and how Naya uses it to create board-wide counter spreading rather than single-threat stacking,counters; go-wide; combat; backup,Backup; +1/+1 counters; Temporary ability granting; Counter spreading
https://cardgamebase.com/commander-precons-2022-2023/,Commander 2023 / March of the Machine,Divine Convocation,"Kasla, the Broken Halo",,White; Blue; Red,Convoke,"A Kasla-led Jeskai Convoke deck where tapping creatures pays for spells. Kasla's ability applies Convoke to her own commander tax, letting the creature army pay for recasting her. A go-wide deck where board presence and mana production are the same resource.",Saint Traft and Rem Karolus; Skullclamp; Wand of the Worldsoul,Convoke mechanic for creature-as-mana; Kasla commander tax payable with Convoke; go-wide creature board as mana source; large Convoke payoff spells,convoke; Jeskai; go-wide; tokens; big spells,Convoke,Go-wide creatures to pay convoke costs,Maintain a wide creature board to pay convoke costs; Kasla can pay Commander tax with convoke; tap creatures to cast large convoke spells for free or reduced cost,Convoke,unclear,2,3,1,3,3,1,3,1,1,2,1,2,3,3,Players who enjoy go-wide creature strategies as mana sources; those who want an unusual Jeskai deck where tapping creatures to cast spells is the primary strategy,Players who want traditional Jeskai spellslinger; this deck taps creatures as mana rather than sacificing spells as the engine,"Jeskai players who combine White's token army, Blue's large convoke targets, and Red's impulsive spell casting — Kasla extends convoke to the commander tax itself, making the entire army serve as mana production","White creates the convoke congregation, Blue designs the powerful spells worth tapping them for, and Red ignites the moment of collective casting — Jeskai's three colors contributing their creatures, plans, and passion to one convoked spell",Teaches Convoke as a creature-to-mana conversion mechanic and how Kasla's commander-tax Convoke makes the deck's strategy mechanically unique — even casting the commander becomes a convoke payoff,Teaches Convoke mechanics and how tapping creatures reduces spell costs — an accessible introduction to how creatures can function as mana sources beyond traditional attack/block roles,Teaches how to build a wide enough board to consistently convoke large spells while protecting creatures from removal before the big convoke turn,Best example for explaining Convoke mechanics and how building a wide creature board creates alternate mana sources for expensive spells,convoke; go-wide; big spells; tokens,Convoke; Go-wide support; Cost reduction via creatures; Commander tax reduction
https://cardgamebase.com/commander-precons-2022-2023/,Commander 2023 / March of the Machine,Tinker Time,"Gimbal, Gremlin Prodigy",,Blue; Red; Green,Artifact tokens,"A Gimbal-led Temur artifact token deck that creates a 1/1 Gnome artifact token when an artifact enters under your control and grows Gimbal by one for each artifact entering. Builds a wide board of artifact tokens from diverse sources including Clues, Treasures, Food, and Gnomes.",Dance With Calamity; Pain Distributor; Tireless Tracker,Gimbal Gnome token creation on artifact ETB; Gimbal power growth from artifact count; artifact token diversity from multiple sources; Gremlin flavor with artifact engine,artifact tokens; Temur; unusual; value; go-wide,Artifact tokens,Artifact token payoffs,Generate artifact tokens of all kinds; Gimbal creates Gnome artifact tokens and gets buffed by artifacts entering; win through artifact token quantity and payoffs,,Gremlins,2,3,1,3,3,1,4,4,1,1,2,1,3,3,Artifact token enthusiasts who want the most unusual March of the Machine Commander precon; players who enjoy building engines around non-creature artifact tokens,Players who want a focused single-strategy experience; artifact tokens is an unusual primary theme that requires a specific card pool to maximize,"Temur players who want Blue's artifact engineering, Red's Gremlin chaos, and Green's token abundance — Gimbal creates Gnome artifact tokens and grows larger with each artifact that enters, rewarding a board full of artifact miscellany","Blue designs the artifact tokens with purpose, Red builds them chaotically and gleefully, and Green ensures there are always more — Temur's creative energy channeled into a workshop of ever-multiplying artifact constructs","Teaches artifact tokens as a primary strategy category and how non-creature artifact tokens (Gnomes, Clues, Treasures, Maps) trigger the same payoffs as creature tokens in the right deck",Teaches artifact token mechanics and how Gimbal's size scales with artifacts entering — an accessible lesson in how quantity of a specific permanent type generates progressive value,"Teaches how to diversify artifact token sources across different mechanics (Clues, Treasures, Food, custom tokens) to ensure Gimbal's triggers fire consistently",Good example for explaining artifact token strategies and how non-creature tokens can be the primary resource in a Temur Commander deck,artifact tokens; go-wide; value engine; unusual,Artifact token generation; Gnome tokens; Artifact payoffs; Token synergy
https://cardgamebase.com/commander-precons-2022-2023/,Phyrexia: All Will Be One Commander,Corrupting Influence,"Ixhel, Scion of Atraxa",,White; Black; Green,Poison counters / corrupted,"An Ixhel-led Abzan poison deck that stops at 3 counters to enable Corrupted payoffs rather than pursuing the full 10-counter win. Ixhel proliferates and exiles the top card of each Corrupted opponent's library on attack, castable for free. A theft-through-corruption strategy that avoids poison-win hate.",Contaminant Grafter; Glistening Sphere; Norn's Choirmaster; Phyrexian Swarmlord,Corrupted threshold at 3 poison counters; Ixhel proliferate and opponent card exile-cast; avoiding 10-counter hate; Proliferate on attack trigger,poison; corrupted; Abzan; theft; proliferate,Poison counters (light) / Corrupted enablement,Stealing opponents' cards via Corrupted,Get opponents to 3 poison counters to enable Corrupted cards; Ixhel proliferates and lets you exile and cast opponents' cards when they're Corrupted; avoids full poison-win hate by only going to 3,Corrupted; Proliferate,Phyrexians,2,4,2,2,3,1,1,1,1,1,2,3,2,4,Players who want a poison-adjacent strategy without the full commitment to a poison win; those who enjoy theft mechanics as a primary win condition,Players who still get targeted for poison regardless of the 3-counter limit; groups that hate any poison strategy will react the same way,"Abzan players who combine White's structured Phyrexian order, Black's ambition to take what isn't theirs, and Green's proliferating growth — Ixhel uses opponents as both a threat vector and a card resource","White enforces the Phyrexian orthodoxy, Black steals power from the corrupted, and Green proliferates the infection — a calculated three-color approach to poison that avoids overcommitting while maximizing what 3 counters enables",Teaches Corrupted as a threshold mechanic and how stopping at 3 poison counters rather than pursuing the full 10 opens a different strategic path — a lesson in threshold vs win condition mechanics,Teaches Corrupted and Proliferate mechanics and how limiting the poison strategy to 3 counters changes the social dynamics of playing a poison-adjacent deck,Teaches how to use Ixhel's exile-and-cast ability effectively by proliferating opponents to 3 counters quickly while building toward stealing and casting their best cards,Best example for explaining Corrupted vs full poison strategy and how threshold mechanics create different incentives than win condition mechanics,poison; proliferate; theft; control,Poison counters; Corrupted; Proliferate; Opponent card theft; Infect-adjacent
https://cardgamebase.com/commander-precons-2022-2023/,Phyrexia: All Will Be One Commander,Rebellion Rising,"Neyali, Sun's Vanguard",,White; Red,Attacking with tokens,"A Neyali-led Boros attacking token deck where Neyali gives all attacking tokens double strike and exiles the top card of your library when an attacking token deals damage, castable until end of turn. A distinctly different Boros token experience that generates card advantage directly through combat.",Clever Concealment; Elspeth Tirel; Flawless Maneuver; Staff of the Storyteller,Neyali double strike for all attacking tokens; impulse draw from attacking token damage; token-specific combat trigger; combat card advantage generation,tokens; aggro; Boros; double strike; impulse draw,Attacking tokens,Impulse draw from attacking token damage,Create tokens and attack aggressively; Neyali gives attacking tokens double strike and exiles cards to cast when tokens deal damage; a distinctly different Boros token deck,,unclear,3,2,1,4,2,1,5,1,1,1,1,1,4,3,Boros token players who want something distinctly different from typical Red-White aggro; players who enjoy double strike and impulse draw as combat rewards,Players who want a control or combo Boros deck; the aggressive attacking token strategy is still fundamentally Boros combat,"Boros players who want White's token formation and Red's aggressive double-strike fury combined — Neyali gives attacking tokens double strike and converts their damage into impulse draw, making every attack a value engine","White creates the token soldiers and sends them into battle with purpose, Red doubles their striking power and ensures each hit generates more resources — a Boros deck that generates card advantage through aggression","Demonstrates how a small design change (tokens specifically, not all attackers) can make a familiar archetype feel fresh — teaching players that specificity in commander design creates unique play patterns",Teaches how double strike combines with token aggression and how impulse draw from combat converts attacking tokens into card advantage — a clean lesson in how combat can generate resources,Teaches how to build around attacking token triggers by maximizing token production and protecting those tokens from blocks long enough to trigger Neyali's double strike and exile effects,Strong example of a Boros deck that generates card advantage; excellent for explaining how attacking tokens and impulse draw create a self-sustaining aggressive engine,tokens; aggro; double strike; impulse draw,Attacking token payoffs; Double strike; Impulse draw from combat; Token generation
https://cardgamebase.com/commander-precons-2022-2023/,Starter Commander Decks,First Flight,"Isperia, Supreme Judge",,White; Blue,"Flying, control",An Isperia-led Azorius flying creature deck designed as a beginner's Commander product. Isperia draws a card when an opponent attacks with a creature that has flying. An all-reprints product with clean and accessible mechanics that teaches Blue-White through its most iconic strategy.,"Isperia, Supreme Judge; Isperia the Inscrutable; Dungeon Geists; Warden of Evos Isle; Gravitational Shift",All-reprints beginner product; Isperia card draw on opponent flying attackers; flying creature go-wide; beginner Commander introduction,flying; Azorius; control; evasion; beginners,Flying creatures,Light control,Build a board of flying creatures for evasive combat; Isperia draws cards when opponents attack with flying creatures; all-reprints beginner product with control elements,,unclear,5,1,1,3,1,1,1,1,1,1,1,3,2,2,Brand new Commander players who want an Azorius control deck with flying creatures; the ideal entry point for players drawn to Blue-White,Experienced players; this all-reprints beginner product lacks the power level for competitive or experienced pods,Azorius players who are just discovering White's structured protection and Blue's evasive flight — First Flight teaches both colors' fundamental strengths simultaneously,White provides the defensive order while Blue fills the skies with evasive flyers — the cleanest possible introduction to Azorius's philosophy of winning through structured aerial superiority,"Teaches Commander fundamentals alongside Azorius's core identity — flying evasion, control tools, and card draw as the foundation of Blue-White strategy","The ideal first Commander deck for players new to the format — simple game plan, clear strengths, and teaches Azorius's color identity through direct play experience",Teaches how flying creatures generate consistent unblockable damage and how White-Blue control tools protect your aerial advantage,Perfect beginner Azorius example; clean introduction to the color combination for new players in any Vox Mana onboarding context,flying; evasion; control; beginner,Flying tribal; Evasion; Control tools; Card draw
https://cardgamebase.com/commander-precons-2022-2023/,Starter Commander Decks,Grave Danger,Gisa and Geralf,,Blue; Black,Zombie tribal,"A Gisa and Geralf-led Dimir Zombie tribal deck designed as a beginner Commander product. Gisa and Geralf allow casting a Zombie from the graveyard each turn, providing consistent graveyard interaction in a manageable form. An all-reprints product with meaningful decisions for new players.",Gisa and Geralf; Stitcher Geralf; Ghoulcaller Gisa; Diregraf Ghoul; Zombie Apocalypse,All-reprints beginner product; Gisa and Geralf graveyard Zombie casting once per turn; Zombie tribal; beginner Commander introduction,zombies; tribal; Dimir; graveyard; beginners,Zombie tribal,Graveyard interaction,Build a Zombie horde; Gisa and Geralf let you cast Zombies from the graveyard each turn; all-reprints beginner product with meaningful graveyard decisions,Reanimation,Zombies,5,1,1,3,1,3,1,1,1,1,1,1,3,3,New Commander players who want Zombie tribal with meaningful graveyard decisions; the best beginner product for players drawn to Black-Blue,Experienced players; the all-reprints beginner product is underpowered for non-beginner contexts,Dimir players beginning their Commander journey — Gisa and Geralf teach Black's graveyard dominion and Blue's selective recursion as the foundation of Dimir's tribal identity,Black commands the undead with absolute authority and Blue selects which dead rise first — a perfectly balanced introduction to Dimir's philosophy of controlled recursion and selective power,Teaches Zombie tribal fundamentals and graveyard-as-resource mechanics in a beginner-friendly Dimir package; introduces the concept that the graveyard is a second hand,"Ideal beginner Dimir deck — Zombie tribal is intuitive, graveyard casting is engaging, and the deck teaches both color identities clearly through its mechanics",Teaches how to choose which Zombies to cast from the graveyard each turn and how to fill the graveyard purposefully rather than accidentally,Perfect beginner Dimir example; best Starter deck for players drawn to Black-Blue who want accessible graveyard gameplay,tribal; graveyard; beginner,Zombie tribal; Graveyard casting; Death triggers; Recursion
https://cardgamebase.com/commander-precons-2022-2023/,Starter Commander Decks,Chaos Incarnate,"Kardur, Doomscourge",,Black; Red,"Dealing damage, chaos",A Kardur-led Rakdos chaos deck designed as a beginner Commander product. Kardur goads all creatures opponents control on ETB and drains life when goaded creatures die. An all-reprints product emphasizing chaotic gameplay over optimization.,"Kardur, Doomscourge; Hellrider; Disrupt Decorum; Avatar of Slaughter; Insurrection",All-reprints beginner product; Kardur mass goad on ETB; life drain when goaded creatures die; chaos and damage focus; beginner Commander introduction,chaos; goad; Rakdos; damage; beginners,Chaos / forcing opponent actions,Goad / damage dealing,"Make chaotic things happen; Kardur goads all opponents' creatures on ETB; unfocused but fun mix of damage, goad, and chaos effects for players who want mayhem over optimization",Goad,unclear,5,1,3,3,1,1,1,1,1,1,1,1,4,2,"New players who want to play Rakdos without caring too much about optimization; those who want a chaotic, fun experience where unpredictable things happen every game",Players who want a focused or powerful strategy; this is the least optimized Starter deck and intentionally embraces chaos over consistency,Rakdos players just discovering the color pair — Kardur teaches Black's aggressive ambition and Red's chaotic unpredictability as the defining Rakdos experience,Black pursues power through any means while Red pursues chaos for its own joy — Kardur's goad trigger captures Rakdos's philosophy of making the table as unstable as possible,Teaches Rakdos's chaotic identity and Goad as a political mechanic; the least focused Starter deck but the most entertaining for players who enjoy unpredictability,"Accessible and fun introduction to Rakdos — Goad makes opponents attack each other while damage effects create constant table interaction, teaching new players that Commander is about more than attacking one opponent",Teaches Goad as a chaos management tool and how Rakdos decks use opponent aggression as a resource rather than fighting the whole table alone,Good beginner Rakdos example; useful for showing new players that fun and chaos are valid Commander strategies even without optimization,chaos; goad; aggro; beginner,Goad; Chaos effects; Forced combat; Damage triggers
https://cardgamebase.com/commander-precons-2022-2023/,Starter Commander Decks,Draconic Destruction,"Atarka, World Render",,Red; Green,Dragon tribal,"An Atarka-led Gruul Dragon tribal deck designed as a beginner Commander product. Atarka gives all attacking Dragons double strike, creating immediate and dramatic combat damage. The most combat-focused Starter deck, teaching ramp and Dragon tribal through the most direct possible win condition.","Atarka, World Render; Utvara Hellkite; Dragon Broodmother; Dragonlord Atarka; Savage Ventmaw",All-reprints beginner product; Atarka double strike for attacking Dragons; Dragon tribal ramp strategy; beginner Commander introduction,dragons; tribal; Gruul; aggro; big creatures; beginners,Dragon tribal,Double strike via Atarka,Play big Dragons and attack; Atarka gives all attacking Dragons double strike; straightforward beginner-accessible big-creature aggro with all-reprints,,Dragons,5,1,1,5,1,1,1,1,1,1,3,1,5,2,New players who love Dragons and want the simplest possible big-creature Commander experience; the most accessible Starter deck for players drawn to Gruul,Experienced players; the all-reprints beginner product lacks the power level and density for experienced pods,Gruul players beginning their Commander journey — Atarka teaches Red's draconic power and Green's ramp as the clearest possible expression of Gruul's big-creature identity,Red breathes fire through the Dragon army while Green builds the mana base to summon them ahead of schedule — the simplest and most satisfying expression of Gruul's philosophy,Teaches ramp mechanics and Dragon tribal as the most intuitive big-creature strategy in Commander; the cleanest beginner lesson in how to get ahead on mana to cast expensive threats,"The ideal first Commander deck for players who want big creatures and combat damage — Atarka's double strike is immediately powerful and teaches combat math in a clear, dramatic way",Teaches basic ramp sequencing and how Dragon synergies compound — each Dragon makes subsequent Dragons more threatening,Perfect beginner Gruul example; the cleanest introduction to ramp-into-big-creatures for any new Commander player,dragons; tribal; ramp; aggro; beginner,Dragon tribal; Double strike; Ramp; Big creature combat
https://cardgamebase.com/commander-precons-2022-2023/,Starter Commander Decks,Token Triumph,"Emmara, Soul of the Accord",,White; Green,Creature tokens,"An Emmara-led Selesnya token deck designed as a beginner Commander product. Emmara creates a Soldier token whenever she becomes tapped for any reason, enabling token generation through attacking, blocking, or ability activation. The most approachable Starter deck for White-Green players.","Emmara, Soul of the Accord; Trostani, Selesnya's Voice; Voice of Resurgence; Selfless Squire; Elspeth, Sun's Champion",All-reprints beginner product; Emmara Soldier token on tap trigger; token go-wide strategy; beginner Commander introduction,tokens; Selesnya; go-wide; aggro; beginners,Token go-wide,Token synergies,Make lots of small creature tokens and overwhelm opponents; Emmara creates Soldier tokens when she taps for any reason; go-wide combat with multiple token synergies,,unclear,5,1,1,3,1,1,5,1,1,1,2,1,3,2,New players who want a go-wide strategy in Selesnya colors; the ideal beginner deck for players drawn to White-Green community gameplay,Experienced players; the all-reprints beginner product performs below the level of full precons,Selesnya players beginning their Commander journey — Emmara teaches White's community token generation and Green's creature abundance as the foundation of Selesnya's go-wide identity,"White generates the community (tokens) and protects them with order, while Green ensures the community grows and becomes powerful — Selesnya's philosophy of collective strength made mechanical",Teaches token strategies and Selesnya's go-wide identity in the clearest possible beginner context; Emmara's tap trigger makes token generation feel natural and rewarding,"Ideal first Commander deck for players who want to make lots of creatures and attack with everything — Selesnya token go-wide is intuitive, satisfying, and teaches both color identities clearly","Teaches how tap triggers generate tokens and how go-wide combat scales with each additional token, rewarding patient board development",Perfect beginner Selesnya example; best Starter deck for players who want to play White-Green and learn token strategies from the ground up,tokens; go-wide; aggro; beginner,Token generation; Tap triggers; Go-wide combat; Selesnya community
https://cardgamebase.com/commander-precons-2022-2023/,The Brothers' War Commander,Urza's Iron Alliance,"Urza, Chief Artificer",,White; Blue; Black,Go-wide artifacts,An Urza-led Esper artifact go-wide deck that creates a Construct artifact token with power equal to the number of artifacts you control when an artifact enters. Urza gives all artifact creatures menace. Features the retro card frame aesthetic throughout.,"Tawnos, Solemn Survivor; Sanwell, Avenger Ace; Wreck Hunter; Wire Surgeons; Kayla's Music Box",Urza Construct token scaling with artifact count; artifact menace anthem; artifact creature go-wide; retro frame aesthetic throughout,artifacts; go-wide; Esper; creature tokens; combat,Artifact creature go-wide,Artifact synergies / payoffs for artifact count,Fill the board with artifact creatures; Urza creates a Construct token and gives your artifact creatures menace; retro card frame aesthetic throughout,,Artifacts,3,2,1,3,2,1,3,5,1,1,2,1,3,3,Artifact players who want a Esper go-wide artifact strategy; fans of The Brothers' War lore who want Urza's perspective; players who appreciate the retro card frame aesthetic,Players who prefer artifact combo over artifact go-wide; Urza's deck wants a battlefield of creatures rather than a few powerful artifacts,"Esper players who combine White's ordered artifact armies, Blue's artifact engineering precision, and Black's willingness to arm any tool for dominance — Urza's Iron Alliance is a disciplined machine army","White organizes the artifact army in formation, Blue designs each construct with purpose, and Black weaponizes even the most mundane artifact — Esper's three colors each contributing a different dimension of artifice",Teaches go-wide artifact strategy and how Urza's menace anthem converts artifact quantity into combat inevitability — a lesson in how board presence scales with artifact count,Teaches how artifact creature tribal synergies work and how Urza's Construct token and menace ability create an army that's difficult to block profitably,Teaches how to build a critical mass of artifact creatures and how Urza's Construct token scales with artifact count — a lesson in why artifact density creates exponential rather than linear board advantage,Good example of Esper go-wide artifacts; useful for showing how White-Blue-Black approaches artifacts through army scale rather than individual combo pieces,artifacts; go-wide; tokens; tribal,Artifact creature synergy; Menace anthem; Construct token generation; Artifact count scaling
https://cardgamebase.com/commander-precons-2022-2023/,The Brothers' War Commander,Mishra's Burnished Banner,"Mishra, Eminent One",,Blue; Black; Red,Artifacts,"A Mishra-led Grixis non-creature artifact deck that creates a copy of a non-creature artifact as an attacking 4/4 artifact creature each combat, sacrificed at end of turn. Ashnod the Uncaring creates escalating copy triggers from each sacrifice. A recursive animate-and-sacrifice artifact value loop.","Ashnod the Uncaring; Blast-Furnace Hellkite; Farid, Enterprising Salvager; Terisiare's Devastation; Smelting Vat",Mishra non-creature artifact animation as 4/4 attacker; end-of-turn sacrifice; Ashnod copy trigger on sacrifice; artifact sacrifice value loop,artifacts; sacrifice; Grixis; non-creature artifacts; value,Non-creature artifact copy/sacrifice,Artifact sacrifice value via Ashnod,Transform non-creature artifacts into combat creatures with Mishra's ability; sacrifice them at end of turn; Ashnod (backup) generates extra value from those sacrifices,,unclear,2,3,1,3,4,2,1,5,1,1,1,2,3,4,Artifact players who want a sacrifice-value engine rather than go-wide; those who enjoy Ashnod's sacrifice payoffs as a secondary commander,Players who want a typical artifact-creature strategy; Mishra's deck specifically uses non-creature artifacts as its primary resource,"Grixis players who combine Blue's artifact engineering, Black's sacrifice ambition, and Red's destructive consumption — Mishra transforms artifacts into killing machines, uses them, then discards them for Ashnod's value","Blue designs the artifact, Red animates it into a weapon, and Black harvests its death — Mishra's philosophy that artifacts are tools to be used and discarded perfectly captures Grixis's resource-exploitation identity",Teaches how non-creature artifacts can be animated and sacrificed as a value loop and how Ashnod the Uncaring creates escalating copy effects from each sacrifice,Teaches the animate-then-sacrifice artifact loop and how Mishra's ability creates temporary but powerful artifact creatures from your non-creature artifacts each combat,Teaches how to identify which non-creature artifacts create the best Mishra animations and how Ashnod's copy trigger scales with sacrifice frequency for exponential value,Good example for explaining non-creature artifact animation and how Grixis approaches artifacts through sacrifice loops rather than go-wide strategies,artifacts; sacrifice; combo; value engine,Non-creature artifact animation; Sacrifice loops; End-of-turn sacrifice; Copy triggers from sacrifice
https://cardgamebase.com/commander-precons-2022-2023/,Warhammer 40k Commander,The Ruinous Powers,Abaddon the Despoiler,,Blue; Black; Red,"Cascade, Demon tribal","An Abaddon-led Grixis Cascade deck that gives all spells cascade when opponents have lost life this turn. Enables Cascade chains off any spell on damage turns, creating explosive multi-spell turns. Be'lakor provides a strong Demon tribal alternate commander.","Be'lakor, the Dark Master; Magnus the Red; Lucius the Eternal; Kharn, the Betrayer; Mortarion, Daemon Primarch",Abaddon Cascade trigger on life-loss turns; global Cascade for all spells; Cascade chain potential; Be'lakor Demon tribal backup commander,cascade; demons; tribal; Grixis; free spells,Cascade,Demon tribal (via Be'lakor backup),Abaddon gives spells cascade when opponents have lost life this turn; chain cascades for free spells; Be'lakor enables Demon tribal as an alternate commander path,Cascade,Demons,2,4,1,2,5,1,1,1,1,3,1,2,3,4,Cascade fans and Demon tribal players who want two powerful strategies in one deck; Warhammer fans who want the Chaos faction,Players who dislike random free spells; Cascade's inherent randomness makes this deck inconsistent if the Cascade chain doesn't cooperate,"Grixis players who want Blue's cunning, Black's demonic power, and Red's chaotic cascade energy — Abaddon turns opponents' life loss into a global Cascade trigger, making each combat a chain reaction","Black summons the demons, Red triggers the chaotic cascade, and Blue ensures the chain reaches its most valuable payoffs — the Ruinous Powers deck embodies Grixis's philosophy of using chaos as a weapon",Teaches Cascade as a triggered mechanic and how Abaddon's life-loss condition enables it every combat — a lesson in how conditional abilities can make powerful mechanics accessible consistently,Teaches Cascade mechanics and how building a deck with a spread of CMC values maximizes Cascade value — an accessible lesson in how free spell mechanics reward careful deck construction,Teaches how to build a Cascade deck by managing CMC distribution and how Be'lakor's Demon tribal path offers an alternative win condition if Cascade chains underperform,Best example for explaining Cascade and how a conditional trigger (life loss) can make a powerful mechanic consistently accessible; good Grixis identity showcase,cascade; demons; tribal; free spells,Cascade; Life loss triggers; Demon tribal; Free spell chains
https://cardgamebase.com/commander-precons-2022-2023/,Warhammer 40k Commander,Tyranid Swarm,The Swarmlord,,Blue; Red; Green,+1/+1 and other counters,"A Swarmlord-led Temur Tyranid tribal deck with the Ravenous mechanic, which rewards investing five or more mana into X-cost creatures with additional ETB payoffs. The Swarmlord distributes +1/+1 counters to all Tyranids when a creature enters. Magus Lucea Kane is widely preferred as the primary commander.","Magus Lucea Kane; Ghyrson Starn, Kelermorph; Deathleaper, Terror Weapon; The Red Terror; Old One Eye",Ravenous mechanic rewarding 5+ mana X-cost investment; Tyranid tribal +1/+1 counter distribution; Swarmlord ETB triggers; Magus Lucea Kane as preferred alternate commander,counters; X-spells; Temur; Tyranids; ravenous,+1/+1 counters / X-cost spells,Ravenous mechanic (X-cost with 5+ mana reward),Invest mana in X-cost spells with Ravenous; The Swarmlord gives all Tyranids a +1/+1 counter when a creature enters; Magus Lucea Kane is the preferred alternate commander for many,Ravenous,Tyranids,2,3,1,3,3,1,1,1,1,2,3,1,3,4,Counter and X-spell players who want one of the most powerful counter-focused precons ever printed; players interested in the Ravenous mechanic,Players who want a straightforward creature deck; X-cost management and counter tracking require significant attention,"Temur players who want Green's mana generation, Blue's counter precision, and Red's explosive X-cost payoffs — The Swarmlord converts every creature ETB into a +1/+1 counter, making mana investment directly proportional to board state","Green generates the mana for massive X-costs, Blue tracks and multiplies the counters with precision, and Red channels the resulting power into devastating attacks — Temur's growth philosophy taken to its biological extreme",Teaches the Ravenous mechanic (X-cost reward at 5+) and how investing large amounts into X-cost spells scales both the creature and the Ravenous bonus simultaneously,Teaches X-cost mechanics and how Ravenous creates an incentive to invest the maximum possible mana — a lesson in how scaling mechanics reward mana commitment,Teaches how to build an X-cost deck by maximizing mana generation (Green ramp) and identifying which X-cost spells provide the best Ravenous payoffs at 5+ investment,Excellent example for explaining X-cost mechanics and Ravenous; one of the strongest 40k precons and a benchmark for counter-focused Commander decks,counters; X-spells; tribal; ramp,Ravenous; X-cost spells; +1/+1 counters; Tyranid tribal; Mana scaling
https://cardgamebase.com/commander-precons-2022-2023/,Warhammer 40k Commander,Forces of the Imperium,Inquisitor Greyfax,,White; Blue; Black,Tokens,"An Inquisitor Greyfax-led Esper token deck featuring the Squad mechanic that lets you pay a cost multiple times to create multiple tokens. Marneus Calgar as backup commander draws a card for each non-token and each token creature entering, creating one of the most powerful token card draw engines in Commander.","Marneus Calgar; Inquisitor Eisenhorn; Commissar Severina Raine; Belisarius Cawl; Neyam Shai Murad; Celestine, the Living Saint",Squad mechanic for multiple token creation; Marneus Calgar card draw on every creature ETB; token quantity payoffs; Esper go-wide with draw engine,tokens; go-wide; Esper; Squad; card draw,Token go-wide (Squad mechanic),Token payoffs (Marneus Calgar backup),Use Squad to multiply creature tokens entering the battlefield; Marneus Calgar (backup) draws a card for each non-token creature and each token entering; one of the strongest backup commanders in the set,Squad,unclear,3,3,1,3,3,1,5,1,1,1,1,2,3,4,Token players who want one of the most powerful token precons ever printed; players interested in the Squad mechanic as a token multiplier,Players who prefer non-token strategies; the deck is aggressively optimized for token generation and may feel overwhelming in casual pods,"Esper players who want White's token formation, Blue's precise card draw from tokens, and Black's threatening presence — Marneus Calgar as backup commander draws from every token created, making the deck generate card advantage at an alarming rate","White creates the troops in formation, Blue draws a card for each one entering the battlefield, and Black ensures every token has threatening presence — the Imperium's army is both vast and intelligent",Teaches Squad as a pay-X-times-for-X-copies mechanic and why Marneus Calgar is considered one of the strongest new commanders in any set — every token becomes card draw,Teaches Squad mechanics and how Marneus Calgar converts token generation into card draw — an accessible lesson in how token commanders that draw cards create self-sustaining engines,"Teaches how to maximize Marneus Calgar's card draw trigger by building around token generation across multiple permanent types (creatures, treasures, clues, food) for maximum triggers per turn",Strong example of a token deck with a card draw engine built in; excellent for explaining Squad and why Marneus Calgar is considered one of the best 40k commanders,tokens; go-wide; card draw; value engine,Squad; Token generation; Card draw from tokens; Anthem effects
https://cardgamebase.com/commander-precons-2022-2023/,Warhammer 40k Commander,Necron Dynasties,"Szarekh, the Silent King",,Black,"Self-Mill, Artifacts","A Szarekh-led mono-Black artifact deck featuring Biotransference, which makes all creatures artifacts in all zones. Multiple strong commanders (Imotekh, Anrakyr, Trazyn, Illuminor Szeras) provide flexible build directions within a self-mill and artifact recursion strategy.",Illuminor Szeras; Imotekh the Stormlord; Anrakyr the Traveller; Trazyn the Infinite,Biotransference converting all creatures to artifacts; mono-Black artifact identity via graveyard; self-mill artifact strategy; multiple strong backup commanders,artifacts; mono-black; self-mill; graveyard; Necrons,Artifacts / self-mill,Artifact graveyard recursion,Fill graveyard via self-mill; use artifacts and artifact-creature synergies; Biotransference turns all creatures into artifacts in all zones; multiple strong commander options beyond Szarekh,,Necrons,2,3,1,2,3,4,1,5,1,1,2,2,2,4,Mono-Black artifact fans who want a fresh take on the archetype with multiple strong commander options; Warhammer 40k fans who want the Necron faction,Players who want a focused mono-Black experience without artifact complexity; the artifact focus is unusual for Black and requires embracing a different Black identity,Mono-Black players who want to explore Black's relationship with artifacts as a non-Green technology — Necron Dynasties teaches that Black can build artifact-based power through self-mill and recursion rather than construction,"Black's dominion over death extends to machines in Necron form — these ancient robots don't construct artifacts, they reclaim them from the grave, giving Black an artifact identity rooted in recursion rather than creation","Demonstrates that mono-Black can build a powerful artifact strategy through graveyard recursion rather than traditional artifact construction, teaching players that Black's relationship with artifacts is unique","Teaches how Biotransference creates a unified artifact theme by converting all creatures into artifacts, making every graveyard interaction also an artifact interaction","Teaches how to evaluate the multiple commander options (Szarekh, Imotekh, Anrakyr, Trazyn, Illuminor Szeras) and choose the one that best fits your preferred play style within the same 99",Strong example for explaining mono-Black artifacts as a distinct identity from artifact-focused multicolor decks; good for teaching Biotransference's unique rules implications,artifacts; mono-black; self-mill; graveyard,Artifact synergy; Self-mill; Artifact creature conversion; Graveyard recursion; Biotransference
https://cardgamebase.com/commander-precons-2022-2023/,Dominaria United Commander,Painbow,Jared Carthalion,,White; Blue; Black; Red; Green,Domain / all five colors,"A Jared Carthalion-led five-color Domain and WUBRG deck that rewards casting spells with all five colors in their casting costs. Jared generates +1/+1 counters from combat damage and produces mana of all five colors, making him both a resource generator and a combat threat.",Two-Headed Hellkite; Primeval Spawn; Iridian Maelstrom; Unite the Coalition; Mana Cannons,Domain mechanic scaling with basic land types; WUBRG casting cost payoffs; Jared mana generation and counter growth; five-color chromatic identity,five-color; domain; WUBRG; value; unusual,Five-color matters / Domain,Rewarding high-color-pip casting costs,Play cards with all five colors in their costs for maximum Domain and WUBRG payoffs; Jared Carthalion generates +1/+1 counters and mana when opponents deal combat damage to him,Domain,unclear,2,3,1,2,3,1,1,1,1,1,2,2,2,4,Five-color players who want a focused identity beyond goodstuff; players who enjoy the challenge of building around high-pip casting costs,"Players who want a consistent, linear game plan; Domain and WUBRG strategies require a diverse mana base that can be unreliable in early turns","Five-color players who want to embody all five philosophies equally — Jared Carthalion rewards casting the most colorful spells, making the identity itself the engine","All five colors working together toward maximum chromatic expression — Domain rewards having all basic land types and WUBRG costs reward a fully diverse mana base, making the five-color identity mechanically synergistic",Teaches Domain and WUBRG mechanics and how building around color diversity creates a focused identity even in five-color — the theme IS the color identity itself,Teaches Domain as a scaling mechanic and how WUBRG casting costs reward diverse mana bases — a lesson in how five-color can be a focused strategy rather than just 'everything good',Teaches mana base construction for five-color decks and how to balance domain enablers (basic land types) with powerful WUBRG payoff cards,Good example of a focused five-color identity; useful for explaining how Domain and WUBRG mechanics reward building with all five colors intentionally,five-color; domain; WUBRG; value engine,Domain; Five-color payoffs; WUBRG cost cards; Mana base diversity
https://cardgamebase.com/commander-precons-2022-2023/,Dominaria United Commander,Legends' Legacy,"Dihada, Binder of Wills",,White; Black; Red,Legendary spells,"A Dihada-led Mardu legendary-matters deck where every permanent is legendary and Dihada rewards casting legendary spells with one of four different payoffs. The most thematically committed precon Wizards has made, with near-universal legendary creature density.","Shanid, Sleepers' Scourge; The Reaver Cleaver; Gerrard's Hourglass Pendant; Verrak, Warped Sengir",Legendary permanents matter; Dihada four-mode legendary reward triggers; near-universal legendary density; variable reward based on legendary type cast,legendaries; Mardu; value; tribal-adjacent; combat,Legendary permanents matter,Variable rewards from Dihada for legendary spells,"Every creature and most permanents are legendary; Dihada provides different rewards (draw, vigilance, lifelink, etc.) for casting legendary spells; one of the most thematically committed precons",,Legendary creatures,3,2,1,3,2,1,1,1,1,1,1,2,3,4,Players who enjoy legendary-matters strategies and want the most thematically committed precon Wizards has made; Dominaria lore fans,Players who want flexibility in card selection; the all-legendary constraint limits the card pool significantly,"Mardu players who want White's heroic order, Red's legendary warrior spirit, and Black's commanding ambition — Dihada rewards every legendary spell with a variable bonus, making each legendary feel like a story beat","White honors legendary history, Red celebrates legendary warriors, and Black collects legendary power — Dihada binds their wills and distributes rewards for each legend that joins her cause",Demonstrates the legendary-matters theme at its most committed and teaches players how building around a card type rather than a mechanic creates a distinctive and cohesive deck identity,Teaches legendary-matters as a deckbuilding constraint and how Dihada's variable rewards create different payoffs for different game states — a lesson in reading what reward is needed when,"Teaches how to evaluate legendary creatures for both their individual power and their ability to trigger Dihada's best rewards, creating a two-dimensional card evaluation framework",Best example of legendary-matters strategy; excellent for explaining how Mardu's colors each contribute a different relationship with legendary permanents,legendaries; value engine; combat; tribal-adjacent,Legendary matters; Variable reward triggers; Historic spells; Vigilance/lifelink payoffs
https://cardgamebase.com/commander-precons-2022-2023/,Battle for Baldur's Gate Commander,Party Time,Nalia de'Arnise,,White; Black,Party,"A Nalia-led Orzhov Party deck that gives party members deathtouch and lets you draw when a party member deals combat damage. Requires maintaining a Wizard, Rogue, Cleric, and Warrior simultaneously for full Party payoffs. The definitive Party mechanic Commander precon.","Folk Hero; Deep Gnome Terramancer; Burakos, Party Leader; Black Market Connections","Party mechanic requiring four creature classes; Nalia deathtouch grant and card draw on party damage; multi-type tribal across Wizard, Rogue, Cleric, Warrior",party; Orzhov; multi-type tribal; value; combat,"Party mechanic (Wizard, Rogue, Cleric, Warrior)",Value from completing the party,"Control one of each party class (Wizard, Rogue, Cleric, Warrior) to unlock maximum Party payoffs; Nalia gives party members deathtouch and lets you draw when a party member deals damage",Party,Wizards; Rogues; Clerics; Warriors,3,3,1,3,2,1,1,1,1,1,1,2,3,3,Players who enjoy multi-type tribal strategies and want the definitive Party mechanic Commander deck; D&D fans who appreciate the thematic fit,Players who want a single-tribe tribal experience; managing four creature types simultaneously requires deck-building awareness that can feel constraining,"Orzhov players who combine White's structured party composition (every role filled) with Black's dark utility (deathtouch assassins, cunning rogues) — the party is disciplined and deadly","White enforces the party's structure and fills each role with purpose, while Black arms the party with lethal tools — together they create the most dangerous adventuring party in the dungeon",Teaches the Party mechanic and how maintaining four creature types creates a multi-tribal strategy that's more complex than single-tribe decks,"Teaches Party as a multi-type tribal mechanic and how to build a deck that covers all four classes; accessible because the creature types (Wizard, Rogue, Cleric, Warrior) span many existing tribal archetypes",Teaches how to build for Party completion efficiently — identifying creatures that fill multiple roles or enable quick party assembly is the key deckbuilding skill this deck develops,Definitive Party mechanic example; excellent for explaining how multi-class tribal works and how the D&D theme translated into a genuinely novel Commander strategy,party; multi-type tribal; value; combat,Party; Multi-class tribal; Deathtouch payoffs; Combat damage rewards
https://cardgamebase.com/commander-precons-2022-2023/,Battle for Baldur's Gate Commander,Mind Flayarrrs,Captain N'ghathrod,,Blue; Black,"Horror tribal, mill",A Captain N'ghathrod-led Dimir Horror tribal deck that mills opponents when Horrors deal combat damage and allows stealing of milled creatures. A mill-theft hybrid strategy where the same combat damage that fills opponents' graveyards provides a creature acquisition engine.,"Zellix, Sanity Flayer; Aboleth Spawn; Grell Philosopher; Brainstealer Dragon",Horror tribal mill on combat damage; creature theft from milled opponent libraries; Captain N'ghathrod combat triggers; mill-theft combination,horrors; tribal; Dimir; mill; theft,Horror tribal,Mill / stealing milled creatures,Build a Horror board; Captain N'ghathrod mills opponents when Horrors deal combat damage and lets you steal milled creatures; mill as both disruption and creature acquisition,Mill,Horrors,2,3,1,3,3,3,1,1,1,1,1,3,3,3,Horror tribal fans and mill enthusiasts who want a Dimir deck that steals opponents' creatures as a payoff for milling,Players in groups with heavy graveyard hate; those who dislike mill strategies or find stealing opponents' cards unsatisfying due to variance,Dimir players who want Blue's library invasion and Black's creature theft combined — Captain N'ghathrod turns each Horror's combat damage into both mill and a chance to steal the milled creatures,"Blue strips opponents' knowledge and resources through mill, while Black claims the best of what's taken — every Horror that connects is both an information advantage and a potential creature acquisition","Demonstrates how Dimir can build a tribal strategy around an unusual tribe (Horrors) with a non-combat win condition (mill-theft), showing the breadth of how tribal mechanics can be structured","Teaches mill-theft as a connected strategy — the same combat damage that fills opponents' graveyards gives you the option to take their best creatures, making each attack a two-pronged threat","Teaches how to maximize Horror combat connections through evasion and removal, and how to evaluate which milled creatures are worth stealing vs leaving in the graveyard",Strong example for explaining mill-theft strategies and Horror tribal; useful for showing how Dimir can use mill as a creature acquisition engine rather than just a win condition,tribal; mill; theft; control,Horror tribal; Mill on combat damage; Creature theft from mill; Evasion
https://cardgamebase.com/commander-precons-2022-2023/,Battle for Baldur's Gate Commander,Draconic Dissent,"Firkraag, Cunning Instigator",,Blue; Red,"Dragon tribal, Goad",A Firkraag-led Izzet Goad deck where Firkraag draws a card whenever a goaded creature deals combat damage. Primarily a Goad deck with Dragon flavor rather than dedicated Dragon tribal. Baeloth Barrityl is an equally popular alternative commander for pure Goad builds.,"Baeloth Barrityl, Entertainer; Astral Dragon; Bothersome Quasit; Death Kiss",Goad mechanic as primary strategy; Firkraag card draw from goaded creature damage; Dragon flavor with limited tribal synergy; Baeloth alternate Goad commander,goad; dragons; tribal; Izzet; politics,Goad,Dragon tribal,Goad opponents' creatures to force them to attack others; Firkraag draws cards when goaded creatures deal combat damage; first Dragon-Goad hybrid deck — feels more like a Goad deck than tribal,Goad,Dragons,2,3,4,3,2,1,1,1,1,1,2,2,3,3,Goad enthusiasts who also enjoy Dragon flavor; players who want an Izzet deck that creates political chaos rather than pure spellslinging,Players expecting a typical Dragon tribal experience; the deck feels more like a Goad deck with Dragons as flavor than a dedicated tribal build,"Izzet players who want Blue's political manipulation combined with Red's draconic aggression — Firkraag draws cards whenever goaded creatures deal combat damage, making opponents' fights profitable for you","Blue engineers the political situation with precision (who is goaded, who attacks whom), while Red watches with gleeful satisfaction as the goaded Dragons tear each other apart — Izzet as a chaos architect","Demonstrates how Goad can be built into a Dragon-flavored deck, teaching players that tribal and political mechanics can coexist when the commander rewards the political action (card draw from goaded damage)",Teaches Goad as a forced-attack political mechanic and how drawing cards from goaded creature damage creates passive card advantage — an accessible lesson in political value generation,Teaches how to maximize Firkraag's card draw by goading creatures with high power values and how to protect yourself from the combat chaos you create,Good example of Goad in an Izzet context; useful for showing how political mechanics can generate card advantage rather than just table chaos,goad; dragons; politics; card draw,Goad; Dragon tribal; Card draw from goaded damage; Forced combat
https://cardgamebase.com/commander-precons-2022-2023/,Battle for Baldur's Gate Commander,Exit From Exile,"Faldorn, Dread Wolf Herald",,Red; Green,Casting spells from exile,"A Faldorn-led Gruul exile-casting deck that creates a Wolf token whenever a spell is cast from exile. Combines Cascade, Adventure, impulse draw, and Madness as multiple exile-cast enablers under a single token-generation payoff.",Jeska's Will; Nalfeshnee; Passionate Archaeologist; Three Visits,"Wolf token on exile cast via Faldorn; Cascade as exile-cast enabler; Adventure, impulse draw, Madness as additional exile sources; token generation from spell variety",exile casting; Gruul; wolves; tokens; cascade,Casting spells from exile,Wolf token generation,"Cast spells from exile via Cascade, Adventures, Madness, impulse draw and other exile-cast effects; Faldorn creates a Wolf token each time a spell is cast from exile",Cascade,Wolves,2,3,1,3,3,1,3,1,1,2,2,1,3,3,"Exile-casting fans who want a Gruul deck that rewards Cascade, Adventures, and impulse draw with Wolf token generation",Players who want a focused game plan; the exile-casting theme spans many different mechanics that can make the deck feel scattered,"Gruul players who want Red's impulsive exile casting and Green's creature-token payoffs combined — Faldorn makes every spell cast from exile produce a Wolf, turning variety into volume","Red casts impulsively from whatever exile zone is available, Green converts each cast into a creature token, and Faldorn unifies the chaos into a consistent Wolf-producing engine","Demonstrates how multiple exile-casting mechanics (Cascade, Adventure, impulse draw, Madness) can be unified under one payoff trigger, teaching players to recognize a family of related mechanics",Teaches exile casting as a category of mechanics and how Faldorn's Wolf trigger converts all of them into consistent token generation regardless of which specific mechanic produced the cast,Teaches how to identify and stack exile-casting enablers across different mechanics and how Wolf token accumulation scales with the number of different exile-cast sources in the deck,Good example for explaining exile casting as a unified mechanic family; excellent for showing how Gruul can build a token engine from spell-casting rather than creature play,exile casting; tokens; cascade; value engine,Exile casting; Cascade; Adventure; Impulse draw; Wolf token generation
https://cardgamebase.com/commander-precons-2022-2023/,Commander 2022 / New Capenna Commander,Obscura Operation,"Kamiz, Obscura Oculus",,White; Blue; Black,Connive,A Kamiz-led Esper Connive deck that makes the highest-power attacker unblockable and causes it to Connive when it deals combat damage. A distinctly aggressive Esper deck that uses evasion and card selection through combat rather than traditional control tools.,"Tivit, Seller of Secrets; Smuggler's Share; In Too Deep; Lethal Scheme; Oskar, Rubbish Reclaimer",Connive via Kamiz unblockable trigger; highest-power attacker unblockable; looting on combat damage; +1/+1 counter generation from Connive,connive; Esper; evasion; card draw; aggro,Connive / evasive attackers,Card advantage through connive,Attack with cheap evasive creatures; Connive lets attackers loot and place +1/+1 counters; Kamiz makes the highest-power attacker unblockable and connives it; backup commander supports voting,Connive,unclear,2,3,2,3,2,1,1,1,1,1,1,2,3,3,Players who want an Esper deck focused on attacking rather than controlling; those who enjoy Connive for its looting and counter-stacking rewards,Players expecting a traditional Esper control deck; the evasive attacker focus is a significant departure from typical White-Blue-Black gameplay,"Esper players who want Blue's evasion and card selection, White's protective order, and Black's cunning manipulation — Kamiz makes the largest attacker unblockable each combat, rewarding building toward one dominant threat","Esper typically controls from a distance, but here it strikes precisely — White protects the attack, Blue ensures it connects unblocked, and Black's Connive loot converts each hit into card selection","Subverts Esper's typical control identity by showing the color combination can support an aggressive evasive attacker strategy, teaching players that color identity is flexible","Teaches Connive as a combat reward mechanic — connecting with attackers isn't just damage, it's card selection and creature growth, making every attack meaningful",Teaches how to sequence attackers by power value to maximize Kamiz's unblockable trigger and how Connive's loot effect helps find key pieces mid-combat,Good example of Esper defying its control reputation; useful for explaining Connive and how New Capenna's crime families gave familiar color combinations new identities,connive; evasion; aggro; card draw,Connive; Unblockable trigger; Looting; +1/+1 counters from connive
https://cardgamebase.com/commander-precons-2022-2023/,Commander 2022 / New Capenna Commander,Maestros Massacre,"Anhelo, the Painter",,Blue; Black; Red,Casualty,"An Anhelo-led Grixis Casualty deck where Anhelo has Casualty 2 — sacrifice a creature with power 2 or more to copy any instant or sorcery. The most combo-potential of the New Capenna precons, held back by insufficient token generators for consistent Casualty payment.","Parnesse, the Subtle Brush; Sinister Concierge; Spellbinding Soprano; Cryptic Pursuit; Syrix, Carrier of the Flame",Anhelo Casualty 2 for spell copying; sacrifice creature to copy instant or sorcery; spellslinger with sacrifice cost; token generators needed for consistency,casualty; spellslinger; Grixis; copy; sacrifice,Casualty / spell copying,Spellslinger,Sacrifice a creature (Casualty) to copy an instant or sorcery; Anhelo has Casualty 2 — sacrifice a 2-power creature to copy any instant/sorcery cast; noted as underperforming due to sacrifice cost but strong spellslinger skeleton,Casualty,unclear,2,4,1,1,4,2,2,1,1,4,1,2,2,3,Spellslinger players who want a Grixis shell with spell-copying potential; those willing to upgrade the sacrifice enablers to unlock the deck's true power,Players who want a ready-to-play experience; the Casualty mechanic underperforms out of the box due to insufficient token generators,"Grixis players who want Blue's precise spell selection, Black's willingness to sacrifice creatures as spell fuel, and Red's explosive copy payoffs — the deck's potential matches Grixis's high-ceiling identity","Blue selects the spell worth copying, Black provides the sacrifice cost willingly, and Red copies it explosively — Casualty embodies Grixis's philosophy that nothing is too precious to sacrifice for the right moment",Teaches Casualty as a mechanic and the core spellslinger-sacrifice tension — when is copying a spell worth the creature cost? A nuanced lesson in value assessment,Teaches Casualty's sacrifice-to-copy mechanic and how token generators solve the creature-cost problem — an accessible lesson in how to fix a mechanic's built-in limitation,Teaches how to build around Casualty by including token generators that make the sacrifice cost negligible while still enabling powerful spell copies,Good example for explaining Casualty and how a mechanic's effectiveness depends on supporting cards; honest case study in a deck that requires upgrades,spellslinger; copy effects; sacrifice; combo,Casualty; Spell copying; Sacrifice cost; Instants and sorceries matter
https://cardgamebase.com/commander-precons-2022-2023/,Commander 2022 / New Capenna Commander,Riveteers Rampage,"Henzie ""Toolbox"" Torre",,Black; Red; Green,Blitz,"A Henzie-led Jund Blitz deck where Henzie reduces Blitz costs by one for each time he's attacked, enabling increasingly cheap deployment of high-CMC threats with haste and ETB value. A high-ceiling creature value deck rewarding consistent aggressive play.","The Beamtown Bullies; Wave of Rats; Turf War; Rain of Riches; Jolene, the Plunder Queen",Blitz alternate casting cost for haste and draw; Henzie cost reduction scaling with attacks; ETB value from temporary haste creatures; big creature deployment,blitz; Jund; haste; big creatures; value,Blitz / haste ETB value,High-CMC creature cheating,"Cast creatures with Blitz (pay alternate cost, give haste, sacrifice at end of turn, draw a card); Henzie reduces Blitz costs by 1 for each time he's attacked; cheat out high-CMC creatures for their ETB effects",Blitz,unclear,2,3,1,3,3,2,1,1,1,1,2,1,3,4,Players who enjoy high-CMC creature strategies with haste and ETB value; those who want a Jund deck with a distinct identity beyond typical aggro,Players who prefer steady board development; Blitz is inherently temporary and can feel inconsistent if the draw-a-card compensation doesn't chain into more action,"Jund players who value Black's willingness to sacrifice, Red's haste-fueled aggression, and Green's enormous creature pool — Henzie scales Blitz costs down with each attack, rewarding consistent pressure","Green's enormous creatures become Red's temporary weapons and Black's sacrificial tools — Blitz is Jund's philosophy of burning everything for maximum immediate impact, consequences be damned",Teaches Blitz as a haste-ETB-sacrifice loop and how Henzie's attack-scaling creates a feedback loop where aggression directly reduces future creature costs,Teaches Blitz as an alternate cost mechanic and how ETB effects combined with haste create immediate value that compensates for the creature's temporary nature,"Teaches how to evaluate which creatures are worth Blitzing vs casting normally, and how Henzie's cost reduction scales through the game to enable increasingly explosive turns",Best example for explaining Blitz and how alternate casting costs work with ETB effects in a Jund context,blitz; haste; big creatures; value engine,Blitz; Haste; ETB value; Alternate casting cost; Sacrifice at end of turn
https://cardgamebase.com/commander-precons-2022-2023/,Commander 2022 / New Capenna Commander,Cabaretti Cacophony,"Kitt Kanto, Mayhem Diva",,White; Red; Green,Tokens,A Kitt Kanto-led Naya token deck where Kitt Kanto taps to create a 1/1 token and force two target creatures to fight. Features Cat and Dog tribal as subthemes alongside the primary token strategy and political creature removal through forced fighting.,"Phabine, Boss's Confidant; Master of Ceremonies; Life of the Party; Killer Service",Kitt Kanto tap for token and forced fight; Cat and Dog tribal subtheme; token generation with political creature removal; Naya go-wide,tokens; Naya; goad; go-wide; cats; dogs,Token go-wide / goad,Cats and Dogs tribal subtheme,"Go wide with tokens; Kitt Kanto taps to create a token and force two creatures to fight, giving players incentive to attack; mix of tokens, goad, and Cat/Dog tribal",Goad,Cats; Dogs,3,2,3,3,1,1,5,1,1,1,2,1,3,3,Token players who also enjoy political gameplay; fans of Cats and Dogs who want a party-atmosphere deck that incentivizes table chaos,Players who want a tightly focused token strategy; the goad and fight mechanics add unpredictability that can work against pure token optimization,"Naya players who want White's token generation, Red's chaotic aggression, and Green's creature abundance — Kitt Kanto makes the table fight while building a growing token army","White creates the celebration's guests (tokens), Red instigates the brawl, and Green ensures there's always more of both — a Naya party where the host profits from the chaos they create","Shows how Naya can combine token strategies with political goad elements, teaching players that token decks don't have to be purely board-focused — they can also direct the table's aggression",Teaches how goad and token strategies combine to create a deck that builds an army while redirecting opponents' attacks — accessible introduction to political token gameplay,"Teaches how to use Kitt Kanto's fight trigger to remove blockers while simultaneously building a token army, creating both offensive and political value from a single activation",Good example of Naya token strategy with political elements; useful for showing how Cat and Dog tribal can serve as a subtheme within a broader token identity,tokens; goad; go-wide; tribal; politics,Token generation; Goad; Forced combat; Cat/Dog tribal
https://cardgamebase.com/commander-precons-2022-2023/,Commander 2022 / New Capenna Commander,Bedecked Brokers,"Perrie, the Pulverizer",,White; Blue; Green,Various counters,"A Perrie-led Bant counter-diversity deck where Perrie gains protection from each color for each different type of counter you control. The more types of counters maintained simultaneously, the more colors Perrie is protected from — potentially making Perrie unkillable with maximum counter variety.","Kros, Defense Contractor; Resourceful Defense; Shield Broker; Damning Verdict","Counter diversity for color protection via Perrie; protection scales with unique counter types; Bant counter manipulation; +1/+1, charge, loyalty, and other counter types",counters; voltron; Bant; protection; unusual,Counter diversity (as many different counter types as possible),Voltron / Perrie gets protection based on counter type count,Maintain as many different counter types as possible on permanents; Perrie gets protection from each color for each different counter type you control; unique multi-counter voltron identity in Bant,Proliferate,unclear,2,4,1,3,3,1,1,1,1,1,2,2,2,3,Players who want a unique voltron experience in Bant colors; those who enjoy the challenge of maintaining many different counter types simultaneously,Players who want a straightforward +1/+1 counter strategy; tracking and maintaining diverse counter types is a real table management challenge,"Bant players who value Blue's counter manipulation, White's protective auras, and Green's creature base — Perrie rewards counter diversity with full color protection, making them effectively unkillable","White structures the counter framework, Blue manipulates and proliferates counter types with precision, and Green provides the creature canvas — Perrie's protection scales with Bant's naturally diverse permanent toolkit",Teaches counter diversity as a strategic goal rather than just stacking one type — a unique deckbuilding lesson in how to maintain multiple permanent sub-strategies simultaneously,"Teaches how different counter types work and how Perrie converts counter variety into protection, introducing players to the breadth of counter mechanics beyond just +1/+1",Teaches how to identify which permanents naturally produce rare counter types and how to build a counter-diverse board efficiently without overextending on any single strategy,Excellent example for explaining counter diversity and how Bant uses multiple counter types as a voltron protection mechanic,counters; voltron; protection; Bant,Counter diversity; Protection from colors; Proliferate; Voltron
https://cardgamebase.com/commander-precons-2022-2023/,Kamigawa: Neon Dynasty Commander,Buckle Up,"Kotori, Pilot Prodigy",,White; Blue,Vehicles,A Kotori-led Azorius Vehicles deck — the first dedicated Vehicles Commander precon — where Kotori gives all Vehicles crew 2 and animates them as artifact creatures with the Spirit subtype. Includes significant new Vehicle cards and White support tools.,"Shorikai, Genesis Engine; Drumbellower; Ironsoul Enforcer; Cyberdrive Awakener; Release to Memory",Vehicles as primary strategy; Kotori crew 2 universal and Spirit animation; first dedicated Vehicles precon; artifact creature synergies,vehicles; Azorius; crew; artifacts; combat,Vehicles matter,Crew synergies,First dedicated Vehicles commander precon; Kotori gives Vehicles crew 2 and animates them as Spirits; includes new Vehicle cards and important White support cards,Crew,Vehicles,2,3,1,3,2,1,1,4,1,1,1,2,3,3,Vehicle fans who have waited for a dedicated Commander deck; players who enjoy artifact-creature hybrid strategies in Azorius,Players who dislike crew mechanics or artifact-dependent strategies; noted as the weakest financial value precon at release despite interesting new cards,Azorius players who value White's ordered vehicle formations and Blue's mechanical precision — Kotori turns Vehicles into Spirit-crewed war machines that reward structured sequencing,White structures the fleet in formation while Blue provides the technical mastery to crew them efficiently — Kotori's Spirit token crew mechanic makes Vehicles feel alive and purposeful,First dedicated Vehicles commander deck — teaches how Crew works as a mechanic and how to build around Vehicles as a primary strategy rather than a sub-theme,"Teaches Crew mechanics and how Vehicles function as temporary creature-artifacts; Kotori simplifies crewing by creating Spirit tokens, making the mechanic accessible",Teaches how to balance creature count for Crew requirements and how to protect key Vehicles that form the deck's win condition,Definitive Vehicles strategy example; best deck for explaining how Crew works and how to build a Vehicle-focused Commander deck,vehicles; artifacts; combat,Vehicles; Crew; Spirit token generation; Artifact creatures
https://cardgamebase.com/commander-precons-2022-2023/,Kamigawa: Neon Dynasty Commander,Upgrades Unleashed,"Chishiro, the Shattered Blade",,Red; Green,Modified,"A Chishiro-led Gruul Modified deck that creates a 2/2 Spirit token whenever a creature becomes Modified — equipped, enchanted with an Aura, or given a +1/+1 counter. Unifies three traditionally separate strategies under the Modified keyword for a single token-generating engine.","Kaima, the Fractured Calm; Kosei, Penitent Warlord; Kami of Celebration; Tanuki Transplanter","Modified keyword unifying Equipment, Auras, and +1/+1 counters; Spirit token on Modified trigger; Chishiro as Spirit generator; three-strategy unification",modified; Gruul; equipment; auras; counters; tokens,"Modified (equipped, enchanted, or has a counter)",Auras + Equipment + Counters unified,"Trigger Modified by having creatures equipped, enchanted, or with counters; Chishiro creates Spirit tokens whenever a creature becomes Modified; ties together three normally separate strategies under one theme",Modified,unclear,2,3,1,3,2,1,2,2,2,1,2,1,3,3,"Players who want a unified Gruul deck that brings together equipment, auras, and counters under one mechanic; those who appreciate the Modified keyword's elegant design",Players who want a focused single-strategy experience; the three-strategy scope can feel unfocused without upgrades,"Gruul players who value Red's inventive weapon-crafting and Green's creature power — Chishiro converts any form of creature enhancement into Spirit tokens, rewarding all three modification paths equally",Red's creative modification (equipment and invention) and Green's natural enhancement (counters and auras) are unified by Chishiro into a single creature-improvement philosophy,"Demonstrates how Kamigawa's Modified mechanic elegantly unifies three typically separate strategies under one keyword, teaching players how umbrella mechanics work in MTG design","Teaches the Modified keyword and how three different game actions (equipping, enchanting, adding counters) all trigger the same payoff — a clean lesson in mechanic unification",Teaches players how to evaluate which modification path generates the most Spirit tokens most efficiently and how to balance the three sub-strategies without losing focus,Best example for explaining the Modified mechanic and how Kamigawa: Neon Dynasty unified multiple strategies under one keyword,modified; equipment; auras; counters; tokens,Modified; Equipment; Auras; Counters; Spirit token generation
