question_id,phase,answer_id,audit_answer_id,exact_title,exact_copy,authored_signal,intended_construct,actual_dimensions_tested,positive_identities,strong_positive_identities,suppressed_identities,uncertainty_representation,evidence_authority,final_disposition,remediation_implication
gate_v2_locus_of_trust,gate,gate_v2_trust_self_claim,gate_v2_trust_self_claim,The claim no one can make for me,"I start with agency: the private decision, the necessary edge, the first motion I can own.",self-authored agency,expression-and-performance,"[""social-behavior"",""psychographic-or-motivational-inference-risk"",""aesthetic-or-narrative-preference""]","[""B"",""R"",""WR"",""BR"",""ESPER"",""GRIXIS"",""JUND"",""SULTAI"",""MARDU"",""YORE"",""GLINT"",""DUNE"",""BG"",""RG"",""UB"",""UR"",""LOREHOLD"",""WB"",""PRISMARI"",""SILVERQUILL"",""WITHERBLOOM""]","[""B"",""R"",""BR"",""GRIXIS"",""JUND"",""MARDU"",""YORE"",""GLINT"",""UB"",""UR"",""PRISMARI""]","[""W"",""G"",""WU"",""BANT"",""NAYA"",""INK"",""COLORLESS"",""WUBRG"",""QUANDRIX"",""WG"",""UG""]",ABSENT,No answer-level source or claim reference,REPLACE,"Assign stable ID, evidence/interpretation record, controlled construct, positive/negative effect contract, dependency group, and explanation entailment before production repair."
gate_v2_locus_of_trust,gate,gate_v2_trust_personal_threshold,gate_v2_trust_personal_threshold,The threshold in the self,"I listen for the moment where desire, danger, and choice become too clear to outsource.",personal threshold,uncontrolled-editorial-construct,"[""social-behavior"",""psychographic-or-motivational-inference-risk""]","[""B"",""R"",""WR"",""BR"",""ESPER"",""GRIXIS"",""JUND"",""TEMUR"",""SULTAI"",""MARDU"",""JESKAI"",""YORE"",""GLINT"",""DUNE"",""BG"",""RG"",""UB"",""UR"",""LOREHOLD"",""WB"",""PRISMARI"",""SILVERQUILL"",""WITHERBLOOM""]","[""B"",""R"",""BR"",""GRIXIS""]","[""W"",""G"",""WU"",""BANT"",""COLORLESS"",""WUBRG"",""QUANDRIX"",""WG"",""UG""]",ABSENT,No answer-level source or claim reference,REPLACE,"Assign stable ID, evidence/interpretation record, controlled construct, positive/negative effect contract, dependency group, and explanation entailment before production repair."
gate_v2_locus_of_trust,gate,gate_v2_trust_braided_witness,gate_v2_trust_braided_witness,A braided witness,"I want each part of the situation named, given weight, and brought into one accountable center.",integrated whole,protection-and-duty,"[""social-behavior"",""psychographic-or-motivational-inference-risk"",""aesthetic-or-narrative-preference""]","[""W"",""U"",""B"",""R"",""G"",""WU"",""BANT"",""WR"",""BR"",""ESPER"",""GRIXIS"",""JUND"",""NAYA"",""ABZAN"",""TEMUR"",""SULTAI"",""MARDU"",""JESKAI"",""YORE"",""GLINT"",""DUNE"",""INK"",""WITCH"",""WUBRG"",""BG"",""RG"",""UB"",""UR"",""LOREHOLD"",""WB"",""PRISMARI"",""QUANDRIX"",""WG"",""SILVERQUILL"",""UG"",""WITHERBLOOM""]","[""WUBRG""]","[""COLORLESS""]",ABSENT,No answer-level source or claim reference,REPLACE,"Assign stable ID, evidence/interpretation record, controlled construct, positive/negative effect contract, dependency group, and explanation entailment before production repair."
gate_v2_locus_of_trust,gate,gate_v2_trust_common_root,gate_v2_trust_common_root,The common root,"I trust the pattern that keeps people, place, and continuity from splintering under strain.",communal continuity,uncontrolled-editorial-construct,"[""social-behavior""]","[""W"",""U"",""G"",""WU"",""BANT"",""WR"",""ESPER"",""NAYA"",""ABZAN"",""TEMUR"",""SULTAI"",""JESKAI"",""YORE"",""GLINT"",""DUNE"",""INK"",""WITCH"",""RG"",""UR"",""LOREHOLD"",""PRISMARI"",""QUANDRIX"",""WG"",""UG""]","[""W"",""U"",""G"",""WU"",""BANT"",""WR"",""NAYA"",""ABZAN"",""TEMUR"",""JESKAI"",""DUNE"",""INK"",""WITCH"",""RG"",""LOREHOLD"",""QUANDRIX"",""WG"",""UG""]","[""B"",""BR"",""GRIXIS"",""COLORLESS"",""WUBRG"",""UB""]",ABSENT,No answer-level source or claim reference,REPLACE,"Assign stable ID, evidence/interpretation record, controlled construct, positive/negative effect contract, dependency group, and explanation entailment before production repair."
gate_v2_locus_of_trust,gate,gate_v2_trust_outside_measure,gate_v2_trust_outside_measure,The measure outside the map,I trust the constraint that does not ask the old language for permission before it becomes real.,outside boundary,uncontrolled-editorial-construct,"[""social-behavior""]","[""COLORLESS""]","[""COLORLESS""]","[""W"",""U"",""B"",""R"",""G"",""WU"",""BANT"",""WR"",""BR"",""ESPER"",""GRIXIS"",""JUND"",""NAYA"",""ABZAN"",""TEMUR"",""SULTAI"",""MARDU"",""JESKAI"",""YORE"",""GLINT"",""DUNE"",""INK"",""WITCH"",""WUBRG"",""BG"",""RG"",""UB"",""UR"",""LOREHOLD"",""WB"",""PRISMARI"",""QUANDRIX"",""WG"",""SILVERQUILL"",""UG"",""WITHERBLOOM""]",ABSENT,No answer-level source or claim reference,REPLACE,"Assign stable ID, evidence/interpretation record, controlled construct, positive/negative effect contract, dependency group, and explanation entailment before production repair."
gate_v2_pressure_becomes,gate,gate_v2_pressure_form,gate_v2_pressure_form,A form that can hold,"Pressure should become structure: named, testable, and steady enough to keep harm from spreading.",ordered containment,procedure-and-order,"[""social-behavior"",""philosophical-preference""]","[""W"",""U"",""WU"",""BANT"",""ESPER"",""GRIXIS"",""JESKAI"",""YORE"",""UB"",""UR"",""WB"",""PRISMARI"",""SILVERQUILL""]","[""W"",""U"",""WU"",""ESPER"",""JESKAI"",""UB""]","[""B"",""R"",""G"",""BR"",""JUND"",""NAYA"",""ABZAN"",""TEMUR"",""SULTAI"",""GLINT"",""DUNE"",""COLORLESS"",""WUBRG"",""BG"",""RG"",""WG"",""WITHERBLOOM""]",ABSENT,No answer-level source or claim reference,REPLACE,"Assign stable ID, evidence/interpretation record, controlled construct, positive/negative effect contract, dependency group, and explanation entailment before production repair."
gate_v2_pressure_becomes,gate,gate_v2_pressure_answerable_motion,gate_v2_pressure_answerable_motion,Answerable motion,"It should move, but with a visible thread back to responsibility, memory, and consequence.",bounded action,speed-and-action,"[""abstract-scenario-preference""]","[""W"",""U"",""WU"",""BANT"",""WR"",""ESPER"",""GRIXIS"",""NAYA"",""ABZAN"",""TEMUR"",""SULTAI"",""MARDU"",""JESKAI"",""YORE"",""GLINT"",""DUNE"",""INK"",""WITCH"",""UB"",""UR"",""LOREHOLD"",""WB"",""PRISMARI"",""QUANDRIX"",""WG"",""SILVERQUILL"",""UG""]","[""U"",""WU"",""BANT"",""ESPER"",""JESKAI""]","[""COLORLESS"",""WUBRG""]",ABSENT,No answer-level source or claim reference,REPLACE,"Assign stable ID, evidence/interpretation record, controlled construct, positive/negative effect contract, dependency group, and explanation entailment before production repair."
gate_v2_pressure_becomes,gate,gate_v2_pressure_many_currents,gate_v2_pressure_many_currents,"Many currents, one course","It should become a working convergence: different forces kept distinct, then aimed together.",balanced convergence,speed-and-action,"[""abstract-scenario-preference""]","[""W"",""U"",""B"",""R"",""G"",""WU"",""BANT"",""WR"",""BR"",""ESPER"",""GRIXIS"",""JUND"",""NAYA"",""ABZAN"",""TEMUR"",""SULTAI"",""MARDU"",""JESKAI"",""YORE"",""GLINT"",""DUNE"",""INK"",""WITCH"",""WUBRG"",""BG"",""RG"",""UB"",""UR"",""LOREHOLD"",""WB"",""PRISMARI"",""QUANDRIX"",""WG"",""SILVERQUILL"",""UG"",""WITHERBLOOM""]","[""WUBRG""]","[""COLORLESS""]",ABSENT,No answer-level source or claim reference,REPLACE,"Assign stable ID, evidence/interpretation record, controlled construct, positive/negative effect contract, dependency group, and explanation entailment before production repair."
gate_v2_pressure_becomes,gate,gate_v2_pressure_wild_release,gate_v2_pressure_wild_release,A wild release,"It should become adaptation, appetite, heat, and movement before a brittle answer snaps shut.",adaptive release,growth-and-nature,"[""psychographic-or-motivational-inference-risk""]","[""B"",""R"",""G"",""BANT"",""WR"",""BR"",""GRIXIS"",""JUND"",""NAYA"",""ABZAN"",""TEMUR"",""SULTAI"",""MARDU"",""YORE"",""GLINT"",""DUNE"",""INK"",""WITCH"",""BG"",""RG"",""UB"",""UR"",""LOREHOLD"",""WB"",""PRISMARI"",""QUANDRIX"",""WG"",""SILVERQUILL"",""UG"",""WITHERBLOOM""]","[""B"",""R"",""G"",""BR"",""GRIXIS"",""JUND"",""NAYA"",""ABZAN"",""TEMUR"",""SULTAI"",""MARDU"",""GLINT"",""DUNE"",""INK"",""WITCH"",""BG"",""RG"",""QUANDRIX"",""WG"",""UG"",""WITHERBLOOM""]","[""W"",""U"",""WU"",""COLORLESS"",""WUBRG""]",ABSENT,No answer-level source or claim reference,REPLACE,"Assign stable ID, evidence/interpretation record, controlled construct, positive/negative effect contract, dependency group, and explanation entailment before production repair."
gate_v2_pressure_becomes,gate,gate_v2_pressure_silent_axis,gate_v2_pressure_silent_axis,A silent axis,"It should become a hard boundary: not loud, not ornamental, simply outside the usual bargain.",outside boundary,speed-and-action,"[""abstract-scenario-preference""]","[""COLORLESS""]","[""COLORLESS""]","[""W"",""U"",""B"",""R"",""G"",""WU"",""BANT"",""WR"",""BR"",""ESPER"",""GRIXIS"",""JUND"",""NAYA"",""ABZAN"",""TEMUR"",""SULTAI"",""MARDU"",""JESKAI"",""YORE"",""GLINT"",""DUNE"",""INK"",""WITCH"",""WUBRG"",""BG"",""RG"",""UB"",""UR"",""LOREHOLD"",""WB"",""PRISMARI"",""QUANDRIX"",""WG"",""SILVERQUILL"",""UG"",""WITHERBLOOM""]",ABSENT,No answer-level source or claim reference,REPLACE,"Assign stable ID, evidence/interpretation record, controlled construct, positive/negative effect contract, dependency group, and explanation entailment before production repair."
gate_v2_first_signal,gate,gate_v2_signal_cold_pattern,gate_v2_signal_cold_pattern,The cold pattern,"Before the room gets loud, I notice leverage, implication, and what the facts are already costing.",calculated implication,agency-and-leverage,"[""abstract-scenario-preference""]","[""U"",""B"",""G"",""BANT"",""ESPER"",""ABZAN"",""SULTAI"",""GLINT"",""WITCH"",""BG"",""UB"",""WB"",""QUANDRIX"",""SILVERQUILL"",""UG"",""WITHERBLOOM""]","[""B"",""ESPER"",""ABZAN"",""SULTAI"",""WITCH"",""BG"",""UB"",""WB"",""SILVERQUILL"",""WITHERBLOOM""]","[""R"",""WR"",""NAYA"",""TEMUR"",""JESKAI"",""INK"",""COLORLESS"",""WUBRG"",""RG"",""UR"",""LOREHOLD"",""PRISMARI""]",ABSENT,No answer-level source or claim reference,REPLACE,"Assign stable ID, evidence/interpretation record, controlled construct, positive/negative effect contract, dependency group, and explanation entailment before production repair."
gate_v2_first_signal,gate,gate_v2_signal_measured_trace,gate_v2_signal_measured_trace,The measured trace,I look for the thread beneath the feeling: the sign that tells me what kind of change is possible.,measured inference,uncontrolled-editorial-construct,"[""psychographic-or-motivational-inference-risk""]","[""U"",""B"",""G"",""BANT"",""BR"",""ESPER"",""GRIXIS"",""JUND"",""ABZAN"",""SULTAI"",""YORE"",""GLINT"",""DUNE"",""WITCH"",""BG"",""UB"",""WB"",""QUANDRIX"",""SILVERQUILL"",""UG"",""WITHERBLOOM""]","[""B"",""ESPER"",""ABZAN"",""SULTAI"",""WITCH"",""BG"",""UB"",""WB"",""SILVERQUILL"",""WITHERBLOOM""]","[""R"",""WR"",""NAYA"",""JESKAI"",""COLORLESS"",""WUBRG"",""RG"",""UR"",""LOREHOLD"",""PRISMARI""]",ABSENT,No answer-level source or claim reference,REPLACE,"Assign stable ID, evidence/interpretation record, controlled construct, positive/negative effect contract, dependency group, and explanation entailment before production repair."
gate_v2_first_signal,gate,gate_v2_signal_whole_chord,gate_v2_signal_whole_chord,The whole chord,"The signal arrives as a chord: thought, hunger, duty, feeling, and life all audible at once.",balanced chord,protection-and-duty,"[""social-behavior"",""psychographic-or-motivational-inference-risk""]","[""W"",""U"",""B"",""R"",""G"",""WU"",""BANT"",""WR"",""BR"",""ESPER"",""GRIXIS"",""JUND"",""NAYA"",""ABZAN"",""TEMUR"",""SULTAI"",""MARDU"",""JESKAI"",""YORE"",""GLINT"",""DUNE"",""INK"",""WITCH"",""WUBRG"",""BG"",""RG"",""UB"",""UR"",""LOREHOLD"",""WB"",""PRISMARI"",""QUANDRIX"",""WG"",""SILVERQUILL"",""UG"",""WITHERBLOOM""]","[""WUBRG""]","[""COLORLESS""]",ABSENT,No answer-level source or claim reference,REPLACE,"Assign stable ID, evidence/interpretation record, controlled construct, positive/negative effect contract, dependency group, and explanation entailment before production repair."
gate_v2_first_signal,gate,gate_v2_signal_live_spark,gate_v2_signal_live_spark,The live spark,"I hear what wants to move: the heat, the honesty, the flash before it gets explained away.",felt ignition,speed-and-action,"[""psychographic-or-motivational-inference-risk""]","[""W"",""R"",""WR"",""NAYA"",""TEMUR"",""JESKAI"",""INK"",""RG"",""UR"",""LOREHOLD"",""PRISMARI""]","[""R"",""WR"",""NAYA"",""TEMUR"",""JESKAI"",""INK"",""RG"",""UR"",""LOREHOLD"",""PRISMARI""]","[""B"",""ESPER"",""ABZAN"",""SULTAI"",""WITCH"",""COLORLESS"",""WUBRG"",""BG"",""UB"",""WB"",""SILVERQUILL"",""WITHERBLOOM""]",ABSENT,No answer-level source or claim reference,REPLACE,"Assign stable ID, evidence/interpretation record, controlled construct, positive/negative effect contract, dependency group, and explanation entailment before production repair."
gate_v2_first_signal,gate,gate_v2_signal_unlit_edge,gate_v2_signal_unlit_edge,The unlit edge,The first signal is absence: a clean edge where the usual symbols stop being useful.,outside boundary,uncontrolled-editorial-construct,"[""aesthetic-or-narrative-preference""]","[""COLORLESS""]","[""COLORLESS""]","[""W"",""U"",""B"",""R"",""G"",""WU"",""BANT"",""WR"",""BR"",""ESPER"",""GRIXIS"",""JUND"",""NAYA"",""ABZAN"",""TEMUR"",""SULTAI"",""MARDU"",""JESKAI"",""YORE"",""GLINT"",""DUNE"",""INK"",""WITCH"",""WUBRG"",""BG"",""RG"",""UB"",""UR"",""LOREHOLD"",""WB"",""PRISMARI"",""QUANDRIX"",""WG"",""SILVERQUILL"",""UG"",""WITHERBLOOM""]",ABSENT,No answer-level source or claim reference,REPLACE,"Assign stable ID, evidence/interpretation record, controlled construct, positive/negative effect contract, dependency group, and explanation entailment before production repair."
gate_v2_cost_of_oath,gate,gate_v2_oath_preserve,gate_v2_oath_preserve,Preserve what must not break,"It can ask me to carry the old weight: shelter, consequence, and the line that keeps faith intact.",preserving duty,protection-and-duty,"[""social-behavior"",""philosophical-preference""]","[""W"",""B"",""R"",""WU"",""BANT"",""WR"",""BR"",""ESPER"",""GRIXIS"",""JUND"",""NAYA"",""ABZAN"",""MARDU"",""JESKAI"",""YORE"",""GLINT"",""DUNE"",""INK"",""WITCH"",""BG"",""RG"",""LOREHOLD"",""WB"",""WG"",""SILVERQUILL"",""WITHERBLOOM""]","[""W"",""R"",""WR"",""BR"",""ESPER"",""JUND"",""NAYA"",""ABZAN"",""MARDU"",""JESKAI"",""YORE"",""DUNE"",""INK"",""LOREHOLD"",""WB"",""WG"",""SILVERQUILL""]","[""U"",""COLORLESS"",""WUBRG"",""QUANDRIX"",""UG""]",ABSENT,No answer-level source or claim reference,REPLACE,"Assign stable ID, evidence/interpretation record, controlled construct, positive/negative effect contract, dependency group, and explanation entailment before production repair."
gate_v2_cost_of_oath,gate,gate_v2_oath_steward,gate_v2_oath_steward,Steward the change,"It can ask discipline from me: not refusal of change, but care over what change consumes.",careful stewardship,agency-and-leverage,"[""philosophical-preference""]","[""W"",""R"",""WU"",""BANT"",""WR"",""BR"",""ESPER"",""GRIXIS"",""JUND"",""NAYA"",""ABZAN"",""TEMUR"",""MARDU"",""JESKAI"",""YORE"",""GLINT"",""DUNE"",""INK"",""WITCH"",""RG"",""UR"",""LOREHOLD"",""WB"",""PRISMARI"",""WG"",""SILVERQUILL""]","[""W"",""WR"",""NAYA"",""MARDU"",""JESKAI"",""LOREHOLD""]","[""COLORLESS"",""WUBRG""]",ABSENT,No answer-level source or claim reference,REPLACE,"Assign stable ID, evidence/interpretation record, controlled construct, positive/negative effect contract, dependency group, and explanation entailment before production repair."
gate_v2_cost_of_oath,gate,gate_v2_oath_whole_covenant,gate_v2_oath_whole_covenant,Keep the whole covenant,"It can ask me to hold every claim in view, even when no single hunger deserves the throne.",integrated covenant,agency-and-leverage,"[""philosophical-preference""]","[""W"",""U"",""B"",""R"",""G"",""WU"",""BANT"",""WR"",""BR"",""ESPER"",""GRIXIS"",""JUND"",""NAYA"",""ABZAN"",""TEMUR"",""SULTAI"",""MARDU"",""JESKAI"",""YORE"",""GLINT"",""DUNE"",""INK"",""WITCH"",""WUBRG"",""BG"",""RG"",""UB"",""UR"",""LOREHOLD"",""WB"",""PRISMARI"",""QUANDRIX"",""WG"",""SILVERQUILL"",""UG"",""WITHERBLOOM""]","[""WUBRG""]","[""COLORLESS""]",ABSENT,No answer-level source or claim reference,REPLACE,"Assign stable ID, evidence/interpretation record, controlled construct, positive/negative effect contract, dependency group, and explanation entailment before production repair."
gate_v2_cost_of_oath,gate,gate_v2_oath_transform,gate_v2_oath_transform,Become the changed thing,It can ask me to release the prior shape and become the answer the threshold requires.,transformative cost,agency-and-leverage,"[""philosophical-preference""]","[""U"",""G"",""GRIXIS"",""JUND"",""TEMUR"",""SULTAI"",""GLINT"",""BG"",""RG"",""UB"",""UR"",""PRISMARI"",""QUANDRIX"",""UG"",""WITHERBLOOM""]","[""U"",""G"",""TEMUR"",""SULTAI"",""GLINT"",""UB"",""UR"",""PRISMARI"",""QUANDRIX"",""UG""]","[""W"",""WU"",""WR"",""ESPER"",""NAYA"",""ABZAN"",""MARDU"",""JESKAI"",""YORE"",""DUNE"",""COLORLESS"",""WUBRG"",""LOREHOLD"",""WB"",""WG"",""SILVERQUILL""]",ABSENT,No answer-level source or claim reference,REPLACE,"Assign stable ID, evidence/interpretation record, controlled construct, positive/negative effect contract, dependency group, and explanation entailment before production repair."
gate_v2_cost_of_oath,gate,gate_v2_oath_without_color,gate_v2_oath_without_color,Stand where the lamp does not reach,"It can ask a clean refusal: no borrowed brightness, no decorated answer, only the boundary kept.",outside boundary,agency-and-leverage,"[""philosophical-preference""]","[""COLORLESS""]","[""COLORLESS""]","[""W"",""U"",""B"",""R"",""G"",""WU"",""BANT"",""WR"",""BR"",""ESPER"",""GRIXIS"",""JUND"",""NAYA"",""ABZAN"",""TEMUR"",""SULTAI"",""MARDU"",""JESKAI"",""YORE"",""GLINT"",""DUNE"",""INK"",""WITCH"",""WUBRG"",""BG"",""RG"",""UB"",""UR"",""LOREHOLD"",""WB"",""PRISMARI"",""QUANDRIX"",""WG"",""SILVERQUILL"",""UG"",""WITHERBLOOM""]",ABSENT,No answer-level source or claim reference,REPLACE,"Assign stable ID, evidence/interpretation record, controlled construct, positive/negative effect contract, dependency group, and explanation entailment before production repair."
hall_W_shelter,hall,MISSING,hall_W_shelter#answer-1,Build the shelter,"Set the standard, make the boundary clear, and give people something reliable to stand inside.",shelter through structure,procedure-and-order,"[""social-behavior"",""psychographic-or-motivational-inference-risk""]","[""W"",""WG"",""WU"",""WR""]","[""W""]","[""UB"",""BR""]",ABSENT,No answer-level source or claim reference,KEEP-BUT-REWORD,"Assign stable ID, evidence/interpretation record, controlled construct, positive/negative effect contract, dependency group, and explanation entailment before production repair."
hall_W_shelter,hall,MISSING,hall_W_shelter#answer-2,Write the procedure,Protection lasts when the process is explicit enough to survive mood.,procedure first,procedure-and-order,"[""social-behavior"",""psychographic-or-motivational-inference-risk""]","[""WU""]","[""WU""]","[""W""]",ABSENT,No answer-level source or claim reference,KEEP-BUT-REWORD,"Assign stable ID, evidence/interpretation record, controlled construct, positive/negative effect contract, dependency group, and explanation entailment before production repair."
hall_W_shelter,hall,MISSING,hall_W_shelter#answer-3,Intervene immediately,The first duty is to put yourself between the danger and the vulnerable person.,urgent guardianship,protection-and-duty,"[""social-behavior"",""psychographic-or-motivational-inference-risk""]","[""WR""]","[""WR""]","[""W""]",ABSENT,No answer-level source or claim reference,KEEP-BUT-REWORD,"Assign stable ID, evidence/interpretation record, controlled construct, positive/negative effect contract, dependency group, and explanation entailment before production repair."
hall_W_shelter,hall,MISSING,hall_W_shelter#answer-4,Restore belonging,People trust protection more when they feel held by the whole group.,belonging as shelter,protection-and-duty,"[""social-behavior"",""psychographic-or-motivational-inference-risk""]","[""WG""]","[""WG""]","[""W""]",ABSENT,No answer-level source or claim reference,KEEP-BUT-REWORD,"Assign stable ID, evidence/interpretation record, controlled construct, positive/negative effect contract, dependency group, and explanation entailment before production repair."
hall_W_duty,hall,MISSING,hall_W_duty#answer-1,Strengthen what protects,"If the shelter holds, improve it and keep faith with the people relying on it.",duty to maintain shelter,procedure-and-order,"[""social-behavior""]","[""W"",""WU"",""WG"",""WR""]","[""W""]","[""BR"",""RG""]",ABSENT,No answer-level source or claim reference,NEEDS-EVIDENCE,"Assign stable ID, evidence/interpretation record, controlled construct, positive/negative effect contract, dependency group, and explanation entailment before production repair."
hall_W_duty,hall,MISSING,hall_W_duty#answer-2,Refine the procedure,The system matters most when its rules are precise enough to remain fair under pressure.,airtight procedure,procedure-and-order,"[""social-behavior""]","[""WU""]","[""WU""]","[""W""]",ABSENT,No answer-level source or claim reference,NEEDS-EVIDENCE,"Assign stable ID, evidence/interpretation record, controlled construct, positive/negative effect contract, dependency group, and explanation entailment before production repair."
hall_W_duty,hall,MISSING,hall_W_duty#answer-3,Choose the urgent case,A structure that hesitates in the face of harm must be overruled by action.,case-first intervention,procedure-and-order,"[""social-behavior""]","[""WR""]","[""WR""]","[""W""]",ABSENT,No answer-level source or claim reference,NEEDS-EVIDENCE,"Assign stable ID, evidence/interpretation record, controlled construct, positive/negative effect contract, dependency group, and explanation entailment before production repair."
hall_W_duty,hall,MISSING,hall_W_duty#answer-4,Heal the bond,"Protection is real when people want to carry it together, not just receive it.",shared care,procedure-and-order,"[""social-behavior"",""psychographic-or-motivational-inference-risk""]","[""WG""]","[""WG""]","[""W""]",ABSENT,No answer-level source or claim reference,NEEDS-EVIDENCE,"Assign stable ID, evidence/interpretation record, controlled construct, positive/negative effect contract, dependency group, and explanation entailment before production repair."
hall_B_cost,hall,MISSING,hall_B_cost#answer-1,Pay the cost,"If the price buys agency, the cost is part of the plan rather than a warning to stop.",power at a cost,community-and-belonging,"[""social-behavior"",""psychographic-or-motivational-inference-risk"",""aesthetic-or-narrative-preference""]","[""B"",""UB"",""BR"",""WB""]","[""B""]","[""U"",""W"",""WG""]",ABSENT,No answer-level source or claim reference,RETUNE,"Assign stable ID, evidence/interpretation record, controlled construct, positive/negative effect contract, dependency group, and explanation entailment before production repair."
hall_B_cost,hall,MISSING,hall_B_cost#answer-2,Hide the leverage,Control is safest when no one knows which resource you are holding.,secret leverage,community-and-belonging,"[""social-behavior""]","[""UB""]","[""UB""]","[""B""]",ABSENT,No answer-level source or claim reference,NEEDS-EVIDENCE,"Assign stable ID, evidence/interpretation record, controlled construct, positive/negative effect contract, dependency group, and explanation entailment before production repair."
hall_B_cost,hall,MISSING,hall_B_cost#answer-3,Make it a debt,A cost matters most when it becomes an obligation someone must answer.,binding debt,community-and-belonging,"[""social-behavior""]","[""WB""]","[""WB""]","[""B""]",ABSENT,No answer-level source or claim reference,NEEDS-EVIDENCE,"Assign stable ID, evidence/interpretation record, controlled construct, positive/negative effect contract, dependency group, and explanation entailment before production repair."
hall_B_cost,hall,MISSING,hall_B_cost#answer-4,Spend the restraint,The release itself is the point; the price proves the appetite is real.,unrestrained appetite,community-and-belonging,"[""social-behavior"",""psychographic-or-motivational-inference-risk""]","[""BR""]","[""BR""]","[""B""]",ABSENT,No answer-level source or claim reference,KEEP-BUT-REWORD,"Assign stable ID, evidence/interpretation record, controlled construct, positive/negative effect contract, dependency group, and explanation entailment before production repair."
hall_B_graveyard,hall,MISSING,hall_B_graveyard#answer-1,Reclaim it as leverage,The graveyard is not a memorial. It is a resource line waiting to be used.,graveyard as resource,agency-and-leverage,"[""gameplay-or-deck-behavior""]","[""B"",""BG"",""UB""]","[""B""]","[""U"",""W"",""WG""]",ABSENT,No answer-level source or claim reference,NEEDS-EVIDENCE,"Assign stable ID, evidence/interpretation record, controlled construct, positive/negative effect contract, dependency group, and explanation entailment before production repair."
hall_B_graveyard,hall,MISSING,hall_B_graveyard#answer-2,Feed the cycle,Decay matters because it makes the next life possible.,cycle of decay,decay-and-renewal,"[""abstract-scenario-preference""]","[""BG"",""WITHERBLOOM""]","[""BG"",""WITHERBLOOM""]","[""B""]",ABSENT,No answer-level source or claim reference,NEEDS-EVIDENCE,"Assign stable ID, evidence/interpretation record, controlled construct, positive/negative effect contract, dependency group, and explanation entailment before production repair."
hall_B_graveyard,hall,MISSING,hall_B_graveyard#answer-3,Protect the record,"What is gone should become duty, precedent, or warning.",memorial duty,procedure-and-order,"[""social-behavior""]","[""W"",""LOREHOLD""]",[],"[""B""]",ABSENT,No answer-level source or claim reference,NEEDS-EVIDENCE,"Assign stable ID, evidence/interpretation record, controlled construct, positive/negative effect contract, dependency group, and explanation entailment before production repair."
hall_B_graveyard,hall,MISSING,hall_B_graveyard#answer-4,Turn it into pressure,The loss should make everyone else feel what the exchange is worth.,public pressure,speed-and-action,"[""gameplay-or-deck-behavior"",""social-behavior"",""psychographic-or-motivational-inference-risk""]","[""BR"",""SILVERQUILL""]","[""BR""]","[""B""]",ABSENT,No answer-level source or claim reference,RETUNE,"Assign stable ID, evidence/interpretation record, controlled construct, positive/negative effect contract, dependency group, and explanation entailment before production repair."
hall_U_understanding,hall,MISSING,hall_U_understanding#answer-1,Map the variables,"Preserve options, gather the missing information, and move once the structure can be understood.",act after understanding,procedure-and-order,"[""psychographic-or-motivational-inference-risk""]","[""U"",""WU"",""UB""]","[""U""]","[""B"",""WB"",""BR"",""RG""]",ABSENT,No answer-level source or claim reference,KEEP-BUT-REWORD,"Assign stable ID, evidence/interpretation record, controlled construct, positive/negative effect contract, dependency group, and explanation entailment before production repair."
hall_U_understanding,hall,MISSING,hall_U_understanding#answer-2,Codify the process,The answer should become a rule everyone can trust.,formal procedure,procedure-and-order,"[""social-behavior"",""psychographic-or-motivational-inference-risk""]","[""WU""]","[""WU""]","[""U""]",ABSENT,No answer-level source or claim reference,KEEP-BUT-REWORD,"Assign stable ID, evidence/interpretation record, controlled construct, positive/negative effect contract, dependency group, and explanation entailment before production repair."
hall_U_understanding,hall,MISSING,hall_U_understanding#answer-3,Keep the secret,The safest move is to know more than the table knows you know.,hidden leverage,agency-and-leverage,"[""social-behavior"",""psychographic-or-motivational-inference-risk""]","[""UB""]","[""UB""]","[""U""]",ABSENT,No answer-level source or claim reference,KEEP-BUT-REWORD,"Assign stable ID, evidence/interpretation record, controlled construct, positive/negative effect contract, dependency group, and explanation entailment before production repair."
hall_U_understanding,hall,MISSING,hall_U_understanding#answer-4,Run the experiment,Build the test and let the result teach you in motion.,volatile experiment,experiment-and-invention,"[""psychographic-or-motivational-inference-risk""]","[""UR""]","[""UR""]","[""U""]",ABSENT,No answer-level source or claim reference,KEEP-BUT-REWORD,"Assign stable ID, evidence/interpretation record, controlled construct, positive/negative effect contract, dependency group, and explanation entailment before production repair."
hall_U_possibility,hall,MISSING,hall_U_possibility#answer-1,Improve the model,"Education, tools, and repeatable practice can turn a current limit into a solvable problem.",optimization through knowledge,knowledge-and-deliberation,"[""gameplay-or-deck-behavior"",""social-behavior"",""philosophical-preference""]","[""U"",""UG"",""UR""]","[""U""]","[""B"",""WB"",""RG"",""BR""]",ABSENT,No answer-level source or claim reference,RETUNE,"Assign stable ID, evidence/interpretation record, controlled construct, positive/negative effect contract, dependency group, and explanation entailment before production repair."
hall_U_possibility,hall,MISSING,hall_U_possibility#answer-2,Adapt the organism,The living form should change so it can survive what comes next.,biological adaptation,growth-and-nature,"[""social-behavior""]","[""UG""]","[""UG""]","[""U""]",ABSENT,No answer-level source or claim reference,NEEDS-EVIDENCE,"Assign stable ID, evidence/interpretation record, controlled construct, positive/negative effect contract, dependency group, and explanation entailment before production repair."
hall_U_possibility,hall,MISSING,hall_U_possibility#answer-3,Accelerate the prototype,The breakthrough arrives when the experiment is pushed hard enough to reveal itself.,rapid experimentation,experiment-and-invention,"[""social-behavior"",""psychographic-or-motivational-inference-risk""]","[""UR""]","[""UR""]","[""U""]",ABSENT,No answer-level source or claim reference,KEEP-BUT-REWORD,"Assign stable ID, evidence/interpretation record, controlled construct, positive/negative effect contract, dependency group, and explanation entailment before production repair."
hall_U_possibility,hall,MISSING,hall_U_possibility#answer-4,Secure the leverage,Improvement matters most when the knowledge becomes power no one can take.,knowledge as leverage,knowledge-and-deliberation,"[""social-behavior"",""philosophical-preference""]","[""UB""]","[""UB""]","[""U""]",ABSENT,No answer-level source or claim reference,NEEDS-EVIDENCE,"Assign stable ID, evidence/interpretation record, controlled construct, positive/negative effect contract, dependency group, and explanation entailment before production repair."
hall_R_ignition,hall,MISSING,hall_R_ignition#answer-1,Move with the spark,The feeling is already information. Act while it is alive enough to matter.,emotion into action,knowledge-and-deliberation,"[""psychographic-or-motivational-inference-risk""]","[""R"",""WR""]","[""R""]","[""WU"",""U"",""WB""]",ABSENT,No answer-level source or claim reference,KEEP-BUT-REWORD,"Assign stable ID, evidence/interpretation record, controlled construct, positive/negative effect contract, dependency group, and explanation entailment before production repair."
hall_R_ignition,hall,MISSING,hall_R_ignition#answer-2,Protect someone now,The urgency matters because a vulnerable person needs an intervening body.,urgent protection,protection-and-duty,"[""social-behavior"",""psychographic-or-motivational-inference-risk""]","[""WR""]","[""WR""]","[""R""]",ABSENT,No answer-level source or claim reference,KEEP-BUT-REWORD,"Assign stable ID, evidence/interpretation record, controlled construct, positive/negative effect contract, dependency group, and explanation entailment before production repair."
hall_R_ignition,hall,MISSING,hall_R_ignition#answer-3,Make it a test,Build the experiment and let the result teach you what the spark means.,experimental technique,experiment-and-invention,"[""psychographic-or-motivational-inference-risk""]","[""UR""]","[""UR""]","[""R""]",ABSENT,No answer-level source or claim reference,KEEP-BUT-REWORD,"Assign stable ID, evidence/interpretation record, controlled construct, positive/negative effect contract, dependency group, and explanation entailment before production repair."
hall_R_ignition,hall,MISSING,hall_R_ignition#answer-4,Break restraint publicly,The rupture matters because the room has to feel what restraint was hiding.,transgressive release,uncontrolled-editorial-construct,"[""social-behavior"",""psychographic-or-motivational-inference-risk""]","[""BR""]","[""BR""]","[""R""]",ABSENT,No answer-level source or claim reference,KEEP-BUT-REWORD,"Assign stable ID, evidence/interpretation record, controlled construct, positive/negative effect contract, dependency group, and explanation entailment before production repair."
hall_R_ignition,hall,MISSING,hall_R_ignition#answer-5,Trust the wild body,"The answer is in instinct, muscle, and the old belonging underneath the cage.",primal instinct,community-and-belonging,"[""social-behavior"",""psychographic-or-motivational-inference-risk""]","[""RG""]","[""RG""]","[""R""]",ABSENT,No answer-level source or claim reference,KEEP-BUT-REWORD,"Assign stable ID, evidence/interpretation record, controlled construct, positive/negative effect contract, dependency group, and explanation entailment before production repair."
hall_R_freedom,hall,MISSING,hall_R_freedom#answer-1,Take the direct line,"Choose the motion that frees breath now, even if it only opens a temporary window.",direct action,speed-and-action,"[""abstract-scenario-preference""]","[""R"",""WR""]","[""R""]","[""WU"",""U"",""WB""]",ABSENT,No answer-level source or claim reference,NEEDS-EVIDENCE,"Assign stable ID, evidence/interpretation record, controlled construct, positive/negative effect contract, dependency group, and explanation entailment before production repair."
hall_R_freedom,hall,MISSING,hall_R_freedom#answer-2,Charge for the vulnerable,The line matters because it gets between harm and the person in front of you.,protective charge,protection-and-duty,"[""social-behavior""]","[""WR""]","[""WR""]","[""R""]",ABSENT,No answer-level source or claim reference,NEEDS-EVIDENCE,"Assign stable ID, evidence/interpretation record, controlled construct, positive/negative effect contract, dependency group, and explanation entailment before production repair."
hall_R_freedom,hall,MISSING,hall_R_freedom#answer-3,Prototype the way out,A risky build can reveal the door no one could map in advance.,rapid prototype,experiment-and-invention,"[""abstract-scenario-preference""]","[""UR""]","[""UR""]","[""R""]",ABSENT,No answer-level source or claim reference,NEEDS-EVIDENCE,"Assign stable ID, evidence/interpretation record, controlled construct, positive/negative effect contract, dependency group, and explanation entailment before production repair."
hall_R_freedom,hall,MISSING,hall_R_freedom#answer-4,Make pain visible,The point is to make the hidden wound impossible for the room to ignore.,pain as spectacle,expression-and-performance,"[""aesthetic-or-narrative-preference""]","[""BR""]","[""BR""]","[""R""]",ABSENT,No answer-level source or claim reference,NEEDS-EVIDENCE,"Assign stable ID, evidence/interpretation record, controlled construct, positive/negative effect contract, dependency group, and explanation entailment before production repair."
hall_R_freedom,hall,MISSING,hall_R_freedom#answer-5,Return to the pack,Freedom starts by refusing the cage and trusting the living force that was already yours.,wild belonging,community-and-belonging,"[""gameplay-or-deck-behavior"",""social-behavior"",""aesthetic-or-narrative-preference"",""philosophical-preference""]","[""RG""]","[""RG""]","[""R""]",ABSENT,No answer-level source or claim reference,RETUNE,"Assign stable ID, evidence/interpretation record, controlled construct, positive/negative effect contract, dependency group, and explanation entailment before production repair."
hall_G_growth,hall,MISSING,hall_G_growth#answer-1,Let the roots deepen,"Give it time, land, and trust so it can become what it already is.",organic growth,growth-and-nature,"[""social-behavior"",""psychographic-or-motivational-inference-risk"",""philosophical-preference""]","[""G"",""WG""]","[""G""]","[""U"",""WU""]",ABSENT,No answer-level source or claim reference,RETUNE,"Assign stable ID, evidence/interpretation record, controlled construct, positive/negative effect contract, dependency group, and explanation entailment before production repair."
hall_G_growth,hall,MISSING,hall_G_growth#answer-2,Gather the circle,The answer starts when people choose to carry care together.,communal care,expression-and-performance,"[""social-behavior"",""psychographic-or-motivational-inference-risk"",""aesthetic-or-narrative-preference""]","[""WG""]","[""WG""]","[""G""]",ABSENT,No answer-level source or claim reference,RETUNE,"Assign stable ID, evidence/interpretation record, controlled construct, positive/negative effect contract, dependency group, and explanation entailment before production repair."
hall_G_growth,hall,MISSING,hall_G_growth#answer-3,Alter the form,Change the living body so it can survive the future.,engineered adaptation,growth-and-nature,"[""psychographic-or-motivational-inference-risk""]","[""UG""]","[""UG""]","[""G""]",ABSENT,No answer-level source or claim reference,KEEP-BUT-REWORD,"Assign stable ID, evidence/interpretation record, controlled construct, positive/negative effect contract, dependency group, and explanation entailment before production repair."
hall_G_growth,hall,MISSING,hall_G_growth#answer-4,Use what fell away,The discarded material can still become survival.,reclamation economy,uncontrolled-editorial-construct,"[""gameplay-or-deck-behavior"",""psychographic-or-motivational-inference-risk""]","[""BG"",""WITHERBLOOM""]","[""BG""]","[""G""]",ABSENT,No answer-level source or claim reference,KEEP-BUT-REWORD,"Assign stable ID, evidence/interpretation record, controlled construct, positive/negative effect contract, dependency group, and explanation entailment before production repair."
hall_G_growth,hall,MISSING,hall_G_growth#answer-5,Break the fence,The old body knows what constraint tried to cage.,wild force,uncontrolled-editorial-construct,"[""psychographic-or-motivational-inference-risk""]","[""RG""]","[""RG""]","[""G""]",ABSENT,No answer-level source or claim reference,KEEP-BUT-REWORD,"Assign stable ID, evidence/interpretation record, controlled construct, positive/negative effect contract, dependency group, and explanation entailment before production repair."
hall_G_natural_order,hall,MISSING,hall_G_natural_order#answer-1,Trust the natural pace,"Follow instinct, land, and season until the living shape becomes visible.",natural patience,growth-and-nature,"[""social-behavior""]","[""G""]","[""G""]","[""U"",""WU""]",ABSENT,No answer-level source or claim reference,NEEDS-EVIDENCE,"Assign stable ID, evidence/interpretation record, controlled construct, positive/negative effect contract, dependency group, and explanation entailment before production repair."
hall_G_natural_order,hall,MISSING,hall_G_natural_order#answer-2,Improve the organism,A body that cannot meet the future should be deliberately adapted.,purposeful adaptation,knowledge-and-deliberation,"[""abstract-scenario-preference""]","[""UG""]","[""UG""]","[""G""]",ABSENT,No answer-level source or claim reference,NEEDS-EVIDENCE,"Assign stable ID, evidence/interpretation record, controlled construct, positive/negative effect contract, dependency group, and explanation entailment before production repair."
hall_G_natural_order,hall,MISSING,hall_G_natural_order#answer-3,Move as a community,The bond matters most when everyone chooses to belong together.,shared community,community-and-belonging,"[""social-behavior""]","[""WG""]","[""WG""]","[""G""]",ABSENT,No answer-level source or claim reference,NEEDS-EVIDENCE,"Assign stable ID, evidence/interpretation record, controlled construct, positive/negative effect contract, dependency group, and explanation entailment before production repair."
hall_G_natural_order,hall,MISSING,hall_G_natural_order#answer-4,Reclaim the remains,What collapsed should feed the next survival engine.,decay reclamation,decay-and-renewal,"[""abstract-scenario-preference""]","[""BG"",""WITHERBLOOM""]","[""BG""]","[""G""]",ABSENT,No answer-level source or claim reference,NEEDS-EVIDENCE,"Assign stable ID, evidence/interpretation record, controlled construct, positive/negative effect contract, dependency group, and explanation entailment before production repair."
hall_G_natural_order,hall,MISSING,hall_G_natural_order#answer-5,Refuse the cage,Instinct becomes true when it will not be domesticated.,wild refusal,growth-and-nature,"[""abstract-scenario-preference""]","[""RG""]","[""RG""]","[""G""]",ABSENT,No answer-level source or claim reference,NEEDS-EVIDENCE,"Assign stable ID, evidence/interpretation record, controlled construct, positive/negative effect contract, dependency group, and explanation entailment before production repair."
hall_WU_process,hall,MISSING,hall_WU_process#answer-1,Follow the process,"Impartial rules protect everyone, especially when emotions are loud.",fairness through process,procedure-and-order,"[""social-behavior"",""psychographic-or-motivational-inference-risk"",""aesthetic-or-narrative-preference""]","[""WU""]","[""WU""]","[""WG"",""WR"",""WB""]",ABSENT,No answer-level source or claim reference,RETUNE,"Assign stable ID, evidence/interpretation record, controlled construct, positive/negative effect contract, dependency group, and explanation entailment before production repair."
hall_WU_process,hall,MISSING,hall_WU_process#answer-2,Repair belonging first,A rule without trust will not hold the community together.,belonging over procedure,procedure-and-order,"[""social-behavior"",""psychographic-or-motivational-inference-risk""]","[""WG""]","[""WG""]","[""WU""]",ABSENT,No answer-level source or claim reference,NEEDS-EVIDENCE,"Assign stable ID, evidence/interpretation record, controlled construct, positive/negative effect contract, dependency group, and explanation entailment before production repair."
hall_WU_process,hall,MISSING,hall_WU_process#answer-3,Protect the vulnerable now,A process that arrives too late is not protection.,immediate rescue,protection-and-duty,"[""social-behavior"",""psychographic-or-motivational-inference-risk""]","[""WR""]","[""WR""]","[""WU""]",ABSENT,No answer-level source or claim reference,NEEDS-EVIDENCE,"Assign stable ID, evidence/interpretation record, controlled construct, positive/negative effect contract, dependency group, and explanation entailment before production repair."
hall_WU_process,hall,MISSING,hall_WU_process#answer-4,Use the rule as leverage,The process matters because it creates obligations that can be collected.,contractual leverage,procedure-and-order,"[""social-behavior"",""psychographic-or-motivational-inference-risk""]","[""WB""]","[""WB""]","[""WU""]",ABSENT,No answer-level source or claim reference,NEEDS-EVIDENCE,"Assign stable ID, evidence/interpretation record, controlled construct, positive/negative effect contract, dependency group, and explanation entailment before production repair."
hall_UB_information,hall,MISSING,hall_UB_information#answer-1,Hold it until timing matters,Information loses power when it is revealed before it can protect the outcome.,strategic secrecy,protection-and-duty,"[""social-behavior"",""philosophical-preference""]","[""UB""]","[""UB""]","[""SILVERQUILL"",""WR""]",ABSENT,No answer-level source or claim reference,KEEP-BUT-REWORD,"Assign stable ID, evidence/interpretation record, controlled construct, positive/negative effect contract, dependency group, and explanation entailment before production repair."
hall_UB_information,hall,MISSING,hall_UB_information#answer-2,Turn it into obligation,"The truth creates a debt, and the debt creates durable leverage.",visible obligation,agency-and-leverage,"[""gameplay-or-deck-behavior"",""philosophical-preference""]","[""WB""]","[""WB""]","[""UB""]",ABSENT,No answer-level source or claim reference,KEEP-BUT-REWORD,"Assign stable ID, evidence/interpretation record, controlled construct, positive/negative effect contract, dependency group, and explanation entailment before production repair."
hall_UB_information,hall,MISSING,hall_UB_information#answer-3,Make the pattern legible,The truth matters most when it becomes a proof others can test.,public proof,uncontrolled-editorial-construct,"[""social-behavior"",""philosophical-preference""]","[""QUANDRIX"",""WU""]","[""QUANDRIX""]","[""UB""]",ABSENT,No answer-level source or claim reference,KEEP-BUT-REWORD,"Assign stable ID, evidence/interpretation record, controlled construct, positive/negative effect contract, dependency group, and explanation entailment before production repair."
hall_UB_information,hall,MISSING,hall_UB_information#answer-4,Say it so the room changes,A hidden truth is wasted if no one feels its force.,rhetorical reveal,uncontrolled-editorial-construct,"[""psychographic-or-motivational-inference-risk"",""philosophical-preference""]","[""SILVERQUILL""]","[""SILVERQUILL""]","[""UB""]",ABSENT,No answer-level source or claim reference,KEEP-BUT-REWORD,"Assign stable ID, evidence/interpretation record, controlled construct, positive/negative effect contract, dependency group, and explanation entailment before production repair."
hall_BR_intensity,hall,MISSING,hall_BR_intensity#answer-1,Make the discomfort impossible to ignore,Shock can be honest when politeness is the lie.,transgressive performance,expression-and-performance,"[""social-behavior""]","[""BR""]","[""BR""]","[""WU"",""WG""]",ABSENT,No answer-level source or claim reference,NEEDS-EVIDENCE,"Assign stable ID, evidence/interpretation record, controlled construct, positive/negative effect contract, dependency group, and explanation entailment before production repair."
hall_BR_intensity,hall,MISSING,hall_BR_intensity#answer-2,Break the cage itself,The problem is not numbness; it is domestication.,wild liberation,decay-and-renewal,"[""social-behavior"",""psychographic-or-motivational-inference-risk""]","[""RG""]","[""RG""]","[""BR""]",ABSENT,No answer-level source or claim reference,KEEP-BUT-REWORD,"Assign stable ID, evidence/interpretation record, controlled construct, positive/negative effect contract, dependency group, and explanation entailment before production repair."
hall_BR_intensity,hall,MISSING,hall_BR_intensity#answer-3,Craft a beautiful rupture,"The form matters. The release should be art, not just damage.",crafted spectacle,expression-and-performance,"[""social-behavior"",""aesthetic-or-narrative-preference""]","[""PRISMARI""]","[""PRISMARI""]","[""BR""]",ABSENT,No answer-level source or claim reference,NEEDS-EVIDENCE,"Assign stable ID, evidence/interpretation record, controlled construct, positive/negative effect contract, dependency group, and explanation entailment before production repair."
hall_BR_intensity,hall,MISSING,hall_BR_intensity#answer-4,Name the wrong and move,Do not perform around harm. Stop it.,righteous action,decay-and-renewal,"[""social-behavior""]","[""WR""]","[""WR""]","[""BR""]",ABSENT,No answer-level source or claim reference,NEEDS-EVIDENCE,"Assign stable ID, evidence/interpretation record, controlled construct, positive/negative effect contract, dependency group, and explanation entailment before production repair."
hall_RG_wild,hall,MISSING,hall_RG_wild#answer-1,Stop asking permission,What was taken will not be returned by the people who paved it over.,undomesticated grievance,uncontrolled-editorial-construct,"[""gameplay-or-deck-behavior"",""social-behavior"",""psychographic-or-motivational-inference-risk""]","[""RG""]","[""RG""]","[""WU"",""WG""]",ABSENT,No answer-level source or claim reference,RETUNE,"Assign stable ID, evidence/interpretation record, controlled construct, positive/negative effect contract, dependency group, and explanation entailment before production repair."
hall_RG_wild,hall,MISSING,hall_RG_wild#answer-2,Turn the wound into theater,Make the comfortable audience feel what they were ignoring.,performative transgression,uncontrolled-editorial-construct,"[""gameplay-or-deck-behavior"",""social-behavior"",""psychographic-or-motivational-inference-risk""]","[""BR""]","[""BR""]","[""RG""]",ABSENT,No answer-level source or claim reference,RETUNE,"Assign stable ID, evidence/interpretation record, controlled construct, positive/negative effect contract, dependency group, and explanation entailment before production repair."
hall_RG_wild,hall,MISSING,hall_RG_wild#answer-3,Rebuild trust around what remains,The answer is a community strong enough to keep people from being erased.,communal repair,community-and-belonging,"[""social-behavior"",""psychographic-or-motivational-inference-risk""]","[""WG""]","[""WG""]","[""RG""]",ABSENT,No answer-level source or claim reference,KEEP-BUT-REWORD,"Assign stable ID, evidence/interpretation record, controlled construct, positive/negative effect contract, dependency group, and explanation entailment before production repair."
hall_RG_wild,hall,MISSING,hall_RG_wild#answer-4,Study the damaged ecosystem,"The wound is real, but understanding the cycle is the first act of care.",ecological study,knowledge-and-deliberation,"[""psychographic-or-motivational-inference-risk""]","[""WITHERBLOOM"",""BG""]","[""WITHERBLOOM""]","[""RG""]",ABSENT,No answer-level source or claim reference,KEEP-BUT-REWORD,"Assign stable ID, evidence/interpretation record, controlled construct, positive/negative effect contract, dependency group, and explanation entailment before production repair."
hall_WG_belonging,hall,MISSING,hall_WG_belonging#answer-1,Belonging that softens the self,Healing starts when the person no longer has to be a sealed-off island.,shared self,community-and-belonging,"[""social-behavior"",""psychographic-or-motivational-inference-risk"",""aesthetic-or-narrative-preference""]","[""WG""]","[""WG""]","[""WU"",""UB""]",ABSENT,No answer-level source or claim reference,RETUNE,"Assign stable ID, evidence/interpretation record, controlled construct, positive/negative effect contract, dependency group, and explanation entailment before production repair."
hall_WG_belonging,hall,MISSING,hall_WG_belonging#answer-2,Clear duties and limits,Safety comes from knowing what everyone is bound to do.,enforceable structure,procedure-and-order,"[""psychographic-or-motivational-inference-risk""]","[""WU""]","[""WU""]","[""WG""]",ABSENT,No answer-level source or claim reference,KEEP-BUT-REWORD,"Assign stable ID, evidence/interpretation record, controlled construct, positive/negative effect contract, dependency group, and explanation entailment before production repair."
hall_WG_belonging,hall,MISSING,hall_WG_belonging#answer-3,Hands-on life care,Tend the messy living needs first; meaning follows.,vital care,decay-and-renewal,"[""psychographic-or-motivational-inference-risk"",""philosophical-preference""]","[""WITHERBLOOM"",""UG""]","[""WITHERBLOOM""]","[""WG""]",ABSENT,No answer-level source or claim reference,KEEP-BUT-REWORD,"Assign stable ID, evidence/interpretation record, controlled construct, positive/negative effect contract, dependency group, and explanation entailment before production repair."
hall_WG_belonging,hall,MISSING,hall_WG_belonging#answer-4,A voice that changes them,The right words can give someone a new image of themselves.,transformative speech,expression-and-performance,"[""psychographic-or-motivational-inference-risk"",""aesthetic-or-narrative-preference""]","[""SILVERQUILL""]","[""SILVERQUILL""]","[""WG""]",ABSENT,No answer-level source or claim reference,KEEP-BUT-REWORD,"Assign stable ID, evidence/interpretation record, controlled construct, positive/negative effect contract, dependency group, and explanation entailment before production repair."
hall_WB_obligation,hall,MISSING,hall_WB_obligation#answer-1,A debt that outlasts apology,Obligation is not a feeling. It is a structure with consequences.,debt as relationship,procedure-and-order,"[""psychographic-or-motivational-inference-risk""]","[""WB""]","[""WB""]","[""WG"",""UB""]",ABSENT,No answer-level source or claim reference,KEEP-BUT-REWORD,"Assign stable ID, evidence/interpretation record, controlled construct, positive/negative effect contract, dependency group, and explanation entailment before production repair."
hall_WB_obligation,hall,MISSING,hall_WB_obligation#answer-2,A fair process,Restitution has to be impartial or it becomes private power.,fairness through process,expression-and-performance,"[""aesthetic-or-narrative-preference""]","[""WU""]","[""WU""]","[""WB""]",ABSENT,No answer-level source or claim reference,NEEDS-EVIDENCE,"Assign stable ID, evidence/interpretation record, controlled construct, positive/negative effect contract, dependency group, and explanation entailment before production repair."
hall_WB_obligation,hall,MISSING,hall_WB_obligation#answer-3,Hidden leverage,The useful debt is the one they do not know you can call in yet.,secret leverage,agency-and-leverage,"[""abstract-scenario-preference""]","[""UB""]","[""UB""]","[""WB""]",ABSENT,No answer-level source or claim reference,NEEDS-EVIDENCE,"Assign stable ID, evidence/interpretation record, controlled construct, positive/negative effect contract, dependency group, and explanation entailment before production repair."
hall_WB_obligation,hall,MISSING,hall_WB_obligation#answer-4,Publicly chosen words,The repair must be spoken well enough to reshape reputation.,rhetorical status,uncontrolled-editorial-construct,"[""social-behavior""]","[""SILVERQUILL""]","[""SILVERQUILL""]","[""WB""]",ABSENT,No answer-level source or claim reference,NEEDS-EVIDENCE,"Assign stable ID, evidence/interpretation record, controlled construct, positive/negative effect contract, dependency group, and explanation entailment before production repair."
hall_UR_experiment,hall,MISSING,hall_UR_experiment#answer-1,The mechanism,Even failure teaches something if the experiment was interesting.,mechanistic experiment,experiment-and-invention,"[""abstract-scenario-preference""]","[""UR""]","[""UR""]","[""WU"",""PRISMARI""]",ABSENT,No answer-level source or claim reference,NEEDS-EVIDENCE,"Assign stable ID, evidence/interpretation record, controlled construct, positive/negative effect contract, dependency group, and explanation entailment before production repair."
hall_UR_experiment,hall,MISSING,hall_UR_experiment#answer-2,The expression,It matters because it will make people feel what the idea means.,elemental expression,expression-and-performance,"[""social-behavior"",""psychographic-or-motivational-inference-risk""]","[""PRISMARI""]","[""PRISMARI""]","[""UR""]",ABSENT,No answer-level source or claim reference,KEEP-BUT-REWORD,"Assign stable ID, evidence/interpretation record, controlled construct, positive/negative effect contract, dependency group, and explanation entailment before production repair."
hall_UR_experiment,hall,MISSING,hall_UR_experiment#answer-3,The proof,A beautiful idea still needs a pattern that can hold.,formal pattern,uncontrolled-editorial-construct,"[""aesthetic-or-narrative-preference""]","[""QUANDRIX""]","[""QUANDRIX""]","[""UR""]",ABSENT,No answer-level source or claim reference,NEEDS-EVIDENCE,"Assign stable ID, evidence/interpretation record, controlled construct, positive/negative effect contract, dependency group, and explanation entailment before production repair."
hall_UR_experiment,hall,MISSING,hall_UR_experiment#answer-4,The adaptation,The question is whether the system becomes more resilient afterward.,biological adaptation,growth-and-nature,"[""abstract-scenario-preference""]","[""UG""]","[""UG""]","[""UR""]",ABSENT,No answer-level source or claim reference,NEEDS-EVIDENCE,"Assign stable ID, evidence/interpretation record, controlled construct, positive/negative effect contract, dependency group, and explanation entailment before production repair."
hall_BG_reclamation,hall,MISSING,hall_BG_reclamation#answer-1,Build from the rot,Nothing discarded stops being part of the city. Reclaim it.,survival through reclamation,experiment-and-invention,"[""gameplay-or-deck-behavior"",""aesthetic-or-narrative-preference""]","[""BG""]","[""BG""]","[""WU"",""PRISMARI""]",ABSENT,No answer-level source or claim reference,NEEDS-EVIDENCE,"Assign stable ID, evidence/interpretation record, controlled construct, positive/negative effect contract, dependency group, and explanation entailment before production repair."
hall_BG_reclamation,hall,MISSING,hall_BG_reclamation#answer-2,Study the life-death exchange,The collapse reveals how vitality actually moves.,essence ecology,knowledge-and-deliberation,"[""abstract-scenario-preference""]","[""WITHERBLOOM""]","[""WITHERBLOOM""]","[""BG""]",ABSENT,No answer-level source or claim reference,NEEDS-EVIDENCE,"Assign stable ID, evidence/interpretation record, controlled construct, positive/negative effect contract, dependency group, and explanation entailment before production repair."
hall_BG_reclamation,hall,MISSING,hall_BG_reclamation#answer-3,Gather the abandoned,The people left behind need belonging before strategy.,communal shelter,community-and-belonging,"[""social-behavior""]","[""WG""]","[""WG""]","[""BG""]",ABSENT,No answer-level source or claim reference,NEEDS-EVIDENCE,"Assign stable ID, evidence/interpretation record, controlled construct, positive/negative effect contract, dependency group, and explanation entailment before production repair."
hall_BG_reclamation,hall,MISSING,hall_BG_reclamation#answer-4,Make the debt visible,Someone profited from the collapse. The ledger should remember.,owed restitution,uncontrolled-editorial-construct,"[""abstract-scenario-preference""]","[""WB""]","[""WB""]","[""BG""]",ABSENT,No answer-level source or claim reference,NEEDS-EVIDENCE,"Assign stable ID, evidence/interpretation record, controlled construct, positive/negative effect contract, dependency group, and explanation entailment before production repair."
hall_UG_adaptation,hall,MISSING,hall_UG_adaptation#answer-1,Adapt the organism,"If survival requires change, the form should change.",purposeful biological adaptation,growth-and-nature,"[""psychographic-or-motivational-inference-risk""]","[""UG""]","[""UG""]","[""QUANDRIX"",""WU""]",ABSENT,No answer-level source or claim reference,KEEP-BUT-REWORD,"Assign stable ID, evidence/interpretation record, controlled construct, positive/negative effect contract, dependency group, and explanation entailment before production repair."
hall_UG_adaptation,hall,MISSING,hall_UG_adaptation#answer-2,Find the equation,The living system is an expression of a deeper pattern.,mathematical structure,procedure-and-order,"[""psychographic-or-motivational-inference-risk""]","[""QUANDRIX""]","[""QUANDRIX""]","[""UG""]",ABSENT,No answer-level source or claim reference,KEEP-BUT-REWORD,"Assign stable ID, evidence/interpretation record, controlled construct, positive/negative effect contract, dependency group, and explanation entailment before production repair."
hall_UG_adaptation,hall,MISSING,hall_UG_adaptation#answer-3,Study the essence cycle,Life and death are not opposites. The exchange itself matters.,life-death ecology,knowledge-and-deliberation,"[""psychographic-or-motivational-inference-risk""]","[""WITHERBLOOM""]","[""WITHERBLOOM""]","[""UG""]",ABSENT,No answer-level source or claim reference,KEEP-BUT-REWORD,"Assign stable ID, evidence/interpretation record, controlled construct, positive/negative effect contract, dependency group, and explanation entailment before production repair."
hall_UG_adaptation,hall,MISSING,hall_UG_adaptation#answer-4,Prototype wildly,Try the strange idea and see what the system teaches back.,chaotic experiment,experiment-and-invention,"[""psychographic-or-motivational-inference-risk""]","[""UR""]","[""UR""]","[""UG""]",ABSENT,No answer-level source or claim reference,KEEP-BUT-REWORD,"Assign stable ID, evidence/interpretation record, controlled construct, positive/negative effect contract, dependency group, and explanation entailment before production repair."
hall_BANT_champion,hall,MISSING,hall_BANT_champion#answer-1,Public trust and support,"The champion is worthy when their excellence stays visible, accountable, and carried by the community behind them.",supported champion,protection-and-duty,"[""social-behavior""]","[""BANT""]","[""BANT""]","[""WU"",""WG"",""UG""]",ABSENT,No answer-level source or claim reference,NEEDS-EVIDENCE,"Assign stable ID, evidence/interpretation record, controlled construct, positive/negative effect contract, dependency group, and explanation entailment before production repair."
hall_BANT_champion,hall,MISSING,hall_BANT_champion#answer-2,The fairest procedure,The right line is the one the process can defend impartially.,procedure over champion,procedure-and-order,"[""social-behavior"",""aesthetic-or-narrative-preference""]","[""WU""]","[""WU""]","[""BANT""]",ABSENT,No answer-level source or claim reference,NEEDS-EVIDENCE,"Assign stable ID, evidence/interpretation record, controlled construct, positive/negative effect contract, dependency group, and explanation entailment before production repair."
hall_BANT_champion,hall,MISSING,hall_BANT_champion#answer-3,Everyone moving together,The worth comes from the whole group choosing the same care at the same time.,broad communal belonging,community-and-belonging,"[""social-behavior""]","[""WG""]","[""WG""]","[""BANT""]",ABSENT,No answer-level source or claim reference,NEEDS-EVIDENCE,"Assign stable ID, evidence/interpretation record, controlled construct, positive/negative effect contract, dependency group, and explanation entailment before production repair."
hall_BANT_champion,hall,MISSING,hall_BANT_champion#answer-4,The best-adapted form,The worthy line is the one that changes the organism enough to survive.,adaptation over honor,community-and-belonging,"[""social-behavior""]","[""UG""]","[""UG""]","[""BANT""]",ABSENT,No answer-level source or claim reference,NEEDS-EVIDENCE,"Assign stable ID, evidence/interpretation record, controlled construct, positive/negative effect contract, dependency group, and explanation entailment before production repair."
hall_BANT_living_order,hall,MISSING,hall_BANT_living_order#answer-1,Duty held by living community,Order is honorable when it protects the living body of the group and keeps power answerable to shared duty.,living order,procedure-and-order,"[""social-behavior"",""philosophical-preference""]","[""BANT""]","[""BANT""]","[""WU"",""WG"",""UG""]",ABSENT,No answer-level source or claim reference,NEEDS-EVIDENCE,"Assign stable ID, evidence/interpretation record, controlled construct, positive/negative effect contract, dependency group, and explanation entailment before production repair."
hall_BANT_living_order,hall,MISSING,hall_BANT_living_order#answer-2,Procedure that cannot bend,Order is honorable because the rule stays stable even when the room wants an exception.,airtight procedure,procedure-and-order,"[""social-behavior"",""psychographic-or-motivational-inference-risk"",""philosophical-preference""]","[""WU""]","[""WU""]","[""BANT""]",ABSENT,No answer-level source or claim reference,RETUNE,"Assign stable ID, evidence/interpretation record, controlled construct, positive/negative effect contract, dependency group, and explanation entailment before production repair."
hall_BANT_living_order,hall,MISSING,hall_BANT_living_order#answer-3,Belonging before rank,Order matters when it dissolves isolation and lets the circle care as one.,belonging before rank,procedure-and-order,"[""social-behavior"",""philosophical-preference""]","[""WG""]","[""WG""]","[""BANT""]",ABSENT,No answer-level source or claim reference,NEEDS-EVIDENCE,"Assign stable ID, evidence/interpretation record, controlled construct, positive/negative effect contract, dependency group, and explanation entailment before production repair."
hall_BANT_living_order,hall,MISSING,hall_BANT_living_order#answer-4,Adaptation before duty,Order is only useful if the living system can keep changing toward what comes next.,adaptive life,procedure-and-order,"[""social-behavior"",""philosophical-preference""]","[""UG""]","[""UG""]","[""BANT""]",ABSENT,No answer-level source or claim reference,NEEDS-EVIDENCE,"Assign stable ID, evidence/interpretation record, controlled construct, positive/negative effect contract, dependency group, and explanation entailment before production repair."
hall_ESPER_perfectibility,hall,MISSING,hall_ESPER_perfectibility#answer-1,"Understand, then refine","Study the system, identify the disorder, and improve it through deliberate knowledge rather than impulse.",perfectibility through applied knowledge,procedure-and-order,"[""social-behavior"",""philosophical-preference""]","[""ESPER"",""U"",""WU""]","[""ESPER""]","[""RG"",""WG"",""BANT""]",ABSENT,No answer-level source or claim reference,NEEDS-EVIDENCE,"Assign stable ID, evidence/interpretation record, controlled construct, positive/negative effect contract, dependency group, and explanation entailment before production repair."
hall_ESPER_perfectibility,hall,MISSING,hall_ESPER_perfectibility#answer-2,Follow the procedure,Improvement is trustworthy when the process stays impartial and public.,procedure over perfectibility,procedure-and-order,"[""social-behavior"",""aesthetic-or-narrative-preference"",""philosophical-preference""]","[""WU""]","[""WU""]","[""ESPER""]",ABSENT,No answer-level source or claim reference,RETUNE,"Assign stable ID, evidence/interpretation record, controlled construct, positive/negative effect contract, dependency group, and explanation entailment before production repair."
hall_ESPER_perfectibility,hall,MISSING,hall_ESPER_perfectibility#answer-3,Keep the leverage hidden,Improvement is safest when no one sees the information advantage until it matters.,hidden leverage over design,procedure-and-order,"[""social-behavior"",""philosophical-preference""]","[""UB""]","[""UB""]","[""ESPER""]",ABSENT,No answer-level source or claim reference,NEEDS-EVIDENCE,"Assign stable ID, evidence/interpretation record, controlled construct, positive/negative effect contract, dependency group, and explanation entailment before production repair."
hall_ESPER_perfectibility,hall,MISSING,hall_ESPER_perfectibility#answer-4,Protect the living whole,Improvement is trustworthy when it preserves the community that has to live inside it.,living order over exact design,procedure-and-order,"[""social-behavior"",""philosophical-preference""]","[""BANT"",""WG""]","[""BANT""]","[""ESPER""]",ABSENT,No answer-level source or claim reference,NEEDS-EVIDENCE,"Assign stable ID, evidence/interpretation record, controlled construct, positive/negative effect contract, dependency group, and explanation entailment before production repair."
hall_ESPER_designed_control,hall,MISSING,hall_ESPER_designed_control#answer-1,Make every piece serve the design,Keep refining until the whole system obeys the shape knowledge has revealed.,designed control,knowledge-and-deliberation,"[""aesthetic-or-narrative-preference"",""philosophical-preference""]","[""ESPER"",""WB"",""UB"",""WU""]","[""ESPER""]","[""BANT"",""RG"",""G""]",ABSENT,No answer-level source or claim reference,NEEDS-EVIDENCE,"Assign stable ID, evidence/interpretation record, controlled construct, positive/negative effect contract, dependency group, and explanation entailment before production repair."
hall_ESPER_designed_control,hall,MISSING,hall_ESPER_designed_control#answer-2,Preserve the obligation,The resistant part matters because it owes or is owed something the structure must honor.,obligation over optimization,procedure-and-order,"[""aesthetic-or-narrative-preference""]","[""WB""]","[""WB""]","[""ESPER""]",ABSENT,No answer-level source or claim reference,NEEDS-EVIDENCE,"Assign stable ID, evidence/interpretation record, controlled construct, positive/negative effect contract, dependency group, and explanation entailment before production repair."
hall_ESPER_designed_control,hall,MISSING,hall_ESPER_designed_control#answer-3,Control the unseen variable,Keep the decisive factor hidden until the table can no longer answer it.,hidden variable control,expression-and-performance,"[""social-behavior"",""aesthetic-or-narrative-preference""]","[""UB""]","[""UB""]","[""ESPER""]",ABSENT,No answer-level source or claim reference,NEEDS-EVIDENCE,"Assign stable ID, evidence/interpretation record, controlled construct, positive/negative effect contract, dependency group, and explanation entailment before production repair."
hall_ESPER_designed_control,hall,MISSING,hall_ESPER_designed_control#answer-4,Keep the community whole,A design that breaks the living order is not worth completing.,community over optimization,procedure-and-order,"[""social-behavior"",""aesthetic-or-narrative-preference"",""philosophical-preference""]","[""BANT"",""WG""]","[""BANT""]","[""ESPER""]",ABSENT,No answer-level source or claim reference,RETUNE,"Assign stable ID, evidence/interpretation record, controlled construct, positive/negative effect contract, dependency group, and explanation entailment before production repair."
hall_GRIXIS_survival_opening,hall,MISSING,hall_GRIXIS_survival_opening#answer-1,Find the weakness and take it,"Study the break in the situation, claim the opening, and survive before it closes.",calculated survival opening,knowledge-and-deliberation,"[""abstract-scenario-preference""]","[""GRIXIS"",""B"",""UB""]","[""GRIXIS""]","[""BANT"",""ESPER"",""WU"",""WG""]",ABSENT,No answer-level source or claim reference,NEEDS-EVIDENCE,"Assign stable ID, evidence/interpretation record, controlled construct, positive/negative effect contract, dependency group, and explanation entailment before production repair."
hall_GRIXIS_survival_opening,hall,MISSING,hall_GRIXIS_survival_opening#answer-2,Make the process legitimate,The move is true when the room can audit it and the rule can survive pressure.,legitimacy over survival,procedure-and-order,"[""abstract-scenario-preference""]","[""WU""]","[""WU""]","[""GRIXIS""]",ABSENT,No answer-level source or claim reference,NEEDS-EVIDENCE,"Assign stable ID, evidence/interpretation record, controlled construct, positive/negative effect contract, dependency group, and explanation entailment before production repair."
hall_GRIXIS_survival_opening,hall,MISSING,hall_GRIXIS_survival_opening#answer-3,Release the appetite,"The opening matters because pressure wants an honest, unrestrained answer.",appetite over calculation,speed-and-action,"[""psychographic-or-motivational-inference-risk""]","[""BR""]","[""BR""]","[""GRIXIS""]",ABSENT,No answer-level source or claim reference,NEEDS-EVIDENCE,"Assign stable ID, evidence/interpretation record, controlled construct, positive/negative effect contract, dependency group, and explanation entailment before production repair."
hall_GRIXIS_survival_opening,hall,MISSING,hall_GRIXIS_survival_opening#answer-4,Preserve the whole,The opening is only worth taking if it keeps the community intact.,community over survival leverage,community-and-belonging,"[""social-behavior""]","[""BANT"",""WG""]","[""BANT""]","[""GRIXIS""]",ABSENT,No answer-level source or claim reference,NEEDS-EVIDENCE,"Assign stable ID, evidence/interpretation record, controlled construct, positive/negative effect contract, dependency group, and explanation entailment before production repair."
hall_GRIXIS_volatile_calculation,hall,MISSING,hall_GRIXIS_volatile_calculation#answer-1,Calculation aimed at survival,"Know enough to name the weakness, then act before the table gets another chance to close ranks.",volatile calculation,knowledge-and-deliberation,"[""social-behavior""]","[""GRIXIS"",""UB"",""UR"",""BR""]","[""GRIXIS""]","[""ESPER"",""BANT"",""WU"",""WG""]",ABSENT,No answer-level source or claim reference,NEEDS-EVIDENCE,"Assign stable ID, evidence/interpretation record, controlled construct, positive/negative effect contract, dependency group, and explanation entailment before production repair."
hall_GRIXIS_volatile_calculation,hall,MISSING,hall_GRIXIS_volatile_calculation#answer-2,Refine until exact,Pressure is not permission to move before the design is trustworthy.,exact control over volatility,knowledge-and-deliberation,"[""social-behavior""]","[""ESPER"",""WU""]","[""ESPER""]","[""GRIXIS""]",ABSENT,No answer-level source or claim reference,NEEDS-EVIDENCE,"Assign stable ID, evidence/interpretation record, controlled construct, positive/negative effect contract, dependency group, and explanation entailment before production repair."
hall_GRIXIS_volatile_calculation,hall,MISSING,hall_GRIXIS_volatile_calculation#answer-3,Experiment in the open,The best answer is to try the strange idea and learn from the spark.,experiment over survival leverage,knowledge-and-deliberation,"[""social-behavior""]","[""UR"",""PRISMARI""]","[""UR""]","[""GRIXIS""]",ABSENT,No answer-level source or claim reference,NEEDS-EVIDENCE,"Assign stable ID, evidence/interpretation record, controlled construct, positive/negative effect contract, dependency group, and explanation entailment before production repair."
hall_GRIXIS_volatile_calculation,hall,MISSING,hall_GRIXIS_volatile_calculation#answer-4,Stand with the circle,The safest move is the one the group can carry together.,shared order over self-advocacy,procedure-and-order,"[""social-behavior"",""psychographic-or-motivational-inference-risk"",""philosophical-preference""]","[""BANT"",""WG""]","[""BANT""]","[""GRIXIS""]",ABSENT,No answer-level source or claim reference,RETUNE,"Assign stable ID, evidence/interpretation record, controlled construct, positive/negative effect contract, dependency group, and explanation entailment before production repair."
hall_JUND_instinct_pressure,hall,MISSING,hall_JUND_instinct_pressure#answer-1,Trust the gut and move,The body knows enough. Act from the honest feeling and carry the consequence.,instinct under pressure,growth-and-nature,"[""social-behavior"",""psychographic-or-motivational-inference-risk""]","[""JUND"",""R"",""RG""]","[""JUND""]","[""WU"",""WG""]",ABSENT,No answer-level source or claim reference,KEEP-BUT-REWORD,"Assign stable ID, evidence/interpretation record, controlled construct, positive/negative effect contract, dependency group, and explanation entailment before production repair."
hall_JUND_instinct_pressure,hall,MISSING,hall_JUND_instinct_pressure#answer-2,Make the process legitimate,The move is true when a shared rule can defend it after the pressure passes.,legitimacy over instinct,procedure-and-order,"[""social-behavior""]","[""WU""]","[""WU""]","[""JUND""]",ABSENT,No answer-level source or claim reference,NEEDS-EVIDENCE,"Assign stable ID, evidence/interpretation record, controlled construct, positive/negative effect contract, dependency group, and explanation entailment before production repair."
hall_JUND_instinct_pressure,hall,MISSING,hall_JUND_instinct_pressure#answer-3,Preserve the living whole,The next move should protect belonging before it indulges appetite.,belonging over appetite,protection-and-duty,"[""social-behavior"",""psychographic-or-motivational-inference-risk""]","[""WG""]","[""WG""]","[""JUND""]",ABSENT,No answer-level source or claim reference,NEEDS-EVIDENCE,"Assign stable ID, evidence/interpretation record, controlled construct, positive/negative effect contract, dependency group, and explanation entailment before production repair."
hall_JUND_instinct_pressure,hall,MISSING,hall_JUND_instinct_pressure#answer-4,Calculate the opening,"Move only after the weakness, cost, and leverage are named.",calculation over gut truth,agency-and-leverage,"[""philosophical-preference""]","[""GRIXIS""]","[""GRIXIS""]","[""JUND""]",ABSENT,No answer-level source or claim reference,KEEP-BUT-REWORD,"Assign stable ID, evidence/interpretation record, controlled construct, positive/negative effect contract, dependency group, and explanation entailment before production repair."
hall_JUND_appetite_consequence,hall,MISSING,hall_JUND_appetite_consequence#answer-1,Feed it and own the cost,"Wanting is not a crime. The honest path is to act, pay, and become what survives.",appetite with consequence,agency-and-leverage,"[""psychographic-or-motivational-inference-risk""]","[""JUND"",""BR"",""BG"",""RG""]","[""JUND""]","[""WU"",""WG""]",ABSENT,No answer-level source or claim reference,NEEDS-EVIDENCE,"Assign stable ID, evidence/interpretation record, controlled construct, positive/negative effect contract, dependency group, and explanation entailment before production repair."
hall_JUND_appetite_consequence,hall,MISSING,hall_JUND_appetite_consequence#answer-2,Bind it to duty,A hunger is trustworthy only when it serves a larger obligation.,duty over appetite,protection-and-duty,"[""social-behavior"",""psychographic-or-motivational-inference-risk""]","[""WB""]","[""WB""]","[""JUND""]",ABSENT,No answer-level source or claim reference,NEEDS-EVIDENCE,"Assign stable ID, evidence/interpretation record, controlled construct, positive/negative effect contract, dependency group, and explanation entailment before production repair."
hall_JUND_appetite_consequence,hall,MISSING,hall_JUND_appetite_consequence#answer-3,Let it become spectacle,"The point is not survival but the release: visible, dangerous, and impossible to ignore.",performance over survival appetite,expression-and-performance,"[""psychographic-or-motivational-inference-risk"",""aesthetic-or-narrative-preference""]","[""BR""]","[""BR""]","[""JUND""]",ABSENT,No answer-level source or claim reference,NEEDS-EVIDENCE,"Assign stable ID, evidence/interpretation record, controlled construct, positive/negative effect contract, dependency group, and explanation entailment before production repair."
hall_JUND_appetite_consequence,hall,MISSING,hall_JUND_appetite_consequence#answer-4,Compost it into renewal,Hunger is safest when it returns loss to the cycle and feeds what comes next.,cycle over appetite,agency-and-leverage,"[""gameplay-or-deck-behavior"",""psychographic-or-motivational-inference-risk""]","[""BG"",""WITHERBLOOM""]","[""BG""]","[""JUND""]",ABSENT,No answer-level source or claim reference,NEEDS-EVIDENCE,"Assign stable ID, evidence/interpretation record, controlled construct, positive/negative effect contract, dependency group, and explanation entailment before production repair."
hall_NAYA_living_whole,hall,MISSING,hall_NAYA_living_whole#answer-1,Protect the living whole,"Move with the bond that lets life keep growing, not with control or appetite alone.",belonging through protective abundance,protection-and-duty,"[""social-behavior"",""psychographic-or-motivational-inference-risk""]","[""NAYA""]","[""NAYA""]","[""JUND"",""GRIXIS"",""BANT""]",ABSENT,No answer-level source or claim reference,NEEDS-EVIDENCE,"Assign stable ID, evidence/interpretation record, controlled construct, positive/negative effect contract, dependency group, and explanation entailment before production repair."
hall_NAYA_living_whole,hall,MISSING,hall_NAYA_living_whole#answer-2,Stand with the circle,The move is trustworthy when the community can carry it together.,shared community over living-world instinct,community-and-belonging,"[""social-behavior""]","[""WG""]","[""WG""]","[""NAYA""]",ABSENT,No answer-level source or claim reference,NEEDS-EVIDENCE,"Assign stable ID, evidence/interpretation record, controlled construct, positive/negative effect contract, dependency group, and explanation entailment before production repair."
hall_NAYA_living_whole,hall,MISSING,hall_NAYA_living_whole#answer-3,Feed the hunger,The honest answer is the appetite that survives the cost.,appetite over belonging,community-and-belonging,"[""social-behavior"",""psychographic-or-motivational-inference-risk""]","[""JUND""]","[""JUND""]","[""NAYA""]",ABSENT,No answer-level source or claim reference,NEEDS-EVIDENCE,"Assign stable ID, evidence/interpretation record, controlled construct, positive/negative effect contract, dependency group, and explanation entailment before production repair."
hall_NAYA_living_whole,hall,MISSING,hall_NAYA_living_whole#answer-4,Find the weakness,Trust the opening that gives you leverage before the world can close around you.,calculation over belonging,community-and-belonging,"[""social-behavior""]","[""GRIXIS""]","[""GRIXIS""]","[""NAYA""]",ABSENT,No answer-level source or claim reference,NEEDS-EVIDENCE,"Assign stable ID, evidence/interpretation record, controlled construct, positive/negative effect contract, dependency group, and explanation entailment before production repair."
hall_NAYA_abundance_instinct,hall,MISSING,hall_NAYA_abundance_instinct#answer-1,When growth belongs,"The right scale deepens life, bond, and protection of the whole.",abundance held by belonging,protection-and-duty,"[""social-behavior"",""philosophical-preference""]","[""NAYA"",""RG""]","[""NAYA""]","[""JUND"",""GRIXIS""]",ABSENT,No answer-level source or claim reference,NEEDS-EVIDENCE,"Assign stable ID, evidence/interpretation record, controlled construct, positive/negative effect contract, dependency group, and explanation entailment before production repair."
hall_NAYA_abundance_instinct,hall,MISSING,hall_NAYA_abundance_instinct#answer-2,When hunger wins,Scale matters when it can take what it needs and keep moving.,appetite over abundance,uncontrolled-editorial-construct,"[""psychographic-or-motivational-inference-risk""]","[""JUND""]","[""JUND""]","[""NAYA""]",ABSENT,No answer-level source or claim reference,NEEDS-EVIDENCE,"Assign stable ID, evidence/interpretation record, controlled construct, positive/negative effect contract, dependency group, and explanation entailment before production repair."
hall_NAYA_abundance_instinct,hall,MISSING,hall_NAYA_abundance_instinct#answer-3,When order approves,Growth is wise when the whole hierarchy can sanction it.,sanctioned order over abundance,procedure-and-order,"[""philosophical-preference""]","[""BANT""]","[""BANT""]","[""NAYA""]",ABSENT,No answer-level source or claim reference,NEEDS-EVIDENCE,"Assign stable ID, evidence/interpretation record, controlled construct, positive/negative effect contract, dependency group, and explanation entailment before production repair."
hall_NAYA_abundance_instinct,hall,MISSING,hall_NAYA_abundance_instinct#answer-4,When the circle shares it,Abundance is wise when the whole community can receive and return it.,shared community over living-world scale,community-and-belonging,"[""gameplay-or-deck-behavior"",""social-behavior""]","[""WG""]","[""WG""]","[""NAYA""]",ABSENT,No answer-level source or claim reference,NEEDS-EVIDENCE,"Assign stable ID, evidence/interpretation record, controlled construct, positive/negative effect contract, dependency group, and explanation entailment before production repair."
hall_ABZAN_family_endurance,hall,MISSING,hall_ABZAN_family_endurance#answer-1,Keep the house alive,Survival matters when it protects family continuity and gives the next generation something rooted to inherit.,family endurance through house continuity,protection-and-duty,"[""social-behavior""]","[""ABZAN"",""WB""]","[""ABZAN""]","[""JUND"",""NAYA"",""BANT""]",ABSENT,No answer-level source or claim reference,NEEDS-EVIDENCE,"Assign stable ID, evidence/interpretation record, controlled construct, positive/negative effect contract, dependency group, and explanation entailment before production repair."
hall_ABZAN_family_endurance,hall,MISSING,hall_ABZAN_family_endurance#answer-2,Let growth outrun the old duty,The future is wiser when life can grow beyond inherited obligations.,growth over inherited duty,protection-and-duty,"[""social-behavior"",""philosophical-preference""]","[""NAYA""]","[""NAYA""]","[""ABZAN""]",ABSENT,No answer-level source or claim reference,NEEDS-EVIDENCE,"Assign stable ID, evidence/interpretation record, controlled construct, positive/negative effect contract, dependency group, and explanation entailment before production repair."
hall_ABZAN_family_endurance,hall,MISSING,hall_ABZAN_family_endurance#answer-3,Feed what survives the cost,"Endurance belongs to whatever can pay, adapt, and keep pressure moving.",survival pressure over house continuity,protection-and-duty,"[""social-behavior""]","[""JUND""]","[""JUND""]","[""ABZAN""]",ABSENT,No answer-level source or claim reference,NEEDS-EVIDENCE,"Assign stable ID, evidence/interpretation record, controlled construct, positive/negative effect contract, dependency group, and explanation entailment before production repair."
hall_ABZAN_family_endurance,hall,MISSING,hall_ABZAN_family_endurance#answer-4,Make the rule publicly worthy,Continuity needs standards the whole order can recognize and approve.,public legitimacy over family continuity,procedure-and-order,"[""social-behavior"",""philosophical-preference""]","[""BANT""]","[""BANT""]","[""ABZAN""]",ABSENT,No answer-level source or claim reference,NEEDS-EVIDENCE,"Assign stable ID, evidence/interpretation record, controlled construct, positive/negative effect contract, dependency group, and explanation entailment before production repair."
hall_ABZAN_ancestor_perennation,hall,MISSING,hall_ABZAN_ancestor_perennation#answer-1,Let memory become stewardship,"The dead are not weight alone; they are obligation, warning, and rooted guidance for the house that remains.",ancestor duty through perennation,protection-and-duty,"[""social-behavior"",""lore-or-setting-proxy""]","[""ABZAN""]","[""ABZAN""]","[""GRIXIS"",""NAYA""]",ABSENT,No answer-level source or claim reference,NEEDS-EVIDENCE,"Assign stable ID, evidence/interpretation record, controlled construct, positive/negative effect contract, dependency group, and explanation entailment before production repair."
hall_ABZAN_ancestor_perennation,hall,MISSING,hall_ABZAN_ancestor_perennation#answer-2,Compost loss into renewal,"Death feeds what comes next, even when no family oath can contain the cycle.",life-death cycle over house memory,decay-and-renewal,"[""philosophical-preference"",""lore-or-setting-proxy""]","[""WITHERBLOOM"",""BG""]","[""WITHERBLOOM""]","[""ABZAN""]",ABSENT,No answer-level source or claim reference,KEEP-BUT-REWORD,"Assign stable ID, evidence/interpretation record, controlled construct, positive/negative effect contract, dependency group, and explanation entailment before production repair."
hall_ABZAN_ancestor_perennation,hall,MISSING,hall_ABZAN_ancestor_perennation#answer-3,Protect only the living moment,"The living world needs care now, not an inherited debt that keeps speaking over it.",living care over ancestor obligation,protection-and-duty,"[""social-behavior"",""lore-or-setting-proxy""]","[""NAYA""]","[""NAYA""]","[""ABZAN""]",ABSENT,No answer-level source or claim reference,NEEDS-EVIDENCE,"Assign stable ID, evidence/interpretation record, controlled construct, positive/negative effect contract, dependency group, and explanation entailment before production repair."
hall_ABZAN_ancestor_perennation,hall,MISSING,hall_ABZAN_ancestor_perennation#answer-4,Break from inherited debt,"If a duty cannot be chosen, surviving it may require cutting the obligation loose.",freedom from inherited duty,protection-and-duty,"[""social-behavior"",""philosophical-preference"",""lore-or-setting-proxy""]","[""JUND""]","[""JUND""]","[""ABZAN""]",ABSENT,No answer-level source or claim reference,RETUNE,"Assign stable ID, evidence/interpretation record, controlled construct, positive/negative effect contract, dependency group, and explanation entailment before production repair."
hall_TEMUR_survival_attunement,hall,MISSING,hall_TEMUR_survival_attunement#answer-1,"Listen, then move","Survival starts by hearing the land, the body, and the old memory before strength becomes motion.",attuned instinct before force,expression-and-performance,"[""social-behavior"",""aesthetic-or-narrative-preference""]","[""TEMUR"",""G""]","[""TEMUR""]","[""JUND"",""NAYA"",""GRIXIS"",""ABZAN""]",ABSENT,No answer-level source or claim reference,NEEDS-EVIDENCE,"Assign stable ID, evidence/interpretation record, controlled construct, positive/negative effect contract, dependency group, and explanation entailment before production repair."
hall_TEMUR_survival_attunement,hall,MISSING,hall_TEMUR_survival_attunement#answer-2,Feed the pressure,The honest answer is the hunger that can survive the cost.,appetite over listening,agency-and-leverage,"[""social-behavior"",""psychographic-or-motivational-inference-risk""]","[""JUND""]","[""JUND""]","[""TEMUR""]",ABSENT,No answer-level source or claim reference,NEEDS-EVIDENCE,"Assign stable ID, evidence/interpretation record, controlled construct, positive/negative effect contract, dependency group, and explanation entailment before production repair."
hall_TEMUR_survival_attunement,hall,MISSING,hall_TEMUR_survival_attunement#answer-3,Refine the pattern,The move is safe when observation becomes a cleaner system.,optimization over wild signal,agency-and-leverage,"[""social-behavior""]","[""UG""]","[""UG""]","[""TEMUR""]",ABSENT,No answer-level source or claim reference,NEEDS-EVIDENCE,"Assign stable ID, evidence/interpretation record, controlled construct, positive/negative effect contract, dependency group, and explanation entailment before production repair."
hall_TEMUR_survival_attunement,hall,MISSING,hall_TEMUR_survival_attunement#answer-4,Guard the living whole,The right move protects belonging before it tests strength.,communal care over harsh-terrain instinct,protection-and-duty,"[""social-behavior""]","[""NAYA""]","[""NAYA""]","[""TEMUR""]",ABSENT,No answer-level source or claim reference,NEEDS-EVIDENCE,"Assign stable ID, evidence/interpretation record, controlled construct, positive/negative effect contract, dependency group, and explanation entailment before production repair."
hall_TEMUR_elemental_memory,hall,MISSING,hall_TEMUR_elemental_memory#answer-1,Follow the living memory,The signal is not a chain. It is the world remembering enough to help survival choose its next shape.,elemental memory as survival guidance,history-and-memory,"[""lore-or-setting-proxy""]","[""TEMUR""]","[""TEMUR""]","[""ABZAN"",""NAYA"",""GRIXIS""]",ABSENT,No answer-level source or claim reference,NEEDS-EVIDENCE,"Assign stable ID, evidence/interpretation record, controlled construct, positive/negative effect contract, dependency group, and explanation entailment before production repair."
hall_TEMUR_elemental_memory,hall,MISSING,hall_TEMUR_elemental_memory#answer-2,Keep the house alive,Memory should carry obligation forward through family and the next generation.,ancestor duty over wild memory,protection-and-duty,"[""social-behavior"",""lore-or-setting-proxy""]","[""ABZAN""]","[""ABZAN""]","[""TEMUR""]",ABSENT,No answer-level source or claim reference,NEEDS-EVIDENCE,"Assign stable ID, evidence/interpretation record, controlled construct, positive/negative effect contract, dependency group, and explanation entailment before production repair."
hall_TEMUR_elemental_memory,hall,MISSING,hall_TEMUR_elemental_memory#answer-3,Turn it into leverage,A signal matters when it reveals the opening before anyone else sees it.,leverage over elemental listening,agency-and-leverage,"[""gameplay-or-deck-behavior"",""lore-or-setting-proxy""]","[""GRIXIS""]","[""GRIXIS""]","[""TEMUR""]",ABSENT,No answer-level source or claim reference,NEEDS-EVIDENCE,"Assign stable ID, evidence/interpretation record, controlled construct, positive/negative effect contract, dependency group, and explanation entailment before production repair."
hall_TEMUR_elemental_memory,hall,MISSING,hall_TEMUR_elemental_memory#answer-4,Let growth belong,Memory is wisest when it protects the larger living whole.,abundance over harsh-terrain memory,protection-and-duty,"[""social-behavior"",""philosophical-preference"",""lore-or-setting-proxy""]","[""NAYA""]","[""NAYA""]","[""TEMUR""]",ABSENT,No answer-level source or claim reference,RETUNE,"Assign stable ID, evidence/interpretation record, controlled construct, positive/negative effect contract, dependency group, and explanation entailment before production repair."
hall_SULTAI_resource_conversion,hall,MISSING,hall_SULTAI_resource_conversion#answer-1,Use what others waste,"The resource is trustworthy when it converts death, secrecy, cost, or opportunity into power before anyone else can claim it.",ruthless resource conversion,agency-and-leverage,"[""social-behavior""]","[""SULTAI"",""B""]","[""SULTAI""]","[""ABZAN"",""TEMUR"",""NAYA""]",ABSENT,No answer-level source or claim reference,NEEDS-EVIDENCE,"Assign stable ID, evidence/interpretation record, controlled construct, positive/negative effect contract, dependency group, and explanation entailment before production repair."
hall_SULTAI_resource_conversion,hall,MISSING,hall_SULTAI_resource_conversion#answer-2,Make it protect the house,A cost is trustworthy when family continuity and remembered duty can answer for it.,house duty over resource conversion,protection-and-duty,"[""social-behavior""]","[""ABZAN""]","[""ABZAN""]","[""SULTAI""]",ABSENT,No answer-level source or claim reference,NEEDS-EVIDENCE,"Assign stable ID, evidence/interpretation record, controlled construct, positive/negative effect contract, dependency group, and explanation entailment before production repair."
hall_SULTAI_resource_conversion,hall,MISSING,hall_SULTAI_resource_conversion#answer-3,Wait for the living signal,"Power should not outrun the terrain, body, and memory that make survival wise.",attunement over ruthless conversion,agency-and-leverage,"[""social-behavior""]","[""TEMUR""]","[""TEMUR""]","[""SULTAI""]",ABSENT,No answer-level source or claim reference,NEEDS-EVIDENCE,"Assign stable ID, evidence/interpretation record, controlled construct, positive/negative effect contract, dependency group, and explanation entailment before production repair."
hall_SULTAI_resource_conversion,hall,MISSING,hall_SULTAI_resource_conversion#answer-4,Turn risk into performance,The best use of danger is the bold move that changes the room before restraint can kill it.,spectacle over hidden conversion,expression-and-performance,"[""gameplay-or-deck-behavior"",""social-behavior"",""aesthetic-or-narrative-preference""]","[""GRIXIS""]","[""GRIXIS""]","[""SULTAI""]",ABSENT,No answer-level source or claim reference,RETUNE,"Assign stable ID, evidence/interpretation record, controlled construct, positive/negative effect contract, dependency group, and explanation entailment before production repair."
hall_SULTAI_dead_usefulness,hall,MISSING,hall_SULTAI_dead_usefulness#answer-1,Make the dead useful,"The dead are not only memory. They are material, warning, labor, and leverage when ambition can make them serve the living choice.",death converted into power,agency-and-leverage,"[""gameplay-or-deck-behavior"",""psychographic-or-motivational-inference-risk""]","[""SULTAI"",""BG""]","[""SULTAI""]","[""ABZAN"",""TEMUR"",""NAYA""]",ABSENT,No answer-level source or claim reference,NEEDS-EVIDENCE,"Assign stable ID, evidence/interpretation record, controlled construct, positive/negative effect contract, dependency group, and explanation entailment before production repair."
hall_SULTAI_dead_usefulness,hall,MISSING,hall_SULTAI_dead_usefulness#answer-2,Let memory become stewardship,The dead guide best as obligation and continuity for the house that remains.,ancestor duty over necromantic utility,protection-and-duty,"[""gameplay-or-deck-behavior"",""social-behavior"",""lore-or-setting-proxy""]","[""ABZAN""]","[""ABZAN""]","[""SULTAI""]",ABSENT,No answer-level source or claim reference,RETUNE,"Assign stable ID, evidence/interpretation record, controlled construct, positive/negative effect contract, dependency group, and explanation entailment before production repair."
hall_SULTAI_dead_usefulness,hall,MISSING,hall_SULTAI_dead_usefulness#answer-3,Compost loss into renewal,Death feeds life most cleanly when it stays part of a shared cycle rather than a tool of domination.,vitality ecology over ruthless utility,community-and-belonging,"[""gameplay-or-deck-behavior"",""social-behavior"",""aesthetic-or-narrative-preference""]","[""WITHERBLOOM"",""BG""]","[""WITHERBLOOM""]","[""SULTAI""]",ABSENT,No answer-level source or claim reference,RETUNE,"Assign stable ID, evidence/interpretation record, controlled construct, positive/negative effect contract, dependency group, and explanation entailment before production repair."
hall_SULTAI_dead_usefulness,hall,MISSING,hall_SULTAI_dead_usefulness#answer-4,Hear the old signal,Memory should keep survival listening before it becomes a thing to spend.,elemental memory over utility,agency-and-leverage,"[""gameplay-or-deck-behavior""]","[""TEMUR""]","[""TEMUR""]","[""SULTAI""]",ABSENT,No answer-level source or claim reference,NEEDS-EVIDENCE,"Assign stable ID, evidence/interpretation record, controlled construct, positive/negative effect contract, dependency group, and explanation entailment before production repair."
hall_MARDU_total_commitment,hall,MISSING,hall_MARDU_total_commitment#answer-1,Take the opening now,"Action is trustworthy when speed, formation, and commitment strike before the moment loses its name.",Red-centered speed through coordinated attack,speed-and-action,"[""gameplay-or-deck-behavior"",""social-behavior""]","[""MARDU"",""R""]","[""MARDU""]","[""ABZAN"",""TEMUR"",""SULTAI""]",ABSENT,No answer-level source or claim reference,NEEDS-EVIDENCE,"Assign stable ID, evidence/interpretation record, controlled construct, positive/negative effect contract, dependency group, and explanation entailment before production repair."
hall_MARDU_total_commitment,hall,MISSING,hall_MARDU_total_commitment#answer-2,Keep the house alive,The right move is the one that lets family duty and continuity survive the pressure.,house endurance over raid momentum,protection-and-duty,"[""social-behavior""]","[""ABZAN""]","[""ABZAN""]","[""MARDU""]",ABSENT,No answer-level source or claim reference,NEEDS-EVIDENCE,"Assign stable ID, evidence/interpretation record, controlled construct, positive/negative effect contract, dependency group, and explanation entailment before production repair."
hall_MARDU_total_commitment,hall,MISSING,hall_MARDU_total_commitment#answer-3,Listen for the living signal,"Survival should wait until terrain, memory, and instinct agree on the next strike.",attunement over immediate charge,growth-and-nature,"[""social-behavior""]","[""TEMUR""]","[""TEMUR""]","[""MARDU""]",ABSENT,No answer-level source or claim reference,NEEDS-EVIDENCE,"Assign stable ID, evidence/interpretation record, controlled construct, positive/negative effect contract, dependency group, and explanation entailment before production repair."
hall_MARDU_total_commitment,hall,MISSING,hall_MARDU_total_commitment#answer-4,Convert the hidden cost,An opening matters most when it can become leverage before anyone else sees its value.,resource conversion over open assault,agency-and-leverage,"[""social-behavior""]","[""SULTAI""]","[""SULTAI""]","[""MARDU""]",ABSENT,No answer-level source or claim reference,NEEDS-EVIDENCE,"Assign stable ID, evidence/interpretation record, controlled construct, positive/negative effect contract, dependency group, and explanation entailment before production repair."
hall_MARDU_war_name_oath,hall,MISSING,hall_MARDU_war_name_oath#answer-1,Keep the war name,"Speed needs oath, formation, and a name strong enough to make every rider answer for the charge.",war-name oath and martial structure,procedure-and-order,"[""aesthetic-or-narrative-preference"",""philosophical-preference""]","[""MARDU"",""WR""]","[""MARDU""]","[""JUND"",""NAYA"",""SULTAI""]",ABSENT,No answer-level source or claim reference,KEEP-BUT-REWORD,"Assign stable ID, evidence/interpretation record, controlled construct, positive/negative effect contract, dependency group, and explanation entailment before production repair."
hall_MARDU_war_name_oath,hall,MISSING,hall_MARDU_war_name_oath#answer-2,Feed what survives,The honest rule is appetite: what can survive the cost earns the next move.,appetite over oath-bound formation,procedure-and-order,"[""psychographic-or-motivational-inference-risk"",""philosophical-preference""]","[""JUND""]","[""JUND""]","[""MARDU""]",ABSENT,No answer-level source or claim reference,KEEP-BUT-REWORD,"Assign stable ID, evidence/interpretation record, controlled construct, positive/negative effect contract, dependency group, and explanation entailment before production repair."
hall_MARDU_war_name_oath,hall,MISSING,hall_MARDU_war_name_oath#answer-3,Guard the living whole,The next move should protect belonging and abundance before it becomes conquest.,living-world care over martial raid,protection-and-duty,"[""social-behavior"",""aesthetic-or-narrative-preference""]","[""NAYA""]","[""NAYA""]","[""MARDU""]",ABSENT,No answer-level source or claim reference,NEEDS-EVIDENCE,"Assign stable ID, evidence/interpretation record, controlled construct, positive/negative effect contract, dependency group, and explanation entailment before production repair."
hall_MARDU_war_name_oath,hall,MISSING,hall_MARDU_war_name_oath#answer-4,Use what others waste,"Power belongs to the cost, secret, or body that can be converted before the room understands it.",ruthless conversion over visible war code,community-and-belonging,"[""social-behavior""]","[""SULTAI""]","[""SULTAI""]","[""MARDU""]",ABSENT,No answer-level source or claim reference,NEEDS-EVIDENCE,"Assign stable ID, evidence/interpretation record, controlled construct, positive/negative effect contract, dependency group, and explanation entailment before production repair."
hall_JESKAI_disciplined_cunning,hall,MISSING,hall_JESKAI_disciplined_cunning#answer-1,Train until insight can move,"Action is trustworthy when knowledge, breath, and practice have made the line precise enough to take.",Blue-centered cunning through disciplined action,knowledge-and-deliberation,"[""social-behavior"",""philosophical-preference""]","[""JESKAI"",""U""]","[""JESKAI""]","[""MARDU"",""SULTAI"",""TEMUR""]",ABSENT,No answer-level source or claim reference,NEEDS-EVIDENCE,"Assign stable ID, evidence/interpretation record, controlled construct, positive/negative effect contract, dependency group, and explanation entailment before production repair."
hall_JESKAI_disciplined_cunning,hall,MISSING,hall_JESKAI_disciplined_cunning#answer-2,Take the opening now,The moment is honest because speed and commitment can claim it before it disappears.,immediate charge over trained timing,speed-and-action,"[""social-behavior""]","[""MARDU""]","[""MARDU""]","[""JESKAI""]",ABSENT,No answer-level source or claim reference,NEEDS-EVIDENCE,"Assign stable ID, evidence/interpretation record, controlled construct, positive/negative effect contract, dependency group, and explanation entailment before production repair."
hall_JESKAI_disciplined_cunning,hall,MISSING,hall_JESKAI_disciplined_cunning#answer-3,Convert the hidden leverage,Insight matters most when it reveals a resource nobody else knows how to use.,resource conversion over open discipline,agency-and-leverage,"[""social-behavior""]","[""SULTAI""]","[""SULTAI""]","[""JESKAI""]",ABSENT,No answer-level source or claim reference,NEEDS-EVIDENCE,"Assign stable ID, evidence/interpretation record, controlled construct, positive/negative effect contract, dependency group, and explanation entailment before production repair."
hall_JESKAI_disciplined_cunning,hall,MISSING,hall_JESKAI_disciplined_cunning#answer-4,Wait for the living signal,"The right action should answer terrain, instinct, and survival before technique leads.",attunement over practiced form,growth-and-nature,"[""social-behavior""]","[""TEMUR""]","[""TEMUR""]","[""JESKAI""]",ABSENT,No answer-level source or claim reference,NEEDS-EVIDENCE,"Assign stable ID, evidence/interpretation record, controlled construct, positive/negative effect contract, dependency group, and explanation entailment before production repair."
hall_JESKAI_way_form,hall,MISSING,hall_JESKAI_way_form#answer-1,Let form serve the moving insight,"The Way stays alive when structure, courage, and compassion give trained perception a body in the world.",shared restraint giving insight form,procedure-and-order,"[""social-behavior""]","[""JESKAI""]","[""JESKAI""]","[""MARDU"",""SULTAI"",""GRIXIS""]",ABSENT,No answer-level source or claim reference,NEEDS-EVIDENCE,"Assign stable ID, evidence/interpretation record, controlled construct, positive/negative effect contract, dependency group, and explanation entailment before production repair."
hall_JESKAI_way_form,hall,MISSING,hall_JESKAI_way_form#answer-2,Keep the charge named,Form matters because the oath lets speed and companions keep the action accountable.,war-name oath over monastery form,protection-and-duty,"[""social-behavior"",""philosophical-preference""]","[""MARDU""]","[""MARDU""]","[""JESKAI""]",ABSENT,No answer-level source or claim reference,KEEP-BUT-REWORD,"Assign stable ID, evidence/interpretation record, controlled construct, positive/negative effect contract, dependency group, and explanation entailment before production repair."
hall_JESKAI_way_form,hall,MISSING,hall_JESKAI_way_form#answer-3,Make the pattern public,Discipline matters when it becomes a process others can trust and repeat.,procedure over martial insight,procedure-and-order,"[""social-behavior"",""aesthetic-or-narrative-preference""]","[""WU""]","[""WU""]","[""JESKAI""]",ABSENT,No answer-level source or claim reference,NEEDS-EVIDENCE,"Assign stable ID, evidence/interpretation record, controlled construct, positive/negative effect contract, dependency group, and explanation entailment before production repair."
hall_JESKAI_way_form,hall,MISSING,hall_JESKAI_way_form#answer-4,Let the wild choose the strike,The move stays alive when instinct and terrain keep technique from becoming a cage.,survival attunement over refined Way,growth-and-nature,"[""abstract-scenario-preference""]","[""TEMUR""]","[""TEMUR""]","[""JESKAI""]",ABSENT,No answer-level source or claim reference,NEEDS-EVIDENCE,"Assign stable ID, evidence/interpretation record, controlled construct, positive/negative effect contract, dependency group, and explanation entailment before production repair."
hall_YORE_engineered_agency,hall,MISSING,hall_YORE_engineered_agency#answer-1,Build the agency machine,"The answer is trustworthy when structure, knowledge, cost, and heat become a designed way to keep choice alive.",engineered agency against finality,procedure-and-order,"[""social-behavior"",""psychographic-or-motivational-inference-risk"",""philosophical-preference""]","[""YORE""]","[""YORE""]","[""G"",""NAYA"",""TEMUR"",""SULTAI""]",ABSENT,No answer-level source or claim reference,RETUNE,"Assign stable ID, evidence/interpretation record, controlled construct, positive/negative effect contract, dependency group, and explanation entailment before production repair."
hall_YORE_engineered_agency,hall,MISSING,hall_YORE_engineered_agency#answer-2,Perfect the artifact,"The artifact matters because it makes a cleaner, more controlled future.",artifact perfection without Red heat,expression-and-performance,"[""social-behavior"",""aesthetic-or-narrative-preference""]","[""ESPER""]","[""ESPER""]","[""YORE""]",ABSENT,No answer-level source or claim reference,NEEDS-EVIDENCE,"Assign stable ID, evidence/interpretation record, controlled construct, positive/negative effect contract, dependency group, and explanation entailment before production repair."
hall_YORE_engineered_agency,hall,MISSING,hall_YORE_engineered_agency#answer-3,Use the hidden cost,The limit matters because it can become leverage before anyone else names it.,resource conversion without civic artifice,expression-and-performance,"[""social-behavior"",""aesthetic-or-narrative-preference""]","[""SULTAI"",""GRIXIS""]","[""SULTAI""]","[""YORE""]",ABSENT,No answer-level source or claim reference,NEEDS-EVIDENCE,"Assign stable ID, evidence/interpretation record, controlled construct, positive/negative effect contract, dependency group, and explanation entailment before production repair."
hall_YORE_engineered_agency,hall,MISSING,hall_YORE_engineered_agency#answer-4,Listen for the living answer,"The limit may be a signal from life, terrain, body, or belonging rather than a problem to mechanize.",natural signal over constructed agency,community-and-belonging,"[""social-behavior"",""psychographic-or-motivational-inference-risk""]","[""TEMUR"",""NAYA"",""G""]","[""TEMUR""]","[""YORE""]",ABSENT,No answer-level source or claim reference,NEEDS-EVIDENCE,"Assign stable ID, evidence/interpretation record, controlled construct, positive/negative effect contract, dependency group, and explanation entailment before production repair."
hall_YORE_artifice_boundary,hall,MISSING,hall_YORE_artifice_boundary#answer-1,The machine refuses surrender,Artifacts and recursion matter because they turn natural closure into constructed continuity and agency.,artifice as refusal of natural surrender,expression-and-performance,"[""gameplay-or-deck-behavior"",""psychographic-or-motivational-inference-risk"",""aesthetic-or-narrative-preference""]","[""YORE""]","[""YORE""]","[""ESPER"",""GRIXIS"",""JESKAI"",""MARDU"",""SULTAI""]",ABSENT,No answer-level source or claim reference,RETUNE,"Assign stable ID, evidence/interpretation record, controlled construct, positive/negative effect contract, dependency group, and explanation entailment before production repair."
hall_YORE_artifice_boundary,hall,MISSING,hall_YORE_artifice_boundary#answer-2,The deck just likes artifacts,"The pull is the card type or engine efficiency, not the missing-Green worldview.",generic artifact preference,expression-and-performance,"[""gameplay-or-deck-behavior"",""aesthetic-or-narrative-preference""]","[""ESPER""]",[],"[""YORE""]",ABSENT,No answer-level source or claim reference,NEEDS-EVIDENCE,"Assign stable ID, evidence/interpretation record, controlled construct, positive/negative effect contract, dependency group, and explanation entailment before production repair."
hall_YORE_artifice_boundary,hall,MISSING,hall_YORE_artifice_boundary#answer-3,The graveyard is the center,"The pull is reuse, death value, or recursion before artifice and constructed agency enter the frame.",generic recursion preference,expression-and-performance,"[""gameplay-or-deck-behavior"",""psychographic-or-motivational-inference-risk"",""aesthetic-or-narrative-preference""]","[""SULTAI"",""GRIXIS""]","[""SULTAI""]","[""YORE""]",ABSENT,No answer-level source or claim reference,RETUNE,"Assign stable ID, evidence/interpretation record, controlled construct, positive/negative effect contract, dependency group, and explanation entailment before production repair."
hall_YORE_artifice_boundary,hall,MISSING,hall_YORE_artifice_boundary#answer-4,The charge needs a name,"The pull is speed, oath, and a coordinated opening more than a rebuilt system.",martial opening over artifice,expression-and-performance,"[""aesthetic-or-narrative-preference"",""philosophical-preference""]","[""MARDU""]","[""MARDU""]","[""YORE""]",ABSENT,No answer-level source or claim reference,KEEP-BUT-REWORD,"Assign stable ID, evidence/interpretation record, controlled construct, positive/negative effect contract, dependency group, and explanation entailment before production repair."
hall_GLINT_living_force,hall,MISSING,hall_GLINT_living_force#answer-1,Keep the living pressure learning,"The surge matters because appetite, adaptation, force, and volatility stay tied to a living answer rather than random variance.",living force under pressure rather than generic chaos,knowledge-and-deliberation,"[""social-behavior"",""psychographic-or-motivational-inference-risk""]","[""GLINT""]","[""GLINT""]","[""PRISMARI"",""TEMUR"",""GRIXIS""]",ABSENT,No answer-level source or claim reference,NEEDS-EVIDENCE,"Assign stable ID, evidence/interpretation record, controlled construct, positive/negative effect contract, dependency group, and explanation entailment before production repair."
hall_GLINT_living_force,hall,MISSING,hall_GLINT_living_force#answer-2,Let variance tell the story,"The appeal is the spectacle itself: swingy turns, stack chaos, and the feeling that anything might happen.",variance without the non-White frame,expression-and-performance,"[""gameplay-or-deck-behavior"",""social-behavior"",""psychographic-or-motivational-inference-risk"",""aesthetic-or-narrative-preference""]","[""UR"",""PRISMARI""]","[""UR""]","[""GLINT""]",ABSENT,No answer-level source or claim reference,RETUNE,"Assign stable ID, evidence/interpretation record, controlled construct, positive/negative effect contract, dependency group, and explanation entailment before production repair."
hall_GLINT_living_force,hall,MISSING,hall_GLINT_living_force#answer-3,Feed the strongest instinct,The opening matters because hunger should take what it can before anyone else does.,appetite without adaptive intelligence,growth-and-nature,"[""social-behavior"",""psychographic-or-motivational-inference-risk""]","[""JUND""]","[""JUND""]","[""GLINT""]",ABSENT,No answer-level source or claim reference,NEEDS-EVIDENCE,"Assign stable ID, evidence/interpretation record, controlled construct, positive/negative effect contract, dependency group, and explanation entailment before production repair."
hall_GLINT_living_force,hall,MISSING,hall_GLINT_living_force#answer-4,Hear the storm before acting,"The opening matters because terrain, weather, and elemental signal should guide force before appetite enters the frame.",attunement without Black appetite,uncontrolled-editorial-construct,"[""social-behavior"",""psychographic-or-motivational-inference-risk""]","[""TEMUR""]","[""TEMUR""]","[""GLINT""]",ABSENT,No answer-level source or claim reference,NEEDS-EVIDENCE,"Assign stable ID, evidence/interpretation record, controlled construct, positive/negative effect contract, dependency group, and explanation entailment before production repair."
hall_GLINT_missing_white,hall,MISSING,hall_GLINT_missing_white#answer-1,It refuses civic restraint,"The engine matters because White-style order, duty, and stability are not allowed to tell appetite and living force what they may become.",missing white as active boundary,procedure-and-order,"[""social-behavior"",""psychographic-or-motivational-inference-risk"",""aesthetic-or-narrative-preference"",""philosophical-preference""]","[""GLINT""]","[""GLINT""]","[""BANT"",""ABZAN"",""WU"",""WG"",""WR""]",ABSENT,No answer-level source or claim reference,RETUNE,"Assign stable ID, evidence/interpretation record, controlled construct, positive/negative effect contract, dependency group, and explanation entailment before production repair."
hall_GLINT_missing_white,hall,MISSING,hall_GLINT_missing_white#answer-2,It is cruel and clever,"The engine matters because hidden leverage, pressure, and survival advantage stay ahead of everyone else.",grixis pressure without Green life,knowledge-and-deliberation,"[""abstract-scenario-preference""]","[""GRIXIS""]","[""GRIXIS""]","[""GLINT""]",ABSENT,No answer-level source or claim reference,NEEDS-EVIDENCE,"Assign stable ID, evidence/interpretation record, controlled construct, positive/negative effect contract, dependency group, and explanation entailment before production repair."
hall_GLINT_missing_white,hall,MISSING,hall_GLINT_missing_white#answer-3,It is hungry and feral,The engine matters because instinct and appetite deserve the kill before reflective adaptation slows them down.,jund appetite without Blue intelligence,knowledge-and-deliberation,"[""psychographic-or-motivational-inference-risk""]","[""JUND""]","[""JUND""]","[""GLINT""]",ABSENT,No answer-level source or claim reference,NEEDS-EVIDENCE,"Assign stable ID, evidence/interpretation record, controlled construct, positive/negative effect contract, dependency group, and explanation entailment before production repair."
hall_GLINT_missing_white,hall,MISSING,hall_GLINT_missing_white#answer-4,It is adaptive and wild,"The engine matters because experimentation, instinct, and elemental force stay alive without needing Black predation.",temur experimentation without Black appetite,knowledge-and-deliberation,"[""psychographic-or-motivational-inference-risk""]","[""TEMUR""]","[""TEMUR""]","[""GLINT""]",ABSENT,No answer-level source or claim reference,NEEDS-EVIDENCE,"Assign stable ID, evidence/interpretation record, controlled construct, positive/negative effect contract, dependency group, and explanation entailment before production repair."
hall_DUNE_territorial_force,hall,MISSING,hall_DUNE_territorial_force#answer-1,Claim the ground now,"Motion is trustworthy when White line, Black cost, Red ignition, and Green persistence all press the same field before distance can cool it.",organized territorial pressure before detached contemplation,knowledge-and-deliberation,"[""social-behavior"",""psychographic-or-motivational-inference-risk""]","[""DUNE""]","[""DUNE""]","[""GLINT"",""JUND"",""NAYA"",""MARDU"",""ABZAN""]",ABSENT,No answer-level source or claim reference,KEEP-BUT-REWORD,"Assign stable ID, evidence/interpretation record, controlled construct, positive/negative effect contract, dependency group, and explanation entailment before production repair."
hall_DUNE_territorial_force,hall,MISSING,hall_DUNE_territorial_force#answer-2,Take what instinct wants,Motion is trustworthy because appetite and survival should strike before anyone civilizes the opening.,jund instinct over common-front line,knowledge-and-deliberation,"[""social-behavior"",""psychographic-or-motivational-inference-risk""]","[""JUND""]","[""JUND""]","[""DUNE""]",ABSENT,No answer-level source or claim reference,KEEP-BUT-REWORD,"Assign stable ID, evidence/interpretation record, controlled construct, positive/negative effect contract, dependency group, and explanation entailment before production repair."
hall_DUNE_territorial_force,hall,MISSING,hall_DUNE_territorial_force#answer-3,Protect the living whole,"Motion is trustworthy when the charge serves abundance, belonging, and the life that must stay sheltered.",naya belonging over black conquest pressure,protection-and-duty,"[""social-behavior"",""psychographic-or-motivational-inference-risk""]","[""NAYA""]","[""NAYA""]","[""DUNE""]",ABSENT,No answer-level source or claim reference,KEEP-BUT-REWORD,"Assign stable ID, evidence/interpretation record, controlled construct, positive/negative effect contract, dependency group, and explanation entailment before production repair."
hall_DUNE_territorial_force,hall,MISSING,hall_DUNE_territorial_force#answer-4,Let the opening learn while it moves,Motion is trustworthy when appetite adapts in real time and volatility keeps the field alive.,glint adaptation with blue present,knowledge-and-deliberation,"[""social-behavior"",""psychographic-or-motivational-inference-risk""]","[""GLINT""]","[""GLINT""]","[""DUNE""]",ABSENT,No answer-level source or claim reference,KEEP-BUT-REWORD,"Assign stable ID, evidence/interpretation record, controlled construct, positive/negative effect contract, dependency group, and explanation entailment before production repair."
hall_DUNE_missing_blue,hall,MISSING,hall_DUNE_missing_blue#answer-1,It refuses detached contemplation,"The force matters because the line claims ground before Blue-style distance, modeling, or cool delay can take command.",missing blue as territorial-pressure boundary,expression-and-performance,"[""aesthetic-or-narrative-preference""]","[""DUNE""]","[""DUNE""]","[""GLINT"",""ABZAN"",""MARDU"",""JUND"",""NAYA""]",ABSENT,No answer-level source or claim reference,NEEDS-EVIDENCE,"Assign stable ID, evidence/interpretation record, controlled construct, positive/negative effect contract, dependency group, and explanation entailment before production repair."
hall_DUNE_missing_blue,hall,MISSING,hall_DUNE_missing_blue#answer-2,It is the charge with a name,"The force matters because speed, oath, and ruthless commitment move first under a war-coded opening.",mardu speed without green multiplication,speed-and-action,"[""philosophical-preference""]","[""MARDU""]","[""MARDU""]","[""DUNE""]",ABSENT,No answer-level source or claim reference,KEEP-BUT-REWORD,"Assign stable ID, evidence/interpretation record, controlled construct, positive/negative effect contract, dependency group, and explanation entailment before production repair."
hall_DUNE_missing_blue,hall,MISSING,hall_DUNE_missing_blue#answer-3,It is the house that endures,"The force matters because lineage, endurance, and survival keep pressure answerable to the living house.",abzan endurance without red ignition,speed-and-action,"[""abstract-scenario-preference""]","[""ABZAN""]","[""ABZAN""]","[""DUNE""]",ABSENT,No answer-level source or claim reference,NEEDS-EVIDENCE,"Assign stable ID, evidence/interpretation record, controlled construct, positive/negative effect contract, dependency group, and explanation entailment before production repair."
hall_DUNE_missing_blue,hall,MISSING,hall_DUNE_missing_blue#answer-4,It is the current that adapts,"The force matters because learning, appetite, volatility, and living growth keep mutating before order can pin them down.",glint volatility with blue present,procedure-and-order,"[""psychographic-or-motivational-inference-risk"",""philosophical-preference""]","[""GLINT""]","[""GLINT""]","[""DUNE""]",ABSENT,No answer-level source or claim reference,NEEDS-EVIDENCE,"Assign stable ID, evidence/interpretation record, controlled construct, positive/negative effect contract, dependency group, and explanation entailment before production repair."
hall_INK_protected_abundance,hall,MISSING,hall_INK_protected_abundance#answer-1,Guard the commons,"Sharing is trustworthy when generosity has a public boundary that keeps knowledge, care, and resources from becoming private leverage.",protected public abundance,protection-and-duty,"[""social-behavior"",""philosophical-preference"",""lore-or-setting-proxy""]","[""INK""]","[""INK""]","[""B"",""UB"",""BR"",""BG"",""GLINT"",""DUNE""]",ABSENT,No answer-level source or claim reference,RETUNE,"Assign stable ID, evidence/interpretation record, controlled construct, positive/negative effect contract, dependency group, and explanation entailment before production repair."
hall_INK_protected_abundance,hall,MISSING,hall_INK_protected_abundance#answer-2,Let appetite take the opening,The shared thing is only useful if the hungriest force can convert it before the table slows it down.,appetite over protected reciprocity,protection-and-duty,"[""social-behavior"",""psychographic-or-motivational-inference-risk"",""lore-or-setting-proxy""]","[""GLINT"",""JUND""]","[""GLINT""]","[""INK""]",ABSENT,No answer-level source or claim reference,RETUNE,"Assign stable ID, evidence/interpretation record, controlled construct, positive/negative effect contract, dependency group, and explanation entailment before production repair."
hall_INK_protected_abundance,hall,MISSING,hall_INK_protected_abundance#answer-3,Hold the line by force,"The resource stays honest when pressure, cost, and bodies keep the field claimed before distance can bargain it away.",force-backed line over open commons,community-and-belonging,"[""social-behavior"",""lore-or-setting-proxy""]","[""DUNE""]","[""DUNE""]","[""INK""]",ABSENT,No answer-level source or claim reference,NEEDS-EVIDENCE,"Assign stable ID, evidence/interpretation record, controlled construct, positive/negative effect contract, dependency group, and explanation entailment before production repair."
hall_INK_protected_abundance,hall,MISSING,hall_INK_protected_abundance#answer-4,Make the process public,"Trust comes from transparent procedure, shared records, and rules that everyone can audit.",procedure-first public process,procedure-and-order,"[""social-behavior"",""lore-or-setting-proxy""]","[""WU""]","[""WU""]","[""INK""]",ABSENT,No answer-level source or claim reference,NEEDS-EVIDENCE,"Assign stable ID, evidence/interpretation record, controlled construct, positive/negative effect contract, dependency group, and explanation entailment before production repair."
hall_INK_missing_black,hall,MISSING,hall_INK_missing_black#answer-1,It resists private capture,The center is Ink when shared resources remain open because Black-style private hoarding is not allowed to define the gift.,missing Black as anti-hoarding boundary,community-and-belonging,"[""social-behavior"",""psychographic-or-motivational-inference-risk"",""aesthetic-or-narrative-preference"",""philosophical-preference""]","[""INK""]","[""INK""]","[""B"",""UB"",""BR"",""BG""]",ABSENT,No answer-level source or claim reference,RETUNE,"Assign stable ID, evidence/interpretation record, controlled construct, positive/negative effect contract, dependency group, and explanation entailment before production repair."
hall_INK_missing_black,hall,MISSING,hall_INK_missing_black#answer-2,Everyone just gets more,"The table mainly wants more cards, mana, and favors without asking what keeps those gifts from being captured.",generic group-hug abundance,knowledge-and-deliberation,"[""gameplay-or-deck-behavior"",""social-behavior"",""psychographic-or-motivational-inference-risk"",""philosophical-preference""]","[""WG""]",[],"[""INK""]",ABSENT,No answer-level source or claim reference,RETUNE,"Assign stable ID, evidence/interpretation record, controlled construct, positive/negative effect contract, dependency group, and explanation entailment before production repair."
hall_INK_missing_black,hall,MISSING,hall_INK_missing_black#answer-3,The archive is the whole point,"The answer centers knowledge itself, treating the record as the identity rather than one protected public good among several.",public archive shortcut,protection-and-duty,"[""social-behavior"",""psychographic-or-motivational-inference-risk"",""philosophical-preference"",""lore-or-setting-proxy""]","[""U""]",[],"[""INK""]",ABSENT,No answer-level source or claim reference,RETUNE,"Assign stable ID, evidence/interpretation record, controlled construct, positive/negative effect contract, dependency group, and explanation entailment before production repair."
hall_INK_missing_black,hall,MISSING,hall_INK_missing_black#answer-4,One card carries it,A single card or commander is being asked to carry the whole identity instead of serving as bounded Commander texture.,single-anchor shortcut,knowledge-and-deliberation,"[""gameplay-or-deck-behavior"",""social-behavior"",""psychographic-or-motivational-inference-risk"",""philosophical-preference""]",[],[],"[""INK""]",ABSENT,No answer-level source or claim reference,RETUNE,"Assign stable ID, evidence/interpretation record, controlled construct, positive/negative effect contract, dependency group, and explanation entailment before production repair."
hall_WITCH_patient_cultivation,hall,MISSING,hall_WITCH_patient_cultivation#answer-1,Let the roots keep the ledger,"Patience is trustworthy when growth, structure, calculation, and ambition all protect the same future before impulse can scatter it.",patient cultivation protected by structure,procedure-and-order,"[""social-behavior"",""psychographic-or-motivational-inference-risk"",""philosophical-preference""]","[""WITCH""]","[""WITCH""]","[""R"",""BR"",""RG"",""UR"",""GLINT"",""DUNE"",""INK""]",ABSENT,No answer-level source or claim reference,RETUNE,"Assign stable ID, evidence/interpretation record, controlled construct, positive/negative effect contract, dependency group, and explanation entailment before production repair."
hall_WITCH_patient_cultivation,hall,MISSING,hall_WITCH_patient_cultivation#answer-2,Perfect the public order,"The patient thing matters because law, process, and improvement can keep the group legible.",bant order without Black ambition,procedure-and-order,"[""social-behavior"",""psychographic-or-motivational-inference-risk"",""philosophical-preference""]","[""BANT""]","[""BANT""]","[""WITCH""]",ABSENT,No answer-level source or claim reference,RETUNE,"Assign stable ID, evidence/interpretation record, controlled construct, positive/negative effect contract, dependency group, and explanation entailment before production repair."
hall_WITCH_patient_cultivation,hall,MISSING,hall_WITCH_patient_cultivation#answer-3,Turn the hidden resource,"The patient thing matters because every secret, grave, and opportunity can become leverage.",sultai leverage without White structure,procedure-and-order,"[""gameplay-or-deck-behavior"",""social-behavior""]","[""SULTAI""]","[""SULTAI""]","[""WITCH""]",ABSENT,No answer-level source or claim reference,NEEDS-EVIDENCE,"Assign stable ID, evidence/interpretation record, controlled construct, positive/negative effect contract, dependency group, and explanation entailment before production repair."
hall_WITCH_patient_cultivation,hall,MISSING,hall_WITCH_patient_cultivation#answer-4,Make the commons flourish,The patient thing matters because shared abundance should keep circulating rather than becoming one private plan.,ink commons over private inevitability,community-and-belonging,"[""social-behavior""]","[""INK""]","[""INK""]","[""WITCH""]",ABSENT,No answer-level source or claim reference,NEEDS-EVIDENCE,"Assign stable ID, evidence/interpretation record, controlled construct, positive/negative effect contract, dependency group, and explanation entailment before production repair."
hall_WITCH_missing_red,hall,MISSING,hall_WITCH_missing_red#answer-1,Keep the spark out of command,"The center is Witch when impulse, spectacle, haste, and emotional release are excluded so cultivation can remain protected and calculated.",missing Red as active cultivation boundary,protection-and-duty,"[""social-behavior"",""aesthetic-or-narrative-preference""]","[""WITCH""]","[""WITCH""]","[""R"",""BR"",""RG"",""UR"",""WR"",""GLINT"",""DUNE""]",ABSENT,No answer-level source or claim reference,NEEDS-EVIDENCE,"Assign stable ID, evidence/interpretation record, controlled construct, positive/negative effect contract, dependency group, and explanation entailment before production repair."
hall_WITCH_missing_red,hall,MISSING,hall_WITCH_missing_red#answer-2,Let the surge keep learning,"The plan matters because appetite, volatility, and living force should adapt in motion.",glint surge with Red present,protection-and-duty,"[""social-behavior"",""psychographic-or-motivational-inference-risk""]","[""GLINT""]","[""GLINT""]","[""WITCH""]",ABSENT,No answer-level source or claim reference,NEEDS-EVIDENCE,"Assign stable ID, evidence/interpretation record, controlled construct, positive/negative effect contract, dependency group, and explanation entailment before production repair."
hall_WITCH_missing_red,hall,MISSING,hall_WITCH_missing_red#answer-3,Take the field before delay,"The plan matters because bodies, cost, ignition, and pressure must claim ground now.",dune pressure with Red present,protection-and-duty,"[""social-behavior""]","[""DUNE""]","[""DUNE""]","[""WITCH""]",ABSENT,No answer-level source or claim reference,NEEDS-EVIDENCE,"Assign stable ID, evidence/interpretation record, controlled construct, positive/negative effect contract, dependency group, and explanation entailment before production repair."
hall_WITCH_missing_red,hall,MISSING,hall_WITCH_missing_red#answer-4,Count only the counters,"The appeal is mainly proliferate, counters, or one famous commander rather than the full missing-Red worldview.",generic counters shortcut,protection-and-duty,"[""gameplay-or-deck-behavior"",""social-behavior""]","[""UG""]",[],"[""WITCH""]",ABSENT,No answer-level source or claim reference,NEEDS-EVIDENCE,"Assign stable ID, evidence/interpretation record, controlled construct, positive/negative effect contract, dependency group, and explanation entailment before production repair."
hall_WR_protection,hall,MISSING,hall_WR_protection#answer-1,Move now,Justice that arrives after the harm is complete is not enough.,protective action,procedure-and-order,"[""social-behavior""]","[""WR""]","[""WR""]","[""WU"",""LOREHOLD""]",ABSENT,No answer-level source or claim reference,NEEDS-EVIDENCE,"Assign stable ID, evidence/interpretation record, controlled construct, positive/negative effect contract, dependency group, and explanation entailment before production repair."
hall_WR_protection,hall,MISSING,hall_WR_protection#answer-2,Preserve legitimacy,"If the method breaks the standard, the victory may poison the next case.",procedural restraint,procedure-and-order,"[""abstract-scenario-preference""]","[""WU""]","[""WU""]","[""WR""]",ABSENT,No answer-level source or claim reference,NEEDS-EVIDENCE,"Assign stable ID, evidence/interpretation record, controlled construct, positive/negative effect contract, dependency group, and explanation entailment before production repair."
hall_WR_protection,hall,MISSING,hall_WR_protection#answer-3,Check the past first,Someone has faced this before. The warning may already exist.,historical warning,procedure-and-order,"[""abstract-scenario-preference""]","[""LOREHOLD""]","[""LOREHOLD""]","[""WR""]",ABSENT,No answer-level source or claim reference,NEEDS-EVIDENCE,"Assign stable ID, evidence/interpretation record, controlled construct, positive/negative effect contract, dependency group, and explanation entailment before production repair."
hall_WR_protection,hall,MISSING,hall_WR_protection#answer-4,Heal the group bond,"The community needs to want protection together, not just receive it.",collective harmony,procedure-and-order,"[""social-behavior"",""psychographic-or-motivational-inference-risk""]","[""WG""]","[""WG""]","[""WR""]",ABSENT,No answer-level source or claim reference,NEEDS-EVIDENCE,"Assign stable ID, evidence/interpretation record, controlled construct, positive/negative effect contract, dependency group, and explanation entailment before production repair."
hall_LOREHOLD_history,hall,MISSING,hall_LOREHOLD_history#answer-1,Interrogate the past,"The ruin, record, ancestor, or artifact may know what haste will miss.",historical field evidence,expression-and-performance,"[""aesthetic-or-narrative-preference"",""lore-or-setting-proxy""]","[""LOREHOLD""]","[""LOREHOLD""]","[""WR"",""UR""]",ABSENT,No answer-level source or claim reference,NEEDS-EVIDENCE,"Assign stable ID, evidence/interpretation record, controlled construct, positive/negative effect contract, dependency group, and explanation entailment before production repair."
hall_LOREHOLD_history,hall,MISSING,hall_LOREHOLD_history#answer-2,Protect the present,"History matters, but the person in danger is here now.",present-tense justice,protection-and-duty,"[""social-behavior"",""aesthetic-or-narrative-preference"",""lore-or-setting-proxy""]","[""WR""]","[""WR""]","[""LOREHOLD""]",ABSENT,No answer-level source or claim reference,RETUNE,"Assign stable ID, evidence/interpretation record, controlled construct, positive/negative effect contract, dependency group, and explanation entailment before production repair."
hall_LOREHOLD_history,hall,MISSING,hall_LOREHOLD_history#answer-3,Codify the lesson,The past matters because it should become better procedure.,precedent into law,procedure-and-order,"[""philosophical-preference""]","[""WU""]","[""WU""]","[""LOREHOLD""]",ABSENT,No answer-level source or claim reference,NEEDS-EVIDENCE,"Assign stable ID, evidence/interpretation record, controlled construct, positive/negative effect contract, dependency group, and explanation entailment before production repair."
hall_LOREHOLD_history,hall,MISSING,hall_LOREHOLD_history#answer-4,Model the pattern,The past is data. The deeper truth is the structure beneath it.,historical pattern,procedure-and-order,"[""philosophical-preference""]","[""QUANDRIX""]","[""QUANDRIX""]","[""LOREHOLD""]",ABSENT,No answer-level source or claim reference,KEEP-BUT-REWORD,"Assign stable ID, evidence/interpretation record, controlled construct, positive/negative effect contract, dependency group, and explanation entailment before production repair."
hall_PRISMARI_expression,hall,MISSING,hall_PRISMARI_expression#answer-1,The unforgettable expression,Technique serves the feeling. The spell has to land in the body.,elemental artistry,expression-and-performance,"[""gameplay-or-deck-behavior"",""social-behavior"",""psychographic-or-motivational-inference-risk"",""aesthetic-or-narrative-preference""]","[""PRISMARI""]","[""PRISMARI""]","[""UR"",""QUANDRIX""]",ABSENT,No answer-level source or claim reference,RETUNE,"Assign stable ID, evidence/interpretation record, controlled construct, positive/negative effect contract, dependency group, and explanation entailment before production repair."
hall_PRISMARI_expression,hall,MISSING,hall_PRISMARI_expression#answer-2,The mechanism underneath,"If you cannot explain how it works, you have not mastered it.",mechanistic curiosity,experiment-and-invention,"[""social-behavior""]","[""UR""]","[""UR""]","[""PRISMARI""]",ABSENT,No answer-level source or claim reference,NEEDS-EVIDENCE,"Assign stable ID, evidence/interpretation record, controlled construct, positive/negative effect contract, dependency group, and explanation entailment before production repair."
hall_PRISMARI_expression,hall,MISSING,hall_PRISMARI_expression#answer-3,The transgression,Make them uncomfortable enough to stop pretending.,dangerous spectacle,expression-and-performance,"[""social-behavior"",""aesthetic-or-narrative-preference""]","[""BR""]","[""BR""]","[""PRISMARI""]",ABSENT,No answer-level source or claim reference,NEEDS-EVIDENCE,"Assign stable ID, evidence/interpretation record, controlled construct, positive/negative effect contract, dependency group, and explanation entailment before production repair."
hall_PRISMARI_expression,hall,MISSING,hall_PRISMARI_expression#answer-4,The precise phrase,The strongest performance may be one sentence said exactly right.,verbal precision,expression-and-performance,"[""social-behavior""]","[""SILVERQUILL""]","[""SILVERQUILL""]","[""PRISMARI""]",ABSENT,No answer-level source or claim reference,NEEDS-EVIDENCE,"Assign stable ID, evidence/interpretation record, controlled construct, positive/negative effect contract, dependency group, and explanation entailment before production repair."
hall_QUANDRIX_pattern,hall,MISSING,hall_QUANDRIX_pattern#answer-1,The underlying pattern,"The exception, proof, and model are where the real structure appears.",mathematical abstraction,procedure-and-order,"[""social-behavior"",""psychographic-or-motivational-inference-risk""]","[""QUANDRIX""]","[""QUANDRIX""]","[""BR"",""PRISMARI""]",ABSENT,No answer-level source or claim reference,KEEP-BUT-REWORD,"Assign stable ID, evidence/interpretation record, controlled construct, positive/negative effect contract, dependency group, and explanation entailment before production repair."
hall_QUANDRIX_pattern,hall,MISSING,hall_QUANDRIX_pattern#answer-2,The adapting body,A pattern matters when it helps life become more fit for the world.,adaptive biology,decay-and-renewal,"[""social-behavior"",""psychographic-or-motivational-inference-risk""]","[""UG""]","[""UG""]","[""QUANDRIX""]",ABSENT,No answer-level source or claim reference,KEEP-BUT-REWORD,"Assign stable ID, evidence/interpretation record, controlled construct, positive/negative effect contract, dependency group, and explanation entailment before production repair."
hall_QUANDRIX_pattern,hall,MISSING,hall_QUANDRIX_pattern#answer-3,The test bench,"Build the device, run the experiment, and let the weird result speak.",experimental proof,experiment-and-invention,"[""social-behavior"",""psychographic-or-motivational-inference-risk""]","[""UR""]","[""UR""]","[""QUANDRIX""]",ABSENT,No answer-level source or claim reference,KEEP-BUT-REWORD,"Assign stable ID, evidence/interpretation record, controlled construct, positive/negative effect contract, dependency group, and explanation entailment before production repair."
hall_QUANDRIX_pattern,hall,MISSING,hall_QUANDRIX_pattern#answer-4,The record,"Patterns matter, but history has already run experiments at scale.",historical evidence,experiment-and-invention,"[""social-behavior"",""psychographic-or-motivational-inference-risk"",""aesthetic-or-narrative-preference"",""lore-or-setting-proxy""]","[""LOREHOLD""]","[""LOREHOLD""]","[""QUANDRIX""]",ABSENT,No answer-level source or claim reference,RETUNE,"Assign stable ID, evidence/interpretation record, controlled construct, positive/negative effect contract, dependency group, and explanation entailment before production repair."
hall_SILVERQUILL_words,hall,MISSING,hall_SILVERQUILL_words#answer-1,Say the line that changes the room,"Words are force. Precision, praise, pressure, and image all matter.",rhetorical force,speed-and-action,"[""abstract-scenario-preference""]","[""SILVERQUILL""]","[""SILVERQUILL""]","[""UB"",""WU""]",ABSENT,No answer-level source or claim reference,NEEDS-EVIDENCE,"Assign stable ID, evidence/interpretation record, controlled construct, positive/negative effect contract, dependency group, and explanation entailment before production repair."
hall_SILVERQUILL_words,hall,MISSING,hall_SILVERQUILL_words#answer-2,Make the contract visible,Speech matters when it binds obligation to consequence.,contractual speech,uncontrolled-editorial-construct,"[""abstract-scenario-preference""]","[""WB""]","[""WB""]","[""SILVERQUILL""]",ABSENT,No answer-level source or claim reference,NEEDS-EVIDENCE,"Assign stable ID, evidence/interpretation record, controlled construct, positive/negative effect contract, dependency group, and explanation entailment before production repair."
hall_SILVERQUILL_words,hall,MISSING,hall_SILVERQUILL_words#answer-3,Codify the standard,The room changes when everyone knows the rule that applies.,formal ruling,procedure-and-order,"[""abstract-scenario-preference""]","[""WU""]","[""WU""]","[""SILVERQUILL""]",ABSENT,No answer-level source or claim reference,NEEDS-EVIDENCE,"Assign stable ID, evidence/interpretation record, controlled construct, positive/negative effect contract, dependency group, and explanation entailment before production repair."
hall_SILVERQUILL_words,hall,MISSING,hall_SILVERQUILL_words#answer-4,Make the feeling visible,Language is too small; the expression needs scale.,elemental expression,expression-and-performance,"[""psychographic-or-motivational-inference-risk""]","[""PRISMARI""]","[""PRISMARI""]","[""SILVERQUILL""]",ABSENT,No answer-level source or claim reference,KEEP-BUT-REWORD,"Assign stable ID, evidence/interpretation record, controlled construct, positive/negative effect contract, dependency group, and explanation entailment before production repair."
hall_WITHERBLOOM_essence,hall,MISSING,hall_WITHERBLOOM_essence#answer-1,The life-death exchange,Vitality is not clean. Healing may require proximity to decay.,messy vitality ecology,agency-and-leverage,"[""social-behavior""]","[""WITHERBLOOM""]","[""WITHERBLOOM""]","[""WU"",""WG""]",ABSENT,No answer-level source or claim reference,NEEDS-EVIDENCE,"Assign stable ID, evidence/interpretation record, controlled construct, positive/negative effect contract, dependency group, and explanation entailment before production repair."
hall_WITHERBLOOM_essence,hall,MISSING,hall_WITHERBLOOM_essence#answer-2,The reclaimed remains,Use what the system threw away and make survival from it.,rot reclamation,agency-and-leverage,"[""social-behavior""]","[""BG""]","[""BG""]","[""WITHERBLOOM""]",ABSENT,No answer-level source or claim reference,NEEDS-EVIDENCE,"Assign stable ID, evidence/interpretation record, controlled construct, positive/negative effect contract, dependency group, and explanation entailment before production repair."
hall_WITHERBLOOM_essence,hall,MISSING,hall_WITHERBLOOM_essence#answer-3,The improved organism,"If the body can be adapted away from fragility, adapt it.",biodesign improvement,agency-and-leverage,"[""social-behavior""]","[""UG""]","[""UG""]","[""WITHERBLOOM""]",ABSENT,No answer-level source or claim reference,NEEDS-EVIDENCE,"Assign stable ID, evidence/interpretation record, controlled construct, positive/negative effect contract, dependency group, and explanation entailment before production repair."
hall_WITHERBLOOM_essence,hall,MISSING,hall_WITHERBLOOM_essence#answer-4,The nurturing whole,"Healing should restore belonging, not just biological function.",communal nurture,community-and-belonging,"[""social-behavior""]","[""WG""]","[""WG""]","[""WITHERBLOOM""]",ABSENT,No answer-level source or claim reference,NEEDS-EVIDENCE,"Assign stable ID, evidence/interpretation record, controlled construct, positive/negative effect contract, dependency group, and explanation entailment before production repair."
hall_COLORLESS_outside_wubrg,hall,MISSING,hall_COLORLESS_outside_wubrg#answer-1,Stay outside the wheel,"The absence is the discipline: exact mana, exact boundaries, and no need to translate the experience into WUBRG.",outside-WUBRG precision,uncontrolled-editorial-construct,"[""gameplay-or-deck-behavior"",""psychographic-or-motivational-inference-risk""]","[""COLORLESS""]","[""COLORLESS""]","[""WUBRG"",""W"",""U"",""B"",""R"",""G"",""YORE"",""ESPER"",""WITCH""]",ABSENT,No answer-level source or claim reference,KEEP-BUT-REWORD,"Assign stable ID, evidence/interpretation record, controlled construct, positive/negative effect contract, dependency group, and explanation entailment before production repair."
hall_COLORLESS_outside_wubrg,hall,MISSING,hall_COLORLESS_outside_wubrg#answer-2,Build the artifact engine,"The machine matters most when its parts assemble into repeatable function, even if the deck still wants colored purposes.",artifact engine without strict Colorless boundary,experiment-and-invention,"[""gameplay-or-deck-behavior"",""social-behavior"",""psychographic-or-motivational-inference-risk"",""aesthetic-or-narrative-preference"",""lore-or-setting-proxy""]","[""YORE"",""ESPER""]",[],"[""COLORLESS""]",ABSENT,No answer-level source or claim reference,RETUNE,"Assign stable ID, evidence/interpretation record, controlled construct, positive/negative effect contract, dependency group, and explanation entailment before production repair."
hall_COLORLESS_outside_wubrg,hall,MISSING,hall_COLORLESS_outside_wubrg#answer-3,Use every color,"The pull is fullness: every tool, every color, and a deck that answers limitation by expanding the palette.",five-color fullness,uncontrolled-editorial-construct,"[""gameplay-or-deck-behavior"",""psychographic-or-motivational-inference-risk""]","[""WUBRG""]","[""WUBRG""]","[""COLORLESS""]",ABSENT,No answer-level source or claim reference,KEEP-BUT-REWORD,"Assign stable ID, evidence/interpretation record, controlled construct, positive/negative effect contract, dependency group, and explanation entailment before production repair."
hall_COLORLESS_branch_boundary,hall,MISSING,hall_COLORLESS_branch_boundary#answer-1,Chosen restriction,"The appeal is the clean line: colorless mana, generic costs, artifacts, Eldrazi, Wastes, and Devoid stay related but separate.",strict branch separation,expression-and-performance,"[""gameplay-or-deck-behavior"",""aesthetic-or-narrative-preference""]","[""COLORLESS""]","[""COLORLESS""]","[""WUBRG"",""W"",""U"",""B"",""R"",""G"",""YORE"",""ESPER"",""WITCH""]",ABSENT,No answer-level source or claim reference,NEEDS-EVIDENCE,"Assign stable ID, evidence/interpretation record, controlled construct, positive/negative effect contract, dependency group, and explanation entailment before production repair."
hall_COLORLESS_branch_boundary,hall,MISSING,hall_COLORLESS_branch_boundary#answer-2,Only artifacts,"The attraction is machine function first, with colorlessness as a useful texture rather than the identity boundary.",artifact-only false positive,expression-and-performance,"[""aesthetic-or-narrative-preference""]","[""YORE"",""ESPER""]",[],"[""COLORLESS""]",ABSENT,No answer-level source or claim reference,NEEDS-EVIDENCE,"Assign stable ID, evidence/interpretation record, controlled construct, positive/negative effect contract, dependency group, and explanation entailment before production repair."
hall_COLORLESS_branch_boundary,hall,MISSING,hall_COLORLESS_branch_boundary#answer-3,Five-color Eldrazi,"The Eldrazi mood is real, but the deck still wants all five colors rather than strict outside-WUBRG discipline.",five-color Eldrazi false positive,uncontrolled-editorial-construct,"[""gameplay-or-deck-behavior"",""psychographic-or-motivational-inference-risk""]","[""WUBRG""]","[""WUBRG""]","[""COLORLESS""]",ABSENT,No answer-level source or claim reference,NEEDS-EVIDENCE,"Assign stable ID, evidence/interpretation record, controlled construct, positive/negative effect contract, dependency group, and explanation entailment before production repair."
hall_COLORLESS_branch_boundary,hall,MISSING,hall_COLORLESS_branch_boundary#answer-4,Phyrexian aesthetics,"The metallic, body-horror, oil-stained read belongs to a different distinction track unless evidence says otherwise.",Phyrexia distinction gap,community-and-belonging,"[""social-behavior"",""aesthetic-or-narrative-preference""]","[""WITCH""]",[],"[""COLORLESS""]",ABSENT,No answer-level source or claim reference,NEEDS-EVIDENCE,"Assign stable ID, evidence/interpretation record, controlled construct, positive/negative effect contract, dependency group, and explanation entailment before production repair."
hall_WUBRG_full_spectrum,hall,MISSING,hall_WUBRG_full_spectrum#answer-1,Every color has a job,"White sets the structure, Blue clarifies the pattern, Black protects agency, Red moves, and Green keeps the whole thing alive.",all five colors present with roles,procedure-and-order,"[""social-behavior"",""psychographic-or-motivational-inference-risk""]","[""WUBRG""]","[""WUBRG""]","[""COLORLESS"",""YORE"",""GLINT"",""DUNE"",""INK"",""WITCH""]",ABSENT,No answer-level source or claim reference,NEEDS-EVIDENCE,"Assign stable ID, evidence/interpretation record, controlled construct, positive/negative effect contract, dependency group, and explanation entailment before production repair."
hall_WUBRG_full_spectrum,hall,MISSING,hall_WUBRG_full_spectrum#answer-2,The strongest pile wins,"The point is access to the best cards, with identity and tradeoffs treated as secondary.",generic goodstuff false positive,uncontrolled-editorial-construct,"[""gameplay-or-deck-behavior""]",[],[],"[""WUBRG""]",ABSENT,No answer-level source or claim reference,NEEDS-EVIDENCE,"Assign stable ID, evidence/interpretation record, controlled construct, positive/negative effect contract, dependency group, and explanation entailment before production repair."
hall_WUBRG_full_spectrum,hall,MISSING,hall_WUBRG_full_spectrum#answer-3,Stay outside the wheel,"The appeal is still the absence of color, not the chance to include every color.",outside-WUBRG restriction over fullness,uncontrolled-editorial-construct,"[""abstract-scenario-preference""]","[""COLORLESS""]","[""COLORLESS""]","[""WUBRG""]",ABSENT,No answer-level source or claim reference,NEEDS-EVIDENCE,"Assign stable ID, evidence/interpretation record, controlled construct, positive/negative effect contract, dependency group, and explanation entailment before production repair."
crucible_COLORLESS_WUBRG,crucible,MISSING,crucible_COLORLESS_WUBRG#answer-1,Step outside color,"The chosen restriction is the point: absence, exact colorless boundaries, and no need to translate the experience into WUBRG.",chosen outside-WUBRG restriction,uncontrolled-editorial-construct,"[""abstract-scenario-preference""]","[""COLORLESS""]","[""COLORLESS""]","[""WUBRG""]",ABSENT,No answer-level source or claim reference,NEEDS-EVIDENCE,"Assign stable ID, evidence/interpretation record, controlled construct, positive/negative effect contract, dependency group, and explanation entailment before production repair."
crucible_COLORLESS_WUBRG,crucible,MISSING,crucible_COLORLESS_WUBRG#answer-2,Bring all five in,"Every color belongs at the table, with each role negotiated instead of collapsed into generic access.",all five colors present and negotiated,community-and-belonging,"[""social-behavior""]","[""WUBRG""]","[""WUBRG""]","[""COLORLESS""]",ABSENT,No answer-level source or claim reference,NEEDS-EVIDENCE,"Assign stable ID, evidence/interpretation record, controlled construct, positive/negative effect contract, dependency group, and explanation entailment before production repair."
crucible_W_WU,crucible,MISSING,crucible_W_WU#answer-1,Shelter first,The structure matters because it keeps people safe.,shelter before procedure,procedure-and-order,"[""social-behavior""]","[""W""]","[""W""]","[""WU""]",ABSENT,No answer-level source or claim reference,NEEDS-EVIDENCE,"Assign stable ID, evidence/interpretation record, controlled construct, positive/negative effect contract, dependency group, and explanation entailment before production repair."
crucible_W_WU,crucible,MISSING,crucible_W_WU#answer-2,Process first,Protection lasts when the rule survives every exception.,procedure before shelter,procedure-and-order,"[""social-behavior""]","[""WU""]","[""WU""]","[""W""]",ABSENT,No answer-level source or claim reference,NEEDS-EVIDENCE,"Assign stable ID, evidence/interpretation record, controlled construct, positive/negative effect contract, dependency group, and explanation entailment before production repair."
crucible_W_WR,crucible,MISSING,crucible_W_WR#answer-1,Build the standard,"Protection has to become reliable, not only brave.",reliable protection,protection-and-duty,"[""social-behavior""]","[""W""]","[""W""]","[""WR""]",ABSENT,No answer-level source or claim reference,NEEDS-EVIDENCE,"Assign stable ID, evidence/interpretation record, controlled construct, positive/negative effect contract, dependency group, and explanation entailment before production repair."
crucible_W_WR,crucible,MISSING,crucible_W_WR#answer-2,Step in right now,Protection that waits for structure can arrive too late.,immediate duty,procedure-and-order,"[""social-behavior""]","[""WR""]","[""WR""]","[""W""]",ABSENT,No answer-level source or claim reference,NEEDS-EVIDENCE,"Assign stable ID, evidence/interpretation record, controlled construct, positive/negative effect contract, dependency group, and explanation entailment before production repair."
crucible_W_WG,crucible,MISSING,crucible_W_WG#answer-1,Shared standards,The structure protects even before trust matures.,standards before belonging,procedure-and-order,"[""social-behavior""]","[""W""]","[""W""]","[""WG""]",ABSENT,No answer-level source or claim reference,NEEDS-EVIDENCE,"Assign stable ID, evidence/interpretation record, controlled construct, positive/negative effect contract, dependency group, and explanation entailment before production repair."
crucible_W_WG,crucible,MISSING,crucible_W_WG#answer-2,Shared belonging,People protect what they already feel part of together.,belonging before standards,protection-and-duty,"[""social-behavior"",""psychographic-or-motivational-inference-risk"",""aesthetic-or-narrative-preference""]","[""WG""]","[""WG""]","[""W""]",ABSENT,No answer-level source or claim reference,RETUNE,"Assign stable ID, evidence/interpretation record, controlled construct, positive/negative effect contract, dependency group, and explanation entailment before production repair."
crucible_U_WU,crucible,MISSING,crucible_U_WU#answer-1,Understand the system,The rule matters after the model is clear.,model before procedure,procedure-and-order,"[""social-behavior""]","[""U""]","[""U""]","[""WU""]",ABSENT,No answer-level source or claim reference,NEEDS-EVIDENCE,"Assign stable ID, evidence/interpretation record, controlled construct, positive/negative effect contract, dependency group, and explanation entailment before production repair."
crucible_U_WU,crucible,MISSING,crucible_U_WU#answer-2,Bind the rule,Understanding matters when it becomes fair process.,procedure before model,procedure-and-order,"[""social-behavior""]","[""WU""]","[""WU""]","[""U""]",ABSENT,No answer-level source or claim reference,NEEDS-EVIDENCE,"Assign stable ID, evidence/interpretation record, controlled construct, positive/negative effect contract, dependency group, and explanation entailment before production repair."
crucible_U_UB,crucible,MISSING,crucible_U_UB#answer-1,Improve the future,Knowledge expands what can be done next.,knowledge as possibility,knowledge-and-deliberation,"[""philosophical-preference""]","[""U""]","[""U""]","[""UB""]",ABSENT,No answer-level source or claim reference,NEEDS-EVIDENCE,"Assign stable ID, evidence/interpretation record, controlled construct, positive/negative effect contract, dependency group, and explanation entailment before production repair."
crucible_U_UB,crucible,MISSING,crucible_U_UB#answer-2,Keep it unseen,Information is strongest when it becomes hidden leverage.,knowledge as secrecy,knowledge-and-deliberation,"[""philosophical-preference""]","[""UB""]","[""UB""]","[""U""]",ABSENT,No answer-level source or claim reference,NEEDS-EVIDENCE,"Assign stable ID, evidence/interpretation record, controlled construct, positive/negative effect contract, dependency group, and explanation entailment before production repair."
crucible_U_UR,crucible,MISSING,crucible_U_UR#answer-1,Wait for the model,A better prediction prevents a wasted breakthrough.,predictive patience,experiment-and-invention,"[""social-behavior""]","[""U""]","[""U""]","[""UR""]",ABSENT,No answer-level source or claim reference,NEEDS-EVIDENCE,"Assign stable ID, evidence/interpretation record, controlled construct, positive/negative effect contract, dependency group, and explanation entailment before production repair."
crucible_U_UR,crucible,MISSING,crucible_U_UR#answer-2,Fire the prototype,The experiment has to move before the answer appears.,experimental spark,experiment-and-invention,"[""social-behavior""]","[""UR""]","[""UR""]","[""U""]",ABSENT,No answer-level source or claim reference,NEEDS-EVIDENCE,"Assign stable ID, evidence/interpretation record, controlled construct, positive/negative effect contract, dependency group, and explanation entailment before production repair."
crucible_U_UG,crucible,MISSING,crucible_U_UG#answer-1,Refine the model,"Improve the tool, plan, and knowledge before changing the body.",engineered possibility,knowledge-and-deliberation,"[""philosophical-preference""]","[""U""]","[""U""]","[""UG""]",ABSENT,No answer-level source or claim reference,NEEDS-EVIDENCE,"Assign stable ID, evidence/interpretation record, controlled construct, positive/negative effect contract, dependency group, and explanation entailment before production repair."
crucible_U_UG,crucible,MISSING,crucible_U_UG#answer-2,Alter the organism,The living form must adapt to meet the future.,living adaptation,growth-and-nature,"[""abstract-scenario-preference""]","[""UG""]","[""UG""]","[""U""]",ABSENT,No answer-level source or claim reference,NEEDS-EVIDENCE,"Assign stable ID, evidence/interpretation record, controlled construct, positive/negative effect contract, dependency group, and explanation entailment before production repair."
crucible_B_UB,crucible,MISSING,crucible_B_UB#answer-1,Pay directly,Agency is worth the price when the price keeps your fate yours.,direct cost,knowledge-and-deliberation,"[""psychographic-or-motivational-inference-risk""]","[""B""]","[""B""]","[""UB""]",ABSENT,No answer-level source or claim reference,NEEDS-EVIDENCE,"Assign stable ID, evidence/interpretation record, controlled construct, positive/negative effect contract, dependency group, and explanation entailment before production repair."
crucible_B_UB,crucible,MISSING,crucible_B_UB#answer-2,Wait in secret,Leverage is strongest when no one sees the hand move.,hidden timing,knowledge-and-deliberation,"[""abstract-scenario-preference""]","[""UB""]","[""UB""]","[""B""]",ABSENT,No answer-level source or claim reference,NEEDS-EVIDENCE,"Assign stable ID, evidence/interpretation record, controlled construct, positive/negative effect contract, dependency group, and explanation entailment before production repair."
crucible_B_BR,crucible,MISSING,crucible_B_BR#answer-1,Keep control,The sacrifice matters because it secures agency.,controlled cost,agency-and-leverage,"[""psychographic-or-motivational-inference-risk""]","[""B""]","[""B""]","[""BR""]",ABSENT,No answer-level source or claim reference,NEEDS-EVIDENCE,"Assign stable ID, evidence/interpretation record, controlled construct, positive/negative effect contract, dependency group, and explanation entailment before production repair."
crucible_B_BR,crucible,MISSING,crucible_B_BR#answer-2,Release restraint,The rupture matters because the pressure has to become real.,unrestrained release,agency-and-leverage,"[""abstract-scenario-preference""]","[""BR""]","[""BR""]","[""B""]",ABSENT,No answer-level source or claim reference,NEEDS-EVIDENCE,"Assign stable ID, evidence/interpretation record, controlled construct, positive/negative effect contract, dependency group, and explanation entailment before production repair."
crucible_B_BG,crucible,MISSING,crucible_B_BG#answer-1,It belongs to the plan,Death is another resource to convert.,graveyard leverage,community-and-belonging,"[""gameplay-or-deck-behavior"",""social-behavior""]","[""B""]","[""B""]","[""BG""]",ABSENT,No answer-level source or claim reference,NEEDS-EVIDENCE,"Assign stable ID, evidence/interpretation record, controlled construct, positive/negative effect contract, dependency group, and explanation entailment before production repair."
crucible_B_BG,crucible,MISSING,crucible_B_BG#answer-2,It feeds the cycle,Death matters because survival keeps returning through decay.,predatory cycle,community-and-belonging,"[""gameplay-or-deck-behavior"",""social-behavior""]","[""BG""]","[""BG""]","[""B""]",ABSENT,No answer-level source or claim reference,NEEDS-EVIDENCE,"Assign stable ID, evidence/interpretation record, controlled construct, positive/negative effect contract, dependency group, and explanation entailment before production repair."
crucible_B_WB,crucible,MISSING,crucible_B_WB#answer-1,Own the leverage,Power protects best when it answers to the self.,private sovereignty,protection-and-duty,"[""social-behavior"",""psychographic-or-motivational-inference-risk""]","[""B""]","[""B""]","[""WB""]",ABSENT,No answer-level source or claim reference,KEEP-BUT-REWORD,"Assign stable ID, evidence/interpretation record, controlled construct, positive/negative effect contract, dependency group, and explanation entailment before production repair."
crucible_B_WB,crucible,MISSING,crucible_B_WB#answer-2,Bind the obligation,Power lasts when the debt becomes public and enforceable.,binding obligation,agency-and-leverage,"[""social-behavior""]","[""WB""]","[""WB""]","[""B""]",ABSENT,No answer-level source or claim reference,NEEDS-EVIDENCE,"Assign stable ID, evidence/interpretation record, controlled construct, positive/negative effect contract, dependency group, and explanation entailment before production repair."
crucible_R_WR,crucible,MISSING,crucible_R_WR#answer-1,Free the impulse,The action matters because the feeling is true now.,honest spark,protection-and-duty,"[""social-behavior"",""psychographic-or-motivational-inference-risk""]","[""R""]","[""R""]","[""WR""]",ABSENT,No answer-level source or claim reference,KEEP-BUT-REWORD,"Assign stable ID, evidence/interpretation record, controlled construct, positive/negative effect contract, dependency group, and explanation entailment before production repair."
crucible_R_WR,crucible,MISSING,crucible_R_WR#answer-2,Protect the person,The action matters because harm is already moving toward someone.,protective intervention,protection-and-duty,"[""social-behavior""]","[""WR""]","[""WR""]","[""R""]",ABSENT,No answer-level source or claim reference,NEEDS-EVIDENCE,"Assign stable ID, evidence/interpretation record, controlled construct, positive/negative effect contract, dependency group, and explanation entailment before production repair."
crucible_R_UR,crucible,MISSING,crucible_R_UR#answer-1,Trust the feeling now,The first motion is the truth you can act on.,present impulse,experiment-and-invention,"[""social-behavior"",""psychographic-or-motivational-inference-risk"",""philosophical-preference""]","[""R""]","[""R""]","[""UR""]",ABSENT,No answer-level source or claim reference,RETUNE,"Assign stable ID, evidence/interpretation record, controlled construct, positive/negative effect contract, dependency group, and explanation entailment before production repair."
crucible_R_UR,crucible,MISSING,crucible_R_UR#answer-2,Build the test,The spark becomes useful when the experiment reveals its shape.,crafted experiment,experiment-and-invention,"[""social-behavior"",""psychographic-or-motivational-inference-risk""]","[""UR""]","[""UR""]","[""R""]",ABSENT,No answer-level source or claim reference,KEEP-BUT-REWORD,"Assign stable ID, evidence/interpretation record, controlled construct, positive/negative effect contract, dependency group, and explanation entailment before production repair."
crucible_R_BR,crucible,MISSING,crucible_R_BR#answer-1,Let me breathe,Freedom is the point; the action does not need pain to prove it.,freedom without cruelty,speed-and-action,"[""philosophical-preference""]","[""R""]","[""R""]","[""BR""]",ABSENT,No answer-level source or claim reference,NEEDS-EVIDENCE,"Assign stable ID, evidence/interpretation record, controlled construct, positive/negative effect contract, dependency group, and explanation entailment before production repair."
crucible_R_BR,crucible,MISSING,crucible_R_BR#answer-2,Unsettle the room,"The rupture matters when appetite, taboo, or pain becomes impossible to ignore.",transgressive spectacle,expression-and-performance,"[""psychographic-or-motivational-inference-risk"",""aesthetic-or-narrative-preference""]","[""BR""]","[""BR""]","[""R""]",ABSENT,No answer-level source or claim reference,NEEDS-EVIDENCE,"Assign stable ID, evidence/interpretation record, controlled construct, positive/negative effect contract, dependency group, and explanation entailment before production repair."
crucible_R_RG,crucible,MISSING,crucible_R_RG#answer-1,Because I feel it now,The present feeling is enough to move.,emotion as truth,expression-and-performance,"[""psychographic-or-motivational-inference-risk"",""philosophical-preference""]","[""R""]","[""R""]","[""RG""]",ABSENT,No answer-level source or claim reference,KEEP-BUT-REWORD,"Assign stable ID, evidence/interpretation record, controlled construct, positive/negative effect contract, dependency group, and explanation entailment before production repair."
crucible_R_RG,crucible,MISSING,crucible_R_RG#answer-2,Because the wild knows,"Instinct, force, and primal belonging know before permission arrives.",wild instinct,community-and-belonging,"[""social-behavior"",""psychographic-or-motivational-inference-risk""]","[""RG""]","[""RG""]","[""R""]",ABSENT,No answer-level source or claim reference,KEEP-BUT-REWORD,"Assign stable ID, evidence/interpretation record, controlled construct, positive/negative effect contract, dependency group, and explanation entailment before production repair."
crucible_G_WG,crucible,MISSING,crucible_G_WG#answer-1,Natural place,The living thing belongs by becoming what it already is.,natural belonging,community-and-belonging,"[""social-behavior""]","[""G""]","[""G""]","[""WG""]",ABSENT,No answer-level source or claim reference,NEEDS-EVIDENCE,"Assign stable ID, evidence/interpretation record, controlled construct, positive/negative effect contract, dependency group, and explanation entailment before production repair."
crucible_G_WG,crucible,MISSING,crucible_G_WG#answer-2,Shared community,Belonging becomes real when the group chooses care together.,communal belonging,community-and-belonging,"[""social-behavior""]","[""WG""]","[""WG""]","[""G""]",ABSENT,No answer-level source or claim reference,NEEDS-EVIDENCE,"Assign stable ID, evidence/interpretation record, controlled construct, positive/negative effect contract, dependency group, and explanation entailment before production repair."
crucible_G_UG,crucible,MISSING,crucible_G_UG#answer-1,Let it unfold,The seed already knows its shape; give it roots and time.,inherent growth,knowledge-and-deliberation,"[""philosophical-preference""]","[""G""]","[""G""]","[""UG""]",ABSENT,No answer-level source or claim reference,NEEDS-EVIDENCE,"Assign stable ID, evidence/interpretation record, controlled construct, positive/negative effect contract, dependency group, and explanation entailment before production repair."
crucible_G_UG,crucible,MISSING,crucible_G_UG#answer-2,Adapt the organism,Survival may require changing the living form.,living adaptation,knowledge-and-deliberation,"[""philosophical-preference""]","[""UG""]","[""UG""]","[""G""]",ABSENT,No answer-level source or claim reference,NEEDS-EVIDENCE,"Assign stable ID, evidence/interpretation record, controlled construct, positive/negative effect contract, dependency group, and explanation entailment before production repair."
crucible_G_BG,crucible,MISSING,crucible_G_BG#answer-1,Trust the living season,"Flourishing returns through roots, pace, and natural renewal.",life cycle without extraction,decay-and-renewal,"[""gameplay-or-deck-behavior"",""social-behavior""]","[""G""]","[""G""]","[""BG""]",ABSENT,No answer-level source or claim reference,NEEDS-EVIDENCE,"Assign stable ID, evidence/interpretation record, controlled construct, positive/negative effect contract, dependency group, and explanation entailment before production repair."
crucible_G_BG,crucible,MISSING,crucible_G_BG#answer-2,Reclaim the remains,Survival starts with what collapse left behind.,reclamation first,expression-and-performance,"[""gameplay-or-deck-behavior"",""aesthetic-or-narrative-preference""]","[""BG""]","[""BG""]","[""G""]",ABSENT,No answer-level source or claim reference,NEEDS-EVIDENCE,"Assign stable ID, evidence/interpretation record, controlled construct, positive/negative effect contract, dependency group, and explanation entailment before production repair."
crucible_G_RG,crucible,MISSING,crucible_G_RG#answer-1,Root and grow,"Instinct is old enough to wait, deepen, and become strong.",patient instinct,growth-and-nature,"[""abstract-scenario-preference""]","[""G""]","[""G""]","[""RG""]",ABSENT,No answer-level source or claim reference,NEEDS-EVIDENCE,"Assign stable ID, evidence/interpretation record, controlled construct, positive/negative effect contract, dependency group, and explanation entailment before production repair."
crucible_G_RG,crucible,MISSING,crucible_G_RG#answer-2,Break the cage,The wild body knows constraint must be thrown off.,wild force,growth-and-nature,"[""abstract-scenario-preference""]","[""RG""]","[""RG""]","[""G""]",ABSENT,No answer-level source or claim reference,NEEDS-EVIDENCE,"Assign stable ID, evidence/interpretation record, controlled construct, positive/negative effect contract, dependency group, and explanation entailment before production repair."
crucible_WU_WG,crucible,MISSING,crucible_WU_WG#answer-1,Fair system,Peace needs enforceable process.,law before belonging,procedure-and-order,"[""social-behavior"",""philosophical-preference""]","[""WU""]","[""WU""]","[""WG""]",ABSENT,No answer-level source or claim reference,NEEDS-EVIDENCE,"Assign stable ID, evidence/interpretation record, controlled construct, positive/negative effect contract, dependency group, and explanation entailment before production repair."
crucible_WU_WG,crucible,MISSING,crucible_WU_WG#answer-2,Shared identity,Peace needs belonging before compliance.,belonging before law,procedure-and-order,"[""social-behavior"",""philosophical-preference""]","[""WG""]","[""WG""]","[""WU""]",ABSENT,No answer-level source or claim reference,NEEDS-EVIDENCE,"Assign stable ID, evidence/interpretation record, controlled construct, positive/negative effect contract, dependency group, and explanation entailment before production repair."
crucible_WU_WR,crucible,MISSING,crucible_WU_WR#answer-1,A dangerous failure,Exceptions become precedents.,anti-exception process,procedure-and-order,"[""social-behavior""]","[""WU""]","[""WU""]","[""WR""]",ABSENT,No answer-level source or claim reference,NEEDS-EVIDENCE,"Assign stable ID, evidence/interpretation record, controlled construct, positive/negative effect contract, dependency group, and explanation entailment before production repair."
crucible_WU_WR,crucible,MISSING,crucible_WU_WR#answer-2,A moral duty,Protection cannot wait for paperwork.,urgent protection,protection-and-duty,"[""social-behavior""]","[""WR""]","[""WR""]","[""WU""]",ABSENT,No answer-level source or claim reference,NEEDS-EVIDENCE,"Assign stable ID, evidence/interpretation record, controlled construct, positive/negative effect contract, dependency group, and explanation entailment before production repair."
crucible_WU_WB,crucible,MISSING,crucible_WU_WB#answer-1,Because it is fair,The rule should bind everyone impartially.,impartial law,procedure-and-order,"[""aesthetic-or-narrative-preference"",""philosophical-preference""]","[""WU""]","[""WU""]","[""WB""]",ABSENT,No answer-level source or claim reference,NEEDS-EVIDENCE,"Assign stable ID, evidence/interpretation record, controlled construct, positive/negative effect contract, dependency group, and explanation entailment before production repair."
crucible_WU_WB,crucible,MISSING,crucible_WU_WB#answer-2,Because it creates power,The obligation is the relationship.,collectible obligation,agency-and-leverage,"[""abstract-scenario-preference""]","[""WB""]","[""WB""]","[""WU""]",ABSENT,No answer-level source or claim reference,NEEDS-EVIDENCE,"Assign stable ID, evidence/interpretation record, controlled construct, positive/negative effect contract, dependency group, and explanation entailment before production repair."
crucible_UB_WB,crucible,MISSING,crucible_UB_WB#answer-1,Hidden information,Unseen leverage is safest.,secret power,knowledge-and-deliberation,"[""abstract-scenario-preference""]","[""UB""]","[""UB""]","[""WB""]",ABSENT,No answer-level source or claim reference,NEEDS-EVIDENCE,"Assign stable ID, evidence/interpretation record, controlled construct, positive/negative effect contract, dependency group, and explanation entailment before production repair."
crucible_UB_WB,crucible,MISSING,crucible_UB_WB#answer-2,Visible obligation,A public debt can shape generations.,ledger power,knowledge-and-deliberation,"[""social-behavior""]","[""WB""]","[""WB""]","[""UB""]",ABSENT,No answer-level source or claim reference,NEEDS-EVIDENCE,"Assign stable ID, evidence/interpretation record, controlled construct, positive/negative effect contract, dependency group, and explanation entailment before production repair."
crucible_UR_PRISMARI,crucible,MISSING,crucible_UR_PRISMARI#answer-1,How it works,The mechanism is the marvel.,mechanism first,experiment-and-invention,"[""psychographic-or-motivational-inference-risk""]","[""UR""]","[""UR""]","[""PRISMARI""]",ABSENT,No answer-level source or claim reference,KEEP-BUT-REWORD,"Assign stable ID, evidence/interpretation record, controlled construct, positive/negative effect contract, dependency group, and explanation entailment before production repair."
crucible_UR_PRISMARI,crucible,MISSING,crucible_UR_PRISMARI#answer-2,How it lands,The experience is the proof.,expression first,expression-and-performance,"[""psychographic-or-motivational-inference-risk""]","[""PRISMARI""]","[""PRISMARI""]","[""UR""]",ABSENT,No answer-level source or claim reference,KEEP-BUT-REWORD,"Assign stable ID, evidence/interpretation record, controlled construct, positive/negative effect contract, dependency group, and explanation entailment before production repair."
crucible_UG_QUANDRIX,crucible,MISSING,crucible_UG_QUANDRIX#answer-1,Living adaptation,Change the organism to meet the world.,biology first,growth-and-nature,"[""social-behavior""]","[""UG""]","[""UG""]","[""QUANDRIX""]",ABSENT,No answer-level source or claim reference,NEEDS-EVIDENCE,"Assign stable ID, evidence/interpretation record, controlled construct, positive/negative effect contract, dependency group, and explanation entailment before production repair."
crucible_UG_QUANDRIX,crucible,MISSING,crucible_UG_QUANDRIX#answer-2,Abstract pattern,Understand the equation and reality follows.,pattern first,growth-and-nature,"[""social-behavior""]","[""QUANDRIX""]","[""QUANDRIX""]","[""UG""]",ABSENT,No answer-level source or claim reference,NEEDS-EVIDENCE,"Assign stable ID, evidence/interpretation record, controlled construct, positive/negative effect contract, dependency group, and explanation entailment before production repair."
crucible_BG_WITHERBLOOM,crucible,MISSING,crucible_BG_WITHERBLOOM#answer-1,Survival from discard,The rot feeds the undercity.,reclamation first,decay-and-renewal,"[""gameplay-or-deck-behavior""]","[""BG""]","[""BG""]","[""WITHERBLOOM""]",ABSENT,No answer-level source or claim reference,NEEDS-EVIDENCE,"Assign stable ID, evidence/interpretation record, controlled construct, positive/negative effect contract, dependency group, and explanation entailment before production repair."
crucible_BG_WITHERBLOOM,crucible,MISSING,crucible_BG_WITHERBLOOM#answer-2,Vitality exchange,The bog is a living laboratory.,essence first,decay-and-renewal,"[""gameplay-or-deck-behavior""]","[""WITHERBLOOM""]","[""WITHERBLOOM""]","[""BG""]",ABSENT,No answer-level source or claim reference,NEEDS-EVIDENCE,"Assign stable ID, evidence/interpretation record, controlled construct, positive/negative effect contract, dependency group, and explanation entailment before production repair."
crucible_WR_LOREHOLD,crucible,MISSING,crucible_WR_LOREHOLD#answer-1,Protect the present,The person in front of you needs action.,present protection,protection-and-duty,"[""social-behavior""]","[""WR""]","[""WR""]","[""LOREHOLD""]",ABSENT,No answer-level source or claim reference,NEEDS-EVIDENCE,"Assign stable ID, evidence/interpretation record, controlled construct, positive/negative effect contract, dependency group, and explanation entailment before production repair."
crucible_WR_LOREHOLD,crucible,MISSING,crucible_WR_LOREHOLD#answer-2,Ask the past,The warning may already be buried.,past evidence,protection-and-duty,"[""social-behavior""]","[""LOREHOLD""]","[""LOREHOLD""]","[""WR""]",ABSENT,No answer-level source or claim reference,NEEDS-EVIDENCE,"Assign stable ID, evidence/interpretation record, controlled construct, positive/negative effect contract, dependency group, and explanation entailment before production repair."
crucible_WB_SILVERQUILL,crucible,MISSING,crucible_WB_SILVERQUILL#answer-1,Binding obligation,The relationship is the debt.,ledger speech,agency-and-leverage,"[""social-behavior""]","[""WB""]","[""WB""]","[""SILVERQUILL""]",ABSENT,No answer-level source or claim reference,NEEDS-EVIDENCE,"Assign stable ID, evidence/interpretation record, controlled construct, positive/negative effect contract, dependency group, and explanation entailment before production repair."
crucible_WB_SILVERQUILL,crucible,MISSING,crucible_WB_SILVERQUILL#answer-2,Sharp words,Perception is the battlefield.,rhetorical power,agency-and-leverage,"[""social-behavior""]","[""SILVERQUILL""]","[""SILVERQUILL""]","[""WB""]",ABSENT,No answer-level source or claim reference,NEEDS-EVIDENCE,"Assign stable ID, evidence/interpretation record, controlled construct, positive/negative effect contract, dependency group, and explanation entailment before production repair."
crucible_PRISMARI_QUANDRIX,crucible,MISSING,crucible_PRISMARI_QUANDRIX#answer-1,Make it land,The proof matters when it becomes an unforgettable experience.,expression as proof,expression-and-performance,"[""social-behavior""]","[""PRISMARI""]","[""PRISMARI""]","[""QUANDRIX""]",ABSENT,No answer-level source or claim reference,NEEDS-EVIDENCE,"Assign stable ID, evidence/interpretation record, controlled construct, positive/negative effect contract, dependency group, and explanation entailment before production repair."
crucible_PRISMARI_QUANDRIX,crucible,MISSING,crucible_PRISMARI_QUANDRIX#answer-2,Prove the model,The experience matters after the pattern is understood.,model as proof,decay-and-renewal,"[""abstract-scenario-preference""]","[""QUANDRIX""]","[""QUANDRIX""]","[""PRISMARI""]",ABSENT,No answer-level source or claim reference,NEEDS-EVIDENCE,"Assign stable ID, evidence/interpretation record, controlled construct, positive/negative effect contract, dependency group, and explanation entailment before production repair."
crucible_PRISMARI_SILVERQUILL,crucible,MISSING,crucible_PRISMARI_SILVERQUILL#answer-1,Elemental performance,"Move the room through art, scale, emotion, and spectacle.",expressive performance,expression-and-performance,"[""social-behavior"",""aesthetic-or-narrative-preference""]","[""PRISMARI""]","[""PRISMARI""]","[""SILVERQUILL""]",ABSENT,No answer-level source or claim reference,NEEDS-EVIDENCE,"Assign stable ID, evidence/interpretation record, controlled construct, positive/negative effect contract, dependency group, and explanation entailment before production repair."
crucible_PRISMARI_SILVERQUILL,crucible,MISSING,crucible_PRISMARI_SILVERQUILL#answer-2,Precise argument,Move the room through words sharp enough to change perception.,rhetorical influence,expression-and-performance,"[""social-behavior"",""aesthetic-or-narrative-preference""]","[""SILVERQUILL""]","[""SILVERQUILL""]","[""PRISMARI""]",ABSENT,No answer-level source or claim reference,NEEDS-EVIDENCE,"Assign stable ID, evidence/interpretation record, controlled construct, positive/negative effect contract, dependency group, and explanation entailment before production repair."
crucible_LOREHOLD_QUANDRIX,crucible,MISSING,crucible_LOREHOLD_QUANDRIX#answer-1,The artifact record,"Follow the relic, the ruin, and the primary-source trace.",material history,expression-and-performance,"[""aesthetic-or-narrative-preference"",""lore-or-setting-proxy""]","[""LOREHOLD""]","[""LOREHOLD""]","[""QUANDRIX""]",ABSENT,No answer-level source or claim reference,NEEDS-EVIDENCE,"Assign stable ID, evidence/interpretation record, controlled construct, positive/negative effect contract, dependency group, and explanation entailment before production repair."
crucible_LOREHOLD_QUANDRIX,crucible,MISSING,crucible_LOREHOLD_QUANDRIX#answer-2,The elegant model,Follow the hidden pattern until the whole system explains itself.,abstract proof,expression-and-performance,"[""psychographic-or-motivational-inference-risk"",""aesthetic-or-narrative-preference""]","[""QUANDRIX""]","[""QUANDRIX""]","[""LOREHOLD""]",ABSENT,No answer-level source or claim reference,KEEP-BUT-REWORD,"Assign stable ID, evidence/interpretation record, controlled construct, positive/negative effect contract, dependency group, and explanation entailment before production repair."
crucible_QUANDRIX_WITHERBLOOM,crucible,MISSING,crucible_QUANDRIX_WITHERBLOOM#answer-1,The equation,The living system is clearest when its hidden pattern is proven.,abstract pattern,decay-and-renewal,"[""social-behavior""]","[""QUANDRIX""]","[""QUANDRIX""]","[""WITHERBLOOM""]",ABSENT,No answer-level source or claim reference,NEEDS-EVIDENCE,"Assign stable ID, evidence/interpretation record, controlled construct, positive/negative effect contract, dependency group, and explanation entailment before production repair."
crucible_QUANDRIX_WITHERBLOOM,crucible,MISSING,crucible_QUANDRIX_WITHERBLOOM#answer-2,The exchange,"The living system is clearest through bodies, remedies, poisons, and cost.",embodied essence,agency-and-leverage,"[""social-behavior""]","[""WITHERBLOOM""]","[""WITHERBLOOM""]","[""QUANDRIX""]",ABSENT,No answer-level source or claim reference,NEEDS-EVIDENCE,"Assign stable ID, evidence/interpretation record, controlled construct, positive/negative effect contract, dependency group, and explanation entailment before production repair."
crucible_BR_RG,crucible,MISSING,crucible_BR_RG#answer-1,Expose through performance,Make the lie watch itself burn.,transgressive theater,expression-and-performance,"[""psychographic-or-motivational-inference-risk""]","[""BR""]","[""BR""]","[""RG""]",ABSENT,No answer-level source or claim reference,KEEP-BUT-REWORD,"Assign stable ID, evidence/interpretation record, controlled construct, positive/negative effect contract, dependency group, and explanation entailment before production repair."
crucible_BR_RG,crucible,MISSING,crucible_BR_RG#answer-2,Refuse domestication,"No stage, no permission, no cage.",wild refusal,expression-and-performance,"[""abstract-scenario-preference""]","[""RG""]","[""RG""]","[""BR""]",ABSENT,No answer-level source or claim reference,NEEDS-EVIDENCE,"Assign stable ID, evidence/interpretation record, controlled construct, positive/negative effect contract, dependency group, and explanation entailment before production repair."
crucible_BANT_ESPER,crucible,MISSING,crucible_BANT_ESPER#answer-1,Protect the living community,The ideal matters because the people and the champion remain answerable to each other.,living communal order,procedure-and-order,"[""social-behavior"",""philosophical-preference""]","[""BANT""]","[""BANT""]","[""ESPER""]",ABSENT,No answer-level source or claim reference,NEEDS-EVIDENCE,"Assign stable ID, evidence/interpretation record, controlled construct, positive/negative effect contract, dependency group, and explanation entailment before production repair."
crucible_BANT_ESPER,crucible,MISSING,crucible_BANT_ESPER#answer-2,Perfect the designed system,"The ideal matters because knowledge, structure, and control can optimize the whole.",designed perfectibility,procedure-and-order,"[""social-behavior"",""philosophical-preference""]","[""ESPER""]","[""ESPER""]","[""BANT""]",ABSENT,No answer-level source or claim reference,NEEDS-EVIDENCE,"Assign stable ID, evidence/interpretation record, controlled construct, positive/negative effect contract, dependency group, and explanation entailment before production repair."
crucible_ESPER_GRIXIS,crucible,MISSING,crucible_ESPER_GRIXIS#answer-1,Perfect the system,"Information becomes design, improvement, and focused control.",information as optimization,knowledge-and-deliberation,"[""abstract-scenario-preference""]","[""ESPER""]","[""ESPER""]","[""GRIXIS""]",ABSENT,No answer-level source or claim reference,NEEDS-EVIDENCE,"Assign stable ID, evidence/interpretation record, controlled construct, positive/negative effect contract, dependency group, and explanation entailment before production repair."
crucible_ESPER_GRIXIS,crucible,MISSING,crucible_ESPER_GRIXIS#answer-2,Find the weakness,Information becomes survival leverage before the opening vanishes.,information as survival leverage,knowledge-and-deliberation,"[""abstract-scenario-preference""]","[""GRIXIS""]","[""GRIXIS""]","[""ESPER""]",ABSENT,No answer-level source or claim reference,NEEDS-EVIDENCE,"Assign stable ID, evidence/interpretation record, controlled construct, positive/negative effect contract, dependency group, and explanation entailment before production repair."
crucible_GRIXIS_JUND,crucible,MISSING,crucible_GRIXIS_JUND#answer-1,Calculate the leverage,"Survival comes from weakness analysis, information, and urgent agency.",calculated survival,knowledge-and-deliberation,"[""psychographic-or-motivational-inference-risk""]","[""GRIXIS""]","[""GRIXIS""]","[""JUND""]",ABSENT,No answer-level source or claim reference,NEEDS-EVIDENCE,"Assign stable ID, evidence/interpretation record, controlled construct, positive/negative effect contract, dependency group, and explanation entailment before production repair."
crucible_GRIXIS_JUND,crucible,MISSING,crucible_GRIXIS_JUND#answer-2,Follow the gut,"The honest motion comes from instinct, appetite, and the consequence of being unrestrained.",gut-instinct appetite,agency-and-leverage,"[""psychographic-or-motivational-inference-risk""]","[""JUND""]","[""JUND""]","[""GRIXIS""]",ABSENT,No answer-level source or claim reference,NEEDS-EVIDENCE,"Assign stable ID, evidence/interpretation record, controlled construct, positive/negative effect contract, dependency group, and explanation entailment before production repair."
crucible_JUND_NAYA,crucible,MISSING,crucible_JUND_NAYA#answer-1,Appetite and consequence,"The world answers to instinct, personal need, and survival pressure.",instinct as appetite,growth-and-nature,"[""psychographic-or-motivational-inference-risk""]","[""JUND""]","[""JUND""]","[""NAYA""]",ABSENT,No answer-level source or claim reference,NEEDS-EVIDENCE,"Assign stable ID, evidence/interpretation record, controlled construct, positive/negative effect contract, dependency group, and explanation entailment before production repair."
crucible_JUND_NAYA,crucible,MISSING,crucible_JUND_NAYA#answer-2,The living whole,"Instinct belongs to growth, care, ecosystem, and creature bond.",instinct as living abundance,community-and-belonging,"[""social-behavior"",""psychographic-or-motivational-inference-risk"",""philosophical-preference""]","[""NAYA""]","[""NAYA""]","[""JUND""]",ABSENT,No answer-level source or claim reference,RETUNE,"Assign stable ID, evidence/interpretation record, controlled construct, positive/negative effect contract, dependency group, and explanation entailment before production repair."
crucible_NAYA_BANT,crucible,MISSING,crucible_NAYA_BANT#answer-1,Follow the living world,"Life, growth, role, place, instinct, and care lead the answer.",living-world abundance,decay-and-renewal,"[""social-behavior"",""philosophical-preference""]","[""NAYA""]","[""NAYA""]","[""BANT""]",ABSENT,No answer-level source or claim reference,NEEDS-EVIDENCE,"Assign stable ID, evidence/interpretation record, controlled construct, positive/negative effect contract, dependency group, and explanation entailment before production repair."
crucible_NAYA_BANT,crucible,MISSING,crucible_NAYA_BANT#answer-2,Support the worthy line,"Public honor, refinement, and communal backing make the action legitimate.",supported champion,speed-and-action,"[""social-behavior""]","[""BANT""]","[""BANT""]","[""NAYA""]",ABSENT,No answer-level source or claim reference,NEEDS-EVIDENCE,"Assign stable ID, evidence/interpretation record, controlled construct, positive/negative effect contract, dependency group, and explanation entailment before production repair."
crucible_ABZAN_MARDU,crucible,MISSING,crucible_ABZAN_MARDU#answer-1,Outlast for the generations,"Family, ancestors, defense, and patience keep the house alive.",family endurance,speed-and-action,"[""lore-or-setting-proxy""]","[""ABZAN""]","[""ABZAN""]","[""MARDU""]",ABSENT,No answer-level source or claim reference,NEEDS-EVIDENCE,"Assign stable ID, evidence/interpretation record, controlled construct, positive/negative effect contract, dependency group, and explanation entailment before production repair."
crucible_ABZAN_MARDU,crucible,MISSING,crucible_ABZAN_MARDU#answer-2,Charge before it closes,"Speed, code, formation, and total commitment take the field now.",war-bound speed,speed-and-action,"[""abstract-scenario-preference""]","[""MARDU""]","[""MARDU""]","[""ABZAN""]",ABSENT,No answer-level source or claim reference,NEEDS-EVIDENCE,"Assign stable ID, evidence/interpretation record, controlled construct, positive/negative effect contract, dependency group, and explanation entailment before production repair."
crucible_ABZAN_SULTAI,crucible,MISSING,crucible_ABZAN_SULTAI#answer-1,Preserve the house,"Ancestors, Kin-Trees, perennation, and duty keep continuity alive.",ancestor continuity,protection-and-duty,"[""social-behavior"",""lore-or-setting-proxy""]","[""ABZAN""]","[""ABZAN""]","[""SULTAI""]",ABSENT,No answer-level source or claim reference,NEEDS-EVIDENCE,"Assign stable ID, evidence/interpretation record, controlled construct, positive/negative effect contract, dependency group, and explanation entailment before production repair."
crucible_ABZAN_SULTAI,crucible,MISSING,crucible_ABZAN_SULTAI#answer-2,Convert the material,"The dead, secrets, costs, and openings can all become advantage.",ruthless conversion,agency-and-leverage,"[""abstract-scenario-preference""]","[""SULTAI""]","[""SULTAI""]","[""ABZAN""]",ABSENT,No answer-level source or claim reference,NEEDS-EVIDENCE,"Assign stable ID, evidence/interpretation record, controlled construct, positive/negative effect contract, dependency group, and explanation entailment before production repair."
crucible_TEMUR_SULTAI,crucible,MISSING,crucible_TEMUR_SULTAI#answer-1,Listen to the wild,"Land, body, ancestors, weather, and elemental memory tell you how to survive.",attuned survival,growth-and-nature,"[""lore-or-setting-proxy""]","[""TEMUR""]","[""TEMUR""]","[""SULTAI""]",ABSENT,No answer-level source or claim reference,NEEDS-EVIDENCE,"Assign stable ID, evidence/interpretation record, controlled construct, positive/negative effect contract, dependency group, and explanation entailment before production repair."
crucible_TEMUR_SULTAI,crucible,MISSING,crucible_TEMUR_SULTAI#answer-2,Convert the resource,"Bodies, secrets, costs, and opportunities become tools for advantage.",calculated conversion,agency-and-leverage,"[""abstract-scenario-preference""]","[""SULTAI""]","[""SULTAI""]","[""TEMUR""]",ABSENT,No answer-level source or claim reference,NEEDS-EVIDENCE,"Assign stable ID, evidence/interpretation record, controlled construct, positive/negative effect contract, dependency group, and explanation entailment before production repair."
crucible_TEMUR_MARDU,crucible,MISSING,crucible_TEMUR_MARDU#answer-1,Wait for the wild signal,Instinct and mental fortitude come from listening before motion.,survival by listening,growth-and-nature,"[""abstract-scenario-preference""]","[""TEMUR""]","[""TEMUR""]","[""MARDU""]",ABSENT,No answer-level source or claim reference,NEEDS-EVIDENCE,"Assign stable ID, evidence/interpretation record, controlled construct, positive/negative effect contract, dependency group, and explanation entailment before production repair."
crucible_TEMUR_MARDU,crucible,MISSING,crucible_TEMUR_MARDU#answer-2,Move in formation,The opening is real only if the charge reaches it in time.,coordinated immediate action,speed-and-action,"[""abstract-scenario-preference""]","[""MARDU""]","[""MARDU""]","[""TEMUR""]",ABSENT,No answer-level source or claim reference,NEEDS-EVIDENCE,"Assign stable ID, evidence/interpretation record, controlled construct, positive/negative effect contract, dependency group, and explanation entailment before production repair."
crucible_JESKAI_MARDU,crucible,MISSING,crucible_JESKAI_MARDU#answer-1,Wait for trained insight,"Discipline, knowledge, and practice release action with precision.",disciplined action,knowledge-and-deliberation,"[""philosophical-preference""]","[""JESKAI""]","[""JESKAI""]","[""MARDU""]",ABSENT,No answer-level source or claim reference,NEEDS-EVIDENCE,"Assign stable ID, evidence/interpretation record, controlled construct, positive/negative effect contract, dependency group, and explanation entailment before production repair."
crucible_JESKAI_MARDU,crucible,MISSING,crucible_JESKAI_MARDU#answer-2,Take the opening,"Speed, code, and total commitment matter because delay loses the fight.",immediate commitment,speed-and-action,"[""abstract-scenario-preference""]","[""MARDU""]","[""MARDU""]","[""JESKAI""]",ABSENT,No answer-level source or claim reference,NEEDS-EVIDENCE,"Assign stable ID, evidence/interpretation record, controlled construct, positive/negative effect contract, dependency group, and explanation entailment before production repair."
crucible_JESKAI_SULTAI,crucible,MISSING,crucible_JESKAI_SULTAI#answer-1,Trained action,"Knowledge becomes discipline, timing, protection, and precise motion.",insight through discipline,protection-and-duty,"[""social-behavior"",""philosophical-preference""]","[""JESKAI""]","[""JESKAI""]","[""SULTAI""]",ABSENT,No answer-level source or claim reference,NEEDS-EVIDENCE,"Assign stable ID, evidence/interpretation record, controlled construct, positive/negative effect contract, dependency group, and explanation entailment before production repair."
crucible_JESKAI_SULTAI,crucible,MISSING,crucible_JESKAI_SULTAI#answer-2,Private advantage,"Secrets, costs, and the dead become usable material.",insight as conversion,agency-and-leverage,"[""abstract-scenario-preference""]","[""SULTAI""]","[""SULTAI""]","[""JESKAI""]",ABSENT,No answer-level source or claim reference,NEEDS-EVIDENCE,"Assign stable ID, evidence/interpretation record, controlled construct, positive/negative effect contract, dependency group, and explanation entailment before production repair."
crucible_JESKAI_TEMUR,crucible,MISSING,crucible_JESKAI_TEMUR#answer-1,Disciplined practice,The Way trains perception until action can be precise.,monastic training,growth-and-nature,"[""philosophical-preference""]","[""JESKAI""]","[""JESKAI""]","[""TEMUR""]",ABSENT,No answer-level source or claim reference,KEEP-BUT-REWORD,"Assign stable ID, evidence/interpretation record, controlled construct, positive/negative effect contract, dependency group, and explanation entailment before production repair."
crucible_JESKAI_TEMUR,crucible,MISSING,crucible_JESKAI_TEMUR#answer-2,"Land, body, and memory",The living wild teaches survival before formal practice does.,wild attunement,growth-and-nature,"[""philosophical-preference""]","[""TEMUR""]","[""TEMUR""]","[""JESKAI""]",ABSENT,No answer-level source or claim reference,KEEP-BUT-REWORD,"Assign stable ID, evidence/interpretation record, controlled construct, positive/negative effect contract, dependency group, and explanation entailment before production repair."
crucible_YORE_GLINT,crucible,MISSING,crucible_YORE_GLINT#answer-1,Outbuild the limit,"Civilization, technology, artifice, and progress refuse natural closure.",constructed agency,procedure-and-order,"[""psychographic-or-motivational-inference-risk"",""aesthetic-or-narrative-preference"",""philosophical-preference""]","[""YORE""]","[""YORE""]","[""GLINT""]",ABSENT,No answer-level source or claim reference,RETUNE,"Assign stable ID, evidence/interpretation record, controlled construct, positive/negative effect contract, dependency group, and explanation entailment before production repair."
crucible_YORE_GLINT,crucible,MISSING,crucible_YORE_GLINT#answer-2,Follow the volatility,"Appetite, adaptation, force, and living motion refuse civic restraint.",living volatility,procedure-and-order,"[""psychographic-or-motivational-inference-risk"",""philosophical-preference""]","[""GLINT""]","[""GLINT""]","[""YORE""]",ABSENT,No answer-level source or claim reference,NEEDS-EVIDENCE,"Assign stable ID, evidence/interpretation record, controlled construct, positive/negative effect contract, dependency group, and explanation entailment before production repair."
crucible_GLINT_DUNE,crucible,MISSING,crucible_GLINT_DUNE#answer-1,Become through volatility,"Appetite, adaptation, and living force keep changing shape.",adaptive volatility,growth-and-nature,"[""psychographic-or-motivational-inference-risk""]","[""GLINT""]","[""GLINT""]","[""DUNE""]",ABSENT,No answer-level source or claim reference,NEEDS-EVIDENCE,"Assign stable ID, evidence/interpretation record, controlled construct, positive/negative effect contract, dependency group, and explanation entailment before production repair."
crucible_GLINT_DUNE,crucible,MISSING,crucible_GLINT_DUNE#answer-2,Take ground now,"Direct action, physical momentum, and territorial pressure move before delay can answer.",territorial force,speed-and-action,"[""abstract-scenario-preference""]","[""DUNE""]","[""DUNE""]","[""GLINT""]",ABSENT,No answer-level source or claim reference,NEEDS-EVIDENCE,"Assign stable ID, evidence/interpretation record, controlled construct, positive/negative effect contract, dependency group, and explanation entailment before production repair."
crucible_DUNE_INK,crucible,MISSING,crucible_DUNE_INK#answer-1,Take and hold ground,"Urgency becomes direct action, organized force, and territorial pressure.",organized force,protection-and-duty,"[""social-behavior""]","[""DUNE""]","[""DUNE""]","[""INK""]",ABSENT,No answer-level source or claim reference,NEEDS-EVIDENCE,"Assign stable ID, evidence/interpretation record, controlled construct, positive/negative effect contract, dependency group, and explanation entailment before production repair."
crucible_DUNE_INK,crucible,MISSING,crucible_DUNE_INK#answer-2,Protect the commons,"Shared prosperity, protected generosity, and open knowledge stay available.",guarded commons,protection-and-duty,"[""social-behavior"",""philosophical-preference""]","[""INK""]","[""INK""]","[""DUNE""]",ABSENT,No answer-level source or claim reference,NEEDS-EVIDENCE,"Assign stable ID, evidence/interpretation record, controlled construct, positive/negative effect contract, dependency group, and explanation entailment before production repair."
crucible_INK_WITCH,crucible,MISSING,crucible_INK_WITCH#answer-1,Keep it open,"Community benefit, protected generosity, and open knowledge resist private hoarding.",protected commons,protection-and-duty,"[""social-behavior"",""philosophical-preference""]","[""INK""]","[""INK""]","[""WITCH""]",ABSENT,No answer-level source or claim reference,NEEDS-EVIDENCE,"Assign stable ID, evidence/interpretation record, controlled construct, positive/negative effect contract, dependency group, and explanation entailment before production repair."
crucible_INK_WITCH,crucible,MISSING,crucible_INK_WITCH#answer-2,Make it inevitable,"Patience, calculation, ambition, and cultivated growth reach critical mass.",patient accumulation,protection-and-duty,"[""social-behavior"",""psychographic-or-motivational-inference-risk"",""philosophical-preference""]","[""WITCH""]","[""WITCH""]","[""INK""]",ABSENT,No answer-level source or claim reference,RETUNE,"Assign stable ID, evidence/interpretation record, controlled construct, positive/negative effect contract, dependency group, and explanation entailment before production repair."
crucible_WITCH_YORE,crucible,MISSING,crucible_WITCH_YORE#answer-1,Grow the inevitability,"Patient cultivation, calculation, and long-horizon accumulation cross a quiet threshold.",cultivated inevitability,protection-and-duty,"[""social-behavior""]","[""WITCH""]","[""WITCH""]","[""YORE""]",ABSENT,No answer-level source or claim reference,NEEDS-EVIDENCE,"Assign stable ID, evidence/interpretation record, controlled construct, positive/negative effect contract, dependency group, and explanation entailment before production repair."
crucible_WITCH_YORE,crucible,MISSING,crucible_WITCH_YORE#answer-2,Engineer the answer,"Civilization, technology, artifice, and progress intervene against organic limits.",engineered intervention,protection-and-duty,"[""social-behavior"",""aesthetic-or-narrative-preference""]","[""YORE""]","[""YORE""]","[""WITCH""]",ABSENT,No answer-level source or claim reference,NEEDS-EVIDENCE,"Assign stable ID, evidence/interpretation record, controlled construct, positive/negative effect contract, dependency group, and explanation entailment before production repair."
