identity,canonical_name,certified_defining_signals,negative_and_boundary_signals,nearest_identity_competitors,unique_discriminators,current_questions_detecting_discriminators,missing_discriminators,questions_creating_confusion,support_opportunity,opposing_opportunity,minimum_hit_contract_status,false_positive_guardrail_status,gate_dependency,single_question_dependency,branch_dependency,likely_false_positives,likely_false_negatives,primary_copy_consistency,adjacent_copy_consistency,commander_expression_consistency,unresolved_evidence_needs,distinctiveness_disposition
ABZAN,Abzan Houses,"[""Abzan Houses"",""Tarkir"",""WBG"",""White-centered"",""family"",""house continuity"",""endurance"",""Kin-Trees"",""ancestor spirits"",""perennation"",""defensive patience""]","[""generic WBG"",""generic defenders"",""generic toughness"",""generic graveyard recursion"",""generic counters or tokens"",""Dromoka clan continuity"",""Commander product identity"",""seed-file claims"",""manual-fill lore as proof""]","[{""identity"":""WITCH"",""count"":35},{""identity"":""YORE"",""count"":16},{""identity"":""W"",""count"":16},{""identity"":""WU"",""count"":14},{""identity"":""UB"",""count"":12}]","[""Abzan Houses"",""WBG"",""White-centered"",""family"",""house continuity"",""endurance"",""Kin-Trees"",""ancestor spirits"",""perennation"",""defensive patience""]","[""gate_v2_locus_of_trust"",""hall_G_natural_order"",""hall_ABZAN_family_endurance"",""hall_ABZAN_ancestor_perennation"",""hall_TEMUR_elemental_memory"",""hall_SULTAI_resource_conversion"",""hall_SULTAI_dead_usefulness"",""hall_MARDU_total_commitment"",""hall_JESKAI_disciplined_cunning"",""hall_YORE_artifice_boundary"",""hall_GLINT_living_force"",""hall_GLINT_missing_white"",""hall_DUNE_territorial_force"",""hall_DUNE_missing_blue"",""hall_WITCH_patient_cultivation"",""hall_LOREHOLD_history"",""hall_WUBRG_full_spectrum"",""crucible_U_UR"",""crucible_ABZAN_MARDU"",""crucible_ABZAN_SULTAI"",""crucible_INK_WITCH""]","[""Tarkir"",""WBG""]","[""gate_v2_locus_of_trust"",""gate_v2_pressure_becomes"",""gate_v2_first_signal"",""gate_v2_cost_of_oath"",""hall_ABZAN_ancestor_perennation"",""hall_TEMUR_elemental_memory"",""hall_SULTAI_dead_usefulness"",""hall_INK_missing_black"",""crucible_LOREHOLD_QUANDRIX"",""crucible_ABZAN_SULTAI""]",20,23,NOT-ENFORCED; 10/167 primary paths below 2 strong authored hits,"FREE-TEXT METADATA ONLY; no executable predicate, so exhaustive violation count is unresolved",0.741,NO/UNRESOLVED,0.713,Primary below strong-min proxy: 10; negative-only winners: 0,Missing discriminator terms: Tarkir | WBG,NAME-CONSISTENT; claim entailment unvalidated,Numeric rank-two/rank-three framing; relationship meaning not independently established,Identity/color/tag-aligned editorial translation; not selected-answer evidence-backed,"Player-language derivation, question validity, response reliability, same-family confusion matrix, false-positive/negative pilot evidence",MECHANICALLY-DISTINGUISHABLE-BUT-UNVALIDATED
B,Black,"[""power"",""opportunity"",""self-interest"",""agency"",""cost"",""sacrifice"",""leverage""]","[""group morality as final authority"",""natural destiny over personal agency"",""impulsive danger"",""generic evil aesthetic""]","[{""identity"":""GLINT"",""count"":230},{""identity"":""YORE"",""count"":213},{""identity"":""WITHERBLOOM"",""count"":193},{""identity"":""R"",""count"":187},{""identity"":""SULTAI"",""count"":134}]","[""power"",""opportunity"",""self-interest"",""cost"",""sacrifice""]","[""gate_v2_locus_of_trust"",""gate_v2_first_signal"",""gate_v2_cost_of_oath"",""hall_B_cost"",""hall_B_graveyard"",""hall_U_understanding"",""hall_U_possibility"",""hall_WU_process"",""hall_UB_information"",""hall_WG_belonging"",""hall_WB_obligation"",""hall_BANT_living_order"",""hall_ESPER_perfectibility"",""hall_GRIXIS_survival_opening"",""hall_GRIXIS_volatile_calculation"",""hall_JUND_instinct_pressure"",""hall_JUND_appetite_consequence"",""hall_NAYA_living_whole"",""hall_ABZAN_family_endurance"",""hall_TEMUR_survival_attunement"",""hall_TEMUR_elemental_memory"",""hall_SULTAI_resource_conversion"",""hall_SULTAI_dead_usefulness"",""hall_MARDU_total_commitment"",""hall_MARDU_war_name_oath"",""hall_JESKAI_disciplined_cunning"",""hall_YORE_engineered_agency"",""hall_YORE_artifice_boundary"",""hall_GLINT_missing_white"",""hall_DUNE_territorial_force"",""hall_INK_protected_abundance"",""hall_WITCH_patient_cultivation"",""hall_WITCH_missing_red"",""hall_WUBRG_full_spectrum"",""crucible_U_UB"",""crucible_B_UB"",""crucible_B_BR"",""crucible_B_BG"",""crucible_B_WB"",""crucible_WU_WB"",""crucible_UB_WB"",""crucible_WB_SILVERQUILL"",""crucible_QUANDRIX_WITHERBLOOM"",""crucible_ESPER_GRIXIS"",""crucible_GRIXIS_JUND"",""crucible_ABZAN_SULTAI"",""crucible_YORE_GLINT""]",[],"[""gate_v2_locus_of_trust"",""gate_v2_pressure_becomes"",""gate_v2_first_signal"",""gate_v2_cost_of_oath"",""hall_B_cost"",""hall_U_understanding"",""hall_WU_process"",""hall_WB_obligation"",""hall_ESPER_perfectibility"",""hall_TEMUR_elemental_memory"",""hall_SULTAI_dead_usefulness"",""hall_YORE_engineered_agency"",""crucible_B_UB"",""crucible_B_BR"",""crucible_B_BG"",""crucible_UB_WB"",""crucible_WB_SILVERQUILL"",""crucible_YORE_GLINT""]",18,23,NOT-ENFORCED; 127/2210 primary paths below 2 strong authored hits,"FREE-TEXT METADATA ONLY; no executable predicate, so exhaustive violation count is unresolved",0.667,NO/UNRESOLVED,1,Primary below strong-min proxy: 127; negative-only winners: 0,Missing discriminator terms: none by lexical probe,NAME-CONSISTENT; claim entailment unvalidated,Numeric rank-two/rank-three framing; relationship meaning not independently established,Identity/color/tag-aligned editorial translation; not selected-answer evidence-backed,"Player-language derivation, question validity, response reliability, same-family confusion matrix, false-positive/negative pilot evidence",MECHANICALLY-DISTINGUISHABLE-BUT-UNVALIDATED
BANT,Bant,"[""Bant"",""exalted"",""champion"",""sigil"",""honor"",""Rafiq"",""Valeron"",""Akrasa"",""Great Conduit"",""community"",""protection"",""refinement""]","[""hard-lock stax"",""prison enchantments"",""generic three-color value"",""Simic ramp"",""Selesnya tokens"",""Naya big creatures"",""Esper mill-control"",""mass reanimation""]","[{""identity"":""WITCH"",""count"":59},{""identity"":""WUBRG"",""count"":56},{""identity"":""INK"",""count"":56},{""identity"":""W"",""count"":44},{""identity"":""U"",""count"":40}]","[""Bant"",""exalted"",""champion"",""sigil"",""honor"",""Rafiq"",""Valeron"",""Akrasa"",""Great Conduit"",""refinement""]","[""hall_W_shelter"",""hall_W_duty"",""hall_R_ignition"",""hall_G_natural_order"",""hall_WU_process"",""hall_RG_wild"",""hall_BANT_champion"",""hall_BANT_living_order"",""hall_ESPER_perfectibility"",""hall_ESPER_designed_control"",""hall_GRIXIS_survival_opening"",""hall_NAYA_living_whole"",""hall_NAYA_abundance_instinct"",""hall_WITCH_patient_cultivation"",""hall_WR_protection"",""crucible_W_WU"",""crucible_W_WR"",""crucible_W_WG"",""crucible_G_WG"",""crucible_WU_WR"",""crucible_WR_LOREHOLD"",""crucible_BANT_ESPER"",""crucible_NAYA_BANT"",""crucible_JESKAI_SULTAI"",""crucible_INK_WITCH""]","[""exalted"",""sigil"",""Rafiq"",""Valeron"",""Akrasa"",""Great Conduit""]","[""gate_v2_locus_of_trust"",""gate_v2_pressure_becomes"",""gate_v2_first_signal"",""gate_v2_cost_of_oath"",""hall_W_duty"",""hall_B_graveyard"",""hall_R_ignition"",""hall_R_freedom"",""hall_JUND_appetite_consequence"",""hall_NAYA_living_whole"",""hall_ABZAN_family_endurance"",""hall_ABZAN_ancestor_perennation"",""hall_TEMUR_elemental_memory"",""hall_SULTAI_resource_conversion"",""hall_SULTAI_dead_usefulness"",""hall_INK_protected_abundance"",""hall_WR_protection"",""crucible_W_WR"",""crucible_R_WR"",""crucible_WU_WR"",""crucible_INK_WITCH""]",23,21,NOT-ENFORCED; 231/390 primary paths below 3 strong authored hits,"FREE-TEXT METADATA ONLY; no executable predicate, so exhaustive violation count is unresolved",0.733,NO/UNRESOLVED,0.859,Primary below strong-min proxy: 231; negative-only winners: 0,Missing discriminator terms: exalted | sigil | Rafiq | Valeron | Akrasa | Great Conduit,NAME-CONSISTENT; claim entailment unvalidated,Numeric rank-two/rank-three framing; relationship meaning not independently established,Identity/color/tag-aligned editorial translation; not selected-answer evidence-backed,"Player-language derivation, question validity, response reliability, same-family confusion matrix, false-positive/negative pilot evidence",HIGH-CONFUSION-RISK
BG,Golgari Swarm,"[""decay"",""renewal"",""death"",""life"",""rot"",""undercity"",""survival"",""graveyard"",""cycle"",""reclamation""]","[""wild dispossession"",""essence craft study"",""community harmony"",""theatrical chaos""]","[{""identity"":""GLINT"",""count"":198},{""identity"":""B"",""count"":79},{""identity"":""G"",""count"":77},{""identity"":""WITCH"",""count"":62},{""identity"":""BR"",""count"":56}]","[""decay"",""renewal"",""rot"",""undercity"",""graveyard"",""cycle"",""reclamation""]","[""gate_v2_first_signal"",""hall_B_cost"",""hall_B_graveyard"",""hall_G_growth"",""hall_G_natural_order"",""hall_RG_wild"",""hall_WG_belonging"",""hall_BG_reclamation"",""hall_UG_adaptation"",""hall_BANT_living_order"",""hall_GRIXIS_survival_opening"",""hall_GRIXIS_volatile_calculation"",""hall_JUND_appetite_consequence"",""hall_NAYA_living_whole"",""hall_NAYA_abundance_instinct"",""hall_ABZAN_family_endurance"",""hall_ABZAN_ancestor_perennation"",""hall_TEMUR_survival_attunement"",""hall_TEMUR_elemental_memory"",""hall_SULTAI_resource_conversion"",""hall_SULTAI_dead_usefulness"",""hall_MARDU_total_commitment"",""hall_JESKAI_disciplined_cunning"",""hall_JESKAI_way_form"",""hall_YORE_engineered_agency"",""hall_YORE_artifice_boundary"",""hall_GLINT_missing_white"",""hall_DUNE_territorial_force"",""hall_DUNE_missing_blue"",""hall_QUANDRIX_pattern"",""hall_WITHERBLOOM_essence"",""crucible_B_BG"",""crucible_G_UG"",""crucible_G_BG"",""crucible_BG_WITHERBLOOM"",""crucible_QUANDRIX_WITHERBLOOM"",""crucible_ESPER_GRIXIS"",""crucible_GRIXIS_JUND"",""crucible_JUND_NAYA"",""crucible_NAYA_BANT"",""crucible_TEMUR_SULTAI"",""crucible_TEMUR_MARDU"",""crucible_JESKAI_TEMUR""]",[],"[""gate_v2_locus_of_trust"",""gate_v2_pressure_becomes"",""gate_v2_first_signal"",""gate_v2_cost_of_oath"",""hall_B_graveyard"",""hall_G_natural_order"",""hall_UG_adaptation"",""hall_BANT_living_order"",""hall_ABZAN_ancestor_perennation"",""hall_GLINT_missing_white"",""hall_WITHERBLOOM_essence"",""crucible_G_BG""]",26,14,NOT-ENFORCED; 2/779 primary paths below 2 strong authored hits,"FREE-TEXT METADATA ONLY; no executable predicate, so exhaustive violation count is unresolved",0.648,NO/UNRESOLVED,1,Primary below strong-min proxy: 2; negative-only winners: 0,Missing discriminator terms: none by lexical probe,NAME-CONSISTENT; claim entailment unvalidated,Numeric rank-two/rank-three framing; relationship meaning not independently established,Identity/color/tag-aligned editorial translation; not selected-answer evidence-backed,"Player-language derivation, question validity, response reliability, same-family confusion matrix, false-positive/negative pilot evidence",MECHANICALLY-DISTINGUISHABLE-BUT-UNVALIDATED
BR,Cult of Rakdos,"[""spectacle"",""performance"",""transgression"",""sensation"",""danger"",""provocation"",""comedy"",""chaos"",""entertainment"",""intensity""]","[""grief from dispossession"",""lawful protection"",""private secrecy"",""community harmony"",""scholarly expression""]","[{""identity"":""YORE"",""count"":169},{""identity"":""GLINT"",""count"":159},{""identity"":""B"",""count"":88},{""identity"":""R"",""count"":83},{""identity"":""WUBRG"",""count"":67}]","[""transgression"",""sensation"",""danger"",""provocation"",""comedy"",""chaos"",""entertainment"",""intensity""]","[""gate_v2_locus_of_trust"",""hall_W_shelter"",""hall_R_freedom"",""hall_BR_intensity"",""hall_RG_wild"",""hall_JUND_appetite_consequence"",""hall_SULTAI_resource_conversion"",""hall_GLINT_living_force"",""hall_WITCH_missing_red"",""hall_LOREHOLD_history"",""hall_PRISMARI_expression"",""crucible_R_BR"",""crucible_PRISMARI_SILVERQUILL"",""crucible_BR_RG""]","[""sensation"",""provocation"",""comedy"",""entertainment"",""intensity""]","[""gate_v2_locus_of_trust"",""gate_v2_pressure_becomes"",""gate_v2_first_signal"",""gate_v2_cost_of_oath"",""hall_R_ignition"",""hall_R_freedom"",""hall_BR_intensity"",""hall_UR_experiment"",""hall_JUND_appetite_consequence"",""hall_SULTAI_resource_conversion"",""hall_MARDU_war_name_oath"",""hall_YORE_engineered_agency"",""hall_YORE_artifice_boundary"",""hall_PRISMARI_expression"",""hall_SILVERQUILL_words"",""hall_COLORLESS_outside_wubrg"",""hall_COLORLESS_branch_boundary"",""crucible_R_BR"",""crucible_R_RG"",""crucible_UR_PRISMARI"",""crucible_PRISMARI_QUANDRIX"",""crucible_PRISMARI_SILVERQUILL""]",25,21,NOT-ENFORCED; 8/1209 primary paths below 2 strong authored hits,"FREE-TEXT METADATA ONLY; no executable predicate, so exhaustive violation count is unresolved",0.581,NO/UNRESOLVED,1,Primary below strong-min proxy: 8; negative-only winners: 0,Missing discriminator terms: sensation | provocation | comedy | entertainment | intensity,NAME-CONSISTENT; claim entailment unvalidated,Numeric rank-two/rank-three framing; relationship meaning not independently established,Identity/color/tag-aligned editorial translation; not selected-answer evidence-backed,"Player-language derivation, question validity, response reliability, same-family confusion matrix, false-positive/negative pilot evidence",MECHANICALLY-DISTINGUISHABLE-BUT-UNVALIDATED
COLORLESS,Colorless,[],[],"[{""identity"":""WUBRG"",""count"":81},{""identity"":""B"",""count"":26},{""identity"":""U"",""count"":17},{""identity"":""G"",""count"":12},{""identity"":""W"",""count"":11}]",[],[],[],"[""gate_v2_locus_of_trust"",""gate_v2_pressure_becomes"",""gate_v2_first_signal"",""gate_v2_cost_of_oath"",""hall_W_shelter"",""hall_W_duty"",""hall_B_cost"",""hall_U_understanding"",""hall_R_ignition"",""hall_G_growth"",""hall_G_natural_order"",""hall_WU_process"",""hall_UB_information"",""hall_BR_intensity"",""hall_RG_wild"",""hall_WG_belonging"",""hall_WB_obligation"",""hall_UR_experiment"",""hall_BG_reclamation"",""hall_BANT_champion"",""hall_ESPER_designed_control"",""hall_GRIXIS_survival_opening"",""hall_GRIXIS_volatile_calculation"",""hall_JUND_instinct_pressure"",""hall_JUND_appetite_consequence"",""hall_NAYA_abundance_instinct"",""hall_ABZAN_family_endurance"",""hall_TEMUR_survival_attunement"",""hall_SULTAI_resource_conversion"",""hall_SULTAI_dead_usefulness"",""hall_MARDU_total_commitment"",""hall_MARDU_war_name_oath"",""hall_JESKAI_disciplined_cunning"",""hall_JESKAI_way_form"",""hall_YORE_artifice_boundary"",""hall_GLINT_living_force"",""hall_GLINT_missing_white"",""hall_DUNE_missing_blue"",""hall_INK_protected_abundance"",""hall_INK_missing_black"",""hall_WITCH_patient_cultivation"",""hall_WITCH_missing_red"",""hall_WR_protection"",""hall_LOREHOLD_history"",""hall_PRISMARI_expression"",""hall_QUANDRIX_pattern"",""hall_SILVERQUILL_words"",""hall_WITHERBLOOM_essence"",""hall_COLORLESS_outside_wubrg"",""hall_COLORLESS_branch_boundary"",""hall_WUBRG_full_spectrum"",""crucible_COLORLESS_WUBRG"",""crucible_U_UR"",""crucible_B_UB"",""crucible_B_BR"",""crucible_B_BG"",""crucible_B_WB"",""crucible_R_WR"",""crucible_R_BR"",""crucible_G_BG"",""crucible_G_RG"",""crucible_WU_WR"",""crucible_WU_WB"",""crucible_UG_QUANDRIX"",""crucible_BG_WITHERBLOOM"",""crucible_WB_SILVERQUILL"",""crucible_PRISMARI_QUANDRIX"",""crucible_PRISMARI_SILVERQUILL"",""crucible_LOREHOLD_QUANDRIX"",""crucible_QUANDRIX_WITHERBLOOM"",""crucible_BR_RG"",""crucible_GRIXIS_JUND"",""crucible_NAYA_BANT"",""crucible_ABZAN_MARDU"",""crucible_ABZAN_SULTAI"",""crucible_TEMUR_SULTAI"",""crucible_TEMUR_MARDU"",""crucible_JESKAI_SULTAI"",""crucible_JESKAI_TEMUR"",""crucible_YORE_GLINT"",""crucible_GLINT_DUNE"",""crucible_DUNE_INK"",""crucible_INK_WITCH"",""crucible_WITCH_YORE""]",8,23,NOT-ENFORCED; 0/187 primary paths below 2 strong authored hits,"FREE-TEXT METADATA ONLY; no executable predicate, so exhaustive violation count is unresolved",0.812,NO/UNRESOLVED,1,Primary below strong-min proxy: 0; negative-only winners: 0,Missing discriminator terms: none by lexical probe,NAME-CONSISTENT; claim entailment unvalidated,Numeric rank-two/rank-three framing; relationship meaning not independently established,Identity/color/tag-aligned editorial translation; not selected-answer evidence-backed,"Player-language derivation, question validity, response reliability, same-family confusion matrix, false-positive/negative pilot evidence",INSUFFICIENT-DISTINCTIVENESS-EVIDENCE
DUNE,Dune / Aggression,"[""organized"",""territorial"",""force"",""pressure"",""direct action"",""physical momentum"",""survival"",""multiplication"",""common front"",""four-color"",""without Blue"",""missing-Blue"",""White line"",""Black cost"",""Red ignition"",""Green persistence""]","[""User centers detached contemplation, Blue adaptation, stable distance, exhaustive modeling, or perfect delay."",""User mentions combat, tokens, go-wide pressure, Saskia, Open Hostility, Dune-Brood, or Nephilim language without the missing-Blue worldview."",""User treats a single commander, support product, card anchor, color code, or name-adjacent phrase as sufficient proof."",""User resolves more cleanly into Jund, Naya, Mardu, Abzan, Glint, a two-color pair, or generic same-color goodstuff.""]","[{""identity"":""B"",""count"":77},{""identity"":""R"",""count"":70},{""identity"":""G"",""count"":57},{""identity"":""WITCH"",""count"":34},{""identity"":""WITHERBLOOM"",""count"":31}]","[""organized"",""territorial"",""force"",""pressure"",""direct action"",""physical momentum"",""multiplication"",""common front"",""without Blue"",""missing-Blue"",""White line"",""Black cost"",""Green persistence""]","[""gate_v2_locus_of_trust"",""gate_v2_pressure_becomes"",""gate_v2_first_signal"",""gate_v2_cost_of_oath"",""hall_W_duty"",""hall_B_cost"",""hall_B_graveyard"",""hall_U_understanding"",""hall_R_ignition"",""hall_R_freedom"",""hall_G_growth"",""hall_G_natural_order"",""hall_WU_process"",""hall_UB_information"",""hall_BR_intensity"",""hall_BG_reclamation"",""hall_UG_adaptation"",""hall_BANT_champion"",""hall_GRIXIS_survival_opening"",""hall_GRIXIS_volatile_calculation"",""hall_JUND_instinct_pressure"",""hall_JUND_appetite_consequence"",""hall_NAYA_living_whole"",""hall_ABZAN_family_endurance"",""hall_TEMUR_survival_attunement"",""hall_TEMUR_elemental_memory"",""hall_SULTAI_resource_conversion"",""hall_SULTAI_dead_usefulness"",""hall_MARDU_total_commitment"",""hall_MARDU_war_name_oath"",""hall_JESKAI_disciplined_cunning"",""hall_JESKAI_way_form"",""hall_YORE_engineered_agency"",""hall_YORE_artifice_boundary"",""hall_GLINT_living_force"",""hall_GLINT_missing_white"",""hall_DUNE_territorial_force"",""hall_DUNE_missing_blue"",""hall_INK_protected_abundance"",""hall_INK_missing_black"",""hall_WITCH_patient_cultivation"",""hall_WITCH_missing_red"",""hall_WR_protection"",""hall_LOREHOLD_history"",""hall_SILVERQUILL_words"",""hall_WITHERBLOOM_essence"",""hall_COLORLESS_outside_wubrg"",""hall_COLORLESS_branch_boundary"",""hall_WUBRG_full_spectrum"",""crucible_COLORLESS_WUBRG"",""crucible_B_UB"",""crucible_B_BR"",""crucible_B_BG"",""crucible_R_WR"",""crucible_R_BR"",""crucible_R_RG"",""crucible_G_UG"",""crucible_G_BG"",""crucible_G_RG"",""crucible_BG_WITHERBLOOM"",""crucible_WR_LOREHOLD"",""crucible_QUANDRIX_WITHERBLOOM"",""crucible_ESPER_GRIXIS"",""crucible_GRIXIS_JUND"",""crucible_JUND_NAYA"",""crucible_NAYA_BANT"",""crucible_ABZAN_MARDU"",""crucible_TEMUR_SULTAI"",""crucible_TEMUR_MARDU"",""crucible_JESKAI_MARDU"",""crucible_JESKAI_SULTAI"",""crucible_JESKAI_TEMUR"",""crucible_YORE_GLINT"",""crucible_GLINT_DUNE"",""crucible_DUNE_INK""]",[],"[""gate_v2_locus_of_trust"",""gate_v2_pressure_becomes"",""gate_v2_first_signal"",""gate_v2_cost_of_oath"",""hall_B_cost"",""hall_U_understanding"",""hall_WU_process"",""hall_WB_obligation"",""hall_ESPER_perfectibility"",""hall_TEMUR_elemental_memory"",""hall_SULTAI_dead_usefulness"",""hall_YORE_engineered_agency"",""crucible_B_UB"",""crucible_B_BR"",""crucible_B_BG"",""crucible_UB_WB"",""crucible_WB_SILVERQUILL"",""crucible_YORE_GLINT""]",18,18,NOT-ENFORCED; 57/541 primary paths below 2 strong authored hits,"FREE-TEXT METADATA ONLY; no executable predicate, so exhaustive violation count is unresolved",0.778,NO/UNRESOLVED,1,Primary below strong-min proxy: 57; negative-only winners: 0,Missing discriminator terms: none by lexical probe,NAME-CONSISTENT; claim entailment unvalidated,Numeric rank-two/rank-three framing; relationship meaning not independently established,Identity/color/tag-aligned editorial translation; not selected-answer evidence-backed,"Player-language derivation, question validity, response reliability, same-family confusion matrix, false-positive/negative pilot evidence",MECHANICALLY-DISTINGUISHABLE-BUT-UNVALIDATED
ESPER,Esper,"[""Esper"",""Alara"",""WUB"",""Blue-centered perfectibility"",""perfectibility"",""knowledge"",""planning"",""applied information"",""ordered improvement"",""coordination"",""focused control"",""instrumental information"",""designed control"",""optimization""]","[""generic WUB goodstuff"",""generic artifacts"",""generic control"",""civic procedure alone"",""hidden leverage alone"",""debt or obligation alone"",""living communal order"",""Red impulse"",""Green natural acceptance"",""manual-fill lore as proof""]","[{""identity"":""U"",""count"":52},{""identity"":""B"",""count"":40},{""identity"":""YORE"",""count"":35},{""identity"":""JESKAI"",""count"":30},{""identity"":""W"",""count"":30}]","[""Esper"",""WUB"",""Blue-centered perfectibility"",""perfectibility"",""planning"",""applied information"",""ordered improvement"",""coordination"",""focused control"",""instrumental information"",""designed control""]","[""gate_v2_pressure_becomes"",""hall_B_cost"",""hall_U_understanding"",""hall_U_possibility"",""hall_R_ignition"",""hall_UB_information"",""hall_ESPER_perfectibility"",""hall_ESPER_designed_control"",""hall_GRIXIS_volatile_calculation"",""hall_NAYA_living_whole"",""hall_TEMUR_survival_attunement"",""hall_MARDU_total_commitment"",""hall_JESKAI_disciplined_cunning"",""hall_YORE_engineered_agency"",""hall_YORE_artifice_boundary"",""hall_GLINT_missing_white"",""hall_DUNE_territorial_force"",""hall_DUNE_missing_blue"",""hall_INK_protected_abundance"",""hall_INK_missing_black"",""hall_WITCH_patient_cultivation"",""hall_WITHERBLOOM_essence"",""hall_WUBRG_full_spectrum"",""crucible_U_UB"",""crucible_U_UG"",""crucible_B_UB"",""crucible_B_BR"",""crucible_UB_WB"",""crucible_BANT_ESPER"",""crucible_ESPER_GRIXIS"",""crucible_GRIXIS_JUND"",""crucible_JESKAI_MARDU"",""crucible_JESKAI_SULTAI"",""crucible_DUNE_INK"",""crucible_INK_WITCH""]","[""Esper"",""Alara"",""WUB"",""planning"",""coordination""]","[""gate_v2_locus_of_trust"",""gate_v2_pressure_becomes"",""gate_v2_first_signal"",""gate_v2_cost_of_oath"",""hall_W_shelter"",""hall_W_duty"",""hall_U_understanding"",""hall_WU_process"",""hall_WG_belonging"",""hall_UG_adaptation"",""hall_BANT_champion"",""hall_BANT_living_order"",""hall_ESPER_perfectibility"",""hall_GRIXIS_volatile_calculation"",""hall_NAYA_abundance_instinct"",""hall_MARDU_war_name_oath"",""hall_JESKAI_way_form"",""hall_INK_protected_abundance"",""hall_WITCH_patient_cultivation"",""hall_LOREHOLD_history"",""crucible_W_WU"",""crucible_U_WU"",""crucible_WU_WG"",""crucible_WU_WB""]",22,19,NOT-ENFORCED; 101/341 primary paths below 3 strong authored hits,"FREE-TEXT METADATA ONLY; no executable predicate, so exhaustive violation count is unresolved",0.771,NO/UNRESOLVED,0.792,Primary below strong-min proxy: 101; negative-only winners: 0,Missing discriminator terms: Esper | Alara | WUB | planning | coordination,NAME-CONSISTENT; claim entailment unvalidated,Numeric rank-two/rank-three framing; relationship meaning not independently established,Identity/color/tag-aligned editorial translation; not selected-answer evidence-backed,"Player-language derivation, question validity, response reliability, same-family confusion matrix, false-positive/negative pilot evidence",INSUFFICIENT-DISTINCTIVENESS-EVIDENCE
G,Green,"[""nature"",""acceptance"",""instinct"",""growth"",""interdependence"",""role"",""tradition"",""land""]","[""blank-slate optimization"",""self-interest over responsibility"",""rules imposed over relationship"",""generic healing or growth without nature""]","[{""identity"":""NAYA"",""count"":138},{""identity"":""U"",""count"":121},{""identity"":""GLINT"",""count"":112},{""identity"":""B"",""count"":82},{""identity"":""QUANDRIX"",""count"":70}]","[""acceptance"",""interdependence"",""role"",""tradition"",""land""]","[""hall_R_ignition"",""hall_G_growth"",""hall_G_natural_order"",""hall_JUND_instinct_pressure"",""hall_NAYA_living_whole"",""hall_NAYA_abundance_instinct"",""hall_ABZAN_family_endurance"",""hall_TEMUR_survival_attunement"",""hall_TEMUR_elemental_memory"",""hall_MARDU_total_commitment"",""hall_JESKAI_disciplined_cunning"",""hall_JESKAI_way_form"",""hall_GLINT_living_force"",""hall_GLINT_missing_white"",""hall_DUNE_territorial_force"",""hall_DUNE_missing_blue"",""hall_WITCH_patient_cultivation"",""hall_PRISMARI_expression"",""crucible_COLORLESS_WUBRG"",""crucible_R_RG"",""crucible_G_UG"",""crucible_G_RG"",""crucible_PRISMARI_QUANDRIX"",""crucible_GRIXIS_JUND"",""crucible_JUND_NAYA"",""crucible_NAYA_BANT"",""crucible_TEMUR_SULTAI"",""crucible_TEMUR_MARDU"",""crucible_JESKAI_TEMUR"",""crucible_INK_WITCH""]","[""acceptance"",""interdependence"",""tradition""]","[""gate_v2_locus_of_trust"",""gate_v2_pressure_becomes"",""gate_v2_first_signal"",""gate_v2_cost_of_oath"",""hall_U_possibility"",""hall_R_ignition"",""hall_G_growth"",""hall_G_natural_order"",""hall_UR_experiment"",""hall_UG_adaptation"",""hall_BANT_champion"",""hall_JUND_instinct_pressure"",""hall_TEMUR_survival_attunement"",""hall_GLINT_living_force"",""hall_DUNE_territorial_force"",""hall_QUANDRIX_pattern"",""crucible_R_RG"",""crucible_G_UG"",""crucible_G_RG"",""crucible_GRIXIS_JUND"",""crucible_JUND_NAYA"",""crucible_GLINT_DUNE""]",17,23,NOT-ENFORCED; 110/1037 primary paths below 2 strong authored hits,"FREE-TEXT METADATA ONLY; no executable predicate, so exhaustive violation count is unresolved",0.683,NO/UNRESOLVED,1,Primary below strong-min proxy: 110; negative-only winners: 0,Missing discriminator terms: acceptance | interdependence | tradition,NAME-CONSISTENT; claim entailment unvalidated,Numeric rank-two/rank-three framing; relationship meaning not independently established,Identity/color/tag-aligned editorial translation; not selected-answer evidence-backed,"Player-language derivation, question validity, response reliability, same-family confusion matrix, false-positive/negative pilot evidence",MECHANICALLY-DISTINGUISHABLE-BUT-UNVALIDATED
GLINT,Glint / Chaos,"[""adaptive"",""appetite"",""volatility"",""living force"",""improvisation"",""four-color"",""without White"",""missing-White"",""Blue adaptation"",""Black appetite"",""Red ignition"",""Green living force"",""cascade"",""maelstrom"",""unlicensed"",""civic restraint""]","[""The user centers White order, fairness, duty, stability, communal obligation, or peace-through-law."",""The user mentions only chaos, cascade, high variance, Yidris, or Glint-Eye without the missing-White worldview."",""The user treats Glint-Eye, Nephilim, Yidris, Chaos, UBRG, or color-code language as institutional or official proof."",""The user resolves more cleanly into Grixis, Jund, Temur, Sultai, Omnath/non-Black value, a two-color pair, or generic goodstuff.""]","[{""identity"":""B"",""count"":182},{""identity"":""R"",""count"":75},{""identity"":""G"",""count"":59},{""identity"":""NAYA"",""count"":56},{""identity"":""WUBRG"",""count"":37}]","[""adaptive"",""appetite"",""living force"",""improvisation"",""without White"",""missing-White"",""Blue adaptation"",""Green living force"",""cascade"",""maelstrom"",""unlicensed"",""civic restraint""]","[""gate_v2_pressure_becomes"",""gate_v2_first_signal"",""hall_W_duty"",""hall_B_cost"",""hall_U_understanding"",""hall_U_possibility"",""hall_R_ignition"",""hall_R_freedom"",""hall_G_growth"",""hall_G_natural_order"",""hall_WU_process"",""hall_UB_information"",""hall_WG_belonging"",""hall_UR_experiment"",""hall_UG_adaptation"",""hall_BANT_champion"",""hall_BANT_living_order"",""hall_ESPER_perfectibility"",""hall_ESPER_designed_control"",""hall_GRIXIS_survival_opening"",""hall_GRIXIS_volatile_calculation"",""hall_JUND_instinct_pressure"",""hall_JUND_appetite_consequence"",""hall_NAYA_living_whole"",""hall_NAYA_abundance_instinct"",""hall_ABZAN_ancestor_perennation"",""hall_TEMUR_survival_attunement"",""hall_TEMUR_elemental_memory"",""hall_SULTAI_resource_conversion"",""hall_SULTAI_dead_usefulness"",""hall_MARDU_total_commitment"",""hall_MARDU_war_name_oath"",""hall_JESKAI_disciplined_cunning"",""hall_JESKAI_way_form"",""hall_YORE_engineered_agency"",""hall_YORE_artifice_boundary"",""hall_GLINT_living_force"",""hall_GLINT_missing_white"",""hall_DUNE_territorial_force"",""hall_DUNE_missing_blue"",""hall_INK_protected_abundance"",""hall_INK_missing_black"",""hall_WITCH_patient_cultivation"",""hall_WITCH_missing_red"",""hall_WR_protection"",""hall_QUANDRIX_pattern"",""hall_SILVERQUILL_words"",""hall_COLORLESS_outside_wubrg"",""hall_COLORLESS_branch_boundary"",""hall_WUBRG_full_spectrum"",""crucible_COLORLESS_WUBRG"",""crucible_U_UG"",""crucible_B_BR"",""crucible_R_BR"",""crucible_R_RG"",""crucible_G_WG"",""crucible_G_UG"",""crucible_G_BG"",""crucible_G_RG"",""crucible_UG_QUANDRIX"",""crucible_BG_WITHERBLOOM"",""crucible_QUANDRIX_WITHERBLOOM"",""crucible_BANT_ESPER"",""crucible_GRIXIS_JUND"",""crucible_JUND_NAYA"",""crucible_NAYA_BANT"",""crucible_JESKAI_TEMUR"",""crucible_YORE_GLINT"",""crucible_GLINT_DUNE"",""crucible_DUNE_INK""]","[""cascade"",""maelstrom"",""unlicensed""]","[""gate_v2_locus_of_trust"",""gate_v2_pressure_becomes"",""gate_v2_first_signal"",""gate_v2_cost_of_oath"",""hall_U_possibility"",""hall_R_ignition"",""hall_G_growth"",""hall_G_natural_order"",""hall_UR_experiment"",""hall_UG_adaptation"",""hall_BANT_champion"",""hall_JUND_instinct_pressure"",""hall_TEMUR_survival_attunement"",""hall_GLINT_living_force"",""hall_DUNE_territorial_force"",""hall_QUANDRIX_pattern"",""crucible_R_RG"",""crucible_G_UG"",""crucible_G_RG"",""crucible_GRIXIS_JUND"",""crucible_JUND_NAYA"",""crucible_GLINT_DUNE""]",22,19,NOT-ENFORCED; 101/864 primary paths below 2 strong authored hits,"FREE-TEXT METADATA ONLY; no executable predicate, so exhaustive violation count is unresolved",0.779,NO/UNRESOLVED,1,Primary below strong-min proxy: 101; negative-only winners: 0,Missing discriminator terms: cascade | maelstrom | unlicensed,NAME-CONSISTENT; claim entailment unvalidated,Numeric rank-two/rank-three framing; relationship meaning not independently established,Identity/color/tag-aligned editorial translation; not selected-answer evidence-backed,"Player-language derivation, question validity, response reliability, same-family confusion matrix, false-positive/negative pilot evidence",MECHANICALLY-DISTINGUISHABLE-BUT-UNVALIDATED
GRIXIS,Grixis,"[""Grixis"",""Alara"",""UBR"",""Black-centered survival"",""survival"",""self-advocacy"",""adaptation"",""calculation"",""weakness analysis"",""immediacy"",""zeal"",""volatility""]","[""generic UBR"",""generic villainy"",""Maestros aesthetics"",""unearth alone"",""Bolas claims"",""Sedris claims"",""vis claims"",""public honor"",""life-renewal"",""manual-fill lore as proof""]","[{""identity"":""B"",""count"":56},{""identity"":""YORE"",""count"":40},{""identity"":""GLINT"",""count"":35},{""identity"":""U"",""count"":30},{""identity"":""BR"",""count"":26}]","[""Grixis"",""UBR"",""Black-centered survival"",""self-advocacy"",""calculation"",""weakness analysis"",""immediacy"",""zeal""]","[""gate_v2_locus_of_trust"",""gate_v2_pressure_becomes"",""hall_U_possibility"",""hall_G_growth"",""hall_G_natural_order"",""hall_WG_belonging"",""hall_UR_experiment"",""hall_BG_reclamation"",""hall_UG_adaptation"",""hall_BANT_champion"",""hall_BANT_living_order"",""hall_GRIXIS_survival_opening"",""hall_GRIXIS_volatile_calculation"",""hall_JUND_instinct_pressure"",""hall_JUND_appetite_consequence"",""hall_NAYA_living_whole"",""hall_ABZAN_family_endurance"",""hall_TEMUR_survival_attunement"",""hall_TEMUR_elemental_memory"",""hall_SULTAI_resource_conversion"",""hall_SULTAI_dead_usefulness"",""hall_MARDU_total_commitment"",""hall_JESKAI_disciplined_cunning"",""hall_JESKAI_way_form"",""hall_GLINT_living_force"",""hall_GLINT_missing_white"",""hall_DUNE_territorial_force"",""hall_DUNE_missing_blue"",""hall_INK_missing_black"",""hall_WITCH_patient_cultivation"",""hall_WITCH_missing_red"",""hall_WITHERBLOOM_essence"",""hall_WUBRG_full_spectrum"",""crucible_U_UG"",""crucible_B_BG"",""crucible_B_WB"",""crucible_G_UG"",""crucible_G_BG"",""crucible_UG_QUANDRIX"",""crucible_BG_WITHERBLOOM"",""crucible_ESPER_GRIXIS"",""crucible_GRIXIS_JUND"",""crucible_JUND_NAYA"",""crucible_TEMUR_SULTAI"",""crucible_TEMUR_MARDU"",""crucible_JESKAI_TEMUR"",""crucible_YORE_GLINT"",""crucible_GLINT_DUNE"",""crucible_INK_WITCH"",""crucible_WITCH_YORE""]","[""Alara"",""UBR"",""immediacy"",""zeal""]","[""gate_v2_locus_of_trust"",""gate_v2_pressure_becomes"",""gate_v2_first_signal"",""gate_v2_cost_of_oath"",""hall_U_possibility"",""hall_RG_wild"",""hall_ESPER_perfectibility"",""crucible_U_UB"",""crucible_ESPER_GRIXIS""]",24,21,NOT-ENFORCED; 259/306 primary paths below 3 strong authored hits,"FREE-TEXT METADATA ONLY; no executable predicate, so exhaustive violation count is unresolved",0.756,NO/UNRESOLVED,0.859,Primary below strong-min proxy: 259; negative-only winners: 0,Missing discriminator terms: Alara | UBR | immediacy | zeal,NAME-CONSISTENT; claim entailment unvalidated,Numeric rank-two/rank-three framing; relationship meaning not independently established,Identity/color/tag-aligned editorial translation; not selected-answer evidence-backed,"Player-language derivation, question validity, response reliability, same-family confusion matrix, false-positive/negative pilot evidence",HIGH-CONFUSION-RISK
INK,Ink / Altruism,"[""protected"",""public abundance"",""open knowledge"",""community benefit"",""shared resources"",""guarded commons"",""protected generosity"",""four-color"",""without Black"",""missing-Black"",""Red care"",""Green reciprocity"",""White civic promise"",""Blue open knowledge"",""commons"",""gift"",""capture""]","[""The user centers private advantage, hoarding, personal sovereignty, or Black-style leverage as the leading value."",""The user mentions only shared resources, group-hug, public archives, Kynaios, Ink-Treader, Altruism, or same-color grouping without the missing-Black worldview."",""The user treats Altruism, Kynaios, Stalwart Unity, Ink-Treader, RGWU, WURG, same-color identity, or color-code language as official public naming authority."",""The user resolves more cleanly into Bant, Jeskai, Naya, Temur, Dune, Glint, a two-color pair, or generic same-color goodstuff.""]","[{""identity"":""W"",""count"":57},{""identity"":""LOREHOLD"",""count"":35},{""identity"":""QUANDRIX"",""count"":35},{""identity"":""NAYA"",""count"":33},{""identity"":""JESKAI"",""count"":31}]","[""protected"",""public abundance"",""open knowledge"",""community benefit"",""shared resources"",""guarded commons"",""protected generosity"",""without Black"",""missing-Black"",""Red care"",""Green reciprocity"",""White civic promise"",""Blue open knowledge"",""commons"",""gift"",""capture""]","[""gate_v2_cost_of_oath"",""hall_W_duty"",""hall_B_graveyard"",""hall_U_understanding"",""hall_U_possibility"",""hall_G_growth"",""hall_G_natural_order"",""hall_WU_process"",""hall_UB_information"",""hall_RG_wild"",""hall_WG_belonging"",""hall_BANT_champion"",""hall_BANT_living_order"",""hall_ESPER_perfectibility"",""hall_ESPER_designed_control"",""hall_GRIXIS_survival_opening"",""hall_GRIXIS_volatile_calculation"",""hall_JUND_instinct_pressure"",""hall_NAYA_living_whole"",""hall_NAYA_abundance_instinct"",""hall_ABZAN_family_endurance"",""hall_ABZAN_ancestor_perennation"",""hall_TEMUR_survival_attunement"",""hall_TEMUR_elemental_memory"",""hall_SULTAI_dead_usefulness"",""hall_MARDU_total_commitment"",""hall_MARDU_war_name_oath"",""hall_JESKAI_disciplined_cunning"",""hall_JESKAI_way_form"",""hall_YORE_engineered_agency"",""hall_YORE_artifice_boundary"",""hall_GLINT_living_force"",""hall_GLINT_missing_white"",""hall_DUNE_territorial_force"",""hall_DUNE_missing_blue"",""hall_INK_protected_abundance"",""hall_INK_missing_black"",""hall_WITCH_patient_cultivation"",""hall_WITCH_missing_red"",""hall_WR_protection"",""hall_COLORLESS_outside_wubrg"",""hall_COLORLESS_branch_boundary"",""hall_WUBRG_full_spectrum"",""crucible_COLORLESS_WUBRG"",""crucible_W_WG"",""crucible_U_UB"",""crucible_U_UG"",""crucible_B_WB"",""crucible_R_BR"",""crucible_G_WG"",""crucible_G_BG"",""crucible_WU_WG"",""crucible_UB_WB"",""crucible_PRISMARI_SILVERQUILL"",""crucible_BANT_ESPER"",""crucible_JUND_NAYA"",""crucible_NAYA_BANT"",""crucible_JESKAI_MARDU"",""crucible_JESKAI_SULTAI"",""crucible_YORE_GLINT"",""crucible_DUNE_INK"",""crucible_INK_WITCH"",""crucible_WITCH_YORE""]",[],"[""gate_v2_locus_of_trust"",""gate_v2_pressure_becomes"",""gate_v2_first_signal"",""gate_v2_cost_of_oath"",""hall_W_duty"",""hall_B_graveyard"",""hall_R_ignition"",""hall_R_freedom"",""hall_JUND_appetite_consequence"",""hall_NAYA_living_whole"",""hall_ABZAN_family_endurance"",""hall_ABZAN_ancestor_perennation"",""hall_TEMUR_elemental_memory"",""hall_SULTAI_resource_conversion"",""hall_SULTAI_dead_usefulness"",""hall_INK_protected_abundance"",""hall_WR_protection"",""crucible_W_WR"",""crucible_R_WR"",""crucible_WU_WR"",""crucible_INK_WITCH""]",15,16,NOT-ENFORCED; 102/350 primary paths below 2 strong authored hits,"FREE-TEXT METADATA ONLY; no executable predicate, so exhaustive violation count is unresolved",0.772,NO/UNRESOLVED,0.854,Primary below strong-min proxy: 102; negative-only winners: 0,Missing discriminator terms: none by lexical probe,NAME-CONSISTENT; claim entailment unvalidated,Numeric rank-two/rank-three framing; relationship meaning not independently established,Identity/color/tag-aligned editorial translation; not selected-answer evidence-backed,"Player-language derivation, question validity, response reliability, same-family confusion matrix, false-positive/negative pilot evidence",INSUFFICIENT-DISTINCTIVENESS-EVIDENCE
JESKAI,Jeskai Way,"[""Jeskai Way"",""Blue-centered"",""cunning"",""discipline"",""training"",""martial practice"",""monastery"",""Narset"",""Shu Yun"",""Ojutai boundary"",""Dragonstorm revival"",""trained insight""]","[""URW, WUR, RWU, UWR, RUW, or WRU color identity without a Jeskai evidence cluster."",""Generic spellslinger, prowess, copies, artifacts, energy, cycling, time counters, or Commander goodstuff without Jeskai evidence."",""Ojutai clan treated as Khans-era Jeskai continuity."",""Modern Dragonstorm revival used as Khans-era proof."",""Seed files, generated HTML, color-pair philosophy, or architecture prose treated as proof.""]","[{""identity"":""INK"",""count"":65},{""identity"":""LOREHOLD"",""count"":55},{""identity"":""W"",""count"":51},{""identity"":""U"",""count"":50},{""identity"":""NAYA"",""count"":45}]","[""Jeskai Way"",""Blue-centered"",""cunning"",""discipline"",""training"",""martial practice"",""monastery"",""Narset"",""Shu Yun"",""Ojutai boundary"",""Dragonstorm revival"",""trained insight""]","[""gate_v2_locus_of_trust"",""gate_v2_pressure_becomes"",""gate_v2_first_signal"",""gate_v2_cost_of_oath"",""hall_W_shelter"",""hall_U_possibility"",""hall_R_freedom"",""hall_MARDU_total_commitment"",""hall_MARDU_war_name_oath"",""hall_JESKAI_disciplined_cunning"",""hall_JESKAI_way_form"",""hall_YORE_engineered_agency"",""hall_YORE_artifice_boundary"",""hall_GLINT_missing_white"",""hall_DUNE_territorial_force"",""hall_DUNE_missing_blue"",""hall_INK_protected_abundance"",""hall_INK_missing_black"",""hall_WITCH_missing_red"",""hall_COLORLESS_outside_wubrg"",""hall_COLORLESS_branch_boundary"",""hall_WUBRG_full_spectrum"",""crucible_JESKAI_MARDU"",""crucible_JESKAI_SULTAI"",""crucible_JESKAI_TEMUR"",""crucible_WITCH_YORE""]","[""Narset"",""Shu Yun"",""Dragonstorm revival""]","[""gate_v2_locus_of_trust"",""gate_v2_pressure_becomes"",""gate_v2_first_signal"",""gate_v2_cost_of_oath"",""hall_R_ignition"",""hall_R_freedom"",""hall_BR_intensity"",""hall_UR_experiment"",""hall_JUND_appetite_consequence"",""hall_SULTAI_resource_conversion"",""hall_MARDU_war_name_oath"",""hall_YORE_engineered_agency"",""hall_YORE_artifice_boundary"",""hall_PRISMARI_expression"",""hall_SILVERQUILL_words"",""hall_COLORLESS_outside_wubrg"",""hall_COLORLESS_branch_boundary"",""crucible_R_BR"",""crucible_R_RG"",""crucible_UR_PRISMARI"",""crucible_PRISMARI_QUANDRIX"",""crucible_PRISMARI_SILVERQUILL""]",16,17,NOT-ENFORCED; 122/488 primary paths below 2 strong authored hits,"FREE-TEXT METADATA ONLY; no executable predicate, so exhaustive violation count is unresolved",0.838,NO/UNRESOLVED,0.582,Primary below strong-min proxy: 122; negative-only winners: 0,Missing discriminator terms: Narset | Shu Yun | Dragonstorm revival,NAME-CONSISTENT; claim entailment unvalidated,Numeric rank-two/rank-three framing; relationship meaning not independently established,Identity/color/tag-aligned editorial translation; not selected-answer evidence-backed,"Player-language derivation, question validity, response reliability, same-family confusion matrix, false-positive/negative pilot evidence",INSUFFICIENT-DISTINCTIVENESS-EVIDENCE
JUND,Jund,"[""Jund"",""Alara"",""BRG"",""Red-centered"",""self-truth"",""gut instinct"",""emotion as guide"",""freedom with consequences"",""Black appetite"",""Green instinct""]","[""generic BRG"",""generic anger"",""generic savage nature"",""devour alone"",""Modern Jund midrange"",""Naya behemoth community"",""Grixis death necromancy"",""Gruul civilization rejection"",""Rakdos spectacle"",""Golgari rot"",""Witherbloom life-drain"",""Riveteers family labor"",""manual-fill lore as proof""]","[{""identity"":""GLINT"",""count"":90},{""identity"":""B"",""count"":32},{""identity"":""DUNE"",""count"":28},{""identity"":""R"",""count"":26},{""identity"":""WUBRG"",""count"":25}]","[""Jund"",""BRG"",""self-truth"",""gut instinct"",""emotion as guide"",""freedom with consequences"",""Green instinct""]","[""gate_v2_locus_of_trust"",""gate_v2_pressure_becomes"",""hall_W_duty"",""hall_B_cost"",""hall_R_ignition"",""hall_R_freedom"",""hall_G_natural_order"",""hall_UB_information"",""hall_WG_belonging"",""hall_WB_obligation"",""hall_GRIXIS_survival_opening"",""hall_GRIXIS_volatile_calculation"",""hall_JUND_instinct_pressure"",""hall_JUND_appetite_consequence"",""hall_NAYA_living_whole"",""hall_NAYA_abundance_instinct"",""hall_ABZAN_ancestor_perennation"",""hall_TEMUR_survival_attunement"",""hall_TEMUR_elemental_memory"",""hall_SULTAI_dead_usefulness"",""hall_MARDU_total_commitment"",""hall_MARDU_war_name_oath"",""hall_JESKAI_disciplined_cunning"",""hall_JESKAI_way_form"",""hall_YORE_engineered_agency"",""hall_YORE_artifice_boundary"",""hall_GLINT_living_force"",""hall_GLINT_missing_white"",""hall_DUNE_territorial_force"",""hall_DUNE_missing_blue"",""hall_INK_protected_abundance"",""hall_INK_missing_black"",""hall_WITCH_patient_cultivation"",""hall_WITCH_missing_red"",""hall_LOREHOLD_history"",""hall_QUANDRIX_pattern"",""hall_COLORLESS_branch_boundary"",""hall_WUBRG_full_spectrum"",""crucible_COLORLESS_WUBRG"",""crucible_W_WU"",""crucible_W_WG"",""crucible_U_WU"",""crucible_B_WB"",""crucible_R_UR"",""crucible_R_BR"",""crucible_R_RG"",""crucible_G_WG"",""crucible_G_BG"",""crucible_G_RG"",""crucible_PRISMARI_SILVERQUILL"",""crucible_GRIXIS_JUND"",""crucible_JUND_NAYA"",""crucible_NAYA_BANT"",""crucible_TEMUR_MARDU"",""crucible_JESKAI_MARDU"",""crucible_JESKAI_TEMUR"",""crucible_YORE_GLINT"",""crucible_GLINT_DUNE""]","[""Alara"",""BRG""]","[""gate_v2_locus_of_trust"",""gate_v2_pressure_becomes"",""gate_v2_first_signal"",""gate_v2_cost_of_oath"",""hall_R_ignition"",""hall_R_freedom"",""hall_BR_intensity"",""hall_UR_experiment"",""hall_JUND_appetite_consequence"",""hall_SULTAI_resource_conversion"",""hall_MARDU_war_name_oath"",""hall_YORE_engineered_agency"",""hall_YORE_artifice_boundary"",""hall_PRISMARI_expression"",""hall_SILVERQUILL_words"",""hall_COLORLESS_outside_wubrg"",""hall_COLORLESS_branch_boundary"",""crucible_R_BR"",""crucible_R_RG"",""crucible_UR_PRISMARI"",""crucible_PRISMARI_QUANDRIX"",""crucible_PRISMARI_SILVERQUILL""]",25,20,NOT-ENFORCED; 20/344 primary paths below 2 strong authored hits,"FREE-TEXT METADATA ONLY; no executable predicate, so exhaustive violation count is unresolved",0.658,NO/UNRESOLVED,0.994,Primary below strong-min proxy: 20; negative-only winners: 0,Missing discriminator terms: Alara | BRG,NAME-CONSISTENT; claim entailment unvalidated,Numeric rank-two/rank-three framing; relationship meaning not independently established,Identity/color/tag-aligned editorial translation; not selected-answer evidence-backed,"Player-language derivation, question validity, response reliability, same-family confusion matrix, false-positive/negative pilot evidence",MECHANICALLY-DISTINGUISHABLE-BUT-UNVALIDATED
LOREHOLD,Lorehold College,"[""history"",""archive"",""relic"",""evidence"",""field"",""past"",""archaeology"",""memory"",""lesson"",""ruins"",""research""]","[""immediate protection"",""procedure first"",""pure performance"",""experiment invention"",""private leverage""]","[{""identity"":""NAYA"",""count"":54},{""identity"":""JESKAI"",""count"":53},{""identity"":""R"",""count"":39},{""identity"":""INK"",""count"":31},{""identity"":""YORE"",""count"":23}]","[""history"",""archive"",""relic"",""evidence"",""field"",""past"",""archaeology"",""lesson"",""ruins"",""research""]","[""gate_v2_pressure_becomes"",""hall_ABZAN_ancestor_perennation"",""hall_TEMUR_survival_attunement"",""hall_TEMUR_elemental_memory"",""hall_SULTAI_resource_conversion"",""hall_SULTAI_dead_usefulness"",""hall_MARDU_total_commitment"",""hall_JESKAI_disciplined_cunning"",""hall_YORE_engineered_agency"",""hall_DUNE_territorial_force"",""hall_INK_protected_abundance"",""hall_INK_missing_black"",""hall_WITCH_missing_red"",""hall_WR_protection"",""hall_LOREHOLD_history"",""hall_QUANDRIX_pattern"",""hall_COLORLESS_branch_boundary"",""crucible_WR_LOREHOLD"",""crucible_LOREHOLD_QUANDRIX"",""crucible_ABZAN_MARDU"",""crucible_TEMUR_SULTAI"",""crucible_JESKAI_MARDU"",""crucible_JESKAI_TEMUR"",""crucible_WITCH_YORE""]","[""archaeology"",""ruins"",""research""]","[""gate_v2_locus_of_trust"",""gate_v2_pressure_becomes"",""gate_v2_first_signal"",""gate_v2_cost_of_oath"",""hall_ABZAN_ancestor_perennation"",""hall_TEMUR_elemental_memory"",""hall_SULTAI_dead_usefulness"",""hall_INK_missing_black"",""crucible_LOREHOLD_QUANDRIX"",""crucible_ABZAN_SULTAI""]",18,13,NOT-ENFORCED; 106/325 primary paths below 3 strong authored hits,"FREE-TEXT METADATA ONLY; no executable predicate, so exhaustive violation count is unresolved",0.789,NO/UNRESOLVED,0.898,Primary below strong-min proxy: 106; negative-only winners: 0,Missing discriminator terms: archaeology | ruins | research,NAME-CONSISTENT; claim entailment unvalidated,Numeric rank-two/rank-three framing; relationship meaning not independently established,Identity/color/tag-aligned editorial translation; not selected-answer evidence-backed,"Player-language derivation, question validity, response reliability, same-family confusion matrix, false-positive/negative pilot evidence",INSUFFICIENT-DISTINCTIVENESS-EVIDENCE
MARDU,Mardu Horde,"[""Mardu Horde"",""Red-centered"",""speed"",""total commitment"",""war names"",""Edicts of Ilagra"",""Zurgo"",""Alesha"",""Kolaghan boundary"",""Dragonstorm Mardu"",""martial oath"",""Tarkir""]","[""RWB or WBR color identity without a Mardu evidence cluster."",""Generic aggro, sacrifice, tokens, aristocrats, reanimator, Vampire tribal, Outlaws/Treasure, or Commander goodstuff without Mardu evidence."",""Kolaghan clan treated as Khans-era Mardu continuity."",""Modern Dragonstorm reforms used as Khans-era proof."",""Seed files, color-pair philosophy, architecture prose, or manual-fill lore treated as proof.""]","[{""identity"":""R"",""count"":37},{""identity"":""YORE"",""count"":34},{""identity"":""WU"",""count"":22},{""identity"":""W"",""count"":16},{""identity"":""ESPER"",""count"":15}]","[""Mardu Horde"",""total commitment"",""war names"",""Edicts of Ilagra"",""Zurgo"",""Alesha"",""Kolaghan boundary"",""Dragonstorm Mardu"",""martial oath""]","[""gate_v2_locus_of_trust"",""gate_v2_pressure_becomes"",""gate_v2_first_signal"",""gate_v2_cost_of_oath"",""hall_W_shelter"",""hall_ABZAN_ancestor_perennation"",""hall_MARDU_total_commitment"",""hall_MARDU_war_name_oath"",""hall_JESKAI_disciplined_cunning"",""hall_JESKAI_way_form"",""hall_YORE_engineered_agency"",""hall_YORE_artifice_boundary"",""hall_GLINT_missing_white"",""hall_DUNE_territorial_force"",""hall_DUNE_missing_blue"",""hall_INK_protected_abundance"",""hall_INK_missing_black"",""hall_WITCH_missing_red"",""hall_COLORLESS_outside_wubrg"",""hall_COLORLESS_branch_boundary"",""hall_WUBRG_full_spectrum"",""crucible_ABZAN_MARDU"",""crucible_JESKAI_MARDU""]","[""Edicts of Ilagra"",""Zurgo"",""Alesha"",""Tarkir""]","[""gate_v2_locus_of_trust"",""gate_v2_pressure_becomes"",""gate_v2_first_signal"",""gate_v2_cost_of_oath"",""hall_R_ignition"",""hall_R_freedom"",""hall_BR_intensity"",""hall_UR_experiment"",""hall_JUND_appetite_consequence"",""hall_SULTAI_resource_conversion"",""hall_MARDU_war_name_oath"",""hall_YORE_engineered_agency"",""hall_YORE_artifice_boundary"",""hall_PRISMARI_expression"",""hall_SILVERQUILL_words"",""hall_COLORLESS_outside_wubrg"",""hall_COLORLESS_branch_boundary"",""crucible_R_BR"",""crucible_R_RG"",""crucible_UR_PRISMARI"",""crucible_PRISMARI_QUANDRIX"",""crucible_PRISMARI_SILVERQUILL""]",19,19,NOT-ENFORCED; 27/220 primary paths below 2 strong authored hits,"FREE-TEXT METADATA ONLY; no executable predicate, so exhaustive violation count is unresolved",0.746,NO/UNRESOLVED,0.777,Primary below strong-min proxy: 27; negative-only winners: 0,Missing discriminator terms: Edicts of Ilagra | Zurgo | Alesha | Tarkir,NAME-CONSISTENT; claim entailment unvalidated,Numeric rank-two/rank-three framing; relationship meaning not independently established,Identity/color/tag-aligned editorial translation; not selected-answer evidence-backed,"Player-language derivation, question validity, response reliability, same-family confusion matrix, false-positive/negative pilot evidence",MECHANICALLY-DISTINGUISHABLE-BUT-UNVALIDATED
NAYA,Naya,"[""Naya"",""Alara"",""RGW"",""Green-centered"",""life"",""nature"",""growth"",""ecosystem belonging"",""larger natural whole"",""White care"",""Red instinct""]","[""generic RGW"",""generic big creatures"",""generic tokens"",""casual battlecruiser"",""Cabaretti social glamour"",""Selesnya community without Red instinct"",""Gruul impulse without White care"",""Boros action without Green abundance"",""Bant hierarchy"",""Jund consumption"",""manual-fill lore as proof""]","[{""identity"":""INK"",""count"":87},{""identity"":""RG"",""count"":67},{""identity"":""DUNE"",""count"":63},{""identity"":""W"",""count"":60},{""identity"":""G"",""count"":54}]","[""Naya"",""RGW"",""ecosystem belonging"",""larger natural whole"",""White care"",""Red instinct""]","[""gate_v2_locus_of_trust"",""gate_v2_first_signal"",""gate_v2_cost_of_oath"",""hall_W_shelter"",""hall_W_duty"",""hall_B_cost"",""hall_B_graveyard"",""hall_R_ignition"",""hall_R_freedom"",""hall_G_growth"",""hall_G_natural_order"",""hall_WU_process"",""hall_RG_wild"",""hall_WG_belonging"",""hall_BG_reclamation"",""hall_UG_adaptation"",""hall_BANT_champion"",""hall_BANT_living_order"",""hall_ESPER_perfectibility"",""hall_ESPER_designed_control"",""hall_GRIXIS_survival_opening"",""hall_JUND_instinct_pressure"",""hall_JUND_appetite_consequence"",""hall_NAYA_living_whole"",""hall_NAYA_abundance_instinct"",""hall_ABZAN_family_endurance"",""hall_ABZAN_ancestor_perennation"",""hall_TEMUR_survival_attunement"",""hall_TEMUR_elemental_memory"",""hall_SULTAI_dead_usefulness"",""hall_MARDU_total_commitment"",""hall_MARDU_war_name_oath"",""hall_JESKAI_disciplined_cunning"",""hall_JESKAI_way_form"",""hall_YORE_engineered_agency"",""hall_YORE_artifice_boundary"",""hall_GLINT_living_force"",""hall_GLINT_missing_white"",""hall_DUNE_territorial_force"",""hall_DUNE_missing_blue"",""hall_INK_protected_abundance"",""hall_INK_missing_black"",""hall_WITCH_patient_cultivation"",""hall_WITCH_missing_red"",""hall_QUANDRIX_pattern"",""hall_WITHERBLOOM_essence"",""hall_WUBRG_full_spectrum"",""crucible_W_WG"",""crucible_B_BG"",""crucible_R_RG"",""crucible_G_WG"",""crucible_G_UG"",""crucible_G_BG"",""crucible_G_RG"",""crucible_WU_WG"",""crucible_LOREHOLD_QUANDRIX"",""crucible_QUANDRIX_WITHERBLOOM"",""crucible_BANT_ESPER"",""crucible_GRIXIS_JUND"",""crucible_JUND_NAYA"",""crucible_NAYA_BANT"",""crucible_TEMUR_MARDU"",""crucible_YORE_GLINT"",""crucible_INK_WITCH"",""crucible_WITCH_YORE""]","[""Alara"",""RGW""]","[""gate_v2_locus_of_trust"",""gate_v2_pressure_becomes"",""gate_v2_first_signal"",""gate_v2_cost_of_oath"",""hall_W_shelter"",""hall_W_duty"",""hall_R_freedom"",""hall_G_natural_order"",""hall_WG_belonging"",""hall_BANT_champion"",""hall_BANT_living_order"",""hall_ESPER_designed_control"",""hall_GRIXIS_survival_opening"",""hall_JUND_instinct_pressure"",""hall_NAYA_living_whole"",""hall_NAYA_abundance_instinct"",""hall_JESKAI_way_form"",""hall_DUNE_territorial_force"",""hall_WR_protection"",""crucible_W_WG"",""crucible_G_WG""]",21,27,NOT-ENFORCED; 18/678 primary paths below 2 strong authored hits,"FREE-TEXT METADATA ONLY; no executable predicate, so exhaustive violation count is unresolved",0.785,NO/UNRESOLVED,0.942,Primary below strong-min proxy: 18; negative-only winners: 0,Missing discriminator terms: Alara | RGW,NAME-CONSISTENT; claim entailment unvalidated,Numeric rank-two/rank-three framing; relationship meaning not independently established,Identity/color/tag-aligned editorial translation; not selected-answer evidence-backed,"Player-language derivation, question validity, response reliability, same-family confusion matrix, false-positive/negative pilot evidence",MECHANICALLY-DISTINGUISHABLE-BUT-UNVALIDATED
PRISMARI,Prismari College,"[""expression"",""performance"",""art"",""emotion"",""elemental"",""creativity"",""dramatic"",""style"",""movement"",""spectacle""]","[""mechanical experiment"",""precise rhetoric"",""dangerous transgression"",""mathematical proof"",""archive evidence""]","[{""identity"":""GLINT"",""count"":66},{""identity"":""JESKAI"",""count"":62},{""identity"":""R"",""count"":48},{""identity"":""U"",""count"":39},{""identity"":""RG"",""count"":23}]","[""expression"",""art"",""elemental"",""creativity"",""dramatic"",""style"",""movement""]","[""gate_v2_pressure_becomes"",""hall_R_ignition"",""hall_R_freedom"",""hall_BR_intensity"",""hall_UR_experiment"",""hall_UG_adaptation"",""hall_JUND_appetite_consequence"",""hall_TEMUR_elemental_memory"",""hall_SULTAI_resource_conversion"",""hall_SULTAI_dead_usefulness"",""hall_GLINT_living_force"",""hall_GLINT_missing_white"",""hall_DUNE_missing_blue"",""hall_INK_missing_black"",""hall_WITCH_missing_red"",""hall_PRISMARI_expression"",""hall_SILVERQUILL_words"",""crucible_R_BR"",""crucible_R_RG"",""crucible_UR_PRISMARI"",""crucible_PRISMARI_QUANDRIX"",""crucible_PRISMARI_SILVERQUILL"",""crucible_BR_RG"",""crucible_TEMUR_SULTAI""]","[""creativity"",""dramatic""]","[""gate_v2_locus_of_trust"",""gate_v2_pressure_becomes"",""gate_v2_first_signal"",""gate_v2_cost_of_oath"",""hall_R_ignition"",""hall_R_freedom"",""hall_BR_intensity"",""hall_UR_experiment"",""hall_JUND_appetite_consequence"",""hall_SULTAI_resource_conversion"",""hall_MARDU_war_name_oath"",""hall_YORE_engineered_agency"",""hall_YORE_artifice_boundary"",""hall_PRISMARI_expression"",""hall_SILVERQUILL_words"",""hall_COLORLESS_outside_wubrg"",""hall_COLORLESS_branch_boundary"",""crucible_R_BR"",""crucible_R_RG"",""crucible_UR_PRISMARI"",""crucible_PRISMARI_QUANDRIX"",""crucible_PRISMARI_SILVERQUILL""]",22,16,NOT-ENFORCED; 40/387 primary paths below 2 strong authored hits,"FREE-TEXT METADATA ONLY; no executable predicate, so exhaustive violation count is unresolved",0.73,NO/UNRESOLVED,0.938,Primary below strong-min proxy: 40; negative-only winners: 0,Missing discriminator terms: creativity | dramatic,NAME-CONSISTENT; claim entailment unvalidated,Numeric rank-two/rank-three framing; relationship meaning not independently established,Identity/color/tag-aligned editorial translation; not selected-answer evidence-backed,"Player-language derivation, question validity, response reliability, same-family confusion matrix, false-positive/negative pilot evidence",MECHANICALLY-DISTINGUISHABLE-BUT-UNVALIDATED
QUANDRIX,Quandrix College,"[""pattern"",""proof"",""mathematics"",""abstraction"",""equation"",""structure"",""model"",""precision"",""theory"",""fractal""]","[""prototype experiment"",""biological improvement"",""emotion performance"",""law procedure"",""history evidence""]","[{""identity"":""U"",""count"":66},{""identity"":""GLINT"",""count"":44},{""identity"":""TEMUR"",""count"":42},{""identity"":""UB"",""count"":35},{""identity"":""SULTAI"",""count"":31}]","[""pattern"",""proof"",""mathematics"",""abstraction"",""equation"",""model"",""precision"",""theory"",""fractal""]","[""gate_v2_locus_of_trust"",""gate_v2_pressure_becomes"",""gate_v2_first_signal"",""hall_W_shelter"",""hall_W_duty"",""hall_U_understanding"",""hall_U_possibility"",""hall_G_natural_order"",""hall_UB_information"",""hall_WG_belonging"",""hall_WB_obligation"",""hall_UR_experiment"",""hall_UG_adaptation"",""hall_ESPER_designed_control"",""hall_TEMUR_survival_attunement"",""hall_MARDU_war_name_oath"",""hall_JESKAI_way_form"",""hall_YORE_engineered_agency"",""hall_WITCH_patient_cultivation"",""hall_LOREHOLD_history"",""hall_PRISMARI_expression"",""hall_QUANDRIX_pattern"",""hall_SILVERQUILL_words"",""hall_COLORLESS_outside_wubrg"",""hall_WUBRG_full_spectrum"",""crucible_W_WU"",""crucible_W_WR"",""crucible_W_WG"",""crucible_U_WU"",""crucible_U_UR"",""crucible_U_UG"",""crucible_UR_PRISMARI"",""crucible_UG_QUANDRIX"",""crucible_PRISMARI_QUANDRIX"",""crucible_LOREHOLD_QUANDRIX"",""crucible_QUANDRIX_WITHERBLOOM"",""crucible_BANT_ESPER"",""crucible_JESKAI_MARDU""]","[""mathematics"",""fractal""]","[""gate_v2_locus_of_trust"",""gate_v2_pressure_becomes"",""gate_v2_first_signal"",""gate_v2_cost_of_oath"",""hall_W_shelter"",""hall_W_duty"",""hall_U_understanding"",""hall_WU_process"",""hall_WG_belonging"",""hall_UG_adaptation"",""hall_BANT_champion"",""hall_BANT_living_order"",""hall_ESPER_perfectibility"",""hall_GRIXIS_volatile_calculation"",""hall_NAYA_abundance_instinct"",""hall_MARDU_war_name_oath"",""hall_JESKAI_way_form"",""hall_INK_protected_abundance"",""hall_WITCH_patient_cultivation"",""hall_LOREHOLD_history"",""crucible_W_WU"",""crucible_U_WU"",""crucible_WU_WG"",""crucible_WU_WB""]",19,16,NOT-ENFORCED; 24/401 primary paths below 2 strong authored hits,"FREE-TEXT METADATA ONLY; no executable predicate, so exhaustive violation count is unresolved",0.747,NO/UNRESOLVED,0.9,Primary below strong-min proxy: 24; negative-only winners: 0,Missing discriminator terms: mathematics | fractal,NAME-CONSISTENT; claim entailment unvalidated,Numeric rank-two/rank-three framing; relationship meaning not independently established,Identity/color/tag-aligned editorial translation; not selected-answer evidence-backed,"Player-language derivation, question validity, response reliability, same-family confusion matrix, false-positive/negative pilot evidence",MECHANICALLY-DISTINGUISHABLE-BUT-UNVALIDATED
R,Red,"[""freedom"",""emotion"",""action"",""passion"",""impulse"",""experience"",""speed""]","[""rules over desire"",""analysis before every action"",""power calculation without feeling"",""chaos without emotional truth""]","[{""identity"":""JESKAI"",""count"":226},{""identity"":""NAYA"",""count"":214},{""identity"":""W"",""count"":205},{""identity"":""GLINT"",""count"":182},{""identity"":""B"",""count"":162}]","[""freedom"",""passion"",""impulse"",""experience""]","[""gate_v2_pressure_becomes"",""hall_W_duty"",""hall_U_understanding"",""hall_R_ignition"",""hall_R_freedom"",""hall_BR_intensity"",""hall_BANT_champion"",""hall_ESPER_perfectibility"",""hall_ABZAN_ancestor_perennation"",""hall_TEMUR_survival_attunement"",""hall_MARDU_total_commitment"",""hall_MARDU_war_name_oath"",""hall_JESKAI_disciplined_cunning"",""hall_JESKAI_way_form"",""hall_YORE_artifice_boundary"",""hall_DUNE_missing_blue"",""hall_WITCH_patient_cultivation"",""hall_WITCH_missing_red"",""hall_WR_protection"",""hall_LOREHOLD_history"",""hall_COLORLESS_outside_wubrg"",""crucible_COLORLESS_WUBRG"",""crucible_R_WR"",""crucible_R_UR"",""crucible_R_BR"",""crucible_R_RG"",""crucible_UR_PRISMARI"",""crucible_WR_LOREHOLD"",""crucible_PRISMARI_QUANDRIX"",""crucible_PRISMARI_SILVERQUILL"",""crucible_NAYA_BANT"",""crucible_ABZAN_MARDU"",""crucible_TEMUR_MARDU"",""crucible_JESKAI_MARDU"",""crucible_JESKAI_SULTAI"",""crucible_JESKAI_TEMUR"",""crucible_GLINT_DUNE"",""crucible_DUNE_INK""]","[""passion""]","[""gate_v2_locus_of_trust"",""gate_v2_pressure_becomes"",""gate_v2_first_signal"",""gate_v2_cost_of_oath"",""hall_R_ignition"",""hall_R_freedom"",""hall_BR_intensity"",""hall_UR_experiment"",""hall_JUND_appetite_consequence"",""hall_SULTAI_resource_conversion"",""hall_MARDU_war_name_oath"",""hall_YORE_engineered_agency"",""hall_YORE_artifice_boundary"",""hall_PRISMARI_expression"",""hall_SILVERQUILL_words"",""hall_COLORLESS_outside_wubrg"",""hall_COLORLESS_branch_boundary"",""crucible_R_BR"",""crucible_R_RG"",""crucible_UR_PRISMARI"",""crucible_PRISMARI_QUANDRIX"",""crucible_PRISMARI_SILVERQUILL""]",18,23,NOT-ENFORCED; 121/2038 primary paths below 2 strong authored hits,"FREE-TEXT METADATA ONLY; no executable predicate, so exhaustive violation count is unresolved",0.695,NO/UNRESOLVED,1,Primary below strong-min proxy: 121; negative-only winners: 0,Missing discriminator terms: passion,NAME-CONSISTENT; claim entailment unvalidated,Numeric rank-two/rank-three framing; relationship meaning not independently established,Identity/color/tag-aligned editorial translation; not selected-answer evidence-backed,"Player-language derivation, question validity, response reliability, same-family confusion matrix, false-positive/negative pilot evidence",MECHANICALLY-DISTINGUISHABLE-BUT-UNVALIDATED
RG,Gruul Clans,"[""loss"",""taken"",""dispossessed"",""wild"",""wilderness"",""civilization"",""institution"",""clan"",""survival"",""grievance"",""ruin"",""direct""]","[""generic rage"",""generic freedom"",""theatrical chaos"",""ordinary resilience"",""archive history"",""decay renewal""]","[{""identity"":""NAYA"",""count"":150},{""identity"":""GLINT"",""count"":104},{""identity"":""R"",""count"":55},{""identity"":""B"",""count"":51},{""identity"":""WR"",""count"":49}]","[""loss"",""taken"",""dispossessed"",""wild"",""wilderness"",""institution"",""clan"",""grievance"",""ruin"",""direct""]","[""gate_v2_pressure_becomes"",""hall_B_graveyard"",""hall_R_ignition"",""hall_R_freedom"",""hall_G_growth"",""hall_G_natural_order"",""hall_BR_intensity"",""hall_RG_wild"",""hall_BG_reclamation"",""hall_UG_adaptation"",""hall_GRIXIS_survival_opening"",""hall_GRIXIS_volatile_calculation"",""hall_JUND_appetite_consequence"",""hall_ABZAN_family_endurance"",""hall_ABZAN_ancestor_perennation"",""hall_TEMUR_survival_attunement"",""hall_TEMUR_elemental_memory"",""hall_SULTAI_resource_conversion"",""hall_SULTAI_dead_usefulness"",""hall_MARDU_total_commitment"",""hall_JESKAI_disciplined_cunning"",""hall_JESKAI_way_form"",""hall_GLINT_missing_white"",""hall_DUNE_territorial_force"",""hall_DUNE_missing_blue"",""hall_LOREHOLD_history"",""hall_WITHERBLOOM_essence"",""crucible_B_UB"",""crucible_B_BG"",""crucible_R_RG"",""crucible_G_UG"",""crucible_G_BG"",""crucible_G_RG"",""crucible_BG_WITHERBLOOM"",""crucible_LOREHOLD_QUANDRIX"",""crucible_BR_RG"",""crucible_ESPER_GRIXIS"",""crucible_GRIXIS_JUND"",""crucible_JUND_NAYA"",""crucible_TEMUR_SULTAI"",""crucible_TEMUR_MARDU"",""crucible_JESKAI_TEMUR"",""crucible_YORE_GLINT"",""crucible_GLINT_DUNE"",""crucible_DUNE_INK"",""crucible_WITCH_YORE""]","[""dispossessed"",""wilderness"",""institution"",""clan""]","[""gate_v2_locus_of_trust"",""gate_v2_pressure_becomes"",""gate_v2_first_signal"",""gate_v2_cost_of_oath"",""hall_W_shelter"",""hall_W_duty"",""hall_B_cost"",""hall_U_understanding"",""hall_R_ignition"",""hall_G_growth"",""hall_G_natural_order"",""hall_WU_process"",""hall_UB_information"",""hall_BR_intensity"",""hall_RG_wild"",""hall_WG_belonging"",""hall_WB_obligation"",""hall_UR_experiment"",""hall_BG_reclamation"",""hall_BANT_champion"",""hall_ESPER_designed_control"",""hall_GRIXIS_survival_opening"",""hall_GRIXIS_volatile_calculation"",""hall_JUND_instinct_pressure"",""hall_JUND_appetite_consequence"",""hall_NAYA_abundance_instinct"",""hall_ABZAN_family_endurance"",""hall_TEMUR_survival_attunement"",""hall_SULTAI_resource_conversion"",""hall_SULTAI_dead_usefulness"",""hall_MARDU_total_commitment"",""hall_MARDU_war_name_oath"",""hall_JESKAI_disciplined_cunning"",""hall_JESKAI_way_form"",""hall_YORE_artifice_boundary"",""hall_GLINT_living_force"",""hall_GLINT_missing_white"",""hall_DUNE_missing_blue"",""hall_INK_protected_abundance"",""hall_INK_missing_black"",""hall_WITCH_patient_cultivation"",""hall_WITCH_missing_red"",""hall_WR_protection"",""hall_LOREHOLD_history"",""hall_PRISMARI_expression"",""hall_QUANDRIX_pattern"",""hall_SILVERQUILL_words"",""hall_WITHERBLOOM_essence"",""hall_COLORLESS_outside_wubrg"",""hall_COLORLESS_branch_boundary"",""hall_WUBRG_full_spectrum"",""crucible_COLORLESS_WUBRG"",""crucible_U_UR"",""crucible_B_UB"",""crucible_B_BR"",""crucible_B_BG"",""crucible_B_WB"",""crucible_R_WR"",""crucible_R_BR"",""crucible_G_BG"",""crucible_G_RG"",""crucible_WU_WR"",""crucible_WU_WB"",""crucible_UG_QUANDRIX"",""crucible_BG_WITHERBLOOM"",""crucible_WB_SILVERQUILL"",""crucible_PRISMARI_QUANDRIX"",""crucible_PRISMARI_SILVERQUILL"",""crucible_LOREHOLD_QUANDRIX"",""crucible_QUANDRIX_WITHERBLOOM"",""crucible_BR_RG"",""crucible_GRIXIS_JUND"",""crucible_NAYA_BANT"",""crucible_ABZAN_MARDU"",""crucible_ABZAN_SULTAI"",""crucible_TEMUR_SULTAI"",""crucible_TEMUR_MARDU"",""crucible_JESKAI_SULTAI"",""crucible_JESKAI_TEMUR"",""crucible_YORE_GLINT"",""crucible_GLINT_DUNE"",""crucible_DUNE_INK"",""crucible_INK_WITCH"",""crucible_WITCH_YORE""]",24,20,NOT-ENFORCED; 14/802 primary paths below 2 strong authored hits,"FREE-TEXT METADATA ONLY; no executable predicate, so exhaustive violation count is unresolved",0.621,NO/UNRESOLVED,1,Primary below strong-min proxy: 14; negative-only winners: 0,Missing discriminator terms: dispossessed | wilderness | institution | clan,NAME-CONSISTENT; claim entailment unvalidated,Numeric rank-two/rank-three framing; relationship meaning not independently established,Identity/color/tag-aligned editorial translation; not selected-answer evidence-backed,"Player-language derivation, question validity, response reliability, same-family confusion matrix, false-positive/negative pilot evidence",MECHANICALLY-DISTINGUISHABLE-BUT-UNVALIDATED
SILVERQUILL,Silverquill College,"[""rhetoric"",""words"",""influence"",""reputation"",""eloquence"",""public"",""voice"",""persuasion"",""critique"",""status""]","[""debt obligation"",""invisible secrecy"",""law procedure"",""elemental art"",""selfless belonging""]","[{""identity"":""ESPER"",""count"":44},{""identity"":""ABZAN"",""count"":31},{""identity"":""B"",""count"":28},{""identity"":""BR"",""count"":19},{""identity"":""BANT"",""count"":19}]","[""rhetoric"",""words"",""influence"",""reputation"",""eloquence"",""public"",""voice"",""persuasion"",""critique"",""status""]","[""hall_B_graveyard"",""hall_UB_information"",""hall_WG_belonging"",""hall_WB_obligation"",""hall_BANT_champion"",""hall_ESPER_perfectibility"",""hall_ABZAN_family_endurance"",""hall_JESKAI_way_form"",""hall_INK_protected_abundance"",""hall_INK_missing_black"",""hall_WITCH_patient_cultivation"",""hall_SILVERQUILL_words"",""crucible_B_WB"",""crucible_UB_WB"",""crucible_WB_SILVERQUILL"",""crucible_PRISMARI_SILVERQUILL"",""crucible_NAYA_BANT""]","[""rhetoric"",""eloquence"",""persuasion"",""critique""]","[""gate_v2_locus_of_trust"",""gate_v2_pressure_becomes"",""gate_v2_first_signal"",""gate_v2_cost_of_oath"",""hall_R_ignition"",""hall_R_freedom"",""hall_BR_intensity"",""hall_UR_experiment"",""hall_JUND_appetite_consequence"",""hall_SULTAI_resource_conversion"",""hall_MARDU_war_name_oath"",""hall_YORE_engineered_agency"",""hall_YORE_artifice_boundary"",""hall_PRISMARI_expression"",""hall_SILVERQUILL_words"",""hall_COLORLESS_outside_wubrg"",""hall_COLORLESS_branch_boundary"",""crucible_R_BR"",""crucible_R_RG"",""crucible_UR_PRISMARI"",""crucible_PRISMARI_QUANDRIX"",""crucible_PRISMARI_SILVERQUILL""]",21,12,NOT-ENFORCED; 9/252 primary paths below 2 strong authored hits,"FREE-TEXT METADATA ONLY; no executable predicate, so exhaustive violation count is unresolved",0.726,NO/UNRESOLVED,0.853,Primary below strong-min proxy: 9; negative-only winners: 0,Missing discriminator terms: rhetoric | eloquence | persuasion | critique,NAME-CONSISTENT; claim entailment unvalidated,Numeric rank-two/rank-three framing; relationship meaning not independently established,Identity/color/tag-aligned editorial translation; not selected-answer evidence-backed,"Player-language derivation, question validity, response reliability, same-family confusion matrix, false-positive/negative pilot evidence",MECHANICALLY-DISTINGUISHABLE-BUT-UNVALIDATED
SULTAI,Sultai Brood,"[""Sultai Brood"",""Tarkir"",""BGU"",""Black-centered"",""ruthlessness"",""resource conversion"",""necromancy"",""sibsig"",""rakshasa pacts"",""Queen Sidisi"",""Silumgar boundary"",""Modern Dragonstorm Sultai""]","[""generic BGU"",""generic graveyard value"",""generic theft or exile-casting"",""generic mill"",""generic morph"",""generic mutate"",""Silumgar clan continuity"",""Commander product identity"",""Dragonstorm backfill into Khans-era Sultai"",""seed-file claims"",""manual-fill lore as proof"",""color philosophy as Tarkir proof""]","[{""identity"":""B"",""count"":39},{""identity"":""GLINT"",""count"":31},{""identity"":""BG"",""count"":28},{""identity"":""U"",""count"":23},{""identity"":""WITCH"",""count"":20}]","[""Sultai Brood"",""BGU"",""Black-centered"",""ruthlessness"",""necromancy"",""sibsig"",""rakshasa pacts"",""Queen Sidisi"",""Silumgar boundary"",""Modern Dragonstorm Sultai""]","[""gate_v2_locus_of_trust"",""gate_v2_pressure_becomes"",""gate_v2_first_signal"",""gate_v2_cost_of_oath"",""hall_W_shelter"",""hall_B_cost"",""hall_B_graveyard"",""hall_SULTAI_resource_conversion"",""hall_MARDU_total_commitment"",""hall_MARDU_war_name_oath"",""hall_JESKAI_disciplined_cunning"",""hall_YORE_engineered_agency"",""hall_GLINT_living_force"",""hall_GLINT_missing_white"",""hall_DUNE_territorial_force"",""hall_DUNE_missing_blue"",""hall_INK_protected_abundance"",""hall_INK_missing_black"",""hall_WITCH_patient_cultivation"",""hall_WITCH_missing_red"",""hall_COLORLESS_outside_wubrg"",""hall_COLORLESS_branch_boundary"",""hall_WUBRG_full_spectrum"",""crucible_B_BG"",""crucible_ABZAN_SULTAI"",""crucible_TEMUR_SULTAI"",""crucible_JESKAI_SULTAI""]","[""Tarkir"",""BGU"",""ruthlessness"",""necromancy"",""sibsig"",""rakshasa pacts"",""Queen Sidisi""]","[""gate_v2_locus_of_trust"",""gate_v2_pressure_becomes"",""gate_v2_first_signal"",""gate_v2_cost_of_oath"",""hall_W_shelter"",""hall_W_duty"",""hall_B_cost"",""hall_U_understanding"",""hall_R_ignition"",""hall_G_growth"",""hall_G_natural_order"",""hall_WU_process"",""hall_UB_information"",""hall_BR_intensity"",""hall_RG_wild"",""hall_WG_belonging"",""hall_WB_obligation"",""hall_UR_experiment"",""hall_BG_reclamation"",""hall_BANT_champion"",""hall_ESPER_designed_control"",""hall_GRIXIS_survival_opening"",""hall_GRIXIS_volatile_calculation"",""hall_JUND_instinct_pressure"",""hall_JUND_appetite_consequence"",""hall_NAYA_abundance_instinct"",""hall_ABZAN_family_endurance"",""hall_TEMUR_survival_attunement"",""hall_SULTAI_resource_conversion"",""hall_SULTAI_dead_usefulness"",""hall_MARDU_total_commitment"",""hall_MARDU_war_name_oath"",""hall_JESKAI_disciplined_cunning"",""hall_JESKAI_way_form"",""hall_YORE_artifice_boundary"",""hall_GLINT_living_force"",""hall_GLINT_missing_white"",""hall_DUNE_missing_blue"",""hall_INK_protected_abundance"",""hall_INK_missing_black"",""hall_WITCH_patient_cultivation"",""hall_WITCH_missing_red"",""hall_WR_protection"",""hall_LOREHOLD_history"",""hall_PRISMARI_expression"",""hall_QUANDRIX_pattern"",""hall_SILVERQUILL_words"",""hall_WITHERBLOOM_essence"",""hall_COLORLESS_outside_wubrg"",""hall_COLORLESS_branch_boundary"",""hall_WUBRG_full_spectrum"",""crucible_COLORLESS_WUBRG"",""crucible_U_UR"",""crucible_B_UB"",""crucible_B_BR"",""crucible_B_BG"",""crucible_B_WB"",""crucible_R_WR"",""crucible_R_BR"",""crucible_G_BG"",""crucible_G_RG"",""crucible_WU_WR"",""crucible_WU_WB"",""crucible_UG_QUANDRIX"",""crucible_BG_WITHERBLOOM"",""crucible_WB_SILVERQUILL"",""crucible_PRISMARI_QUANDRIX"",""crucible_PRISMARI_SILVERQUILL"",""crucible_LOREHOLD_QUANDRIX"",""crucible_QUANDRIX_WITHERBLOOM"",""crucible_BR_RG"",""crucible_GRIXIS_JUND"",""crucible_NAYA_BANT"",""crucible_ABZAN_MARDU"",""crucible_ABZAN_SULTAI"",""crucible_TEMUR_SULTAI"",""crucible_TEMUR_MARDU"",""crucible_JESKAI_SULTAI"",""crucible_JESKAI_TEMUR"",""crucible_YORE_GLINT"",""crucible_GLINT_DUNE"",""crucible_DUNE_INK"",""crucible_INK_WITCH"",""crucible_WITCH_YORE""]",23,21,NOT-ENFORCED; 39/275 primary paths below 2 strong authored hits,"FREE-TEXT METADATA ONLY; no executable predicate, so exhaustive violation count is unresolved",0.775,NO/UNRESOLVED,0.647,Primary below strong-min proxy: 39; negative-only winners: 0,Missing discriminator terms: Tarkir | BGU | ruthlessness | necromancy | sibsig | rakshasa pacts | Queen Sidisi,NAME-CONSISTENT; claim entailment unvalidated,Numeric rank-two/rank-three framing; relationship meaning not independently established,Identity/color/tag-aligned editorial translation; not selected-answer evidence-backed,"Player-language derivation, question validity, response reliability, same-family confusion matrix, false-positive/negative pilot evidence",HIGH-CONFUSION-RISK
TEMUR,Temur Frontier,"[""Temur Frontier"",""Tarkir"",""GUR"",""Green-centered"",""savagery"",""instinct"",""mental fortitude"",""Qal Sisma"",""whisperers"",""Wide Whisper"",""frozen ancestors"",""elemental memory"",""Endless Song""]","[""generic GUR"",""generic dragons"",""generic ramp"",""generic copying"",""generic energy or artifacts"",""Atarka Clan continuity"",""Commander product identity"",""Dragonstorm backfill into Khans-era Temur"",""seed-file claims"",""manual-fill lore as proof""]","[{""identity"":""G"",""count"":24},{""identity"":""INK"",""count"":24},{""identity"":""GLINT"",""count"":23},{""identity"":""PRISMARI"",""count"":19},{""identity"":""LOREHOLD"",""count"":19}]","[""Temur Frontier"",""GUR"",""savagery"",""mental fortitude"",""Qal Sisma"",""whisperers"",""Wide Whisper"",""frozen ancestors"",""elemental memory"",""Endless Song""]","[""gate_v2_pressure_becomes"",""hall_R_ignition"",""hall_G_natural_order"",""hall_UR_experiment"",""hall_JUND_instinct_pressure"",""hall_NAYA_living_whole"",""hall_ABZAN_ancestor_perennation"",""hall_TEMUR_survival_attunement"",""hall_TEMUR_elemental_memory"",""hall_SULTAI_resource_conversion"",""hall_SULTAI_dead_usefulness"",""hall_MARDU_total_commitment"",""hall_JESKAI_disciplined_cunning"",""hall_JESKAI_way_form"",""hall_YORE_artifice_boundary"",""hall_GLINT_living_force"",""hall_GLINT_missing_white"",""hall_DUNE_territorial_force"",""hall_DUNE_missing_blue"",""hall_PRISMARI_expression"",""hall_SILVERQUILL_words"",""hall_WUBRG_full_spectrum"",""crucible_R_RG"",""crucible_G_RG"",""crucible_PRISMARI_SILVERQUILL"",""crucible_GRIXIS_JUND"",""crucible_JUND_NAYA"",""crucible_NAYA_BANT"",""crucible_ABZAN_MARDU"",""crucible_ABZAN_SULTAI"",""crucible_TEMUR_SULTAI"",""crucible_TEMUR_MARDU"",""crucible_JESKAI_TEMUR""]","[""Tarkir"",""GUR"",""savagery"",""Qal Sisma"",""whisperers"",""Wide Whisper"",""Endless Song""]","[""gate_v2_locus_of_trust"",""gate_v2_pressure_becomes"",""gate_v2_first_signal"",""gate_v2_cost_of_oath"",""hall_U_possibility"",""hall_R_ignition"",""hall_G_growth"",""hall_G_natural_order"",""hall_UR_experiment"",""hall_UG_adaptation"",""hall_BANT_champion"",""hall_JUND_instinct_pressure"",""hall_TEMUR_survival_attunement"",""hall_GLINT_living_force"",""hall_DUNE_territorial_force"",""hall_QUANDRIX_pattern"",""crucible_R_RG"",""crucible_G_UG"",""crucible_G_RG"",""crucible_GRIXIS_JUND"",""crucible_JUND_NAYA"",""crucible_GLINT_DUNE""]",24,21,NOT-ENFORCED; 30/213 primary paths below 2 strong authored hits,"FREE-TEXT METADATA ONLY; no executable predicate, so exhaustive violation count is unresolved",0.707,NO/UNRESOLVED,0.671,Primary below strong-min proxy: 30; negative-only winners: 0,Missing discriminator terms: Tarkir | GUR | savagery | Qal Sisma | whisperers | Wide Whisper | Endless Song,NAME-CONSISTENT; claim entailment unvalidated,Numeric rank-two/rank-three framing; relationship meaning not independently established,Identity/color/tag-aligned editorial translation; not selected-answer evidence-backed,"Player-language derivation, question validity, response reliability, same-family confusion matrix, false-positive/negative pilot evidence",HIGH-CONFUSION-RISK
U,Blue,"[""knowledge"",""learning"",""tools"",""improvement"",""optimization"",""control"",""deliberation""]","[""acting from immediate emotion"",""natural destiny over choice"",""group order above individual path"",""risk-taking without study""]","[{""identity"":""W"",""count"":195},{""identity"":""GLINT"",""count"":141},{""identity"":""JESKAI"",""count"":110},{""identity"":""B"",""count"":109},{""identity"":""QUANDRIX"",""count"":95}]","[""learning"",""tools"",""control"",""deliberation""]","[""hall_B_cost"",""hall_U_possibility"",""hall_ESPER_perfectibility"",""hall_ESPER_designed_control"",""hall_GRIXIS_volatile_calculation"",""hall_NAYA_living_whole"",""hall_TEMUR_survival_attunement"",""hall_JESKAI_disciplined_cunning"",""hall_YORE_engineered_agency"",""hall_YORE_artifice_boundary"",""hall_GLINT_living_force"",""hall_GLINT_missing_white"",""hall_DUNE_missing_blue"",""hall_INK_protected_abundance"",""hall_INK_missing_black"",""hall_WITCH_patient_cultivation"",""hall_WITCH_missing_red"",""hall_WITHERBLOOM_essence"",""crucible_U_UB"",""crucible_U_UG"",""crucible_B_BR"",""crucible_BANT_ESPER"",""crucible_ESPER_GRIXIS"",""crucible_TEMUR_SULTAI"",""crucible_JESKAI_MARDU"",""crucible_JESKAI_SULTAI"",""crucible_DUNE_INK"",""crucible_INK_WITCH""]","[""deliberation""]","[""gate_v2_locus_of_trust"",""gate_v2_pressure_becomes"",""gate_v2_first_signal"",""gate_v2_cost_of_oath"",""hall_U_possibility"",""hall_RG_wild"",""hall_ESPER_perfectibility"",""crucible_U_UB"",""crucible_ESPER_GRIXIS""]",19,24,NOT-ENFORCED; 118/1620 primary paths below 2 strong authored hits,"FREE-TEXT METADATA ONLY; no executable predicate, so exhaustive violation count is unresolved",0.704,NO/UNRESOLVED,1,Primary below strong-min proxy: 118; negative-only winners: 0,Missing discriminator terms: deliberation,NAME-CONSISTENT; claim entailment unvalidated,Numeric rank-two/rank-three framing; relationship meaning not independently established,Identity/color/tag-aligned editorial translation; not selected-answer evidence-backed,"Player-language derivation, question validity, response reliability, same-family confusion matrix, false-positive/negative pilot evidence",MECHANICALLY-DISTINGUISHABLE-BUT-UNVALIDATED
UB,House Dimir,"[""secrecy"",""information"",""hidden"",""surveillance"",""discretion"",""unseen"",""memory"",""privacy"",""knowledge"",""infiltration""]","[""public rhetoric"",""institutional prestige"",""visible justice"",""open community"",""biological improvement""]","[{""identity"":""B"",""count"":194},{""identity"":""YORE"",""count"":191},{""identity"":""U"",""count"":143},{""identity"":""GLINT"",""count"":134},{""identity"":""QUANDRIX"",""count"":111}]","[""secrecy"",""information"",""hidden"",""surveillance"",""discretion"",""unseen"",""privacy"",""infiltration""]","[""gate_v2_pressure_becomes"",""hall_U_understanding"",""hall_U_possibility"",""hall_R_ignition"",""hall_R_freedom"",""hall_UB_information"",""hall_WB_obligation"",""hall_ESPER_perfectibility"",""hall_ESPER_designed_control"",""hall_GRIXIS_volatile_calculation"",""hall_ABZAN_ancestor_perennation"",""hall_TEMUR_survival_attunement"",""hall_TEMUR_elemental_memory"",""hall_SULTAI_resource_conversion"",""hall_SULTAI_dead_usefulness"",""hall_MARDU_total_commitment"",""hall_JESKAI_disciplined_cunning"",""hall_YORE_engineered_agency"",""hall_GLINT_missing_white"",""hall_INK_protected_abundance"",""hall_INK_missing_black"",""hall_WITCH_patient_cultivation"",""crucible_U_UB"",""crucible_U_UG"",""crucible_B_UB"",""crucible_UB_WB"",""crucible_LOREHOLD_QUANDRIX"",""crucible_QUANDRIX_WITHERBLOOM"",""crucible_BANT_ESPER"",""crucible_ESPER_GRIXIS"",""crucible_GRIXIS_JUND"",""crucible_TEMUR_SULTAI"",""crucible_JESKAI_MARDU"",""crucible_JESKAI_SULTAI"",""crucible_JESKAI_TEMUR"",""crucible_DUNE_INK"",""crucible_INK_WITCH""]","[""surveillance"",""discretion"",""privacy"",""infiltration""]","[""gate_v2_locus_of_trust"",""gate_v2_pressure_becomes"",""gate_v2_first_signal"",""gate_v2_cost_of_oath"",""hall_U_possibility"",""hall_RG_wild"",""hall_ESPER_perfectibility"",""crucible_U_UB"",""crucible_ESPER_GRIXIS""]",28,18,NOT-ENFORCED; 22/1520 primary paths below 2 strong authored hits,"FREE-TEXT METADATA ONLY; no executable predicate, so exhaustive violation count is unresolved",0.633,NO/UNRESOLVED,1,Primary below strong-min proxy: 22; negative-only winners: 0,Missing discriminator terms: surveillance | discretion | privacy | infiltration,NAME-CONSISTENT; claim entailment unvalidated,Numeric rank-two/rank-three framing; relationship meaning not independently established,Identity/color/tag-aligned editorial translation; not selected-answer evidence-backed,"Player-language derivation, question validity, response reliability, same-family confusion matrix, false-positive/negative pilot evidence",MECHANICALLY-DISTINGUISHABLE-BUT-UNVALIDATED
UG,Simic Combine,"[""adaptation"",""improvement"",""biology"",""evolve"",""specimen"",""mutation"",""progress"",""organism"",""experiment"",""biomancy""]","[""abstract proof"",""life death craft"",""law procedure"",""wild dispossession"",""archive history""]","[{""identity"":""G"",""count"":84},{""identity"":""GLINT"",""count"":71},{""identity"":""WITCH"",""count"":65},{""identity"":""U"",""count"":55},{""identity"":""W"",""count"":49}]","[""biology"",""evolve"",""specimen"",""mutation"",""organism"",""biomancy""]","[""gate_v2_pressure_becomes"",""hall_U_understanding"",""hall_U_possibility"",""hall_R_ignition"",""hall_G_growth"",""hall_G_natural_order"",""hall_RG_wild"",""hall_UR_experiment"",""hall_UG_adaptation"",""hall_BANT_champion"",""hall_BANT_living_order"",""hall_ESPER_perfectibility"",""hall_GRIXIS_volatile_calculation"",""hall_GLINT_living_force"",""hall_GLINT_missing_white"",""hall_DUNE_territorial_force"",""hall_WITCH_patient_cultivation"",""hall_QUANDRIX_pattern"",""hall_WITHERBLOOM_essence"",""crucible_U_UR"",""crucible_U_UG"",""crucible_R_UR"",""crucible_G_UG"",""crucible_UG_QUANDRIX"",""crucible_ESPER_GRIXIS"",""crucible_YORE_GLINT"",""crucible_GLINT_DUNE"",""crucible_WITCH_YORE""]","[""evolve"",""specimen"",""mutation"",""biomancy""]","[""gate_v2_locus_of_trust"",""gate_v2_pressure_becomes"",""gate_v2_first_signal"",""gate_v2_cost_of_oath"",""hall_U_understanding"",""hall_U_possibility"",""hall_R_ignition"",""hall_R_freedom"",""hall_UR_experiment"",""hall_UG_adaptation"",""hall_GRIXIS_volatile_calculation"",""hall_GLINT_missing_white"",""hall_QUANDRIX_pattern"",""crucible_U_UR"",""crucible_R_UR"",""crucible_UR_PRISMARI""]",26,15,NOT-ENFORCED; 5/629 primary paths below 2 strong authored hits,"FREE-TEXT METADATA ONLY; no executable predicate, so exhaustive violation count is unresolved",0.631,NO/UNRESOLVED,1,Primary below strong-min proxy: 5; negative-only winners: 0,Missing discriminator terms: evolve | specimen | mutation | biomancy,NAME-CONSISTENT; claim entailment unvalidated,Numeric rank-two/rank-three framing; relationship meaning not independently established,Identity/color/tag-aligned editorial translation; not selected-answer evidence-backed,"Player-language derivation, question validity, response reliability, same-family confusion matrix, false-positive/negative pilot evidence",MECHANICALLY-DISTINGUISHABLE-BUT-UNVALIDATED
UR,Izzet League,"[""experiment"",""invention"",""prototype"",""mechanism"",""lightning"",""science"",""build"",""discovery"",""question"",""engineering"",""chaotic""]","[""pure mathematical proof"",""performance as emotional art"",""history archive"",""biological adaptation"",""procedure""]","[{""identity"":""GLINT"",""count"":189},{""identity"":""JESKAI"",""count"":162},{""identity"":""R"",""count"":96},{""identity"":""LOREHOLD"",""count"":76},{""identity"":""RG"",""count"":74}]","[""invention"",""prototype"",""mechanism"",""lightning"",""science"",""build"",""discovery"",""question"",""engineering"",""chaotic""]","[""hall_W_shelter"",""hall_U_understanding"",""hall_U_possibility"",""hall_R_ignition"",""hall_R_freedom"",""hall_UR_experiment"",""hall_BG_reclamation"",""hall_UG_adaptation"",""hall_GRIXIS_volatile_calculation"",""hall_YORE_engineered_agency"",""hall_PRISMARI_expression"",""hall_QUANDRIX_pattern"",""hall_COLORLESS_outside_wubrg"",""crucible_W_WR"",""crucible_U_UR"",""crucible_R_UR"",""crucible_UR_PRISMARI""]","[""invention"",""science"",""discovery"",""engineering""]","[""gate_v2_locus_of_trust"",""gate_v2_pressure_becomes"",""gate_v2_first_signal"",""gate_v2_cost_of_oath"",""hall_U_understanding"",""hall_U_possibility"",""hall_R_ignition"",""hall_R_freedom"",""hall_UR_experiment"",""hall_UG_adaptation"",""hall_GRIXIS_volatile_calculation"",""hall_GLINT_missing_white"",""hall_QUANDRIX_pattern"",""crucible_U_UR"",""crucible_R_UR"",""crucible_UR_PRISMARI""]",28,16,NOT-ENFORCED; 285/1061 primary paths below 3 strong authored hits,"FREE-TEXT METADATA ONLY; no executable predicate, so exhaustive violation count is unresolved",0.628,NO/UNRESOLVED,1,Primary below strong-min proxy: 285; negative-only winners: 0,Missing discriminator terms: invention | science | discovery | engineering,NAME-CONSISTENT; claim entailment unvalidated,Numeric rank-two/rank-three framing; relationship meaning not independently established,Identity/color/tag-aligned editorial translation; not selected-answer evidence-backed,"Player-language derivation, question validity, response reliability, same-family confusion matrix, false-positive/negative pilot evidence",INSUFFICIENT-DISTINCTIVENESS-EVIDENCE
W,White,"[""group needs"",""shared rules"",""duty"",""peace"",""protection"",""law"",""community""]","[""self-interest above duty"",""impulse above restraint"",""knowledge optimization without group floor"",""natural destiny over taught moral order""]","[{""identity"":""WUBRG"",""count"":184},{""identity"":""JESKAI"",""count"":159},{""identity"":""G"",""count"":144},{""identity"":""U"",""count"":124},{""identity"":""R"",""count"":106}]","[""group needs"",""shared rules""]","[""gate_v2_first_signal"",""gate_v2_cost_of_oath"",""hall_W_shelter"",""hall_W_duty"",""hall_B_graveyard"",""hall_R_ignition"",""hall_G_natural_order"",""hall_WU_process"",""hall_BR_intensity"",""hall_RG_wild"",""hall_WG_belonging"",""hall_UR_experiment"",""hall_BANT_champion"",""hall_BANT_living_order"",""hall_ESPER_perfectibility"",""hall_ESPER_designed_control"",""hall_GRIXIS_survival_opening"",""hall_GRIXIS_volatile_calculation"",""hall_JUND_instinct_pressure"",""hall_JUND_appetite_consequence"",""hall_NAYA_living_whole"",""hall_NAYA_abundance_instinct"",""hall_ABZAN_family_endurance"",""hall_ABZAN_ancestor_perennation"",""hall_TEMUR_elemental_memory"",""hall_SULTAI_resource_conversion"",""hall_SULTAI_dead_usefulness"",""hall_MARDU_total_commitment"",""hall_MARDU_war_name_oath"",""hall_JESKAI_way_form"",""hall_YORE_artifice_boundary"",""hall_GLINT_missing_white"",""hall_INK_protected_abundance"",""hall_INK_missing_black"",""hall_WITCH_patient_cultivation"",""hall_WR_protection"",""hall_LOREHOLD_history"",""hall_SILVERQUILL_words"",""crucible_W_WU"",""crucible_W_WR"",""crucible_W_WG"",""crucible_G_WG"",""crucible_WU_WG"",""crucible_WU_WR"",""crucible_WU_WB"",""crucible_WR_LOREHOLD"",""crucible_BANT_ESPER"",""crucible_NAYA_BANT"",""crucible_ABZAN_SULTAI"",""crucible_JESKAI_SULTAI"",""crucible_DUNE_INK"",""crucible_INK_WITCH""]",[],"[""gate_v2_locus_of_trust"",""gate_v2_pressure_becomes"",""gate_v2_first_signal"",""gate_v2_cost_of_oath"",""hall_W_shelter"",""hall_W_duty"",""hall_U_understanding"",""hall_WU_process"",""hall_WG_belonging"",""hall_UG_adaptation"",""hall_BANT_champion"",""hall_BANT_living_order"",""hall_ESPER_perfectibility"",""hall_GRIXIS_volatile_calculation"",""hall_NAYA_abundance_instinct"",""hall_MARDU_war_name_oath"",""hall_JESKAI_way_form"",""hall_INK_protected_abundance"",""hall_WITCH_patient_cultivation"",""hall_LOREHOLD_history"",""crucible_W_WU"",""crucible_U_WU"",""crucible_WU_WG"",""crucible_WU_WB""]",16,21,NOT-ENFORCED; 302/1635 primary paths below 2 strong authored hits,"FREE-TEXT METADATA ONLY; no executable predicate, so exhaustive violation count is unresolved",0.704,NO/UNRESOLVED,1,Primary below strong-min proxy: 302; negative-only winners: 0,Missing discriminator terms: none by lexical probe,NAME-CONSISTENT; claim entailment unvalidated,Numeric rank-two/rank-three framing; relationship meaning not independently established,Identity/color/tag-aligned editorial translation; not selected-answer evidence-backed,"Player-language derivation, question validity, response reliability, same-family confusion matrix, false-positive/negative pilot evidence",MECHANICALLY-DISTINGUISHABLE-BUT-UNVALIDATED
WB,Orzhov Syndicate,"[""debt"",""obligation"",""contract"",""prestige"",""tithe"",""leverage"",""legacy"",""hierarchy"",""payment"",""guilt""]","[""impartial law"",""invisible secrecy"",""public rhetoric"",""selfless belonging"",""free charity""]","[{""identity"":""YORE"",""count"":110},{""identity"":""WITCH"",""count"":68},{""identity"":""W"",""count"":65},{""identity"":""B"",""count"":58},{""identity"":""BR"",""count"":42}]","[""debt"",""obligation"",""contract"",""prestige"",""tithe"",""legacy"",""hierarchy"",""payment"",""guilt""]","[""gate_v2_first_signal"",""hall_B_cost"",""hall_B_graveyard"",""hall_U_understanding"",""hall_U_possibility"",""hall_WU_process"",""hall_UB_information"",""hall_WB_obligation"",""hall_BG_reclamation"",""hall_ESPER_perfectibility"",""hall_ESPER_designed_control"",""hall_GRIXIS_survival_opening"",""hall_GRIXIS_volatile_calculation"",""hall_JUND_instinct_pressure"",""hall_JUND_appetite_consequence"",""hall_NAYA_living_whole"",""hall_NAYA_abundance_instinct"",""hall_ABZAN_ancestor_perennation"",""hall_TEMUR_elemental_memory"",""hall_SULTAI_dead_usefulness"",""hall_MARDU_total_commitment"",""hall_JESKAI_disciplined_cunning"",""hall_YORE_engineered_agency"",""hall_GLINT_missing_white"",""hall_INK_protected_abundance"",""hall_WITCH_patient_cultivation"",""hall_SILVERQUILL_words"",""crucible_U_UB"",""crucible_B_UB"",""crucible_B_BG"",""crucible_B_WB"",""crucible_WU_WB"",""crucible_UB_WB"",""crucible_WB_SILVERQUILL"",""crucible_ESPER_GRIXIS"",""crucible_GRIXIS_JUND""]","[""prestige"",""tithe"",""legacy"",""payment"",""guilt""]","[""gate_v2_locus_of_trust"",""gate_v2_pressure_becomes"",""gate_v2_first_signal"",""gate_v2_cost_of_oath"",""hall_B_cost"",""hall_U_understanding"",""hall_WU_process"",""hall_WB_obligation"",""hall_ESPER_perfectibility"",""hall_TEMUR_elemental_memory"",""hall_SULTAI_dead_usefulness"",""hall_YORE_engineered_agency"",""crucible_B_UB"",""crucible_B_BR"",""crucible_B_BG"",""crucible_UB_WB"",""crucible_WB_SILVERQUILL"",""crucible_YORE_GLINT""]",28,18,NOT-ENFORCED; 13/571 primary paths below 2 strong authored hits,"FREE-TEXT METADATA ONLY; no executable predicate, so exhaustive violation count is unresolved",0.66,NO/UNRESOLVED,1,Primary below strong-min proxy: 13; negative-only winners: 0,Missing discriminator terms: prestige | tithe | legacy | payment | guilt,NAME-CONSISTENT; claim entailment unvalidated,Numeric rank-two/rank-three framing; relationship meaning not independently established,Identity/color/tag-aligned editorial translation; not selected-answer evidence-backed,"Player-language derivation, question validity, response reliability, same-family confusion matrix, false-positive/negative pilot evidence",MECHANICALLY-DISTINGUISHABLE-BUT-UNVALIDATED
WG,Selesnya Conclave,"[""belonging"",""harmony"",""community"",""consensus"",""peace"",""collective"",""nurture"",""group"",""selflessness"",""worldmind""]","[""law procedure"",""life death craft"",""private ambition"",""direct protection over harmony"",""debt obligation""]","[{""identity"":""NAYA"",""count"":99},{""identity"":""WITCH"",""count"":75},{""identity"":""W"",""count"":74},{""identity"":""INK"",""count"":54},{""identity"":""WUBRG"",""count"":52}]","[""belonging"",""harmony"",""consensus"",""collective"",""nurture"",""group"",""selflessness"",""worldmind""]","[""hall_W_shelter"",""hall_B_cost"",""hall_R_ignition"",""hall_R_freedom"",""hall_G_natural_order"",""hall_WU_process"",""hall_BR_intensity"",""hall_RG_wild"",""hall_WG_belonging"",""hall_BG_reclamation"",""hall_BANT_champion"",""hall_BANT_living_order"",""hall_ESPER_perfectibility"",""hall_ESPER_designed_control"",""hall_GRIXIS_survival_opening"",""hall_GRIXIS_volatile_calculation"",""hall_JUND_instinct_pressure"",""hall_NAYA_living_whole"",""hall_NAYA_abundance_instinct"",""hall_TEMUR_survival_attunement"",""hall_MARDU_war_name_oath"",""hall_YORE_engineered_agency"",""hall_DUNE_territorial_force"",""hall_INK_missing_black"",""hall_WITCH_patient_cultivation"",""hall_WR_protection"",""hall_WITHERBLOOM_essence"",""crucible_W_WG"",""crucible_R_RG"",""crucible_G_WG"",""crucible_WU_WG"",""crucible_BANT_ESPER"",""crucible_NAYA_BANT"",""crucible_INK_WITCH""]","[""consensus"",""selflessness"",""worldmind""]","[""gate_v2_locus_of_trust"",""gate_v2_pressure_becomes"",""gate_v2_first_signal"",""gate_v2_cost_of_oath"",""hall_W_shelter"",""hall_W_duty"",""hall_R_freedom"",""hall_G_natural_order"",""hall_WG_belonging"",""hall_BANT_champion"",""hall_BANT_living_order"",""hall_ESPER_designed_control"",""hall_GRIXIS_survival_opening"",""hall_JUND_instinct_pressure"",""hall_NAYA_living_whole"",""hall_NAYA_abundance_instinct"",""hall_JESKAI_way_form"",""hall_DUNE_territorial_force"",""hall_WR_protection"",""crucible_W_WG"",""crucible_G_WG""]",35,29,NOT-ENFORCED; 10/686 primary paths below 2 strong authored hits,"FREE-TEXT METADATA ONLY; no executable predicate, so exhaustive violation count is unresolved",0.578,NO/UNRESOLVED,1,Primary below strong-min proxy: 10; negative-only winners: 0,Missing discriminator terms: consensus | selflessness | worldmind,NAME-CONSISTENT; claim entailment unvalidated,Numeric rank-two/rank-three framing; relationship meaning not independently established,Identity/color/tag-aligned editorial translation; not selected-answer evidence-backed,"Player-language derivation, question validity, response reliability, same-family confusion matrix, false-positive/negative pilot evidence",MECHANICALLY-DISTINGUISHABLE-BUT-UNVALIDATED
WITCH,Witch / Growth,"[""cultivate"",""accumulate"",""patient"",""inevitable"",""compound"",""protect"",""structure"",""long-term"",""scale"",""deliberate"",""systematic""]","[""User centers speed, urgency, or acting before the window closes."",""User centers spectacle, emotional release, or the thrill of one decisive moment."",""User centers chaotic variance, high-risk gambling, or outcomes that depend on luck."",""User centers individual heroism, present-tense sacrifice, or immediate protection as the main answer."",""User centers mechanics, commanders, or color grouping without the missing-Red protected-growth worldview.""]","[{""identity"":""W"",""count"":94},{""identity"":""QUANDRIX"",""count"":51},{""identity"":""BANT"",""count"":39},{""identity"":""B"",""count"":33},{""identity"":""NAYA"",""count"":31}]","[""cultivate"",""accumulate"",""patient"",""inevitable"",""compound"",""long-term"",""scale"",""deliberate"",""systematic""]","[""gate_v2_pressure_becomes"",""hall_W_shelter"",""hall_W_duty"",""hall_B_graveyard"",""hall_U_understanding"",""hall_R_ignition"",""hall_WU_process"",""hall_UB_information"",""hall_WG_belonging"",""hall_WB_obligation"",""hall_UG_adaptation"",""hall_BANT_living_order"",""hall_ESPER_perfectibility"",""hall_ESPER_designed_control"",""hall_JUND_instinct_pressure"",""hall_NAYA_living_whole"",""hall_NAYA_abundance_instinct"",""hall_ABZAN_ancestor_perennation"",""hall_SULTAI_resource_conversion"",""hall_MARDU_war_name_oath"",""hall_JESKAI_way_form"",""hall_YORE_engineered_agency"",""hall_DUNE_territorial_force"",""hall_WITCH_patient_cultivation"",""hall_LOREHOLD_history"",""hall_QUANDRIX_pattern"",""hall_SILVERQUILL_words"",""hall_WUBRG_full_spectrum"",""crucible_W_WU"",""crucible_W_WR"",""crucible_W_WG"",""crucible_R_WR"",""crucible_G_RG"",""crucible_WR_LOREHOLD"",""crucible_PRISMARI_SILVERQUILL"",""crucible_BANT_ESPER"",""crucible_DUNE_INK"",""crucible_INK_WITCH"",""crucible_WITCH_YORE""]","[""accumulate"",""compound"",""systematic""]","[""gate_v2_locus_of_trust"",""gate_v2_pressure_becomes"",""gate_v2_first_signal"",""gate_v2_cost_of_oath"",""hall_W_shelter"",""hall_W_duty"",""hall_U_understanding"",""hall_WU_process"",""hall_WG_belonging"",""hall_UG_adaptation"",""hall_BANT_champion"",""hall_BANT_living_order"",""hall_ESPER_perfectibility"",""hall_GRIXIS_volatile_calculation"",""hall_NAYA_abundance_instinct"",""hall_MARDU_war_name_oath"",""hall_JESKAI_way_form"",""hall_INK_protected_abundance"",""hall_WITCH_patient_cultivation"",""hall_LOREHOLD_history"",""crucible_W_WU"",""crucible_U_WU"",""crucible_WU_WG"",""crucible_WU_WB""]",16,16,NOT-ENFORCED; 88/454 primary paths below 2 strong authored hits,"FREE-TEXT METADATA ONLY; no executable predicate, so exhaustive violation count is unresolved",0.823,NO/UNRESOLVED,0.894,Primary below strong-min proxy: 88; negative-only winners: 0,Missing discriminator terms: accumulate | compound | systematic,NAME-CONSISTENT; claim entailment unvalidated,Numeric rank-two/rank-three framing; relationship meaning not independently established,Identity/color/tag-aligned editorial translation; not selected-answer evidence-backed,"Player-language derivation, question validity, response reliability, same-family confusion matrix, false-positive/negative pilot evidence",MECHANICALLY-DISTINGUISHABLE-BUT-UNVALIDATED
WITHERBLOOM,Witherbloom College,"[""essence"",""life"",""death"",""pest"",""craft"",""brew"",""swamp"",""study"",""body"",""drain"",""growth""]","[""community harmony"",""biological optimization"",""graveyard civilization"",""wild dispossession"",""abstract proof""]","[{""identity"":""GLINT"",""count"":108},{""identity"":""G"",""count"":60},{""identity"":""B"",""count"":53},{""identity"":""BR"",""count"":38},{""identity"":""UB"",""count"":31}]","[""essence"",""pest"",""craft"",""brew"",""swamp"",""study"",""body"",""drain""]","[""gate_v2_first_signal"",""hall_B_cost"",""hall_B_graveyard"",""hall_R_ignition"",""hall_G_growth"",""hall_G_natural_order"",""hall_BR_intensity"",""hall_RG_wild"",""hall_WG_belonging"",""hall_BG_reclamation"",""hall_UG_adaptation"",""hall_BANT_living_order"",""hall_ESPER_perfectibility"",""hall_GRIXIS_survival_opening"",""hall_JUND_instinct_pressure"",""hall_NAYA_living_whole"",""hall_NAYA_abundance_instinct"",""hall_ABZAN_family_endurance"",""hall_ABZAN_ancestor_perennation"",""hall_TEMUR_survival_attunement"",""hall_TEMUR_elemental_memory"",""hall_SULTAI_resource_conversion"",""hall_SULTAI_dead_usefulness"",""hall_MARDU_war_name_oath"",""hall_JESKAI_way_form"",""hall_YORE_engineered_agency"",""hall_YORE_artifice_boundary"",""hall_GLINT_missing_white"",""hall_DUNE_territorial_force"",""hall_DUNE_missing_blue"",""hall_WITCH_patient_cultivation"",""hall_PRISMARI_expression"",""hall_QUANDRIX_pattern"",""hall_WITHERBLOOM_essence"",""hall_COLORLESS_branch_boundary"",""crucible_U_UG"",""crucible_B_BG"",""crucible_R_RG"",""crucible_G_UG"",""crucible_G_BG"",""crucible_G_RG"",""crucible_UG_QUANDRIX"",""crucible_BG_WITHERBLOOM"",""crucible_QUANDRIX_WITHERBLOOM"",""crucible_JUND_NAYA"",""crucible_NAYA_BANT"",""crucible_TEMUR_SULTAI"",""crucible_JESKAI_TEMUR"",""crucible_INK_WITCH""]","[""pest"",""brew"",""swamp"",""drain""]","[""gate_v2_locus_of_trust"",""gate_v2_pressure_becomes"",""gate_v2_first_signal"",""gate_v2_cost_of_oath"",""hall_U_possibility"",""hall_RG_wild"",""hall_ESPER_perfectibility"",""crucible_U_UB"",""crucible_ESPER_GRIXIS""]",24,11,NOT-ENFORCED; 0/439 primary paths below 2 strong authored hits,"FREE-TEXT METADATA ONLY; no executable predicate, so exhaustive violation count is unresolved",0.666,NO/UNRESOLVED,0.979,Primary below strong-min proxy: 0; negative-only winners: 0,Missing discriminator terms: pest | brew | swamp | drain,NAME-CONSISTENT; claim entailment unvalidated,Numeric rank-two/rank-three framing; relationship meaning not independently established,Identity/color/tag-aligned editorial translation; not selected-answer evidence-backed,"Player-language derivation, question validity, response reliability, same-family confusion matrix, false-positive/negative pilot evidence",MECHANICALLY-DISTINGUISHABLE-BUT-UNVALIDATED
WR,Boros Legion,"[""protect"",""protection"",""intervene"",""immediate"",""action"",""teammate"",""duty"",""justice"",""accountable"",""defend""]","[""procedure without urgency"",""historical evidence without intervention"",""harmony without confrontation"",""performance without service"",""private leverage""]","[{""identity"":""JESKAI"",""count"":145},{""identity"":""NAYA"",""count"":126},{""identity"":""R"",""count"":107},{""identity"":""YORE"",""count"":79},{""identity"":""WUBRG"",""count"":77}]","[""intervene"",""immediate"",""teammate"",""justice"",""accountable"",""defend""]","[""gate_v2_locus_of_trust"",""gate_v2_pressure_becomes"",""gate_v2_first_signal"",""gate_v2_cost_of_oath"",""hall_W_shelter"",""hall_W_duty"",""hall_B_graveyard"",""hall_U_understanding"",""hall_R_ignition"",""hall_R_freedom"",""hall_WU_process"",""hall_UB_information"",""hall_BR_intensity"",""hall_BANT_champion"",""hall_BANT_living_order"",""hall_ESPER_perfectibility"",""hall_JUND_instinct_pressure"",""hall_JUND_appetite_consequence"",""hall_NAYA_living_whole"",""hall_NAYA_abundance_instinct"",""hall_ABZAN_family_endurance"",""hall_ABZAN_ancestor_perennation"",""hall_TEMUR_survival_attunement"",""hall_TEMUR_elemental_memory"",""hall_SULTAI_resource_conversion"",""hall_SULTAI_dead_usefulness"",""hall_MARDU_total_commitment"",""hall_MARDU_war_name_oath"",""hall_JESKAI_disciplined_cunning"",""hall_JESKAI_way_form"",""hall_GLINT_missing_white"",""hall_DUNE_territorial_force"",""hall_DUNE_missing_blue"",""hall_WITCH_patient_cultivation"",""hall_WR_protection"",""hall_LOREHOLD_history"",""crucible_W_WU"",""crucible_W_WR"",""crucible_W_WG"",""crucible_R_WR"",""crucible_R_BR"",""crucible_WU_WR"",""crucible_WR_LOREHOLD"",""crucible_BANT_ESPER"",""crucible_NAYA_BANT"",""crucible_ABZAN_SULTAI"",""crucible_TEMUR_MARDU"",""crucible_JESKAI_MARDU"",""crucible_JESKAI_SULTAI"",""crucible_JESKAI_TEMUR"",""crucible_GLINT_DUNE"",""crucible_DUNE_INK"",""crucible_WITCH_YORE""]","[""teammate""]","[""gate_v2_locus_of_trust"",""gate_v2_pressure_becomes"",""gate_v2_first_signal"",""gate_v2_cost_of_oath"",""hall_W_duty"",""hall_B_graveyard"",""hall_R_ignition"",""hall_R_freedom"",""hall_JUND_appetite_consequence"",""hall_NAYA_living_whole"",""hall_ABZAN_family_endurance"",""hall_ABZAN_ancestor_perennation"",""hall_TEMUR_elemental_memory"",""hall_SULTAI_resource_conversion"",""hall_SULTAI_dead_usefulness"",""hall_INK_protected_abundance"",""hall_WR_protection"",""crucible_W_WR"",""crucible_R_WR"",""crucible_WU_WR"",""crucible_INK_WITCH""]",29,19,NOT-ENFORCED; 10/1008 primary paths below 2 strong authored hits,"FREE-TEXT METADATA ONLY; no executable predicate, so exhaustive violation count is unresolved",0.628,NO/UNRESOLVED,1,Primary below strong-min proxy: 10; negative-only winners: 0,Missing discriminator terms: teammate,NAME-CONSISTENT; claim entailment unvalidated,Numeric rank-two/rank-three framing; relationship meaning not independently established,Identity/color/tag-aligned editorial translation; not selected-answer evidence-backed,"Player-language derivation, question validity, response reliability, same-family confusion matrix, false-positive/negative pilot evidence",MECHANICALLY-DISTINGUISHABLE-BUT-UNVALIDATED
WU,Azorius Senate,"[""procedure"",""law"",""rules"",""precedent"",""protocol"",""proper channel"",""documentation"",""enforceable"",""institutional restraint"",""fairness through process""]","[""belonging"",""immediate protection"",""history fieldwork"",""life death craft"",""performance"",""abstract proof"",""private leverage""]","[{""identity"":""W"",""count"":159},{""identity"":""JESKAI"",""count"":146},{""identity"":""WITCH"",""count"":91},{""identity"":""U"",""count"":79},{""identity"":""BANT"",""count"":69}]","[""procedure"",""rules"",""precedent"",""protocol"",""proper channel"",""documentation"",""enforceable"",""institutional restraint"",""fairness through process""]","[""hall_W_shelter"",""hall_W_duty"",""hall_B_cost"",""hall_B_graveyard"",""hall_U_understanding"",""hall_U_possibility"",""hall_R_ignition"",""hall_WU_process"",""hall_WG_belonging"",""hall_WB_obligation"",""hall_BG_reclamation"",""hall_BANT_champion"",""hall_BANT_living_order"",""hall_ESPER_perfectibility"",""hall_GRIXIS_survival_opening"",""hall_JUND_instinct_pressure"",""hall_NAYA_living_whole"",""hall_ABZAN_family_endurance"",""hall_ABZAN_ancestor_perennation"",""hall_TEMUR_elemental_memory"",""hall_SULTAI_resource_conversion"",""hall_MARDU_total_commitment"",""hall_JESKAI_disciplined_cunning"",""hall_JESKAI_way_form"",""hall_GLINT_missing_white"",""hall_INK_protected_abundance"",""hall_WITCH_patient_cultivation"",""hall_WR_protection"",""hall_LOREHOLD_history"",""crucible_W_WU"",""crucible_U_WU"",""crucible_B_BR"",""crucible_B_BG"",""crucible_B_WB"",""crucible_R_BR"",""crucible_G_BG"",""crucible_WU_WG"",""crucible_WU_WR"",""crucible_WU_WB"",""crucible_WB_SILVERQUILL"",""crucible_PRISMARI_SILVERQUILL"",""crucible_QUANDRIX_WITHERBLOOM"",""crucible_BR_RG"",""crucible_GRIXIS_JUND"",""crucible_JESKAI_SULTAI"",""crucible_JESKAI_TEMUR"",""crucible_YORE_GLINT"",""crucible_GLINT_DUNE""]","[""protocol"",""proper channel"",""documentation""]","[""gate_v2_locus_of_trust"",""gate_v2_pressure_becomes"",""gate_v2_first_signal"",""gate_v2_cost_of_oath"",""hall_W_shelter"",""hall_W_duty"",""hall_U_understanding"",""hall_WU_process"",""hall_WG_belonging"",""hall_UG_adaptation"",""hall_BANT_champion"",""hall_BANT_living_order"",""hall_ESPER_perfectibility"",""hall_GRIXIS_volatile_calculation"",""hall_NAYA_abundance_instinct"",""hall_MARDU_war_name_oath"",""hall_JESKAI_way_form"",""hall_INK_protected_abundance"",""hall_WITCH_patient_cultivation"",""hall_LOREHOLD_history"",""crucible_W_WU"",""crucible_U_WU"",""crucible_WU_WG"",""crucible_WU_WB""]",37,36,NOT-ENFORCED; 19/1103 primary paths below 2 strong authored hits,"FREE-TEXT METADATA ONLY; no executable predicate, so exhaustive violation count is unresolved",0.609,NO/UNRESOLVED,1,Primary below strong-min proxy: 19; negative-only winners: 0,Missing discriminator terms: protocol | proper channel | documentation,NAME-CONSISTENT; claim entailment unvalidated,Numeric rank-two/rank-three framing; relationship meaning not independently established,Identity/color/tag-aligned editorial translation; not selected-answer evidence-backed,"Player-language derivation, question validity, response reliability, same-family confusion matrix, false-positive/negative pilot evidence",MECHANICALLY-DISTINGUISHABLE-BUT-UNVALIDATED
WUBRG,Five-Color / WUBRG,"[""all five colors present"",""full-spectrum integration"",""coalition or synthesis"",""Commander color identity precision"",""breadth with tradeoffs""]","[""generic goodstuff-only"",""WUBRG superiority"",""official WUBRG faction or doctrine"",""Colorless conflation"",""four-color missing-color framing"",""specific card, legality, price, ranking, or metagame claims without verification""]","[{""identity"":""R"",""count"":72},{""identity"":""BG"",""count"":47},{""identity"":""WG"",""count"":46},{""identity"":""RG"",""count"":40},{""identity"":""ESPER"",""count"":40}]","[""all five colors present"",""full-spectrum integration"",""coalition or synthesis"",""Commander color identity precision"",""breadth with tradeoffs""]","[""gate_v2_locus_of_trust"",""gate_v2_pressure_becomes"",""gate_v2_first_signal"",""hall_W_duty"",""hall_R_ignition"",""hall_WB_obligation"",""hall_GRIXIS_volatile_calculation"",""hall_JUND_appetite_consequence"",""hall_NAYA_living_whole"",""hall_ABZAN_ancestor_perennation"",""hall_DUNE_territorial_force"",""hall_DUNE_missing_blue"",""hall_INK_missing_black"",""hall_WITCH_patient_cultivation"",""hall_WITCH_missing_red"",""hall_LOREHOLD_history"",""hall_PRISMARI_expression"",""hall_SILVERQUILL_words"",""hall_COLORLESS_outside_wubrg"",""hall_COLORLESS_branch_boundary"",""hall_WUBRG_full_spectrum"",""crucible_COLORLESS_WUBRG"",""crucible_W_WU"",""crucible_W_WG"",""crucible_U_WU"",""crucible_R_UR"",""crucible_R_RG"",""crucible_G_WG"",""crucible_G_BG"",""crucible_WU_WG"",""crucible_WR_LOREHOLD"",""crucible_BR_RG"",""crucible_ABZAN_SULTAI"",""crucible_JESKAI_MARDU""]","[""coalition or synthesis""]","[""gate_v2_locus_of_trust"",""gate_v2_pressure_becomes"",""gate_v2_first_signal"",""gate_v2_cost_of_oath"",""hall_W_shelter"",""hall_W_duty"",""hall_B_cost"",""hall_U_understanding"",""hall_R_ignition"",""hall_G_growth"",""hall_G_natural_order"",""hall_WU_process"",""hall_UB_information"",""hall_BR_intensity"",""hall_RG_wild"",""hall_WG_belonging"",""hall_WB_obligation"",""hall_UR_experiment"",""hall_BG_reclamation"",""hall_BANT_champion"",""hall_ESPER_designed_control"",""hall_GRIXIS_survival_opening"",""hall_GRIXIS_volatile_calculation"",""hall_JUND_instinct_pressure"",""hall_JUND_appetite_consequence"",""hall_NAYA_abundance_instinct"",""hall_ABZAN_family_endurance"",""hall_TEMUR_survival_attunement"",""hall_SULTAI_resource_conversion"",""hall_SULTAI_dead_usefulness"",""hall_MARDU_total_commitment"",""hall_MARDU_war_name_oath"",""hall_JESKAI_disciplined_cunning"",""hall_JESKAI_way_form"",""hall_YORE_artifice_boundary"",""hall_GLINT_living_force"",""hall_GLINT_missing_white"",""hall_DUNE_missing_blue"",""hall_INK_protected_abundance"",""hall_INK_missing_black"",""hall_WITCH_patient_cultivation"",""hall_WITCH_missing_red"",""hall_WR_protection"",""hall_LOREHOLD_history"",""hall_PRISMARI_expression"",""hall_QUANDRIX_pattern"",""hall_SILVERQUILL_words"",""hall_WITHERBLOOM_essence"",""hall_COLORLESS_outside_wubrg"",""hall_COLORLESS_branch_boundary"",""hall_WUBRG_full_spectrum"",""crucible_COLORLESS_WUBRG"",""crucible_U_UR"",""crucible_B_UB"",""crucible_B_BR"",""crucible_B_BG"",""crucible_B_WB"",""crucible_R_WR"",""crucible_R_BR"",""crucible_G_BG"",""crucible_G_RG"",""crucible_WU_WR"",""crucible_WU_WB"",""crucible_UG_QUANDRIX"",""crucible_BG_WITHERBLOOM"",""crucible_WB_SILVERQUILL"",""crucible_PRISMARI_QUANDRIX"",""crucible_PRISMARI_SILVERQUILL"",""crucible_LOREHOLD_QUANDRIX"",""crucible_QUANDRIX_WITHERBLOOM"",""crucible_BR_RG"",""crucible_GRIXIS_JUND"",""crucible_NAYA_BANT"",""crucible_ABZAN_MARDU"",""crucible_ABZAN_SULTAI"",""crucible_TEMUR_SULTAI"",""crucible_TEMUR_MARDU"",""crucible_JESKAI_SULTAI"",""crucible_JESKAI_TEMUR"",""crucible_YORE_GLINT"",""crucible_GLINT_DUNE"",""crucible_DUNE_INK"",""crucible_INK_WITCH"",""crucible_WITCH_YORE""]",8,21,NOT-ENFORCED; 132/778 primary paths below 2 strong authored hits,"FREE-TEXT METADATA ONLY; no executable predicate, so exhaustive violation count is unresolved",0.824,NO/UNRESOLVED,0.812,Primary below strong-min proxy: 132; negative-only winners: 0,Missing discriminator terms: coalition or synthesis,NAME-CONSISTENT; claim entailment unvalidated,Numeric rank-two/rank-three framing; relationship meaning not independently established,Identity/color/tag-aligned editorial translation; not selected-answer evidence-backed,"Player-language derivation, question validity, response reliability, same-family confusion matrix, false-positive/negative pilot evidence",MECHANICALLY-DISTINGUISHABLE-BUT-UNVALIDATED
YORE,Yore / Artifice,"[""engineered"",""agency"",""artifice"",""technology"",""civilization"",""progress"",""natural limits"",""four-color"",""without Green"",""missing-Green"",""White structure"",""Blue optimization"",""Black refusal"",""Red heat"",""resource conversion"",""constructed continuity""]","[""User centers natural lifecycle, organic belonging, ecological harmony, or Green-rooted continuity."",""User mentions artifacts, recursion, sacrifice, or optimization without engineered agency or missing-Green worldview."",""User treats Breya, Invent Superiority, Yore-Tiller, Cult of Yore, or a name-adjacent phrase as sufficient proof."",""User resolves more cleanly into Esper, Grixis, Jeskai, Mardu, Sultai, a two-color pair, or generic same-color goodstuff.""]","[{""identity"":""B"",""count"":119},{""identity"":""DUNE"",""count"":64},{""identity"":""BR"",""count"":43},{""identity"":""PRISMARI"",""count"":41},{""identity"":""R"",""count"":39}]","[""engineered"",""artifice"",""technology"",""natural limits"",""without Green"",""missing-Green"",""White structure"",""Blue optimization"",""Black refusal"",""Red heat"",""constructed continuity""]","[""gate_v2_locus_of_trust"",""gate_v2_pressure_becomes"",""gate_v2_first_signal"",""gate_v2_cost_of_oath"",""hall_W_shelter"",""hall_W_duty"",""hall_B_cost"",""hall_B_graveyard"",""hall_U_understanding"",""hall_U_possibility"",""hall_G_growth"",""hall_G_natural_order"",""hall_WU_process"",""hall_RG_wild"",""hall_WG_belonging"",""hall_WB_obligation"",""hall_UG_adaptation"",""hall_ESPER_designed_control"",""hall_ABZAN_family_endurance"",""hall_TEMUR_survival_attunement"",""hall_SULTAI_resource_conversion"",""hall_SULTAI_dead_usefulness"",""hall_MARDU_total_commitment"",""hall_MARDU_war_name_oath"",""hall_JESKAI_disciplined_cunning"",""hall_JESKAI_way_form"",""hall_YORE_engineered_agency"",""hall_YORE_artifice_boundary"",""hall_GLINT_living_force"",""hall_GLINT_missing_white"",""hall_DUNE_territorial_force"",""hall_DUNE_missing_blue"",""hall_INK_protected_abundance"",""hall_INK_missing_black"",""hall_WITCH_patient_cultivation"",""hall_WITCH_missing_red"",""hall_LOREHOLD_history"",""hall_QUANDRIX_pattern"",""hall_COLORLESS_outside_wubrg"",""hall_COLORLESS_branch_boundary"",""hall_WUBRG_full_spectrum"",""crucible_COLORLESS_WUBRG"",""crucible_W_WU"",""crucible_W_WR"",""crucible_W_WG"",""crucible_U_UG"",""crucible_B_UB"",""crucible_B_BR"",""crucible_B_BG"",""crucible_R_BR"",""crucible_G_WG"",""crucible_G_BG"",""crucible_G_RG"",""crucible_BR_RG"",""crucible_BANT_ESPER"",""crucible_ESPER_GRIXIS"",""crucible_GRIXIS_JUND"",""crucible_ABZAN_SULTAI"",""crucible_TEMUR_SULTAI"",""crucible_JESKAI_SULTAI"",""crucible_YORE_GLINT"",""crucible_WITCH_YORE""]",[],"[""gate_v2_locus_of_trust"",""gate_v2_pressure_becomes"",""gate_v2_first_signal"",""gate_v2_cost_of_oath"",""hall_W_shelter"",""hall_W_duty"",""hall_U_understanding"",""hall_WU_process"",""hall_WG_belonging"",""hall_UG_adaptation"",""hall_BANT_champion"",""hall_BANT_living_order"",""hall_ESPER_perfectibility"",""hall_GRIXIS_volatile_calculation"",""hall_NAYA_abundance_instinct"",""hall_MARDU_war_name_oath"",""hall_JESKAI_way_form"",""hall_INK_protected_abundance"",""hall_WITCH_patient_cultivation"",""hall_LOREHOLD_history"",""crucible_W_WU"",""crucible_U_WU"",""crucible_WU_WG"",""crucible_WU_WB""]",19,16,NOT-ENFORCED; 219/583 primary paths below 2 strong authored hits,"FREE-TEXT METADATA ONLY; no executable predicate, so exhaustive violation count is unresolved",0.821,NO/UNRESOLVED,0.919,Primary below strong-min proxy: 219; negative-only winners: 0,Missing discriminator terms: none by lexical probe,NAME-CONSISTENT; claim entailment unvalidated,Numeric rank-two/rank-three framing; relationship meaning not independently established,Identity/color/tag-aligned editorial translation; not selected-answer evidence-backed,"Player-language derivation, question validity, response reliability, same-family confusion matrix, false-positive/negative pilot evidence",INSUFFICIENT-DISTINCTIVENESS-EVIDENCE
