stage,question_id,source_answer_id,audit_answer_id,question_target,player_facing_prompt,player_facing_title,player_facing_copy,intended_meaning,player_dimension,mapping_method,actual_positive_effects,actual_negative_effects,positive_identity_count,negative_identity_count,maximum_positive_delta,minimum_negative_delta,confidence_effect,neutral_or_mixed_handling,evidence_classification,defect_flags,requirement_implications
gate,gate_v2_locus_of_trust,gate_v2_trust_self_claim,gate_v2_trust_self_claim,all identities,"When the ground shifts, what do you trust first?",The claim no one can make for me,"I start with agency: the private decision, the necessary edge, the first motion I can own.",self-authored agency,"[""social-behavior"",""psychographic-motivation"",""aesthetic-or-narrative-preference""]",Inferred: authored W/U/B/R/G/outside/integration loadings are propagated to identity deltas by the builder.,"[{""identity"":""B"",""likelihood"":0.95,""delta"":1.45},{""identity"":""R"",""likelihood"":0.9,""delta"":1.2},{""identity"":""WR"",""likelihood"":0.55,""delta"":0.28},{""identity"":""BR"",""likelihood"":0.95,""delta"":1.45},{""identity"":""ESPER"",""likelihood"":0.55,""delta"":0.28},{""identity"":""GRIXIS"",""likelihood"":0.95,""delta"":1.45},{""identity"":""JUND"",""likelihood"":0.85,""delta"":1},{""identity"":""TEMUR"",""likelihood"":0.5,""delta"":0.12},{""identity"":""SULTAI"",""likelihood"":0.55,""delta"":0.28},{""identity"":""MARDU"",""likelihood"":0.85,""delta"":1},{""identity"":""JESKAI"",""likelihood"":0.5,""delta"":0.12},{""identity"":""YORE"",""likelihood"":0.85,""delta"":1},{""identity"":""GLINT"",""likelihood"":0.85,""delta"":1},{""identity"":""DUNE"",""likelihood"":0.6,""delta"":0.4},{""identity"":""BG"",""likelihood"":0.6,""delta"":0.4},{""identity"":""RG"",""likelihood"":0.55,""delta"":0.28},{""identity"":""UB"",""likelihood"":0.85,""delta"":1},{""identity"":""UR"",""likelihood"":0.75,""delta"":0.75},{""identity"":""LOREHOLD"",""likelihood"":0.55,""delta"":0.28},{""identity"":""WB"",""likelihood"":0.6,""delta"":0.4},{""identity"":""PRISMARI"",""likelihood"":0.75,""delta"":0.75},{""identity"":""SILVERQUILL"",""likelihood"":0.6,""delta"":0.4},{""identity"":""WITHERBLOOM"",""likelihood"":0.6,""delta"":0.4}]","[{""identity"":""W"",""likelihood"":0.2,""delta"":-0.9},{""identity"":""G"",""likelihood"":0.2,""delta"":-0.9},{""identity"":""WU"",""likelihood"":0.25,""delta"":-0.7},{""identity"":""BANT"",""likelihood"":0.2,""delta"":-0.9},{""identity"":""NAYA"",""likelihood"":0.35,""delta"":-0.45},{""identity"":""INK"",""likelihood"":0.35,""delta"":-0.45},{""identity"":""COLORLESS"",""likelihood"":0.03,""delta"":-3.5},{""identity"":""WUBRG"",""likelihood"":0.2,""delta"":-0.9},{""identity"":""QUANDRIX"",""likelihood"":0.25,""delta"":-0.7},{""identity"":""WG"",""likelihood"":0.1,""delta"":-1.5},{""identity"":""UG"",""likelihood"":0.25,""delta"":-0.7}]",23,11,1.45,-3.5,Indirect: changes arbitrary additive scores; softmax share and top-two gap are recomputed from the entire score vector.,"No explicit neutral, unsure, none, or mixed option is present in this question.",Editorial interpretation; no answer-level claim or source reference is present in the live model.,broad-multi-identity-effect,"Assign a stable answer ID, controlled signal contract, evidence classification, explicit positive/negative contract, correlation group, and confidence contribution rule."
gate,gate_v2_locus_of_trust,gate_v2_trust_personal_threshold,gate_v2_trust_personal_threshold,all identities,"When the ground shifts, what do you trust first?",The threshold in the self,"I listen for the moment where desire, danger, and choice become too clear to outsource.",personal threshold,"[""social-behavior"",""psychographic-motivation""]",Inferred: authored W/U/B/R/G/outside/integration loadings are propagated to identity deltas by the builder.,"[{""identity"":""U"",""likelihood"":0.5,""delta"":0.12},{""identity"":""B"",""likelihood"":0.75,""delta"":0.75},{""identity"":""R"",""likelihood"":0.75,""delta"":0.75},{""identity"":""WR"",""likelihood"":0.55,""delta"":0.28},{""identity"":""BR"",""likelihood"":0.85,""delta"":1},{""identity"":""ESPER"",""likelihood"":0.55,""delta"":0.28},{""identity"":""GRIXIS"",""likelihood"":0.85,""delta"":1},{""identity"":""JUND"",""likelihood"":0.65,""delta"":0.55},{""identity"":""TEMUR"",""likelihood"":0.55,""delta"":0.28},{""identity"":""SULTAI"",""likelihood"":0.55,""delta"":0.28},{""identity"":""MARDU"",""likelihood"":0.65,""delta"":0.55},{""identity"":""JESKAI"",""likelihood"":0.55,""delta"":0.28},{""identity"":""YORE"",""likelihood"":0.65,""delta"":0.55},{""identity"":""GLINT"",""likelihood"":0.65,""delta"":0.55},{""identity"":""DUNE"",""likelihood"":0.55,""delta"":0.28},{""identity"":""BG"",""likelihood"":0.55,""delta"":0.28},{""identity"":""RG"",""likelihood"":0.55,""delta"":0.28},{""identity"":""UB"",""likelihood"":0.65,""delta"":0.55},{""identity"":""UR"",""likelihood"":0.65,""delta"":0.55},{""identity"":""LOREHOLD"",""likelihood"":0.55,""delta"":0.28},{""identity"":""WB"",""likelihood"":0.55,""delta"":0.28},{""identity"":""PRISMARI"",""likelihood"":0.65,""delta"":0.55},{""identity"":""SILVERQUILL"",""likelihood"":0.55,""delta"":0.28},{""identity"":""WITHERBLOOM"",""likelihood"":0.55,""delta"":0.28}]","[{""identity"":""W"",""likelihood"":0.35,""delta"":-0.45},{""identity"":""G"",""likelihood"":0.35,""delta"":-0.45},{""identity"":""WU"",""likelihood"":0.35,""delta"":-0.45},{""identity"":""BANT"",""likelihood"":0.35,""delta"":-0.45},{""identity"":""COLORLESS"",""likelihood"":0.03,""delta"":-3.5},{""identity"":""WUBRG"",""likelihood"":0.2,""delta"":-0.9},{""identity"":""QUANDRIX"",""likelihood"":0.35,""delta"":-0.45},{""identity"":""WG"",""likelihood"":0.25,""delta"":-0.7},{""identity"":""UG"",""likelihood"":0.35,""delta"":-0.45}]",24,9,1,-3.5,Indirect: changes arbitrary additive scores; softmax share and top-two gap are recomputed from the entire score vector.,"No explicit neutral, unsure, none, or mixed option is present in this question.",Editorial interpretation; no answer-level claim or source reference is present in the live model.,broad-multi-identity-effect,"Assign a stable answer ID, controlled signal contract, evidence classification, explicit positive/negative contract, correlation group, and confidence contribution rule."
gate,gate_v2_locus_of_trust,gate_v2_trust_braided_witness,gate_v2_trust_braided_witness,all identities,"When the ground shifts, what do you trust first?",A braided witness,"I want each part of the situation named, given weight, and brought into one accountable center.",integrated whole,"[""social-behavior"",""psychographic-motivation"",""aesthetic-or-narrative-preference""]",Inferred: authored W/U/B/R/G/outside/integration loadings are propagated to identity deltas by the builder.,"[{""identity"":""W"",""likelihood"":0.55,""delta"":0.28},{""identity"":""U"",""likelihood"":0.55,""delta"":0.28},{""identity"":""B"",""likelihood"":0.55,""delta"":0.28},{""identity"":""R"",""likelihood"":0.55,""delta"":0.28},{""identity"":""G"",""likelihood"":0.55,""delta"":0.28},{""identity"":""WU"",""likelihood"":0.6,""delta"":0.4},{""identity"":""BANT"",""likelihood"":0.65,""delta"":0.55},{""identity"":""WR"",""likelihood"":0.6,""delta"":0.4},{""identity"":""BR"",""likelihood"":0.6,""delta"":0.4},{""identity"":""ESPER"",""likelihood"":0.65,""delta"":0.55},{""identity"":""GRIXIS"",""likelihood"":0.65,""delta"":0.55},{""identity"":""JUND"",""likelihood"":0.65,""delta"":0.55},{""identity"":""NAYA"",""likelihood"":0.65,""delta"":0.55},{""identity"":""ABZAN"",""likelihood"":0.65,""delta"":0.55},{""identity"":""TEMUR"",""likelihood"":0.65,""delta"":0.55},{""identity"":""SULTAI"",""likelihood"":0.65,""delta"":0.55},{""identity"":""MARDU"",""likelihood"":0.65,""delta"":0.55},{""identity"":""JESKAI"",""likelihood"":0.65,""delta"":0.55},{""identity"":""YORE"",""likelihood"":0.65,""delta"":0.55},{""identity"":""GLINT"",""likelihood"":0.65,""delta"":0.55},{""identity"":""DUNE"",""likelihood"":0.65,""delta"":0.55},{""identity"":""INK"",""likelihood"":0.65,""delta"":0.55},{""identity"":""WITCH"",""likelihood"":0.65,""delta"":0.55},{""identity"":""WUBRG"",""likelihood"":0.95,""delta"":1.45},{""identity"":""BG"",""likelihood"":0.6,""delta"":0.4},{""identity"":""RG"",""likelihood"":0.6,""delta"":0.4},{""identity"":""UB"",""likelihood"":0.6,""delta"":0.4},{""identity"":""UR"",""likelihood"":0.6,""delta"":0.4},{""identity"":""LOREHOLD"",""likelihood"":0.6,""delta"":0.4},{""identity"":""WB"",""likelihood"":0.6,""delta"":0.4},{""identity"":""PRISMARI"",""likelihood"":0.6,""delta"":0.4},{""identity"":""QUANDRIX"",""likelihood"":0.6,""delta"":0.4},{""identity"":""WG"",""likelihood"":0.6,""delta"":0.4},{""identity"":""SILVERQUILL"",""likelihood"":0.6,""delta"":0.4},{""identity"":""UG"",""likelihood"":0.6,""delta"":0.4},{""identity"":""WITHERBLOOM"",""likelihood"":0.6,""delta"":0.4}]","[{""identity"":""COLORLESS"",""likelihood"":0.03,""delta"":-3.5}]",36,1,1.45,-3.5,Indirect: changes arbitrary additive scores; softmax share and top-two gap are recomputed from the entire score vector.,"No explicit neutral, unsure, none, or mixed option is present in this question.",Editorial interpretation; no answer-level claim or source reference is present in the live model.,broad-multi-identity-effect,"Assign a stable answer ID, controlled signal contract, evidence classification, explicit positive/negative contract, correlation group, and confidence contribution rule."
gate,gate_v2_locus_of_trust,gate_v2_trust_common_root,gate_v2_trust_common_root,all identities,"When the ground shifts, what do you trust first?",The common root,"I trust the pattern that keeps people, place, and continuity from splintering under strain.",communal continuity,"[""social-behavior""]",Inferred: authored W/U/B/R/G/outside/integration loadings are propagated to identity deltas by the builder.,"[{""identity"":""W"",""likelihood"":0.95,""delta"":1.45},{""identity"":""U"",""likelihood"":0.75,""delta"":0.75},{""identity"":""G"",""likelihood"":0.95,""delta"":1.45},{""identity"":""WU"",""likelihood"":0.95,""delta"":1.45},{""identity"":""BANT"",""likelihood"":0.95,""delta"":1.45},{""identity"":""WR"",""likelihood"":0.85,""delta"":1},{""identity"":""ESPER"",""likelihood"":0.6,""delta"":0.4},{""identity"":""NAYA"",""likelihood"":0.95,""delta"":1.45},{""identity"":""ABZAN"",""likelihood"":0.75,""delta"":0.75},{""identity"":""TEMUR"",""likelihood"":0.9,""delta"":1.2},{""identity"":""SULTAI"",""likelihood"":0.6,""delta"":0.4},{""identity"":""JESKAI"",""likelihood"":0.9,""delta"":1.2},{""identity"":""YORE"",""likelihood"":0.6,""delta"":0.4},{""identity"":""GLINT"",""likelihood"":0.6,""delta"":0.4},{""identity"":""DUNE"",""likelihood"":0.75,""delta"":0.75},{""identity"":""INK"",""likelihood"":0.95,""delta"":1.45},{""identity"":""WITCH"",""likelihood"":0.85,""delta"":1},{""identity"":""RG"",""likelihood"":0.85,""delta"":1},{""identity"":""UR"",""likelihood"":0.65,""delta"":0.55},{""identity"":""LOREHOLD"",""likelihood"":0.85,""delta"":1},{""identity"":""PRISMARI"",""likelihood"":0.65,""delta"":0.55},{""identity"":""QUANDRIX"",""likelihood"":0.95,""delta"":1.45},{""identity"":""WG"",""likelihood"":0.95,""delta"":1.45},{""identity"":""UG"",""likelihood"":0.95,""delta"":1.45}]","[{""identity"":""B"",""likelihood"":0.1,""delta"":-1.5},{""identity"":""BR"",""likelihood"":0.2,""delta"":-0.9},{""identity"":""GRIXIS"",""likelihood"":0.35,""delta"":-0.45},{""identity"":""COLORLESS"",""likelihood"":0.03,""delta"":-3.5},{""identity"":""WUBRG"",""likelihood"":0.2,""delta"":-0.9},{""identity"":""UB"",""likelihood"":0.3,""delta"":-0.55}]",24,6,1.45,-3.5,Indirect: changes arbitrary additive scores; softmax share and top-two gap are recomputed from the entire score vector.,"No explicit neutral, unsure, none, or mixed option is present in this question.",Editorial interpretation; no answer-level claim or source reference is present in the live model.,broad-multi-identity-effect,"Assign a stable answer ID, controlled signal contract, evidence classification, explicit positive/negative contract, correlation group, and confidence contribution rule."
gate,gate_v2_locus_of_trust,gate_v2_trust_outside_measure,gate_v2_trust_outside_measure,all identities,"When the ground shifts, what do you trust first?",The measure outside the map,I trust the constraint that does not ask the old language for permission before it becomes real.,outside boundary,"[""social-behavior""]",Inferred: authored W/U/B/R/G/outside/integration loadings are propagated to identity deltas by the builder.,"[{""identity"":""COLORLESS"",""likelihood"":0.95,""delta"":1.45}]","[{""identity"":""W"",""likelihood"":0.2,""delta"":-0.9},{""identity"":""U"",""likelihood"":0.2,""delta"":-0.9},{""identity"":""B"",""likelihood"":0.2,""delta"":-0.9},{""identity"":""R"",""likelihood"":0.2,""delta"":-0.9},{""identity"":""G"",""likelihood"":0.2,""delta"":-0.9},{""identity"":""WU"",""likelihood"":0.1,""delta"":-1.5},{""identity"":""BANT"",""likelihood"":0.1,""delta"":-1.5},{""identity"":""WR"",""likelihood"":0.1,""delta"":-1.5},{""identity"":""BR"",""likelihood"":0.1,""delta"":-1.5},{""identity"":""ESPER"",""likelihood"":0.1,""delta"":-1.5},{""identity"":""GRIXIS"",""likelihood"":0.1,""delta"":-1.5},{""identity"":""JUND"",""likelihood"":0.1,""delta"":-1.5},{""identity"":""NAYA"",""likelihood"":0.1,""delta"":-1.5},{""identity"":""ABZAN"",""likelihood"":0.1,""delta"":-1.5},{""identity"":""TEMUR"",""likelihood"":0.1,""delta"":-1.5},{""identity"":""SULTAI"",""likelihood"":0.1,""delta"":-1.5},{""identity"":""MARDU"",""likelihood"":0.1,""delta"":-1.5},{""identity"":""JESKAI"",""likelihood"":0.1,""delta"":-1.5},{""identity"":""YORE"",""likelihood"":0.1,""delta"":-1.5},{""identity"":""GLINT"",""likelihood"":0.1,""delta"":-1.5},{""identity"":""DUNE"",""likelihood"":0.1,""delta"":-1.5},{""identity"":""INK"",""likelihood"":0.1,""delta"":-1.5},{""identity"":""WITCH"",""likelihood"":0.1,""delta"":-1.5},{""identity"":""WUBRG"",""likelihood"":0.2,""delta"":-0.9},{""identity"":""BG"",""likelihood"":0.1,""delta"":-1.5},{""identity"":""RG"",""likelihood"":0.1,""delta"":-1.5},{""identity"":""UB"",""likelihood"":0.1,""delta"":-1.5},{""identity"":""UR"",""likelihood"":0.1,""delta"":-1.5},{""identity"":""LOREHOLD"",""likelihood"":0.1,""delta"":-1.5},{""identity"":""WB"",""likelihood"":0.1,""delta"":-1.5},{""identity"":""PRISMARI"",""likelihood"":0.1,""delta"":-1.5},{""identity"":""QUANDRIX"",""likelihood"":0.1,""delta"":-1.5},{""identity"":""WG"",""likelihood"":0.1,""delta"":-1.5},{""identity"":""SILVERQUILL"",""likelihood"":0.1,""delta"":-1.5},{""identity"":""UG"",""likelihood"":0.1,""delta"":-1.5},{""identity"":""WITHERBLOOM"",""likelihood"":0.1,""delta"":-1.5}]",1,36,1.45,-1.5,Indirect: changes arbitrary additive scores; softmax share and top-two gap are recomputed from the entire score vector.,"No explicit neutral, unsure, none, or mixed option is present in this question.",Editorial interpretation; no answer-level claim or source reference is present in the live model.,,"Assign a stable answer ID, controlled signal contract, evidence classification, explicit positive/negative contract, correlation group, and confidence contribution rule."
gate,gate_v2_pressure_becomes,gate_v2_pressure_form,gate_v2_pressure_form,all identities,"When pressure gathers, what should it become?",A form that can hold,"Pressure should become structure: named, testable, and steady enough to keep harm from spreading.",ordered containment,"[""social-behavior"",""philosophical-preference""]",Inferred: authored W/U/B/R/G/outside/integration loadings are propagated to identity deltas by the builder.,"[{""identity"":""W"",""likelihood"":0.75,""delta"":0.75},{""identity"":""U"",""likelihood"":0.95,""delta"":1.45},{""identity"":""WU"",""likelihood"":0.95,""delta"":1.45},{""identity"":""BANT"",""likelihood"":0.6,""delta"":0.4},{""identity"":""WR"",""likelihood"":0.5,""delta"":0.12},{""identity"":""ESPER"",""likelihood"":0.85,""delta"":1},{""identity"":""GRIXIS"",""likelihood"":0.55,""delta"":0.28},{""identity"":""JESKAI"",""likelihood"":0.85,""delta"":1},{""identity"":""YORE"",""likelihood"":0.65,""delta"":0.55},{""identity"":""INK"",""likelihood"":0.5,""delta"":0.12},{""identity"":""WITCH"",""likelihood"":0.5,""delta"":0.12},{""identity"":""UB"",""likelihood"":0.75,""delta"":0.75},{""identity"":""UR"",""likelihood"":0.65,""delta"":0.55},{""identity"":""LOREHOLD"",""likelihood"":0.5,""delta"":0.12},{""identity"":""WB"",""likelihood"":0.55,""delta"":0.28},{""identity"":""PRISMARI"",""likelihood"":0.65,""delta"":0.55},{""identity"":""SILVERQUILL"",""likelihood"":0.55,""delta"":0.28}]","[{""identity"":""B"",""likelihood"":0.35,""delta"":-0.45},{""identity"":""R"",""likelihood"":0.3,""delta"":-0.55},{""identity"":""G"",""likelihood"":0.1,""delta"":-1.5},{""identity"":""BR"",""likelihood"":0.25,""delta"":-0.7},{""identity"":""JUND"",""likelihood"":0.1,""delta"":-1.5},{""identity"":""NAYA"",""likelihood"":0.25,""delta"":-0.7},{""identity"":""ABZAN"",""likelihood"":0.25,""delta"":-0.7},{""identity"":""TEMUR"",""likelihood"":0.35,""delta"":-0.45},{""identity"":""SULTAI"",""likelihood"":0.35,""delta"":-0.45},{""identity"":""GLINT"",""likelihood"":0.3,""delta"":-0.55},{""identity"":""DUNE"",""likelihood"":0.2,""delta"":-0.9},{""identity"":""COLORLESS"",""likelihood"":0.03,""delta"":-3.5},{""identity"":""WUBRG"",""likelihood"":0.2,""delta"":-0.9},{""identity"":""BG"",""likelihood"":0.1,""delta"":-1.5},{""identity"":""RG"",""likelihood"":0.1,""delta"":-1.5},{""identity"":""WG"",""likelihood"":0.3,""delta"":-0.55},{""identity"":""WITHERBLOOM"",""likelihood"":0.1,""delta"":-1.5}]",17,17,1.45,-3.5,Indirect: changes arbitrary additive scores; softmax share and top-two gap are recomputed from the entire score vector.,"No explicit neutral, unsure, none, or mixed option is present in this question.",Editorial interpretation; no answer-level claim or source reference is present in the live model.,broad-multi-identity-effect,"Assign a stable answer ID, controlled signal contract, evidence classification, explicit positive/negative contract, correlation group, and confidence contribution rule."
gate,gate_v2_pressure_becomes,gate_v2_pressure_answerable_motion,gate_v2_pressure_answerable_motion,all identities,"When pressure gathers, what should it become?",Answerable motion,"It should move, but with a visible thread back to responsibility, memory, and consequence.",bounded action,"[""abstract-scenario-preference""]",Inferred: authored W/U/B/R/G/outside/integration loadings are propagated to identity deltas by the builder.,"[{""identity"":""W"",""likelihood"":0.6,""delta"":0.4},{""identity"":""U"",""likelihood"":0.75,""delta"":0.75},{""identity"":""WU"",""likelihood"":0.75,""delta"":0.75},{""identity"":""BANT"",""likelihood"":0.75,""delta"":0.75},{""identity"":""WR"",""likelihood"":0.55,""delta"":0.28},{""identity"":""ESPER"",""likelihood"":0.75,""delta"":0.75},{""identity"":""GRIXIS"",""likelihood"":0.6,""delta"":0.4},{""identity"":""NAYA"",""likelihood"":0.55,""delta"":0.28},{""identity"":""ABZAN"",""likelihood"":0.55,""delta"":0.28},{""identity"":""TEMUR"",""likelihood"":0.6,""delta"":0.4},{""identity"":""SULTAI"",""likelihood"":0.6,""delta"":0.4},{""identity"":""MARDU"",""likelihood"":0.55,""delta"":0.28},{""identity"":""JESKAI"",""likelihood"":0.75,""delta"":0.75},{""identity"":""YORE"",""likelihood"":0.65,""delta"":0.55},{""identity"":""GLINT"",""likelihood"":0.6,""delta"":0.4},{""identity"":""DUNE"",""likelihood"":0.55,""delta"":0.28},{""identity"":""INK"",""likelihood"":0.65,""delta"":0.55},{""identity"":""WITCH"",""likelihood"":0.65,""delta"":0.55},{""identity"":""UB"",""likelihood"":0.65,""delta"":0.55},{""identity"":""UR"",""likelihood"":0.65,""delta"":0.55},{""identity"":""LOREHOLD"",""likelihood"":0.55,""delta"":0.28},{""identity"":""WB"",""likelihood"":0.55,""delta"":0.28},{""identity"":""PRISMARI"",""likelihood"":0.65,""delta"":0.55},{""identity"":""QUANDRIX"",""likelihood"":0.65,""delta"":0.55},{""identity"":""WG"",""likelihood"":0.55,""delta"":0.28},{""identity"":""SILVERQUILL"",""likelihood"":0.55,""delta"":0.28},{""identity"":""UG"",""likelihood"":0.65,""delta"":0.55}]","[{""identity"":""COLORLESS"",""likelihood"":0.03,""delta"":-3.5},{""identity"":""WUBRG"",""likelihood"":0.2,""delta"":-0.9}]",27,2,0.75,-3.5,Indirect: changes arbitrary additive scores; softmax share and top-two gap are recomputed from the entire score vector.,"No explicit neutral, unsure, none, or mixed option is present in this question.",Editorial interpretation; no answer-level claim or source reference is present in the live model.,broad-multi-identity-effect,"Assign a stable answer ID, controlled signal contract, evidence classification, explicit positive/negative contract, correlation group, and confidence contribution rule."
gate,gate_v2_pressure_becomes,gate_v2_pressure_many_currents,gate_v2_pressure_many_currents,all identities,"When pressure gathers, what should it become?","Many currents, one course","It should become a working convergence: different forces kept distinct, then aimed together.",balanced convergence,"[""abstract-scenario-preference""]",Inferred: authored W/U/B/R/G/outside/integration loadings are propagated to identity deltas by the builder.,"[{""identity"":""W"",""likelihood"":0.55,""delta"":0.28},{""identity"":""U"",""likelihood"":0.55,""delta"":0.28},{""identity"":""B"",""likelihood"":0.55,""delta"":0.28},{""identity"":""R"",""likelihood"":0.55,""delta"":0.28},{""identity"":""G"",""likelihood"":0.55,""delta"":0.28},{""identity"":""WU"",""likelihood"":0.6,""delta"":0.4},{""identity"":""BANT"",""likelihood"":0.65,""delta"":0.55},{""identity"":""WR"",""likelihood"":0.6,""delta"":0.4},{""identity"":""BR"",""likelihood"":0.6,""delta"":0.4},{""identity"":""ESPER"",""likelihood"":0.65,""delta"":0.55},{""identity"":""GRIXIS"",""likelihood"":0.65,""delta"":0.55},{""identity"":""JUND"",""likelihood"":0.65,""delta"":0.55},{""identity"":""NAYA"",""likelihood"":0.65,""delta"":0.55},{""identity"":""ABZAN"",""likelihood"":0.65,""delta"":0.55},{""identity"":""TEMUR"",""likelihood"":0.65,""delta"":0.55},{""identity"":""SULTAI"",""likelihood"":0.65,""delta"":0.55},{""identity"":""MARDU"",""likelihood"":0.65,""delta"":0.55},{""identity"":""JESKAI"",""likelihood"":0.65,""delta"":0.55},{""identity"":""YORE"",""likelihood"":0.65,""delta"":0.55},{""identity"":""GLINT"",""likelihood"":0.65,""delta"":0.55},{""identity"":""DUNE"",""likelihood"":0.65,""delta"":0.55},{""identity"":""INK"",""likelihood"":0.65,""delta"":0.55},{""identity"":""WITCH"",""likelihood"":0.65,""delta"":0.55},{""identity"":""WUBRG"",""likelihood"":0.95,""delta"":1.45},{""identity"":""BG"",""likelihood"":0.6,""delta"":0.4},{""identity"":""RG"",""likelihood"":0.6,""delta"":0.4},{""identity"":""UB"",""likelihood"":0.6,""delta"":0.4},{""identity"":""UR"",""likelihood"":0.6,""delta"":0.4},{""identity"":""LOREHOLD"",""likelihood"":0.6,""delta"":0.4},{""identity"":""WB"",""likelihood"":0.6,""delta"":0.4},{""identity"":""PRISMARI"",""likelihood"":0.6,""delta"":0.4},{""identity"":""QUANDRIX"",""likelihood"":0.6,""delta"":0.4},{""identity"":""WG"",""likelihood"":0.6,""delta"":0.4},{""identity"":""SILVERQUILL"",""likelihood"":0.6,""delta"":0.4},{""identity"":""UG"",""likelihood"":0.6,""delta"":0.4},{""identity"":""WITHERBLOOM"",""likelihood"":0.6,""delta"":0.4}]","[{""identity"":""COLORLESS"",""likelihood"":0.03,""delta"":-3.5}]",36,1,1.45,-3.5,Indirect: changes arbitrary additive scores; softmax share and top-two gap are recomputed from the entire score vector.,"No explicit neutral, unsure, none, or mixed option is present in this question.",Editorial interpretation; no answer-level claim or source reference is present in the live model.,broad-multi-identity-effect,"Assign a stable answer ID, controlled signal contract, evidence classification, explicit positive/negative contract, correlation group, and confidence contribution rule."
gate,gate_v2_pressure_becomes,gate_v2_pressure_wild_release,gate_v2_pressure_wild_release,all identities,"When pressure gathers, what should it become?",A wild release,"It should become adaptation, appetite, heat, and movement before a brittle answer snaps shut.",adaptive release,"[""psychographic-motivation""]",Inferred: authored W/U/B/R/G/outside/integration loadings are propagated to identity deltas by the builder.,"[{""identity"":""B"",""likelihood"":0.75,""delta"":0.75},{""identity"":""R"",""likelihood"":0.85,""delta"":1},{""identity"":""G"",""likelihood"":0.95,""delta"":1.45},{""identity"":""BANT"",""likelihood"":0.55,""delta"":0.28},{""identity"":""WR"",""likelihood"":0.6,""delta"":0.4},{""identity"":""BR"",""likelihood"":0.9,""delta"":1.2},{""identity"":""GRIXIS"",""likelihood"":0.75,""delta"":0.75},{""identity"":""JUND"",""likelihood"":0.95,""delta"":1.45},{""identity"":""NAYA"",""likelihood"":0.9,""delta"":1.2},{""identity"":""ABZAN"",""likelihood"":0.85,""delta"":1},{""identity"":""TEMUR"",""likelihood"":0.9,""delta"":1.2},{""identity"":""SULTAI"",""likelihood"":0.85,""delta"":1},{""identity"":""MARDU"",""likelihood"":0.75,""delta"":0.75},{""identity"":""YORE"",""likelihood"":0.6,""delta"":0.4},{""identity"":""GLINT"",""likelihood"":0.95,""delta"":1.45},{""identity"":""DUNE"",""likelihood"":0.95,""delta"":1.45},{""identity"":""INK"",""likelihood"":0.75,""delta"":0.75},{""identity"":""WITCH"",""likelihood"":0.75,""delta"":0.75},{""identity"":""BG"",""likelihood"":0.95,""delta"":1.45},{""identity"":""RG"",""likelihood"":0.95,""delta"":1.45},{""identity"":""UB"",""likelihood"":0.55,""delta"":0.28},{""identity"":""UR"",""likelihood"":0.6,""delta"":0.4},{""identity"":""LOREHOLD"",""likelihood"":0.6,""delta"":0.4},{""identity"":""WB"",""likelihood"":0.55,""delta"":0.28},{""identity"":""PRISMARI"",""likelihood"":0.6,""delta"":0.4},{""identity"":""QUANDRIX"",""likelihood"":0.75,""delta"":0.75},{""identity"":""WG"",""likelihood"":0.75,""delta"":0.75},{""identity"":""SILVERQUILL"",""likelihood"":0.55,""delta"":0.28},{""identity"":""UG"",""likelihood"":0.75,""delta"":0.75},{""identity"":""WITHERBLOOM"",""likelihood"":0.95,""delta"":1.45}]","[{""identity"":""W"",""likelihood"":0.35,""delta"":-0.45},{""identity"":""U"",""likelihood"":0.35,""delta"":-0.45},{""identity"":""WU"",""likelihood"":0.25,""delta"":-0.7},{""identity"":""COLORLESS"",""likelihood"":0.03,""delta"":-3.5},{""identity"":""WUBRG"",""likelihood"":0.2,""delta"":-0.9}]",30,5,1.45,-3.5,Indirect: changes arbitrary additive scores; softmax share and top-two gap are recomputed from the entire score vector.,"No explicit neutral, unsure, none, or mixed option is present in this question.",Editorial interpretation; no answer-level claim or source reference is present in the live model.,broad-multi-identity-effect,"Assign a stable answer ID, controlled signal contract, evidence classification, explicit positive/negative contract, correlation group, and confidence contribution rule."
gate,gate_v2_pressure_becomes,gate_v2_pressure_silent_axis,gate_v2_pressure_silent_axis,all identities,"When pressure gathers, what should it become?",A silent axis,"It should become a hard boundary: not loud, not ornamental, simply outside the usual bargain.",outside boundary,"[""abstract-scenario-preference""]",Inferred: authored W/U/B/R/G/outside/integration loadings are propagated to identity deltas by the builder.,"[{""identity"":""COLORLESS"",""likelihood"":0.95,""delta"":1.45}]","[{""identity"":""W"",""likelihood"":0.2,""delta"":-0.9},{""identity"":""U"",""likelihood"":0.2,""delta"":-0.9},{""identity"":""B"",""likelihood"":0.2,""delta"":-0.9},{""identity"":""R"",""likelihood"":0.2,""delta"":-0.9},{""identity"":""G"",""likelihood"":0.2,""delta"":-0.9},{""identity"":""WU"",""likelihood"":0.1,""delta"":-1.5},{""identity"":""BANT"",""likelihood"":0.1,""delta"":-1.5},{""identity"":""WR"",""likelihood"":0.1,""delta"":-1.5},{""identity"":""BR"",""likelihood"":0.1,""delta"":-1.5},{""identity"":""ESPER"",""likelihood"":0.1,""delta"":-1.5},{""identity"":""GRIXIS"",""likelihood"":0.1,""delta"":-1.5},{""identity"":""JUND"",""likelihood"":0.1,""delta"":-1.5},{""identity"":""NAYA"",""likelihood"":0.1,""delta"":-1.5},{""identity"":""ABZAN"",""likelihood"":0.1,""delta"":-1.5},{""identity"":""TEMUR"",""likelihood"":0.1,""delta"":-1.5},{""identity"":""SULTAI"",""likelihood"":0.1,""delta"":-1.5},{""identity"":""MARDU"",""likelihood"":0.1,""delta"":-1.5},{""identity"":""JESKAI"",""likelihood"":0.1,""delta"":-1.5},{""identity"":""YORE"",""likelihood"":0.1,""delta"":-1.5},{""identity"":""GLINT"",""likelihood"":0.1,""delta"":-1.5},{""identity"":""DUNE"",""likelihood"":0.1,""delta"":-1.5},{""identity"":""INK"",""likelihood"":0.1,""delta"":-1.5},{""identity"":""WITCH"",""likelihood"":0.1,""delta"":-1.5},{""identity"":""WUBRG"",""likelihood"":0.2,""delta"":-0.9},{""identity"":""BG"",""likelihood"":0.1,""delta"":-1.5},{""identity"":""RG"",""likelihood"":0.1,""delta"":-1.5},{""identity"":""UB"",""likelihood"":0.1,""delta"":-1.5},{""identity"":""UR"",""likelihood"":0.1,""delta"":-1.5},{""identity"":""LOREHOLD"",""likelihood"":0.1,""delta"":-1.5},{""identity"":""WB"",""likelihood"":0.1,""delta"":-1.5},{""identity"":""PRISMARI"",""likelihood"":0.1,""delta"":-1.5},{""identity"":""QUANDRIX"",""likelihood"":0.1,""delta"":-1.5},{""identity"":""WG"",""likelihood"":0.1,""delta"":-1.5},{""identity"":""SILVERQUILL"",""likelihood"":0.1,""delta"":-1.5},{""identity"":""UG"",""likelihood"":0.1,""delta"":-1.5},{""identity"":""WITHERBLOOM"",""likelihood"":0.1,""delta"":-1.5}]",1,36,1.45,-1.5,Indirect: changes arbitrary additive scores; softmax share and top-two gap are recomputed from the entire score vector.,"No explicit neutral, unsure, none, or mixed option is present in this question.",Editorial interpretation; no answer-level claim or source reference is present in the live model.,,"Assign a stable answer ID, controlled signal contract, evidence classification, explicit positive/negative contract, correlation group, and confidence contribution rule."
gate,gate_v2_first_signal,gate_v2_signal_cold_pattern,gate_v2_signal_cold_pattern,all identities,What signal reaches you first?,The cold pattern,"Before the room gets loud, I notice leverage, implication, and what the facts are already costing.",calculated implication,"[""abstract-scenario-preference""]",Inferred: authored W/U/B/R/G/outside/integration loadings are propagated to identity deltas by the builder.,"[{""identity"":""U"",""likelihood"":0.55,""delta"":0.28},{""identity"":""B"",""likelihood"":0.95,""delta"":1.45},{""identity"":""G"",""likelihood"":0.55,""delta"":0.28},{""identity"":""WU"",""likelihood"":0.5,""delta"":0.12},{""identity"":""BANT"",""likelihood"":0.55,""delta"":0.28},{""identity"":""ESPER"",""likelihood"":0.85,""delta"":1},{""identity"":""GRIXIS"",""likelihood"":0.5,""delta"":0.12},{""identity"":""JUND"",""likelihood"":0.5,""delta"":0.12},{""identity"":""ABZAN"",""likelihood"":0.85,""delta"":1},{""identity"":""SULTAI"",""likelihood"":0.9,""delta"":1.2},{""identity"":""YORE"",""likelihood"":0.5,""delta"":0.12},{""identity"":""GLINT"",""likelihood"":0.55,""delta"":0.28},{""identity"":""DUNE"",""likelihood"":0.5,""delta"":0.12},{""identity"":""WITCH"",""likelihood"":0.85,""delta"":1},{""identity"":""BG"",""likelihood"":0.9,""delta"":1.2},{""identity"":""UB"",""likelihood"":0.9,""delta"":1.2},{""identity"":""WB"",""likelihood"":0.85,""delta"":1},{""identity"":""QUANDRIX"",""likelihood"":0.6,""delta"":0.4},{""identity"":""WG"",""likelihood"":0.5,""delta"":0.12},{""identity"":""SILVERQUILL"",""likelihood"":0.85,""delta"":1},{""identity"":""UG"",""likelihood"":0.6,""delta"":0.4},{""identity"":""WITHERBLOOM"",""likelihood"":0.9,""delta"":1.2}]","[{""identity"":""R"",""likelihood"":0.1,""delta"":-1.5},{""identity"":""WR"",""likelihood"":0.2,""delta"":-0.9},{""identity"":""NAYA"",""likelihood"":0.25,""delta"":-0.7},{""identity"":""TEMUR"",""likelihood"":0.3,""delta"":-0.55},{""identity"":""JESKAI"",""likelihood"":0.25,""delta"":-0.7},{""identity"":""INK"",""likelihood"":0.35,""delta"":-0.45},{""identity"":""COLORLESS"",""likelihood"":0.03,""delta"":-3.5},{""identity"":""WUBRG"",""likelihood"":0.2,""delta"":-0.9},{""identity"":""RG"",""likelihood"":0.2,""delta"":-0.9},{""identity"":""UR"",""likelihood"":0.2,""delta"":-0.9},{""identity"":""LOREHOLD"",""likelihood"":0.2,""delta"":-0.9},{""identity"":""PRISMARI"",""likelihood"":0.2,""delta"":-0.9}]",22,12,1.45,-3.5,Indirect: changes arbitrary additive scores; softmax share and top-two gap are recomputed from the entire score vector.,"No explicit neutral, unsure, none, or mixed option is present in this question.",Editorial interpretation; no answer-level claim or source reference is present in the live model.,broad-multi-identity-effect,"Assign a stable answer ID, controlled signal contract, evidence classification, explicit positive/negative contract, correlation group, and confidence contribution rule."
gate,gate_v2_first_signal,gate_v2_signal_measured_trace,gate_v2_signal_measured_trace,all identities,What signal reaches you first?,The measured trace,I look for the thread beneath the feeling: the sign that tells me what kind of change is possible.,measured inference,"[""psychographic-motivation""]",Inferred: authored W/U/B/R/G/outside/integration loadings are propagated to identity deltas by the builder.,"[{""identity"":""U"",""likelihood"":0.55,""delta"":0.28},{""identity"":""B"",""likelihood"":0.85,""delta"":1},{""identity"":""G"",""likelihood"":0.55,""delta"":0.28},{""identity"":""WU"",""likelihood"":0.5,""delta"":0.12},{""identity"":""BANT"",""likelihood"":0.55,""delta"":0.28},{""identity"":""BR"",""likelihood"":0.55,""delta"":0.28},{""identity"":""ESPER"",""likelihood"":0.75,""delta"":0.75},{""identity"":""GRIXIS"",""likelihood"":0.55,""delta"":0.28},{""identity"":""JUND"",""likelihood"":0.55,""delta"":0.28},{""identity"":""ABZAN"",""likelihood"":0.75,""delta"":0.75},{""identity"":""SULTAI"",""likelihood"":0.85,""delta"":1},{""identity"":""MARDU"",""likelihood"":0.5,""delta"":0.12},{""identity"":""YORE"",""likelihood"":0.55,""delta"":0.28},{""identity"":""GLINT"",""likelihood"":0.6,""delta"":0.4},{""identity"":""DUNE"",""likelihood"":0.55,""delta"":0.28},{""identity"":""WITCH"",""likelihood"":0.75,""delta"":0.75},{""identity"":""BG"",""likelihood"":0.85,""delta"":1},{""identity"":""UB"",""likelihood"":0.85,""delta"":1},{""identity"":""WB"",""likelihood"":0.75,""delta"":0.75},{""identity"":""QUANDRIX"",""likelihood"":0.6,""delta"":0.4},{""identity"":""WG"",""likelihood"":0.5,""delta"":0.12},{""identity"":""SILVERQUILL"",""likelihood"":0.75,""delta"":0.75},{""identity"":""UG"",""likelihood"":0.6,""delta"":0.4},{""identity"":""WITHERBLOOM"",""likelihood"":0.85,""delta"":1}]","[{""identity"":""R"",""likelihood"":0.25,""delta"":-0.7},{""identity"":""WR"",""likelihood"":0.35,""delta"":-0.45},{""identity"":""NAYA"",""likelihood"":0.35,""delta"":-0.45},{""identity"":""JESKAI"",""likelihood"":0.35,""delta"":-0.45},{""identity"":""COLORLESS"",""likelihood"":0.03,""delta"":-3.5},{""identity"":""WUBRG"",""likelihood"":0.2,""delta"":-0.9},{""identity"":""RG"",""likelihood"":0.35,""delta"":-0.45},{""identity"":""UR"",""likelihood"":0.35,""delta"":-0.45},{""identity"":""LOREHOLD"",""likelihood"":0.35,""delta"":-0.45},{""identity"":""PRISMARI"",""likelihood"":0.35,""delta"":-0.45}]",24,10,1,-3.5,Indirect: changes arbitrary additive scores; softmax share and top-two gap are recomputed from the entire score vector.,"No explicit neutral, unsure, none, or mixed option is present in this question.",Editorial interpretation; no answer-level claim or source reference is present in the live model.,broad-multi-identity-effect,"Assign a stable answer ID, controlled signal contract, evidence classification, explicit positive/negative contract, correlation group, and confidence contribution rule."
gate,gate_v2_first_signal,gate_v2_signal_whole_chord,gate_v2_signal_whole_chord,all identities,What signal reaches you first?,The whole chord,"The signal arrives as a chord: thought, hunger, duty, feeling, and life all audible at once.",balanced chord,"[""social-behavior"",""psychographic-motivation""]",Inferred: authored W/U/B/R/G/outside/integration loadings are propagated to identity deltas by the builder.,"[{""identity"":""W"",""likelihood"":0.55,""delta"":0.28},{""identity"":""U"",""likelihood"":0.55,""delta"":0.28},{""identity"":""B"",""likelihood"":0.55,""delta"":0.28},{""identity"":""R"",""likelihood"":0.55,""delta"":0.28},{""identity"":""G"",""likelihood"":0.55,""delta"":0.28},{""identity"":""WU"",""likelihood"":0.6,""delta"":0.4},{""identity"":""BANT"",""likelihood"":0.65,""delta"":0.55},{""identity"":""WR"",""likelihood"":0.6,""delta"":0.4},{""identity"":""BR"",""likelihood"":0.6,""delta"":0.4},{""identity"":""ESPER"",""likelihood"":0.65,""delta"":0.55},{""identity"":""GRIXIS"",""likelihood"":0.65,""delta"":0.55},{""identity"":""JUND"",""likelihood"":0.65,""delta"":0.55},{""identity"":""NAYA"",""likelihood"":0.65,""delta"":0.55},{""identity"":""ABZAN"",""likelihood"":0.65,""delta"":0.55},{""identity"":""TEMUR"",""likelihood"":0.65,""delta"":0.55},{""identity"":""SULTAI"",""likelihood"":0.65,""delta"":0.55},{""identity"":""MARDU"",""likelihood"":0.65,""delta"":0.55},{""identity"":""JESKAI"",""likelihood"":0.65,""delta"":0.55},{""identity"":""YORE"",""likelihood"":0.65,""delta"":0.55},{""identity"":""GLINT"",""likelihood"":0.65,""delta"":0.55},{""identity"":""DUNE"",""likelihood"":0.65,""delta"":0.55},{""identity"":""INK"",""likelihood"":0.65,""delta"":0.55},{""identity"":""WITCH"",""likelihood"":0.65,""delta"":0.55},{""identity"":""WUBRG"",""likelihood"":0.95,""delta"":1.45},{""identity"":""BG"",""likelihood"":0.6,""delta"":0.4},{""identity"":""RG"",""likelihood"":0.6,""delta"":0.4},{""identity"":""UB"",""likelihood"":0.6,""delta"":0.4},{""identity"":""UR"",""likelihood"":0.6,""delta"":0.4},{""identity"":""LOREHOLD"",""likelihood"":0.6,""delta"":0.4},{""identity"":""WB"",""likelihood"":0.6,""delta"":0.4},{""identity"":""PRISMARI"",""likelihood"":0.6,""delta"":0.4},{""identity"":""QUANDRIX"",""likelihood"":0.6,""delta"":0.4},{""identity"":""WG"",""likelihood"":0.6,""delta"":0.4},{""identity"":""SILVERQUILL"",""likelihood"":0.6,""delta"":0.4},{""identity"":""UG"",""likelihood"":0.6,""delta"":0.4},{""identity"":""WITHERBLOOM"",""likelihood"":0.6,""delta"":0.4}]","[{""identity"":""COLORLESS"",""likelihood"":0.03,""delta"":-3.5}]",36,1,1.45,-3.5,Indirect: changes arbitrary additive scores; softmax share and top-two gap are recomputed from the entire score vector.,"No explicit neutral, unsure, none, or mixed option is present in this question.",Editorial interpretation; no answer-level claim or source reference is present in the live model.,broad-multi-identity-effect,"Assign a stable answer ID, controlled signal contract, evidence classification, explicit positive/negative contract, correlation group, and confidence contribution rule."
gate,gate_v2_first_signal,gate_v2_signal_live_spark,gate_v2_signal_live_spark,all identities,What signal reaches you first?,The live spark,"I hear what wants to move: the heat, the honesty, the flash before it gets explained away.",felt ignition,"[""psychographic-motivation""]",Inferred: authored W/U/B/R/G/outside/integration loadings are propagated to identity deltas by the builder.,"[{""identity"":""W"",""likelihood"":0.55,""delta"":0.28},{""identity"":""R"",""likelihood"":0.95,""delta"":1.45},{""identity"":""WU"",""likelihood"":0.5,""delta"":0.12},{""identity"":""BANT"",""likelihood"":0.5,""delta"":0.12},{""identity"":""WR"",""likelihood"":0.9,""delta"":1.2},{""identity"":""NAYA"",""likelihood"":0.85,""delta"":1},{""identity"":""TEMUR"",""likelihood"":0.75,""delta"":0.75},{""identity"":""MARDU"",""likelihood"":0.5,""delta"":0.12},{""identity"":""JESKAI"",""likelihood"":0.85,""delta"":1},{""identity"":""YORE"",""likelihood"":0.5,""delta"":0.12},{""identity"":""DUNE"",""likelihood"":0.5,""delta"":0.12},{""identity"":""INK"",""likelihood"":0.75,""delta"":0.75},{""identity"":""RG"",""likelihood"":0.85,""delta"":1},{""identity"":""UR"",""likelihood"":0.85,""delta"":1},{""identity"":""LOREHOLD"",""likelihood"":0.9,""delta"":1.2},{""identity"":""PRISMARI"",""likelihood"":0.85,""delta"":1},{""identity"":""WG"",""likelihood"":0.5,""delta"":0.12}]","[{""identity"":""B"",""likelihood"":0.1,""delta"":-1.5},{""identity"":""ESPER"",""likelihood"":0.25,""delta"":-0.7},{""identity"":""ABZAN"",""likelihood"":0.25,""delta"":-0.7},{""identity"":""SULTAI"",""likelihood"":0.2,""delta"":-0.9},{""identity"":""WITCH"",""likelihood"":0.3,""delta"":-0.55},{""identity"":""COLORLESS"",""likelihood"":0.03,""delta"":-3.5},{""identity"":""WUBRG"",""likelihood"":0.2,""delta"":-0.9},{""identity"":""BG"",""likelihood"":0.2,""delta"":-0.9},{""identity"":""UB"",""likelihood"":0.2,""delta"":-0.9},{""identity"":""WB"",""likelihood"":0.2,""delta"":-0.9},{""identity"":""SILVERQUILL"",""likelihood"":0.2,""delta"":-0.9},{""identity"":""WITHERBLOOM"",""likelihood"":0.2,""delta"":-0.9}]",17,12,1.45,-3.5,Indirect: changes arbitrary additive scores; softmax share and top-two gap are recomputed from the entire score vector.,"No explicit neutral, unsure, none, or mixed option is present in this question.",Editorial interpretation; no answer-level claim or source reference is present in the live model.,broad-multi-identity-effect,"Assign a stable answer ID, controlled signal contract, evidence classification, explicit positive/negative contract, correlation group, and confidence contribution rule."
gate,gate_v2_first_signal,gate_v2_signal_unlit_edge,gate_v2_signal_unlit_edge,all identities,What signal reaches you first?,The unlit edge,The first signal is absence: a clean edge where the usual symbols stop being useful.,outside boundary,"[""aesthetic-or-narrative-preference""]",Inferred: authored W/U/B/R/G/outside/integration loadings are propagated to identity deltas by the builder.,"[{""identity"":""COLORLESS"",""likelihood"":0.95,""delta"":1.45}]","[{""identity"":""W"",""likelihood"":0.2,""delta"":-0.9},{""identity"":""U"",""likelihood"":0.2,""delta"":-0.9},{""identity"":""B"",""likelihood"":0.2,""delta"":-0.9},{""identity"":""R"",""likelihood"":0.2,""delta"":-0.9},{""identity"":""G"",""likelihood"":0.2,""delta"":-0.9},{""identity"":""WU"",""likelihood"":0.1,""delta"":-1.5},{""identity"":""BANT"",""likelihood"":0.1,""delta"":-1.5},{""identity"":""WR"",""likelihood"":0.1,""delta"":-1.5},{""identity"":""BR"",""likelihood"":0.1,""delta"":-1.5},{""identity"":""ESPER"",""likelihood"":0.1,""delta"":-1.5},{""identity"":""GRIXIS"",""likelihood"":0.1,""delta"":-1.5},{""identity"":""JUND"",""likelihood"":0.1,""delta"":-1.5},{""identity"":""NAYA"",""likelihood"":0.1,""delta"":-1.5},{""identity"":""ABZAN"",""likelihood"":0.1,""delta"":-1.5},{""identity"":""TEMUR"",""likelihood"":0.1,""delta"":-1.5},{""identity"":""SULTAI"",""likelihood"":0.1,""delta"":-1.5},{""identity"":""MARDU"",""likelihood"":0.1,""delta"":-1.5},{""identity"":""JESKAI"",""likelihood"":0.1,""delta"":-1.5},{""identity"":""YORE"",""likelihood"":0.1,""delta"":-1.5},{""identity"":""GLINT"",""likelihood"":0.1,""delta"":-1.5},{""identity"":""DUNE"",""likelihood"":0.1,""delta"":-1.5},{""identity"":""INK"",""likelihood"":0.1,""delta"":-1.5},{""identity"":""WITCH"",""likelihood"":0.1,""delta"":-1.5},{""identity"":""WUBRG"",""likelihood"":0.2,""delta"":-0.9},{""identity"":""BG"",""likelihood"":0.1,""delta"":-1.5},{""identity"":""RG"",""likelihood"":0.1,""delta"":-1.5},{""identity"":""UB"",""likelihood"":0.1,""delta"":-1.5},{""identity"":""UR"",""likelihood"":0.1,""delta"":-1.5},{""identity"":""LOREHOLD"",""likelihood"":0.1,""delta"":-1.5},{""identity"":""WB"",""likelihood"":0.1,""delta"":-1.5},{""identity"":""PRISMARI"",""likelihood"":0.1,""delta"":-1.5},{""identity"":""QUANDRIX"",""likelihood"":0.1,""delta"":-1.5},{""identity"":""WG"",""likelihood"":0.1,""delta"":-1.5},{""identity"":""SILVERQUILL"",""likelihood"":0.1,""delta"":-1.5},{""identity"":""UG"",""likelihood"":0.1,""delta"":-1.5},{""identity"":""WITHERBLOOM"",""likelihood"":0.1,""delta"":-1.5}]",1,36,1.45,-1.5,Indirect: changes arbitrary additive scores; softmax share and top-two gap are recomputed from the entire score vector.,"No explicit neutral, unsure, none, or mixed option is present in this question.",Editorial interpretation; no answer-level claim or source reference is present in the live model.,,"Assign a stable answer ID, controlled signal contract, evidence classification, explicit positive/negative contract, correlation group, and confidence contribution rule."
gate,gate_v2_cost_of_oath,gate_v2_oath_preserve,gate_v2_oath_preserve,all identities,What cost can an oath fairly ask of you?,Preserve what must not break,"It can ask me to carry the old weight: shelter, consequence, and the line that keeps faith intact.",preserving duty,"[""social-behavior"",""philosophical-preference""]",Inferred: authored W/U/B/R/G/outside/integration loadings are propagated to identity deltas by the builder.,"[{""identity"":""W"",""likelihood"":0.95,""delta"":1.45},{""identity"":""B"",""likelihood"":0.6,""delta"":0.4},{""identity"":""R"",""likelihood"":0.75,""delta"":0.75},{""identity"":""WU"",""likelihood"":0.65,""delta"":0.55},{""identity"":""BANT"",""likelihood"":0.6,""delta"":0.4},{""identity"":""WR"",""likelihood"":0.95,""delta"":1.45},{""identity"":""BR"",""likelihood"":0.75,""delta"":0.75},{""identity"":""ESPER"",""likelihood"":0.75,""delta"":0.75},{""identity"":""GRIXIS"",""likelihood"":0.55,""delta"":0.28},{""identity"":""JUND"",""likelihood"":0.75,""delta"":0.75},{""identity"":""NAYA"",""likelihood"":0.9,""delta"":1.2},{""identity"":""ABZAN"",""likelihood"":0.85,""delta"":1},{""identity"":""MARDU"",""likelihood"":0.95,""delta"":1.45},{""identity"":""JESKAI"",""likelihood"":0.75,""delta"":0.75},{""identity"":""YORE"",""likelihood"":0.85,""delta"":1},{""identity"":""GLINT"",""likelihood"":0.55,""delta"":0.28},{""identity"":""DUNE"",""likelihood"":0.9,""delta"":1.2},{""identity"":""INK"",""likelihood"":0.75,""delta"":0.75},{""identity"":""WITCH"",""likelihood"":0.65,""delta"":0.55},{""identity"":""BG"",""likelihood"":0.55,""delta"":0.28},{""identity"":""RG"",""likelihood"":0.65,""delta"":0.55},{""identity"":""LOREHOLD"",""likelihood"":0.95,""delta"":1.45},{""identity"":""WB"",""likelihood"":0.9,""delta"":1.2},{""identity"":""WG"",""likelihood"":0.85,""delta"":1},{""identity"":""SILVERQUILL"",""likelihood"":0.9,""delta"":1.2},{""identity"":""WITHERBLOOM"",""likelihood"":0.55,""delta"":0.28}]","[{""identity"":""U"",""likelihood"":0.25,""delta"":-0.7},{""identity"":""COLORLESS"",""likelihood"":0.03,""delta"":-3.5},{""identity"":""WUBRG"",""likelihood"":0.2,""delta"":-0.9},{""identity"":""QUANDRIX"",""likelihood"":0.35,""delta"":-0.45},{""identity"":""UG"",""likelihood"":0.35,""delta"":-0.45}]",26,5,1.45,-3.5,Indirect: changes arbitrary additive scores; softmax share and top-two gap are recomputed from the entire score vector.,"No explicit neutral, unsure, none, or mixed option is present in this question.",Editorial interpretation; no answer-level claim or source reference is present in the live model.,broad-multi-identity-effect,"Assign a stable answer ID, controlled signal contract, evidence classification, explicit positive/negative contract, correlation group, and confidence contribution rule."
gate,gate_v2_cost_of_oath,gate_v2_oath_steward,gate_v2_oath_steward,all identities,What cost can an oath fairly ask of you?,Steward the change,"It can ask discipline from me: not refusal of change, but care over what change consumes.",careful stewardship,"[""philosophical-preference""]",Inferred: authored W/U/B/R/G/outside/integration loadings are propagated to identity deltas by the builder.,"[{""identity"":""W"",""likelihood"":0.75,""delta"":0.75},{""identity"":""R"",""likelihood"":0.6,""delta"":0.4},{""identity"":""WU"",""likelihood"":0.65,""delta"":0.55},{""identity"":""BANT"",""likelihood"":0.6,""delta"":0.4},{""identity"":""WR"",""likelihood"":0.75,""delta"":0.75},{""identity"":""BR"",""likelihood"":0.55,""delta"":0.28},{""identity"":""ESPER"",""likelihood"":0.6,""delta"":0.4},{""identity"":""GRIXIS"",""likelihood"":0.55,""delta"":0.28},{""identity"":""JUND"",""likelihood"":0.55,""delta"":0.28},{""identity"":""NAYA"",""likelihood"":0.75,""delta"":0.75},{""identity"":""ABZAN"",""likelihood"":0.6,""delta"":0.4},{""identity"":""TEMUR"",""likelihood"":0.55,""delta"":0.28},{""identity"":""MARDU"",""likelihood"":0.75,""delta"":0.75},{""identity"":""JESKAI"",""likelihood"":0.75,""delta"":0.75},{""identity"":""YORE"",""likelihood"":0.65,""delta"":0.55},{""identity"":""GLINT"",""likelihood"":0.55,""delta"":0.28},{""identity"":""DUNE"",""likelihood"":0.65,""delta"":0.55},{""identity"":""INK"",""likelihood"":0.65,""delta"":0.55},{""identity"":""WITCH"",""likelihood"":0.6,""delta"":0.4},{""identity"":""RG"",""likelihood"":0.55,""delta"":0.28},{""identity"":""UR"",""likelihood"":0.55,""delta"":0.28},{""identity"":""LOREHOLD"",""likelihood"":0.75,""delta"":0.75},{""identity"":""WB"",""likelihood"":0.65,""delta"":0.55},{""identity"":""PRISMARI"",""likelihood"":0.55,""delta"":0.28},{""identity"":""WG"",""likelihood"":0.65,""delta"":0.55},{""identity"":""SILVERQUILL"",""likelihood"":0.65,""delta"":0.55}]","[{""identity"":""COLORLESS"",""likelihood"":0.03,""delta"":-3.5},{""identity"":""WUBRG"",""likelihood"":0.2,""delta"":-0.9}]",26,2,0.75,-3.5,Indirect: changes arbitrary additive scores; softmax share and top-two gap are recomputed from the entire score vector.,"No explicit neutral, unsure, none, or mixed option is present in this question.",Editorial interpretation; no answer-level claim or source reference is present in the live model.,broad-multi-identity-effect,"Assign a stable answer ID, controlled signal contract, evidence classification, explicit positive/negative contract, correlation group, and confidence contribution rule."
gate,gate_v2_cost_of_oath,gate_v2_oath_whole_covenant,gate_v2_oath_whole_covenant,all identities,What cost can an oath fairly ask of you?,Keep the whole covenant,"It can ask me to hold every claim in view, even when no single hunger deserves the throne.",integrated covenant,"[""psychographic-motivation"",""philosophical-preference""]",Inferred: authored W/U/B/R/G/outside/integration loadings are propagated to identity deltas by the builder.,"[{""identity"":""W"",""likelihood"":0.55,""delta"":0.28},{""identity"":""U"",""likelihood"":0.55,""delta"":0.28},{""identity"":""B"",""likelihood"":0.55,""delta"":0.28},{""identity"":""R"",""likelihood"":0.55,""delta"":0.28},{""identity"":""G"",""likelihood"":0.55,""delta"":0.28},{""identity"":""WU"",""likelihood"":0.6,""delta"":0.4},{""identity"":""BANT"",""likelihood"":0.65,""delta"":0.55},{""identity"":""WR"",""likelihood"":0.6,""delta"":0.4},{""identity"":""BR"",""likelihood"":0.6,""delta"":0.4},{""identity"":""ESPER"",""likelihood"":0.65,""delta"":0.55},{""identity"":""GRIXIS"",""likelihood"":0.65,""delta"":0.55},{""identity"":""JUND"",""likelihood"":0.65,""delta"":0.55},{""identity"":""NAYA"",""likelihood"":0.65,""delta"":0.55},{""identity"":""ABZAN"",""likelihood"":0.65,""delta"":0.55},{""identity"":""TEMUR"",""likelihood"":0.65,""delta"":0.55},{""identity"":""SULTAI"",""likelihood"":0.65,""delta"":0.55},{""identity"":""MARDU"",""likelihood"":0.65,""delta"":0.55},{""identity"":""JESKAI"",""likelihood"":0.65,""delta"":0.55},{""identity"":""YORE"",""likelihood"":0.65,""delta"":0.55},{""identity"":""GLINT"",""likelihood"":0.65,""delta"":0.55},{""identity"":""DUNE"",""likelihood"":0.65,""delta"":0.55},{""identity"":""INK"",""likelihood"":0.65,""delta"":0.55},{""identity"":""WITCH"",""likelihood"":0.65,""delta"":0.55},{""identity"":""WUBRG"",""likelihood"":0.95,""delta"":1.45},{""identity"":""BG"",""likelihood"":0.6,""delta"":0.4},{""identity"":""RG"",""likelihood"":0.6,""delta"":0.4},{""identity"":""UB"",""likelihood"":0.6,""delta"":0.4},{""identity"":""UR"",""likelihood"":0.6,""delta"":0.4},{""identity"":""LOREHOLD"",""likelihood"":0.6,""delta"":0.4},{""identity"":""WB"",""likelihood"":0.6,""delta"":0.4},{""identity"":""PRISMARI"",""likelihood"":0.6,""delta"":0.4},{""identity"":""QUANDRIX"",""likelihood"":0.6,""delta"":0.4},{""identity"":""WG"",""likelihood"":0.6,""delta"":0.4},{""identity"":""SILVERQUILL"",""likelihood"":0.6,""delta"":0.4},{""identity"":""UG"",""likelihood"":0.6,""delta"":0.4},{""identity"":""WITHERBLOOM"",""likelihood"":0.6,""delta"":0.4}]","[{""identity"":""COLORLESS"",""likelihood"":0.03,""delta"":-3.5}]",36,1,1.45,-3.5,Indirect: changes arbitrary additive scores; softmax share and top-two gap are recomputed from the entire score vector.,"No explicit neutral, unsure, none, or mixed option is present in this question.",Editorial interpretation; no answer-level claim or source reference is present in the live model.,broad-multi-identity-effect,"Assign a stable answer ID, controlled signal contract, evidence classification, explicit positive/negative contract, correlation group, and confidence contribution rule."
gate,gate_v2_cost_of_oath,gate_v2_oath_transform,gate_v2_oath_transform,all identities,What cost can an oath fairly ask of you?,Become the changed thing,It can ask me to release the prior shape and become the answer the threshold requires.,transformative cost,"[""philosophical-preference""]",Inferred: authored W/U/B/R/G/outside/integration loadings are propagated to identity deltas by the builder.,"[{""identity"":""U"",""likelihood"":0.85,""delta"":1},{""identity"":""G"",""likelihood"":0.75,""delta"":0.75},{""identity"":""BANT"",""likelihood"":0.5,""delta"":0.12},{""identity"":""GRIXIS"",""likelihood"":0.65,""delta"":0.55},{""identity"":""JUND"",""likelihood"":0.6,""delta"":0.4},{""identity"":""TEMUR"",""likelihood"":0.85,""delta"":1},{""identity"":""SULTAI"",""likelihood"":0.85,""delta"":1},{""identity"":""GLINT"",""likelihood"":0.85,""delta"":1},{""identity"":""INK"",""likelihood"":0.5,""delta"":0.12},{""identity"":""WITCH"",""likelihood"":0.5,""delta"":0.12},{""identity"":""BG"",""likelihood"":0.65,""delta"":0.55},{""identity"":""RG"",""likelihood"":0.65,""delta"":0.55},{""identity"":""UB"",""likelihood"":0.75,""delta"":0.75},{""identity"":""UR"",""likelihood"":0.75,""delta"":0.75},{""identity"":""PRISMARI"",""likelihood"":0.75,""delta"":0.75},{""identity"":""QUANDRIX"",""likelihood"":0.9,""delta"":1.2},{""identity"":""UG"",""likelihood"":0.9,""delta"":1.2},{""identity"":""WITHERBLOOM"",""likelihood"":0.65,""delta"":0.55}]","[{""identity"":""W"",""likelihood"":0.1,""delta"":-1.5},{""identity"":""WU"",""likelihood"":0.35,""delta"":-0.45},{""identity"":""WR"",""likelihood"":0.2,""delta"":-0.9},{""identity"":""ESPER"",""likelihood"":0.35,""delta"":-0.45},{""identity"":""NAYA"",""likelihood"":0.35,""delta"":-0.45},{""identity"":""ABZAN"",""likelihood"":0.35,""delta"":-0.45},{""identity"":""MARDU"",""likelihood"":0.2,""delta"":-0.9},{""identity"":""JESKAI"",""likelihood"":0.35,""delta"":-0.45},{""identity"":""YORE"",""likelihood"":0.35,""delta"":-0.45},{""identity"":""DUNE"",""likelihood"":0.35,""delta"":-0.45},{""identity"":""COLORLESS"",""likelihood"":0.03,""delta"":-3.5},{""identity"":""WUBRG"",""likelihood"":0.2,""delta"":-0.9},{""identity"":""LOREHOLD"",""likelihood"":0.2,""delta"":-0.9},{""identity"":""WB"",""likelihood"":0.2,""delta"":-0.9},{""identity"":""WG"",""likelihood"":0.3,""delta"":-0.55},{""identity"":""SILVERQUILL"",""likelihood"":0.2,""delta"":-0.9}]",18,16,1.2,-3.5,Indirect: changes arbitrary additive scores; softmax share and top-two gap are recomputed from the entire score vector.,"No explicit neutral, unsure, none, or mixed option is present in this question.",Editorial interpretation; no answer-level claim or source reference is present in the live model.,broad-multi-identity-effect,"Assign a stable answer ID, controlled signal contract, evidence classification, explicit positive/negative contract, correlation group, and confidence contribution rule."
gate,gate_v2_cost_of_oath,gate_v2_oath_without_color,gate_v2_oath_without_color,all identities,What cost can an oath fairly ask of you?,Stand where the lamp does not reach,"It can ask a clean refusal: no borrowed brightness, no decorated answer, only the boundary kept.",outside boundary,"[""philosophical-preference""]",Inferred: authored W/U/B/R/G/outside/integration loadings are propagated to identity deltas by the builder.,"[{""identity"":""COLORLESS"",""likelihood"":0.95,""delta"":1.45}]","[{""identity"":""W"",""likelihood"":0.2,""delta"":-0.9},{""identity"":""U"",""likelihood"":0.2,""delta"":-0.9},{""identity"":""B"",""likelihood"":0.2,""delta"":-0.9},{""identity"":""R"",""likelihood"":0.2,""delta"":-0.9},{""identity"":""G"",""likelihood"":0.2,""delta"":-0.9},{""identity"":""WU"",""likelihood"":0.1,""delta"":-1.5},{""identity"":""BANT"",""likelihood"":0.1,""delta"":-1.5},{""identity"":""WR"",""likelihood"":0.1,""delta"":-1.5},{""identity"":""BR"",""likelihood"":0.1,""delta"":-1.5},{""identity"":""ESPER"",""likelihood"":0.1,""delta"":-1.5},{""identity"":""GRIXIS"",""likelihood"":0.1,""delta"":-1.5},{""identity"":""JUND"",""likelihood"":0.1,""delta"":-1.5},{""identity"":""NAYA"",""likelihood"":0.1,""delta"":-1.5},{""identity"":""ABZAN"",""likelihood"":0.1,""delta"":-1.5},{""identity"":""TEMUR"",""likelihood"":0.1,""delta"":-1.5},{""identity"":""SULTAI"",""likelihood"":0.1,""delta"":-1.5},{""identity"":""MARDU"",""likelihood"":0.1,""delta"":-1.5},{""identity"":""JESKAI"",""likelihood"":0.1,""delta"":-1.5},{""identity"":""YORE"",""likelihood"":0.1,""delta"":-1.5},{""identity"":""GLINT"",""likelihood"":0.1,""delta"":-1.5},{""identity"":""DUNE"",""likelihood"":0.1,""delta"":-1.5},{""identity"":""INK"",""likelihood"":0.1,""delta"":-1.5},{""identity"":""WITCH"",""likelihood"":0.1,""delta"":-1.5},{""identity"":""WUBRG"",""likelihood"":0.2,""delta"":-0.9},{""identity"":""BG"",""likelihood"":0.1,""delta"":-1.5},{""identity"":""RG"",""likelihood"":0.1,""delta"":-1.5},{""identity"":""UB"",""likelihood"":0.1,""delta"":-1.5},{""identity"":""UR"",""likelihood"":0.1,""delta"":-1.5},{""identity"":""LOREHOLD"",""likelihood"":0.1,""delta"":-1.5},{""identity"":""WB"",""likelihood"":0.1,""delta"":-1.5},{""identity"":""PRISMARI"",""likelihood"":0.1,""delta"":-1.5},{""identity"":""QUANDRIX"",""likelihood"":0.1,""delta"":-1.5},{""identity"":""WG"",""likelihood"":0.1,""delta"":-1.5},{""identity"":""SILVERQUILL"",""likelihood"":0.1,""delta"":-1.5},{""identity"":""UG"",""likelihood"":0.1,""delta"":-1.5},{""identity"":""WITHERBLOOM"",""likelihood"":0.1,""delta"":-1.5}]",1,36,1.45,-1.5,Indirect: changes arbitrary additive scores; softmax share and top-two gap are recomputed from the entire score vector.,"No explicit neutral, unsure, none, or mixed option is present in this question.",Editorial interpretation; no answer-level claim or source reference is present in the live model.,,"Assign a stable answer ID, controlled signal contract, evidence classification, explicit positive/negative contract, correlation group, and confidence contribution rule."
hall,hall_W_shelter,,hall_W_shelter#answer-1,W,A frightened group needs protection before trust has time to grow. What response feels most dependable?,Build the shelter,"Set the standard, make the boundary clear, and give people something reliable to stand inside.",shelter through structure,"[""social-behavior"",""psychographic-motivation""]",Direct editorial assignment: the builder copies hard-coded identity likelihoods and suppressions into the live model.,"[{""identity"":""W"",""likelihood"":0.95,""delta"":1.45},{""identity"":""WG"",""likelihood"":0.65,""delta"":0.55},{""identity"":""WU"",""likelihood"":0.6,""delta"":0.4},{""identity"":""WR"",""likelihood"":0.55,""delta"":0.28}]","[{""identity"":""UB"",""likelihood"":0.35,""delta"":-0.45},{""identity"":""BR"",""likelihood"":0.35,""delta"":-0.45}]",4,2,1.45,-0.45,Indirect: changes arbitrary additive scores; softmax share and top-two gap are recomputed from the entire score vector.,"No explicit neutral, unsure, none, or mixed option is present in this question.",Editorial interpretation; no answer-level claim or source reference is present in the live model.,missing-stable-answer-id,"Assign a stable answer ID, controlled signal contract, evidence classification, explicit positive/negative contract, correlation group, and confidence contribution rule."
hall,hall_W_shelter,,hall_W_shelter#answer-2,W,A frightened group needs protection before trust has time to grow. What response feels most dependable?,Write the procedure,Protection lasts when the process is explicit enough to survive mood.,procedure first,"[""social-behavior"",""psychographic-motivation""]",Direct editorial assignment: the builder copies hard-coded identity likelihoods and suppressions into the live model.,"[{""identity"":""WU"",""likelihood"":0.85,""delta"":1}]","[{""identity"":""W"",""likelihood"":0.35,""delta"":-0.45}]",1,1,1,-0.45,Indirect: changes arbitrary additive scores; softmax share and top-two gap are recomputed from the entire score vector.,"No explicit neutral, unsure, none, or mixed option is present in this question.",Editorial interpretation; no answer-level claim or source reference is present in the live model.,missing-stable-answer-id,"Assign a stable answer ID, controlled signal contract, evidence classification, explicit positive/negative contract, correlation group, and confidence contribution rule."
hall,hall_W_shelter,,hall_W_shelter#answer-3,W,A frightened group needs protection before trust has time to grow. What response feels most dependable?,Intervene immediately,The first duty is to put yourself between the danger and the vulnerable person.,urgent guardianship,"[""social-behavior"",""psychographic-motivation""]",Direct editorial assignment: the builder copies hard-coded identity likelihoods and suppressions into the live model.,"[{""identity"":""WR"",""likelihood"":0.85,""delta"":1}]","[{""identity"":""W"",""likelihood"":0.25,""delta"":-0.7}]",1,1,1,-0.7,Indirect: changes arbitrary additive scores; softmax share and top-two gap are recomputed from the entire score vector.,"No explicit neutral, unsure, none, or mixed option is present in this question.",Editorial interpretation; no answer-level claim or source reference is present in the live model.,missing-stable-answer-id,"Assign a stable answer ID, controlled signal contract, evidence classification, explicit positive/negative contract, correlation group, and confidence contribution rule."
hall,hall_W_shelter,,hall_W_shelter#answer-4,W,A frightened group needs protection before trust has time to grow. What response feels most dependable?,Restore belonging,People trust protection more when they feel held by the whole group.,belonging as shelter,"[""social-behavior"",""psychographic-motivation""]",Direct editorial assignment: the builder copies hard-coded identity likelihoods and suppressions into the live model.,"[{""identity"":""WG"",""likelihood"":0.8,""delta"":1}]","[{""identity"":""W"",""likelihood"":0.25,""delta"":-0.7}]",1,1,1,-0.7,Indirect: changes arbitrary additive scores; softmax share and top-two gap are recomputed from the entire score vector.,"No explicit neutral, unsure, none, or mixed option is present in this question.",Editorial interpretation; no answer-level claim or source reference is present in the live model.,missing-stable-answer-id,"Assign a stable answer ID, controlled signal contract, evidence classification, explicit positive/negative contract, correlation group, and confidence contribution rule."
hall,hall_W_duty,,hall_W_duty#answer-1,W,"A structure is imperfect, but it still keeps more people safe than improvisation. What matters most?",Strengthen what protects,"If the shelter holds, improve it and keep faith with the people relying on it.",duty to maintain shelter,"[""social-behavior""]",Direct editorial assignment: the builder copies hard-coded identity likelihoods and suppressions into the live model.,"[{""identity"":""W"",""likelihood"":0.95,""delta"":1.45},{""identity"":""WU"",""likelihood"":0.65,""delta"":0.55},{""identity"":""WG"",""likelihood"":0.6,""delta"":0.4},{""identity"":""WR"",""likelihood"":0.55,""delta"":0.28}]","[{""identity"":""BR"",""likelihood"":0.35,""delta"":-0.45},{""identity"":""RG"",""likelihood"":0.35,""delta"":-0.45}]",4,2,1.45,-0.45,Indirect: changes arbitrary additive scores; softmax share and top-two gap are recomputed from the entire score vector.,"No explicit neutral, unsure, none, or mixed option is present in this question.",Editorial interpretation; no answer-level claim or source reference is present in the live model.,missing-stable-answer-id,"Assign a stable answer ID, controlled signal contract, evidence classification, explicit positive/negative contract, correlation group, and confidence contribution rule."
hall,hall_W_duty,,hall_W_duty#answer-2,W,"A structure is imperfect, but it still keeps more people safe than improvisation. What matters most?",Refine the procedure,The system matters most when its rules are precise enough to remain fair under pressure.,airtight procedure,"[""social-behavior""]",Direct editorial assignment: the builder copies hard-coded identity likelihoods and suppressions into the live model.,"[{""identity"":""WU"",""likelihood"":0.85,""delta"":1}]","[{""identity"":""W"",""likelihood"":0.3,""delta"":-0.55}]",1,1,1,-0.55,Indirect: changes arbitrary additive scores; softmax share and top-two gap are recomputed from the entire score vector.,"No explicit neutral, unsure, none, or mixed option is present in this question.",Editorial interpretation; no answer-level claim or source reference is present in the live model.,missing-stable-answer-id,"Assign a stable answer ID, controlled signal contract, evidence classification, explicit positive/negative contract, correlation group, and confidence contribution rule."
hall,hall_W_duty,,hall_W_duty#answer-3,W,"A structure is imperfect, but it still keeps more people safe than improvisation. What matters most?",Choose the urgent case,A structure that hesitates in the face of harm must be overruled by action.,case-first intervention,"[""social-behavior""]",Direct editorial assignment: the builder copies hard-coded identity likelihoods and suppressions into the live model.,"[{""identity"":""WR"",""likelihood"":0.85,""delta"":1}]","[{""identity"":""W"",""likelihood"":0.25,""delta"":-0.7}]",1,1,1,-0.7,Indirect: changes arbitrary additive scores; softmax share and top-two gap are recomputed from the entire score vector.,"No explicit neutral, unsure, none, or mixed option is present in this question.",Editorial interpretation; no answer-level claim or source reference is present in the live model.,missing-stable-answer-id,"Assign a stable answer ID, controlled signal contract, evidence classification, explicit positive/negative contract, correlation group, and confidence contribution rule."
hall,hall_W_duty,,hall_W_duty#answer-4,W,"A structure is imperfect, but it still keeps more people safe than improvisation. What matters most?",Heal the bond,"Protection is real when people want to carry it together, not just receive it.",shared care,"[""social-behavior"",""psychographic-motivation""]",Direct editorial assignment: the builder copies hard-coded identity likelihoods and suppressions into the live model.,"[{""identity"":""WG"",""likelihood"":0.8,""delta"":1}]","[{""identity"":""W"",""likelihood"":0.25,""delta"":-0.7}]",1,1,1,-0.7,Indirect: changes arbitrary additive scores; softmax share and top-two gap are recomputed from the entire score vector.,"No explicit neutral, unsure, none, or mixed option is present in this question.",Editorial interpretation; no answer-level claim or source reference is present in the live model.,missing-stable-answer-id,"Assign a stable answer ID, controlled signal contract, evidence classification, explicit positive/negative contract, correlation group, and confidence contribution rule."
hall,hall_B_cost,,hall_B_cost#answer-1,B,"A choice will cost life, comfort, or loyalty, but it keeps your fate from belonging to someone else. What makes the exchange honest?",Pay the cost,"If the price buys agency, the cost is part of the plan rather than a warning to stop.",power at a cost,"[""social-behavior"",""psychographic-motivation"",""aesthetic-or-narrative-preference""]",Direct editorial assignment: the builder copies hard-coded identity likelihoods and suppressions into the live model.,"[{""identity"":""B"",""likelihood"":0.95,""delta"":1.45},{""identity"":""UB"",""likelihood"":0.6,""delta"":0.4},{""identity"":""BR"",""likelihood"":0.55,""delta"":0.28},{""identity"":""WB"",""likelihood"":0.55,""delta"":0.28}]","[{""identity"":""U"",""likelihood"":0.35,""delta"":-0.45},{""identity"":""W"",""likelihood"":0.35,""delta"":-0.45},{""identity"":""WG"",""likelihood"":0.35,""delta"":-0.45}]",4,3,1.45,-0.45,Indirect: changes arbitrary additive scores; softmax share and top-two gap are recomputed from the entire score vector.,"No explicit neutral, unsure, none, or mixed option is present in this question.",Editorial interpretation; no answer-level claim or source reference is present in the live model.,missing-stable-answer-id,"Assign a stable answer ID, controlled signal contract, evidence classification, explicit positive/negative contract, correlation group, and confidence contribution rule."
hall,hall_B_cost,,hall_B_cost#answer-2,B,"A choice will cost life, comfort, or loyalty, but it keeps your fate from belonging to someone else. What makes the exchange honest?",Hide the leverage,Control is safest when no one knows which resource you are holding.,secret leverage,"[""gameplay-or-deck-behavior"",""social-behavior""]",Direct editorial assignment: the builder copies hard-coded identity likelihoods and suppressions into the live model.,"[{""identity"":""UB"",""likelihood"":0.85,""delta"":1}]","[{""identity"":""B"",""likelihood"":0.3,""delta"":-0.55}]",1,1,1,-0.55,Indirect: changes arbitrary additive scores; softmax share and top-two gap are recomputed from the entire score vector.,"No explicit neutral, unsure, none, or mixed option is present in this question.",Editorial interpretation; no answer-level claim or source reference is present in the live model.,missing-stable-answer-id,"Assign a stable answer ID, controlled signal contract, evidence classification, explicit positive/negative contract, correlation group, and confidence contribution rule."
hall,hall_B_cost,,hall_B_cost#answer-3,B,"A choice will cost life, comfort, or loyalty, but it keeps your fate from belonging to someone else. What makes the exchange honest?",Make it a debt,A cost matters most when it becomes an obligation someone must answer.,binding debt,"[""social-behavior""]",Direct editorial assignment: the builder copies hard-coded identity likelihoods and suppressions into the live model.,"[{""identity"":""WB"",""likelihood"":0.85,""delta"":1}]","[{""identity"":""B"",""likelihood"":0.25,""delta"":-0.7}]",1,1,1,-0.7,Indirect: changes arbitrary additive scores; softmax share and top-two gap are recomputed from the entire score vector.,"No explicit neutral, unsure, none, or mixed option is present in this question.",Editorial interpretation; no answer-level claim or source reference is present in the live model.,missing-stable-answer-id,"Assign a stable answer ID, controlled signal contract, evidence classification, explicit positive/negative contract, correlation group, and confidence contribution rule."
hall,hall_B_cost,,hall_B_cost#answer-4,B,"A choice will cost life, comfort, or loyalty, but it keeps your fate from belonging to someone else. What makes the exchange honest?",Spend the restraint,The release itself is the point; the price proves the appetite is real.,unrestrained appetite,"[""social-behavior"",""psychographic-motivation""]",Direct editorial assignment: the builder copies hard-coded identity likelihoods and suppressions into the live model.,"[{""identity"":""BR"",""likelihood"":0.85,""delta"":1}]","[{""identity"":""B"",""likelihood"":0.25,""delta"":-0.7}]",1,1,1,-0.7,Indirect: changes arbitrary additive scores; softmax share and top-two gap are recomputed from the entire score vector.,"No explicit neutral, unsure, none, or mixed option is present in this question.",Editorial interpretation; no answer-level claim or source reference is present in the live model.,missing-stable-answer-id,"Assign a stable answer ID, controlled signal contract, evidence classification, explicit positive/negative contract, correlation group, and confidence contribution rule."
hall,hall_B_graveyard,,hall_B_graveyard#answer-1,B,"Something useful has died, failed, or been spent. What should happen to it now?",Reclaim it as leverage,The graveyard is not a memorial. It is a resource line waiting to be used.,graveyard as resource,"[""gameplay-or-deck-behavior""]",Direct editorial assignment: the builder copies hard-coded identity likelihoods and suppressions into the live model.,"[{""identity"":""B"",""likelihood"":0.95,""delta"":1.45},{""identity"":""BG"",""likelihood"":0.65,""delta"":0.55},{""identity"":""UB"",""likelihood"":0.55,""delta"":0.28},{""identity"":""WB"",""likelihood"":0.5,""delta"":0.12}]","[{""identity"":""U"",""likelihood"":0.35,""delta"":-0.45},{""identity"":""W"",""likelihood"":0.35,""delta"":-0.45},{""identity"":""WG"",""likelihood"":0.3,""delta"":-0.55}]",4,3,1.45,-0.55,Indirect: changes arbitrary additive scores; softmax share and top-two gap are recomputed from the entire score vector.,"No explicit neutral, unsure, none, or mixed option is present in this question.",Editorial interpretation; no answer-level claim or source reference is present in the live model.,missing-stable-answer-id,"Assign a stable answer ID, controlled signal contract, evidence classification, explicit positive/negative contract, correlation group, and confidence contribution rule."
hall,hall_B_graveyard,,hall_B_graveyard#answer-2,B,"Something useful has died, failed, or been spent. What should happen to it now?",Feed the cycle,Decay matters because it makes the next life possible.,cycle of decay,"[""abstract-scenario-preference""]",Direct editorial assignment: the builder copies hard-coded identity likelihoods and suppressions into the live model.,"[{""identity"":""BG"",""likelihood"":0.85,""delta"":1},{""identity"":""WITHERBLOOM"",""likelihood"":0.75,""delta"":0.75}]","[{""identity"":""B"",""likelihood"":0.3,""delta"":-0.55}]",2,1,1,-0.55,Indirect: changes arbitrary additive scores; softmax share and top-two gap are recomputed from the entire score vector.,"No explicit neutral, unsure, none, or mixed option is present in this question.",Editorial interpretation; no answer-level claim or source reference is present in the live model.,missing-stable-answer-id,"Assign a stable answer ID, controlled signal contract, evidence classification, explicit positive/negative contract, correlation group, and confidence contribution rule."
hall,hall_B_graveyard,,hall_B_graveyard#answer-3,B,"Something useful has died, failed, or been spent. What should happen to it now?",Protect the record,"What is gone should become duty, precedent, or warning.",memorial duty,"[""social-behavior""]",Direct editorial assignment: the builder copies hard-coded identity likelihoods and suppressions into the live model.,"[{""identity"":""W"",""likelihood"":0.65,""delta"":0.55},{""identity"":""LOREHOLD"",""likelihood"":0.6,""delta"":0.4}]","[{""identity"":""B"",""likelihood"":0.25,""delta"":-0.7}]",2,1,0.55,-0.7,Indirect: changes arbitrary additive scores; softmax share and top-two gap are recomputed from the entire score vector.,"No explicit neutral, unsure, none, or mixed option is present in this question.",Editorial interpretation; no answer-level claim or source reference is present in the live model.,missing-stable-answer-id,"Assign a stable answer ID, controlled signal contract, evidence classification, explicit positive/negative contract, correlation group, and confidence contribution rule."
hall,hall_B_graveyard,,hall_B_graveyard#answer-4,B,"Something useful has died, failed, or been spent. What should happen to it now?",Turn it into pressure,The loss should make everyone else feel what the exchange is worth.,public pressure,"[""gameplay-or-deck-behavior"",""social-behavior"",""psychographic-motivation""]",Direct editorial assignment: the builder copies hard-coded identity likelihoods and suppressions into the live model.,"[{""identity"":""BR"",""likelihood"":0.75,""delta"":0.75},{""identity"":""SILVERQUILL"",""likelihood"":0.65,""delta"":0.55}]","[{""identity"":""B"",""likelihood"":0.25,""delta"":-0.7}]",2,1,0.75,-0.7,Indirect: changes arbitrary additive scores; softmax share and top-two gap are recomputed from the entire score vector.,"No explicit neutral, unsure, none, or mixed option is present in this question.",Editorial interpretation; no answer-level claim or source reference is present in the live model.,missing-stable-answer-id,"Assign a stable answer ID, controlled signal contract, evidence classification, explicit positive/negative contract, correlation group, and confidence contribution rule."
hall,hall_U_understanding,,hall_U_understanding#answer-1,U,The room wants action before the variables are clear. What response feels most responsible?,Map the variables,"Preserve options, gather the missing information, and move once the structure can be understood.",act after understanding,"[""psychographic-motivation""]",Direct editorial assignment: the builder copies hard-coded identity likelihoods and suppressions into the live model.,"[{""identity"":""U"",""likelihood"":0.95,""delta"":1.45},{""identity"":""WU"",""likelihood"":0.6,""delta"":0.4},{""identity"":""UB"",""likelihood"":0.55,""delta"":0.28},{""identity"":""UR"",""likelihood"":0.5,""delta"":0.12}]","[{""identity"":""B"",""likelihood"":0.65,""delta"":0.55},{""identity"":""WB"",""likelihood"":0.65,""delta"":0.55},{""identity"":""BR"",""likelihood"":0.35,""delta"":-0.45},{""identity"":""RG"",""likelihood"":0.35,""delta"":-0.45}]",4,4,1.45,-0.45,Indirect: changes arbitrary additive scores; softmax share and top-two gap are recomputed from the entire score vector.,"No explicit neutral, unsure, none, or mixed option is present in this question.",Editorial interpretation; no answer-level claim or source reference is present in the live model.,missing-stable-answer-id|suppression-not-negative,"Assign a stable answer ID, controlled signal contract, evidence classification, explicit positive/negative contract, correlation group, and confidence contribution rule."
hall,hall_U_understanding,,hall_U_understanding#answer-2,U,The room wants action before the variables are clear. What response feels most responsible?,Codify the process,The answer should become a rule everyone can trust.,formal procedure,"[""social-behavior"",""psychographic-motivation""]",Direct editorial assignment: the builder copies hard-coded identity likelihoods and suppressions into the live model.,"[{""identity"":""WU"",""likelihood"":0.85,""delta"":1}]","[{""identity"":""U"",""likelihood"":0.25,""delta"":-0.7}]",1,1,1,-0.7,Indirect: changes arbitrary additive scores; softmax share and top-two gap are recomputed from the entire score vector.,"No explicit neutral, unsure, none, or mixed option is present in this question.",Editorial interpretation; no answer-level claim or source reference is present in the live model.,missing-stable-answer-id,"Assign a stable answer ID, controlled signal contract, evidence classification, explicit positive/negative contract, correlation group, and confidence contribution rule."
hall,hall_U_understanding,,hall_U_understanding#answer-3,U,The room wants action before the variables are clear. What response feels most responsible?,Keep the secret,The safest move is to know more than the table knows you know.,hidden leverage,"[""social-behavior"",""psychographic-motivation""]",Direct editorial assignment: the builder copies hard-coded identity likelihoods and suppressions into the live model.,"[{""identity"":""UB"",""likelihood"":0.85,""delta"":1}]","[{""identity"":""U"",""likelihood"":0.25,""delta"":-0.7}]",1,1,1,-0.7,Indirect: changes arbitrary additive scores; softmax share and top-two gap are recomputed from the entire score vector.,"No explicit neutral, unsure, none, or mixed option is present in this question.",Editorial interpretation; no answer-level claim or source reference is present in the live model.,missing-stable-answer-id,"Assign a stable answer ID, controlled signal contract, evidence classification, explicit positive/negative contract, correlation group, and confidence contribution rule."
hall,hall_U_understanding,,hall_U_understanding#answer-4,U,The room wants action before the variables are clear. What response feels most responsible?,Run the experiment,Build the test and let the result teach you in motion.,volatile experiment,"[""psychographic-motivation""]",Direct editorial assignment: the builder copies hard-coded identity likelihoods and suppressions into the live model.,"[{""identity"":""UR"",""likelihood"":0.85,""delta"":1}]","[{""identity"":""U"",""likelihood"":0.25,""delta"":-0.7}]",1,1,1,-0.7,Indirect: changes arbitrary additive scores; softmax share and top-two gap are recomputed from the entire score vector.,"No explicit neutral, unsure, none, or mixed option is present in this question.",Editorial interpretation; no answer-level claim or source reference is present in the live model.,missing-stable-answer-id,"Assign a stable answer ID, controlled signal contract, evidence classification, explicit positive/negative contract, correlation group, and confidence contribution rule."
hall,hall_U_possibility,,hall_U_possibility#answer-1,U,A person or system seems limited by its current shape. What makes progress trustworthy?,Improve the model,"Education, tools, and repeatable practice can turn a current limit into a solvable problem.",optimization through knowledge,"[""gameplay-or-deck-behavior"",""social-behavior"",""philosophical-preference""]",Direct editorial assignment: the builder copies hard-coded identity likelihoods and suppressions into the live model.,"[{""identity"":""U"",""likelihood"":0.95,""delta"":1.45},{""identity"":""UG"",""likelihood"":0.6,""delta"":0.4},{""identity"":""UR"",""likelihood"":0.55,""delta"":0.28},{""identity"":""WU"",""likelihood"":0.5,""delta"":0.12}]","[{""identity"":""B"",""likelihood"":0.65,""delta"":0.55},{""identity"":""WB"",""likelihood"":0.65,""delta"":0.55},{""identity"":""RG"",""likelihood"":0.3,""delta"":-0.55},{""identity"":""BR"",""likelihood"":0.25,""delta"":-0.7}]",4,4,1.45,-0.7,Indirect: changes arbitrary additive scores; softmax share and top-two gap are recomputed from the entire score vector.,"No explicit neutral, unsure, none, or mixed option is present in this question.",Editorial interpretation; no answer-level claim or source reference is present in the live model.,missing-stable-answer-id|suppression-not-negative,"Assign a stable answer ID, controlled signal contract, evidence classification, explicit positive/negative contract, correlation group, and confidence contribution rule."
hall,hall_U_possibility,,hall_U_possibility#answer-2,U,A person or system seems limited by its current shape. What makes progress trustworthy?,Adapt the organism,The living form should change so it can survive what comes next.,biological adaptation,"[""social-behavior""]",Direct editorial assignment: the builder copies hard-coded identity likelihoods and suppressions into the live model.,"[{""identity"":""UG"",""likelihood"":0.85,""delta"":1}]","[{""identity"":""U"",""likelihood"":0.25,""delta"":-0.7}]",1,1,1,-0.7,Indirect: changes arbitrary additive scores; softmax share and top-two gap are recomputed from the entire score vector.,"No explicit neutral, unsure, none, or mixed option is present in this question.",Editorial interpretation; no answer-level claim or source reference is present in the live model.,missing-stable-answer-id,"Assign a stable answer ID, controlled signal contract, evidence classification, explicit positive/negative contract, correlation group, and confidence contribution rule."
hall,hall_U_possibility,,hall_U_possibility#answer-3,U,A person or system seems limited by its current shape. What makes progress trustworthy?,Accelerate the prototype,The breakthrough arrives when the experiment is pushed hard enough to reveal itself.,rapid experimentation,"[""social-behavior""]",Direct editorial assignment: the builder copies hard-coded identity likelihoods and suppressions into the live model.,"[{""identity"":""UR"",""likelihood"":0.85,""delta"":1}]","[{""identity"":""U"",""likelihood"":0.25,""delta"":-0.7}]",1,1,1,-0.7,Indirect: changes arbitrary additive scores; softmax share and top-two gap are recomputed from the entire score vector.,"No explicit neutral, unsure, none, or mixed option is present in this question.",Editorial interpretation; no answer-level claim or source reference is present in the live model.,missing-stable-answer-id,"Assign a stable answer ID, controlled signal contract, evidence classification, explicit positive/negative contract, correlation group, and confidence contribution rule."
hall,hall_U_possibility,,hall_U_possibility#answer-4,U,A person or system seems limited by its current shape. What makes progress trustworthy?,Secure the leverage,Improvement matters most when the knowledge becomes power no one can take.,knowledge as leverage,"[""social-behavior"",""philosophical-preference""]",Direct editorial assignment: the builder copies hard-coded identity likelihoods and suppressions into the live model.,"[{""identity"":""UB"",""likelihood"":0.8,""delta"":1}]","[{""identity"":""U"",""likelihood"":0.25,""delta"":-0.7}]",1,1,1,-0.7,Indirect: changes arbitrary additive scores; softmax share and top-two gap are recomputed from the entire score vector.,"No explicit neutral, unsure, none, or mixed option is present in this question.",Editorial interpretation; no answer-level claim or source reference is present in the live model.,missing-stable-answer-id,"Assign a stable answer ID, controlled signal contract, evidence classification, explicit positive/negative contract, correlation group, and confidence contribution rule."
hall,hall_R_ignition,,hall_R_ignition#answer-1,R,A feeling arrives before anyone has given permission. What makes the next move honest?,Move with the spark,The feeling is already information. Act while it is alive enough to matter.,emotion into action,"[""psychographic-motivation""]",Direct editorial assignment: the builder copies hard-coded identity likelihoods and suppressions into the live model.,"[{""identity"":""R"",""likelihood"":0.95,""delta"":1.45},{""identity"":""WR"",""likelihood"":0.55,""delta"":0.28},{""identity"":""UR"",""likelihood"":0.5,""delta"":0.12},{""identity"":""BR"",""likelihood"":0.45,""delta"":0},{""identity"":""RG"",""likelihood"":0.45,""delta"":0}]","[{""identity"":""WU"",""likelihood"":0.45,""delta"":0},{""identity"":""U"",""likelihood"":0.35,""delta"":-0.45},{""identity"":""WB"",""likelihood"":0.25,""delta"":-0.7}]",5,3,1.45,-0.7,Indirect: changes arbitrary additive scores; softmax share and top-two gap are recomputed from the entire score vector.,"No explicit neutral, unsure, none, or mixed option is present in this question.",Editorial interpretation; no answer-level claim or source reference is present in the live model.,missing-stable-answer-id|suppression-not-negative,"Assign a stable answer ID, controlled signal contract, evidence classification, explicit positive/negative contract, correlation group, and confidence contribution rule."
hall,hall_R_ignition,,hall_R_ignition#answer-2,R,A feeling arrives before anyone has given permission. What makes the next move honest?,Protect someone now,The urgency matters because a vulnerable person needs an intervening body.,urgent protection,"[""social-behavior"",""psychographic-motivation""]",Direct editorial assignment: the builder copies hard-coded identity likelihoods and suppressions into the live model.,"[{""identity"":""WR"",""likelihood"":0.85,""delta"":1}]","[{""identity"":""R"",""likelihood"":0.25,""delta"":-0.7}]",1,1,1,-0.7,Indirect: changes arbitrary additive scores; softmax share and top-two gap are recomputed from the entire score vector.,"No explicit neutral, unsure, none, or mixed option is present in this question.",Editorial interpretation; no answer-level claim or source reference is present in the live model.,missing-stable-answer-id,"Assign a stable answer ID, controlled signal contract, evidence classification, explicit positive/negative contract, correlation group, and confidence contribution rule."
hall,hall_R_ignition,,hall_R_ignition#answer-3,R,A feeling arrives before anyone has given permission. What makes the next move honest?,Make it a test,Build the experiment and let the result teach you what the spark means.,experimental technique,"[""psychographic-motivation""]",Direct editorial assignment: the builder copies hard-coded identity likelihoods and suppressions into the live model.,"[{""identity"":""UR"",""likelihood"":0.85,""delta"":1}]","[{""identity"":""R"",""likelihood"":0.25,""delta"":-0.7}]",1,1,1,-0.7,Indirect: changes arbitrary additive scores; softmax share and top-two gap are recomputed from the entire score vector.,"No explicit neutral, unsure, none, or mixed option is present in this question.",Editorial interpretation; no answer-level claim or source reference is present in the live model.,missing-stable-answer-id,"Assign a stable answer ID, controlled signal contract, evidence classification, explicit positive/negative contract, correlation group, and confidence contribution rule."
hall,hall_R_ignition,,hall_R_ignition#answer-4,R,A feeling arrives before anyone has given permission. What makes the next move honest?,Break restraint publicly,The rupture matters because the room has to feel what restraint was hiding.,transgressive release,"[""social-behavior"",""psychographic-motivation""]",Direct editorial assignment: the builder copies hard-coded identity likelihoods and suppressions into the live model.,"[{""identity"":""BR"",""likelihood"":0.85,""delta"":1}]","[{""identity"":""R"",""likelihood"":0.3,""delta"":-0.55}]",1,1,1,-0.55,Indirect: changes arbitrary additive scores; softmax share and top-two gap are recomputed from the entire score vector.,"No explicit neutral, unsure, none, or mixed option is present in this question.",Editorial interpretation; no answer-level claim or source reference is present in the live model.,missing-stable-answer-id,"Assign a stable answer ID, controlled signal contract, evidence classification, explicit positive/negative contract, correlation group, and confidence contribution rule."
hall,hall_R_ignition,,hall_R_ignition#answer-5,R,A feeling arrives before anyone has given permission. What makes the next move honest?,Trust the wild body,"The answer is in instinct, muscle, and the old belonging underneath the cage.",primal instinct,"[""social-behavior"",""psychographic-motivation""]",Direct editorial assignment: the builder copies hard-coded identity likelihoods and suppressions into the live model.,"[{""identity"":""RG"",""likelihood"":0.85,""delta"":1}]","[{""identity"":""R"",""likelihood"":0.3,""delta"":-0.55}]",1,1,1,-0.55,Indirect: changes arbitrary additive scores; softmax share and top-two gap are recomputed from the entire score vector.,"No explicit neutral, unsure, none, or mixed option is present in this question.",Editorial interpretation; no answer-level claim or source reference is present in the live model.,missing-stable-answer-id,"Assign a stable answer ID, controlled signal contract, evidence classification, explicit positive/negative contract, correlation group, and confidence contribution rule."
hall,hall_R_freedom,,hall_R_freedom#answer-1,R,The door is closing and the safe plan will arrive too late. What kind of action keeps the moment alive?,Take the direct line,"Choose the motion that frees breath now, even if it only opens a temporary window.",direct action,"[""abstract-scenario-preference""]",Direct editorial assignment: the builder copies hard-coded identity likelihoods and suppressions into the live model.,"[{""identity"":""R"",""likelihood"":0.95,""delta"":1.45},{""identity"":""WR"",""likelihood"":0.55,""delta"":0.28},{""identity"":""UR"",""likelihood"":0.45,""delta"":0},{""identity"":""BR"",""likelihood"":0.45,""delta"":0},{""identity"":""RG"",""likelihood"":0.45,""delta"":0}]","[{""identity"":""WU"",""likelihood"":0.45,""delta"":0},{""identity"":""U"",""likelihood"":0.35,""delta"":-0.45},{""identity"":""WB"",""likelihood"":0.25,""delta"":-0.7}]",5,3,1.45,-0.7,Indirect: changes arbitrary additive scores; softmax share and top-two gap are recomputed from the entire score vector.,"No explicit neutral, unsure, none, or mixed option is present in this question.",Editorial interpretation; no answer-level claim or source reference is present in the live model.,missing-stable-answer-id|suppression-not-negative,"Assign a stable answer ID, controlled signal contract, evidence classification, explicit positive/negative contract, correlation group, and confidence contribution rule."
hall,hall_R_freedom,,hall_R_freedom#answer-2,R,The door is closing and the safe plan will arrive too late. What kind of action keeps the moment alive?,Charge for the vulnerable,The line matters because it gets between harm and the person in front of you.,protective charge,"[""social-behavior""]",Direct editorial assignment: the builder copies hard-coded identity likelihoods and suppressions into the live model.,"[{""identity"":""WR"",""likelihood"":0.85,""delta"":1}]","[{""identity"":""R"",""likelihood"":0.25,""delta"":-0.7}]",1,1,1,-0.7,Indirect: changes arbitrary additive scores; softmax share and top-two gap are recomputed from the entire score vector.,"No explicit neutral, unsure, none, or mixed option is present in this question.",Editorial interpretation; no answer-level claim or source reference is present in the live model.,missing-stable-answer-id,"Assign a stable answer ID, controlled signal contract, evidence classification, explicit positive/negative contract, correlation group, and confidence contribution rule."
hall,hall_R_freedom,,hall_R_freedom#answer-3,R,The door is closing and the safe plan will arrive too late. What kind of action keeps the moment alive?,Prototype the way out,A risky build can reveal the door no one could map in advance.,rapid prototype,"[""psychographic-motivation""]",Direct editorial assignment: the builder copies hard-coded identity likelihoods and suppressions into the live model.,"[{""identity"":""UR"",""likelihood"":0.85,""delta"":1}]","[{""identity"":""R"",""likelihood"":0.25,""delta"":-0.7}]",1,1,1,-0.7,Indirect: changes arbitrary additive scores; softmax share and top-two gap are recomputed from the entire score vector.,"No explicit neutral, unsure, none, or mixed option is present in this question.",Editorial interpretation; no answer-level claim or source reference is present in the live model.,missing-stable-answer-id,"Assign a stable answer ID, controlled signal contract, evidence classification, explicit positive/negative contract, correlation group, and confidence contribution rule."
hall,hall_R_freedom,,hall_R_freedom#answer-4,R,The door is closing and the safe plan will arrive too late. What kind of action keeps the moment alive?,Make pain visible,The point is to make the hidden wound impossible for the room to ignore.,pain as spectacle,"[""aesthetic-or-narrative-preference""]",Direct editorial assignment: the builder copies hard-coded identity likelihoods and suppressions into the live model.,"[{""identity"":""BR"",""likelihood"":0.85,""delta"":1}]","[{""identity"":""R"",""likelihood"":0.35,""delta"":-0.45}]",1,1,1,-0.45,Indirect: changes arbitrary additive scores; softmax share and top-two gap are recomputed from the entire score vector.,"No explicit neutral, unsure, none, or mixed option is present in this question.",Editorial interpretation; no answer-level claim or source reference is present in the live model.,missing-stable-answer-id,"Assign a stable answer ID, controlled signal contract, evidence classification, explicit positive/negative contract, correlation group, and confidence contribution rule."
hall,hall_R_freedom,,hall_R_freedom#answer-5,R,The door is closing and the safe plan will arrive too late. What kind of action keeps the moment alive?,Return to the pack,Freedom starts by refusing the cage and trusting the living force that was already yours.,wild belonging,"[""gameplay-or-deck-behavior"",""social-behavior"",""aesthetic-or-narrative-preference"",""philosophical-preference""]",Direct editorial assignment: the builder copies hard-coded identity likelihoods and suppressions into the live model.,"[{""identity"":""RG"",""likelihood"":0.85,""delta"":1}]","[{""identity"":""R"",""likelihood"":0.35,""delta"":-0.45}]",1,1,1,-0.45,Indirect: changes arbitrary additive scores; softmax share and top-two gap are recomputed from the entire score vector.,"No explicit neutral, unsure, none, or mixed option is present in this question.",Editorial interpretation; no answer-level claim or source reference is present in the live model.,missing-stable-answer-id,"Assign a stable answer ID, controlled signal contract, evidence classification, explicit positive/negative contract, correlation group, and confidence contribution rule."
hall,hall_G_growth,,hall_G_growth#answer-1,G,A living thing is strained before its roots are deep. What care feels honest?,Let the roots deepen,"Give it time, land, and trust so it can become what it already is.",organic growth,"[""social-behavior"",""psychographic-motivation"",""philosophical-preference""]",Direct editorial assignment: the builder copies hard-coded identity likelihoods and suppressions into the live model.,"[{""identity"":""G"",""likelihood"":0.95,""delta"":1.45},{""identity"":""WG"",""likelihood"":0.55,""delta"":0.28},{""identity"":""UG"",""likelihood"":0.5,""delta"":0.12},{""identity"":""BG"",""likelihood"":0.5,""delta"":0.12},{""identity"":""RG"",""likelihood"":0.5,""delta"":0.12}]","[{""identity"":""U"",""likelihood"":0.35,""delta"":-0.45},{""identity"":""WU"",""likelihood"":0.25,""delta"":-0.7}]",5,2,1.45,-0.7,Indirect: changes arbitrary additive scores; softmax share and top-two gap are recomputed from the entire score vector.,"No explicit neutral, unsure, none, or mixed option is present in this question.",Editorial interpretation; no answer-level claim or source reference is present in the live model.,missing-stable-answer-id,"Assign a stable answer ID, controlled signal contract, evidence classification, explicit positive/negative contract, correlation group, and confidence contribution rule."
hall,hall_G_growth,,hall_G_growth#answer-2,G,A living thing is strained before its roots are deep. What care feels honest?,Gather the circle,The answer starts when people choose to carry care together.,communal care,"[""social-behavior"",""psychographic-motivation"",""aesthetic-or-narrative-preference""]",Direct editorial assignment: the builder copies hard-coded identity likelihoods and suppressions into the live model.,"[{""identity"":""WG"",""likelihood"":0.85,""delta"":1}]","[{""identity"":""G"",""likelihood"":0.25,""delta"":-0.7}]",1,1,1,-0.7,Indirect: changes arbitrary additive scores; softmax share and top-two gap are recomputed from the entire score vector.,"No explicit neutral, unsure, none, or mixed option is present in this question.",Editorial interpretation; no answer-level claim or source reference is present in the live model.,missing-stable-answer-id,"Assign a stable answer ID, controlled signal contract, evidence classification, explicit positive/negative contract, correlation group, and confidence contribution rule."
hall,hall_G_growth,,hall_G_growth#answer-3,G,A living thing is strained before its roots are deep. What care feels honest?,Alter the form,Change the living body so it can survive the future.,engineered adaptation,"[""psychographic-motivation""]",Direct editorial assignment: the builder copies hard-coded identity likelihoods and suppressions into the live model.,"[{""identity"":""UG"",""likelihood"":0.85,""delta"":1}]","[{""identity"":""G"",""likelihood"":0.3,""delta"":-0.55}]",1,1,1,-0.55,Indirect: changes arbitrary additive scores; softmax share and top-two gap are recomputed from the entire score vector.,"No explicit neutral, unsure, none, or mixed option is present in this question.",Editorial interpretation; no answer-level claim or source reference is present in the live model.,missing-stable-answer-id,"Assign a stable answer ID, controlled signal contract, evidence classification, explicit positive/negative contract, correlation group, and confidence contribution rule."
hall,hall_G_growth,,hall_G_growth#answer-4,G,A living thing is strained before its roots are deep. What care feels honest?,Use what fell away,The discarded material can still become survival.,reclamation economy,"[""gameplay-or-deck-behavior"",""psychographic-motivation""]",Direct editorial assignment: the builder copies hard-coded identity likelihoods and suppressions into the live model.,"[{""identity"":""BG"",""likelihood"":0.85,""delta"":1},{""identity"":""WITHERBLOOM"",""likelihood"":0.65,""delta"":0.55}]","[{""identity"":""G"",""likelihood"":0.3,""delta"":-0.55}]",2,1,1,-0.55,Indirect: changes arbitrary additive scores; softmax share and top-two gap are recomputed from the entire score vector.,"No explicit neutral, unsure, none, or mixed option is present in this question.",Editorial interpretation; no answer-level claim or source reference is present in the live model.,missing-stable-answer-id,"Assign a stable answer ID, controlled signal contract, evidence classification, explicit positive/negative contract, correlation group, and confidence contribution rule."
hall,hall_G_growth,,hall_G_growth#answer-5,G,A living thing is strained before its roots are deep. What care feels honest?,Break the fence,The old body knows what constraint tried to cage.,wild force,"[""psychographic-motivation""]",Direct editorial assignment: the builder copies hard-coded identity likelihoods and suppressions into the live model.,"[{""identity"":""RG"",""likelihood"":0.85,""delta"":1}]","[{""identity"":""G"",""likelihood"":0.3,""delta"":-0.55}]",1,1,1,-0.55,Indirect: changes arbitrary additive scores; softmax share and top-two gap are recomputed from the entire score vector.,"No explicit neutral, unsure, none, or mixed option is present in this question.",Editorial interpretation; no answer-level claim or source reference is present in the live model.,missing-stable-answer-id,"Assign a stable answer ID, controlled signal contract, evidence classification, explicit positive/negative contract, correlation group, and confidence contribution rule."
hall,hall_G_natural_order,,hall_G_natural_order#answer-1,G,"The world is slow to answer, but the old pattern still seems alive. What do you follow?",Trust the natural pace,"Follow instinct, land, and season until the living shape becomes visible.",natural patience,"[""social-behavior""]",Direct editorial assignment: the builder copies hard-coded identity likelihoods and suppressions into the live model.,"[{""identity"":""G"",""likelihood"":0.95,""delta"":1.45},{""identity"":""WG"",""likelihood"":0.5,""delta"":0.12},{""identity"":""UG"",""likelihood"":0.5,""delta"":0.12},{""identity"":""BG"",""likelihood"":0.5,""delta"":0.12},{""identity"":""RG"",""likelihood"":0.5,""delta"":0.12}]","[{""identity"":""U"",""likelihood"":0.35,""delta"":-0.45},{""identity"":""WU"",""likelihood"":0.25,""delta"":-0.7}]",5,2,1.45,-0.7,Indirect: changes arbitrary additive scores; softmax share and top-two gap are recomputed from the entire score vector.,"No explicit neutral, unsure, none, or mixed option is present in this question.",Editorial interpretation; no answer-level claim or source reference is present in the live model.,missing-stable-answer-id,"Assign a stable answer ID, controlled signal contract, evidence classification, explicit positive/negative contract, correlation group, and confidence contribution rule."
hall,hall_G_natural_order,,hall_G_natural_order#answer-2,G,"The world is slow to answer, but the old pattern still seems alive. What do you follow?",Improve the organism,A body that cannot meet the future should be deliberately adapted.,purposeful adaptation,"[""abstract-scenario-preference""]",Direct editorial assignment: the builder copies hard-coded identity likelihoods and suppressions into the live model.,"[{""identity"":""UG"",""likelihood"":0.85,""delta"":1}]","[{""identity"":""G"",""likelihood"":0.3,""delta"":-0.55}]",1,1,1,-0.55,Indirect: changes arbitrary additive scores; softmax share and top-two gap are recomputed from the entire score vector.,"No explicit neutral, unsure, none, or mixed option is present in this question.",Editorial interpretation; no answer-level claim or source reference is present in the live model.,missing-stable-answer-id,"Assign a stable answer ID, controlled signal contract, evidence classification, explicit positive/negative contract, correlation group, and confidence contribution rule."
hall,hall_G_natural_order,,hall_G_natural_order#answer-3,G,"The world is slow to answer, but the old pattern still seems alive. What do you follow?",Move as a community,The bond matters most when everyone chooses to belong together.,shared community,"[""social-behavior""]",Direct editorial assignment: the builder copies hard-coded identity likelihoods and suppressions into the live model.,"[{""identity"":""WG"",""likelihood"":0.85,""delta"":1}]","[{""identity"":""G"",""likelihood"":0.25,""delta"":-0.7}]",1,1,1,-0.7,Indirect: changes arbitrary additive scores; softmax share and top-two gap are recomputed from the entire score vector.,"No explicit neutral, unsure, none, or mixed option is present in this question.",Editorial interpretation; no answer-level claim or source reference is present in the live model.,missing-stable-answer-id,"Assign a stable answer ID, controlled signal contract, evidence classification, explicit positive/negative contract, correlation group, and confidence contribution rule."
hall,hall_G_natural_order,,hall_G_natural_order#answer-4,G,"The world is slow to answer, but the old pattern still seems alive. What do you follow?",Reclaim the remains,What collapsed should feed the next survival engine.,decay reclamation,"[""abstract-scenario-preference""]",Direct editorial assignment: the builder copies hard-coded identity likelihoods and suppressions into the live model.,"[{""identity"":""BG"",""likelihood"":0.85,""delta"":1},{""identity"":""WITHERBLOOM"",""likelihood"":0.65,""delta"":0.55}]","[{""identity"":""G"",""likelihood"":0.3,""delta"":-0.55}]",2,1,1,-0.55,Indirect: changes arbitrary additive scores; softmax share and top-two gap are recomputed from the entire score vector.,"No explicit neutral, unsure, none, or mixed option is present in this question.",Editorial interpretation; no answer-level claim or source reference is present in the live model.,missing-stable-answer-id,"Assign a stable answer ID, controlled signal contract, evidence classification, explicit positive/negative contract, correlation group, and confidence contribution rule."
hall,hall_G_natural_order,,hall_G_natural_order#answer-5,G,"The world is slow to answer, but the old pattern still seems alive. What do you follow?",Refuse the cage,Instinct becomes true when it will not be domesticated.,wild refusal,"[""abstract-scenario-preference""]",Direct editorial assignment: the builder copies hard-coded identity likelihoods and suppressions into the live model.,"[{""identity"":""RG"",""likelihood"":0.85,""delta"":1}]","[{""identity"":""G"",""likelihood"":0.3,""delta"":-0.55}]",1,1,1,-0.55,Indirect: changes arbitrary additive scores; softmax share and top-two gap are recomputed from the entire score vector.,"No explicit neutral, unsure, none, or mixed option is present in this question.",Editorial interpretation; no answer-level claim or source reference is present in the live model.,missing-stable-answer-id,"Assign a stable answer ID, controlled signal contract, evidence classification, explicit positive/negative contract, correlation group, and confidence contribution rule."
hall,hall_WU_process,,hall_WU_process#answer-1,WU,"A community wants one outcome, but the written process points somewhere colder. What decides your first move?",Follow the process,"Impartial rules protect everyone, especially when emotions are loud.",fairness through process,"[""social-behavior"",""psychographic-motivation"",""aesthetic-or-narrative-preference""]",Direct editorial assignment: the builder copies hard-coded identity likelihoods and suppressions into the live model.,"[{""identity"":""WU"",""likelihood"":0.95,""delta"":1.45}]","[{""identity"":""WG"",""likelihood"":0.65,""delta"":0.55},{""identity"":""WR"",""likelihood"":0.65,""delta"":0.55},{""identity"":""WB"",""likelihood"":0.45,""delta"":0}]",1,3,1.45,0,Indirect: changes arbitrary additive scores; softmax share and top-two gap are recomputed from the entire score vector.,"No explicit neutral, unsure, none, or mixed option is present in this question.",Editorial interpretation; no answer-level claim or source reference is present in the live model.,missing-stable-answer-id|suppression-not-negative,"Assign a stable answer ID, controlled signal contract, evidence classification, explicit positive/negative contract, correlation group, and confidence contribution rule."
hall,hall_WU_process,,hall_WU_process#answer-2,WU,"A community wants one outcome, but the written process points somewhere colder. What decides your first move?",Repair belonging first,A rule without trust will not hold the community together.,belonging over procedure,"[""social-behavior"",""psychographic-motivation""]",Direct editorial assignment: the builder copies hard-coded identity likelihoods and suppressions into the live model.,"[{""identity"":""WG"",""likelihood"":0.9,""delta"":1.2}]","[{""identity"":""WU"",""likelihood"":0.75,""delta"":0.75}]",1,1,1.2,0,Indirect: changes arbitrary additive scores; softmax share and top-two gap are recomputed from the entire score vector.,"No explicit neutral, unsure, none, or mixed option is present in this question.",Editorial interpretation; no answer-level claim or source reference is present in the live model.,missing-stable-answer-id|suppression-not-negative,"Assign a stable answer ID, controlled signal contract, evidence classification, explicit positive/negative contract, correlation group, and confidence contribution rule."
hall,hall_WU_process,,hall_WU_process#answer-3,WU,"A community wants one outcome, but the written process points somewhere colder. What decides your first move?",Protect the vulnerable now,A process that arrives too late is not protection.,immediate rescue,"[""social-behavior"",""psychographic-motivation""]",Direct editorial assignment: the builder copies hard-coded identity likelihoods and suppressions into the live model.,"[{""identity"":""WR"",""likelihood"":0.9,""delta"":1.2}]","[{""identity"":""WU"",""likelihood"":0.65,""delta"":0.55}]",1,1,1.2,0,Indirect: changes arbitrary additive scores; softmax share and top-two gap are recomputed from the entire score vector.,"No explicit neutral, unsure, none, or mixed option is present in this question.",Editorial interpretation; no answer-level claim or source reference is present in the live model.,missing-stable-answer-id|suppression-not-negative,"Assign a stable answer ID, controlled signal contract, evidence classification, explicit positive/negative contract, correlation group, and confidence contribution rule."
hall,hall_WU_process,,hall_WU_process#answer-4,WU,"A community wants one outcome, but the written process points somewhere colder. What decides your first move?",Use the rule as leverage,The process matters because it creates obligations that can be collected.,contractual leverage,"[""social-behavior"",""psychographic-motivation""]",Direct editorial assignment: the builder copies hard-coded identity likelihoods and suppressions into the live model.,"[{""identity"":""WB"",""likelihood"":0.85,""delta"":1}]","[{""identity"":""WU"",""likelihood"":0.55,""delta"":0.28}]",1,1,1,0,Indirect: changes arbitrary additive scores; softmax share and top-two gap are recomputed from the entire score vector.,"No explicit neutral, unsure, none, or mixed option is present in this question.",Editorial interpretation; no answer-level claim or source reference is present in the live model.,missing-stable-answer-id|suppression-not-negative,"Assign a stable answer ID, controlled signal contract, evidence classification, explicit positive/negative contract, correlation group, and confidence contribution rule."
hall,hall_UB_information,,hall_UB_information#answer-1,UB,A dangerous truth reaches you before anyone else. What is the most ethical use of it?,Hold it until timing matters,Information loses power when it is revealed before it can protect the outcome.,strategic secrecy,"[""social-behavior"",""philosophical-preference""]",Direct editorial assignment: the builder copies hard-coded identity likelihoods and suppressions into the live model.,"[{""identity"":""UB"",""likelihood"":0.95,""delta"":1.45}]","[{""identity"":""SILVERQUILL"",""likelihood"":0.45,""delta"":0},{""identity"":""WR"",""likelihood"":0.35,""delta"":-0.45}]",1,2,1.45,-0.45,Indirect: changes arbitrary additive scores; softmax share and top-two gap are recomputed from the entire score vector.,"No explicit neutral, unsure, none, or mixed option is present in this question.",Editorial interpretation; no answer-level claim or source reference is present in the live model.,missing-stable-answer-id|suppression-not-negative,"Assign a stable answer ID, controlled signal contract, evidence classification, explicit positive/negative contract, correlation group, and confidence contribution rule."
hall,hall_UB_information,,hall_UB_information#answer-2,UB,A dangerous truth reaches you before anyone else. What is the most ethical use of it?,Turn it into obligation,"The truth creates a debt, and the debt creates durable leverage.",visible obligation,"[""gameplay-or-deck-behavior"",""philosophical-preference""]",Direct editorial assignment: the builder copies hard-coded identity likelihoods and suppressions into the live model.,"[{""identity"":""WB"",""likelihood"":0.9,""delta"":1.2}]","[{""identity"":""UB"",""likelihood"":0.55,""delta"":0.28}]",1,1,1.2,0,Indirect: changes arbitrary additive scores; softmax share and top-two gap are recomputed from the entire score vector.,"No explicit neutral, unsure, none, or mixed option is present in this question.",Editorial interpretation; no answer-level claim or source reference is present in the live model.,missing-stable-answer-id|suppression-not-negative,"Assign a stable answer ID, controlled signal contract, evidence classification, explicit positive/negative contract, correlation group, and confidence contribution rule."
hall,hall_UB_information,,hall_UB_information#answer-3,UB,A dangerous truth reaches you before anyone else. What is the most ethical use of it?,Make the pattern legible,The truth matters most when it becomes a proof others can test.,public proof,"[""social-behavior"",""philosophical-preference""]",Direct editorial assignment: the builder copies hard-coded identity likelihoods and suppressions into the live model.,"[{""identity"":""QUANDRIX"",""likelihood"":0.8,""delta"":1},{""identity"":""WU"",""likelihood"":0.55,""delta"":0.28}]","[{""identity"":""UB"",""likelihood"":0.45,""delta"":0}]",2,1,1,0,Indirect: changes arbitrary additive scores; softmax share and top-two gap are recomputed from the entire score vector.,"No explicit neutral, unsure, none, or mixed option is present in this question.",Editorial interpretation; no answer-level claim or source reference is present in the live model.,missing-stable-answer-id|suppression-not-negative,"Assign a stable answer ID, controlled signal contract, evidence classification, explicit positive/negative contract, correlation group, and confidence contribution rule."
hall,hall_UB_information,,hall_UB_information#answer-4,UB,A dangerous truth reaches you before anyone else. What is the most ethical use of it?,Say it so the room changes,A hidden truth is wasted if no one feels its force.,rhetorical reveal,"[""psychographic-motivation"",""philosophical-preference""]",Direct editorial assignment: the builder copies hard-coded identity likelihoods and suppressions into the live model.,"[{""identity"":""SILVERQUILL"",""likelihood"":0.85,""delta"":1}]","[{""identity"":""UB"",""likelihood"":0.55,""delta"":0.28}]",1,1,1,0,Indirect: changes arbitrary additive scores; softmax share and top-two gap are recomputed from the entire score vector.,"No explicit neutral, unsure, none, or mixed option is present in this question.",Editorial interpretation; no answer-level claim or source reference is present in the live model.,missing-stable-answer-id|suppression-not-negative,"Assign a stable answer ID, controlled signal contract, evidence classification, explicit positive/negative contract, correlation group, and confidence contribution rule."
hall,hall_BR_intensity,,hall_BR_intensity#answer-1,BR,A group has become numb and respectable while something true is rotting underneath. How do you wake them up?,Make the discomfort impossible to ignore,Shock can be honest when politeness is the lie.,transgressive performance,"[""social-behavior""]",Direct editorial assignment: the builder copies hard-coded identity likelihoods and suppressions into the live model.,"[{""identity"":""BR"",""likelihood"":0.95,""delta"":1.45}]","[{""identity"":""WU"",""likelihood"":0.65,""delta"":0.55},{""identity"":""WG"",""likelihood"":0.45,""delta"":0}]",1,2,1.45,0,Indirect: changes arbitrary additive scores; softmax share and top-two gap are recomputed from the entire score vector.,"No explicit neutral, unsure, none, or mixed option is present in this question.",Editorial interpretation; no answer-level claim or source reference is present in the live model.,missing-stable-answer-id|suppression-not-negative,"Assign a stable answer ID, controlled signal contract, evidence classification, explicit positive/negative contract, correlation group, and confidence contribution rule."
hall,hall_BR_intensity,,hall_BR_intensity#answer-2,BR,A group has become numb and respectable while something true is rotting underneath. How do you wake them up?,Break the cage itself,The problem is not numbness; it is domestication.,wild liberation,"[""social-behavior""]",Direct editorial assignment: the builder copies hard-coded identity likelihoods and suppressions into the live model.,"[{""identity"":""RG"",""likelihood"":0.9,""delta"":1.2}]","[{""identity"":""BR"",""likelihood"":0.35,""delta"":-0.45}]",1,1,1.2,-0.45,Indirect: changes arbitrary additive scores; softmax share and top-two gap are recomputed from the entire score vector.,"No explicit neutral, unsure, none, or mixed option is present in this question.",Editorial interpretation; no answer-level claim or source reference is present in the live model.,missing-stable-answer-id,"Assign a stable answer ID, controlled signal contract, evidence classification, explicit positive/negative contract, correlation group, and confidence contribution rule."
hall,hall_BR_intensity,,hall_BR_intensity#answer-3,BR,A group has become numb and respectable while something true is rotting underneath. How do you wake them up?,Craft a beautiful rupture,"The form matters. The release should be art, not just damage.",crafted spectacle,"[""social-behavior"",""aesthetic-or-narrative-preference""]",Direct editorial assignment: the builder copies hard-coded identity likelihoods and suppressions into the live model.,"[{""identity"":""PRISMARI"",""likelihood"":0.9,""delta"":1.2}]","[{""identity"":""BR"",""likelihood"":0.35,""delta"":-0.45}]",1,1,1.2,-0.45,Indirect: changes arbitrary additive scores; softmax share and top-two gap are recomputed from the entire score vector.,"No explicit neutral, unsure, none, or mixed option is present in this question.",Editorial interpretation; no answer-level claim or source reference is present in the live model.,missing-stable-answer-id,"Assign a stable answer ID, controlled signal contract, evidence classification, explicit positive/negative contract, correlation group, and confidence contribution rule."
hall,hall_BR_intensity,,hall_BR_intensity#answer-4,BR,A group has become numb and respectable while something true is rotting underneath. How do you wake them up?,Name the wrong and move,Do not perform around harm. Stop it.,righteous action,"[""social-behavior""]",Direct editorial assignment: the builder copies hard-coded identity likelihoods and suppressions into the live model.,"[{""identity"":""WR"",""likelihood"":0.85,""delta"":1}]","[{""identity"":""BR"",""likelihood"":0.45,""delta"":0}]",1,1,1,0,Indirect: changes arbitrary additive scores; softmax share and top-two gap are recomputed from the entire score vector.,"No explicit neutral, unsure, none, or mixed option is present in this question.",Editorial interpretation; no answer-level claim or source reference is present in the live model.,missing-stable-answer-id|suppression-not-negative,"Assign a stable answer ID, controlled signal contract, evidence classification, explicit positive/negative contract, correlation group, and confidence contribution rule."
hall,hall_RG_wild,,hall_RG_wild#answer-1,RG,A system has taken something essential and called the loss progress. What response feels honest?,Stop asking permission,What was taken will not be returned by the people who paved it over.,undomesticated grievance,"[""gameplay-or-deck-behavior"",""social-behavior"",""psychographic-motivation""]",Direct editorial assignment: the builder copies hard-coded identity likelihoods and suppressions into the live model.,"[{""identity"":""RG"",""likelihood"":0.95,""delta"":1.45}]","[{""identity"":""WU"",""likelihood"":0.75,""delta"":0.75},{""identity"":""WG"",""likelihood"":0.35,""delta"":-0.45}]",1,2,1.45,-0.45,Indirect: changes arbitrary additive scores; softmax share and top-two gap are recomputed from the entire score vector.,"No explicit neutral, unsure, none, or mixed option is present in this question.",Editorial interpretation; no answer-level claim or source reference is present in the live model.,missing-stable-answer-id|suppression-not-negative,"Assign a stable answer ID, controlled signal contract, evidence classification, explicit positive/negative contract, correlation group, and confidence contribution rule."
hall,hall_RG_wild,,hall_RG_wild#answer-2,RG,A system has taken something essential and called the loss progress. What response feels honest?,Turn the wound into theater,Make the comfortable audience feel what they were ignoring.,performative transgression,"[""gameplay-or-deck-behavior"",""social-behavior"",""psychographic-motivation""]",Direct editorial assignment: the builder copies hard-coded identity likelihoods and suppressions into the live model.,"[{""identity"":""BR"",""likelihood"":0.85,""delta"":1}]","[{""identity"":""RG"",""likelihood"":0.35,""delta"":-0.45}]",1,1,1,-0.45,Indirect: changes arbitrary additive scores; softmax share and top-two gap are recomputed from the entire score vector.,"No explicit neutral, unsure, none, or mixed option is present in this question.",Editorial interpretation; no answer-level claim or source reference is present in the live model.,missing-stable-answer-id,"Assign a stable answer ID, controlled signal contract, evidence classification, explicit positive/negative contract, correlation group, and confidence contribution rule."
hall,hall_RG_wild,,hall_RG_wild#answer-3,RG,A system has taken something essential and called the loss progress. What response feels honest?,Rebuild trust around what remains,The answer is a community strong enough to keep people from being erased.,communal repair,"[""social-behavior"",""psychographic-motivation""]",Direct editorial assignment: the builder copies hard-coded identity likelihoods and suppressions into the live model.,"[{""identity"":""WG"",""likelihood"":0.8,""delta"":1}]","[{""identity"":""RG"",""likelihood"":0.45,""delta"":0}]",1,1,1,0,Indirect: changes arbitrary additive scores; softmax share and top-two gap are recomputed from the entire score vector.,"No explicit neutral, unsure, none, or mixed option is present in this question.",Editorial interpretation; no answer-level claim or source reference is present in the live model.,missing-stable-answer-id|suppression-not-negative,"Assign a stable answer ID, controlled signal contract, evidence classification, explicit positive/negative contract, correlation group, and confidence contribution rule."
hall,hall_RG_wild,,hall_RG_wild#answer-4,RG,A system has taken something essential and called the loss progress. What response feels honest?,Study the damaged ecosystem,"The wound is real, but understanding the cycle is the first act of care.",ecological study,"[""psychographic-motivation""]",Direct editorial assignment: the builder copies hard-coded identity likelihoods and suppressions into the live model.,"[{""identity"":""WITHERBLOOM"",""likelihood"":0.8,""delta"":1},{""identity"":""BG"",""likelihood"":0.65,""delta"":0.55}]","[{""identity"":""RG"",""likelihood"":0.35,""delta"":-0.45}]",2,1,1,-0.45,Indirect: changes arbitrary additive scores; softmax share and top-two gap are recomputed from the entire score vector.,"No explicit neutral, unsure, none, or mixed option is present in this question.",Editorial interpretation; no answer-level claim or source reference is present in the live model.,missing-stable-answer-id,"Assign a stable answer ID, controlled signal contract, evidence classification, explicit positive/negative contract, correlation group, and confidence contribution rule."
hall,hall_WG_belonging,,hall_WG_belonging#answer-1,WG,Someone feels isolated and brittle. What kind of help matters most?,Belonging that softens the self,Healing starts when the person no longer has to be a sealed-off island.,shared self,"[""social-behavior"",""psychographic-motivation"",""aesthetic-or-narrative-preference""]",Direct editorial assignment: the builder copies hard-coded identity likelihoods and suppressions into the live model.,"[{""identity"":""WG"",""likelihood"":0.95,""delta"":1.45}]","[{""identity"":""WU"",""likelihood"":0.55,""delta"":0.28},{""identity"":""UB"",""likelihood"":0.65,""delta"":0.55}]",1,2,1.45,0,Indirect: changes arbitrary additive scores; softmax share and top-two gap are recomputed from the entire score vector.,"No explicit neutral, unsure, none, or mixed option is present in this question.",Editorial interpretation; no answer-level claim or source reference is present in the live model.,missing-stable-answer-id|suppression-not-negative,"Assign a stable answer ID, controlled signal contract, evidence classification, explicit positive/negative contract, correlation group, and confidence contribution rule."
hall,hall_WG_belonging,,hall_WG_belonging#answer-2,WG,Someone feels isolated and brittle. What kind of help matters most?,Clear duties and limits,Safety comes from knowing what everyone is bound to do.,enforceable structure,"[""psychographic-motivation""]",Direct editorial assignment: the builder copies hard-coded identity likelihoods and suppressions into the live model.,"[{""identity"":""WU"",""likelihood"":0.85,""delta"":1}]","[{""identity"":""WG"",""likelihood"":0.45,""delta"":0}]",1,1,1,0,Indirect: changes arbitrary additive scores; softmax share and top-two gap are recomputed from the entire score vector.,"No explicit neutral, unsure, none, or mixed option is present in this question.",Editorial interpretation; no answer-level claim or source reference is present in the live model.,missing-stable-answer-id|suppression-not-negative,"Assign a stable answer ID, controlled signal contract, evidence classification, explicit positive/negative contract, correlation group, and confidence contribution rule."
hall,hall_WG_belonging,,hall_WG_belonging#answer-3,WG,Someone feels isolated and brittle. What kind of help matters most?,Hands-on life care,Tend the messy living needs first; meaning follows.,vital care,"[""psychographic-motivation"",""philosophical-preference""]",Direct editorial assignment: the builder copies hard-coded identity likelihoods and suppressions into the live model.,"[{""identity"":""WITHERBLOOM"",""likelihood"":0.75,""delta"":0.75},{""identity"":""UG"",""likelihood"":0.6,""delta"":0.4}]","[{""identity"":""WG"",""likelihood"":0.25,""delta"":-0.7}]",2,1,0.75,-0.7,Indirect: changes arbitrary additive scores; softmax share and top-two gap are recomputed from the entire score vector.,"No explicit neutral, unsure, none, or mixed option is present in this question.",Editorial interpretation; no answer-level claim or source reference is present in the live model.,missing-stable-answer-id,"Assign a stable answer ID, controlled signal contract, evidence classification, explicit positive/negative contract, correlation group, and confidence contribution rule."
hall,hall_WG_belonging,,hall_WG_belonging#answer-4,WG,Someone feels isolated and brittle. What kind of help matters most?,A voice that changes them,The right words can give someone a new image of themselves.,transformative speech,"[""psychographic-motivation"",""aesthetic-or-narrative-preference""]",Direct editorial assignment: the builder copies hard-coded identity likelihoods and suppressions into the live model.,"[{""identity"":""SILVERQUILL"",""likelihood"":0.75,""delta"":0.75}]","[{""identity"":""WG"",""likelihood"":0.35,""delta"":-0.45}]",1,1,0.75,-0.45,Indirect: changes arbitrary additive scores; softmax share and top-two gap are recomputed from the entire score vector.,"No explicit neutral, unsure, none, or mixed option is present in this question.",Editorial interpretation; no answer-level claim or source reference is present in the live model.,missing-stable-answer-id,"Assign a stable answer ID, controlled signal contract, evidence classification, explicit positive/negative contract, correlation group, and confidence contribution rule."
hall,hall_WB_obligation,,hall_WB_obligation#answer-1,WB,Someone caused harm and now owes something serious. What makes repayment real?,A debt that outlasts apology,Obligation is not a feeling. It is a structure with consequences.,debt as relationship,"[""psychographic-motivation""]",Direct editorial assignment: the builder copies hard-coded identity likelihoods and suppressions into the live model.,"[{""identity"":""WB"",""likelihood"":0.95,""delta"":1.45}]","[{""identity"":""WG"",""likelihood"":0.7,""delta"":0.55},{""identity"":""UB"",""likelihood"":0.35,""delta"":-0.45}]",1,2,1.45,-0.45,Indirect: changes arbitrary additive scores; softmax share and top-two gap are recomputed from the entire score vector.,"No explicit neutral, unsure, none, or mixed option is present in this question.",Editorial interpretation; no answer-level claim or source reference is present in the live model.,missing-stable-answer-id|suppression-not-negative,"Assign a stable answer ID, controlled signal contract, evidence classification, explicit positive/negative contract, correlation group, and confidence contribution rule."
hall,hall_WB_obligation,,hall_WB_obligation#answer-2,WB,Someone caused harm and now owes something serious. What makes repayment real?,A fair process,Restitution has to be impartial or it becomes private power.,fairness through process,"[""aesthetic-or-narrative-preference""]",Direct editorial assignment: the builder copies hard-coded identity likelihoods and suppressions into the live model.,"[{""identity"":""WU"",""likelihood"":0.85,""delta"":1}]","[{""identity"":""WB"",""likelihood"":0.35,""delta"":-0.45}]",1,1,1,-0.45,Indirect: changes arbitrary additive scores; softmax share and top-two gap are recomputed from the entire score vector.,"No explicit neutral, unsure, none, or mixed option is present in this question.",Editorial interpretation; no answer-level claim or source reference is present in the live model.,missing-stable-answer-id,"Assign a stable answer ID, controlled signal contract, evidence classification, explicit positive/negative contract, correlation group, and confidence contribution rule."
hall,hall_WB_obligation,,hall_WB_obligation#answer-3,WB,Someone caused harm and now owes something serious. What makes repayment real?,Hidden leverage,The useful debt is the one they do not know you can call in yet.,secret leverage,"[""abstract-scenario-preference""]",Direct editorial assignment: the builder copies hard-coded identity likelihoods and suppressions into the live model.,"[{""identity"":""UB"",""likelihood"":0.85,""delta"":1}]","[{""identity"":""WB"",""likelihood"":0.35,""delta"":-0.45}]",1,1,1,-0.45,Indirect: changes arbitrary additive scores; softmax share and top-two gap are recomputed from the entire score vector.,"No explicit neutral, unsure, none, or mixed option is present in this question.",Editorial interpretation; no answer-level claim or source reference is present in the live model.,missing-stable-answer-id,"Assign a stable answer ID, controlled signal contract, evidence classification, explicit positive/negative contract, correlation group, and confidence contribution rule."
hall,hall_WB_obligation,,hall_WB_obligation#answer-4,WB,Someone caused harm and now owes something serious. What makes repayment real?,Publicly chosen words,The repair must be spoken well enough to reshape reputation.,rhetorical status,"[""social-behavior""]",Direct editorial assignment: the builder copies hard-coded identity likelihoods and suppressions into the live model.,"[{""identity"":""SILVERQUILL"",""likelihood"":0.85,""delta"":1}]","[{""identity"":""WB"",""likelihood"":0.25,""delta"":-0.7}]",1,1,1,-0.7,Indirect: changes arbitrary additive scores; softmax share and top-two gap are recomputed from the entire score vector.,"No explicit neutral, unsure, none, or mixed option is present in this question.",Editorial interpretation; no answer-level claim or source reference is present in the live model.,missing-stable-answer-id,"Assign a stable answer ID, controlled signal contract, evidence classification, explicit positive/negative contract, correlation group, and confidence contribution rule."
hall,hall_UR_experiment,,hall_UR_experiment#answer-1,UR,"A risky idea could improve everything, but it may fail loudly. What keeps you interested?",The mechanism,Even failure teaches something if the experiment was interesting.,mechanistic experiment,"[""psychographic-motivation""]",Direct editorial assignment: the builder copies hard-coded identity likelihoods and suppressions into the live model.,"[{""identity"":""UR"",""likelihood"":0.95,""delta"":1.45}]","[{""identity"":""WU"",""likelihood"":0.55,""delta"":0.28},{""identity"":""PRISMARI"",""likelihood"":0.25,""delta"":-0.7}]",1,2,1.45,-0.7,Indirect: changes arbitrary additive scores; softmax share and top-two gap are recomputed from the entire score vector.,"No explicit neutral, unsure, none, or mixed option is present in this question.",Editorial interpretation; no answer-level claim or source reference is present in the live model.,missing-stable-answer-id|suppression-not-negative,"Assign a stable answer ID, controlled signal contract, evidence classification, explicit positive/negative contract, correlation group, and confidence contribution rule."
hall,hall_UR_experiment,,hall_UR_experiment#answer-2,UR,"A risky idea could improve everything, but it may fail loudly. What keeps you interested?",The expression,It matters because it will make people feel what the idea means.,elemental expression,"[""social-behavior"",""psychographic-motivation""]",Direct editorial assignment: the builder copies hard-coded identity likelihoods and suppressions into the live model.,"[{""identity"":""PRISMARI"",""likelihood"":0.9,""delta"":1.2}]","[{""identity"":""UR"",""likelihood"":0.4,""delta"":0}]",1,1,1.2,0,Indirect: changes arbitrary additive scores; softmax share and top-two gap are recomputed from the entire score vector.,"No explicit neutral, unsure, none, or mixed option is present in this question.",Editorial interpretation; no answer-level claim or source reference is present in the live model.,missing-stable-answer-id|suppression-not-negative,"Assign a stable answer ID, controlled signal contract, evidence classification, explicit positive/negative contract, correlation group, and confidence contribution rule."
hall,hall_UR_experiment,,hall_UR_experiment#answer-3,UR,"A risky idea could improve everything, but it may fail loudly. What keeps you interested?",The proof,A beautiful idea still needs a pattern that can hold.,formal pattern,"[""psychographic-motivation"",""aesthetic-or-narrative-preference""]",Direct editorial assignment: the builder copies hard-coded identity likelihoods and suppressions into the live model.,"[{""identity"":""QUANDRIX"",""likelihood"":0.85,""delta"":1}]","[{""identity"":""UR"",""likelihood"":0.3,""delta"":-0.55}]",1,1,1,-0.55,Indirect: changes arbitrary additive scores; softmax share and top-two gap are recomputed from the entire score vector.,"No explicit neutral, unsure, none, or mixed option is present in this question.",Editorial interpretation; no answer-level claim or source reference is present in the live model.,missing-stable-answer-id,"Assign a stable answer ID, controlled signal contract, evidence classification, explicit positive/negative contract, correlation group, and confidence contribution rule."
hall,hall_UR_experiment,,hall_UR_experiment#answer-4,UR,"A risky idea could improve everything, but it may fail loudly. What keeps you interested?",The adaptation,The question is whether the system becomes more resilient afterward.,biological adaptation,"[""psychographic-motivation""]",Direct editorial assignment: the builder copies hard-coded identity likelihoods and suppressions into the live model.,"[{""identity"":""UG"",""likelihood"":0.8,""delta"":1}]","[{""identity"":""UR"",""likelihood"":0.3,""delta"":-0.55}]",1,1,1,-0.55,Indirect: changes arbitrary additive scores; softmax share and top-two gap are recomputed from the entire score vector.,"No explicit neutral, unsure, none, or mixed option is present in this question.",Editorial interpretation; no answer-level claim or source reference is present in the live model.,missing-stable-answer-id,"Assign a stable answer ID, controlled signal contract, evidence classification, explicit positive/negative contract, correlation group, and confidence contribution rule."
hall,hall_BG_reclamation,,hall_BG_reclamation#answer-1,BG,"A system collapses and leaves failure, waste, grief, and useful remains. What should happen next?",Build from the rot,Nothing discarded stops being part of the city. Reclaim it.,survival through reclamation,"[""gameplay-or-deck-behavior"",""aesthetic-or-narrative-preference""]",Direct editorial assignment: the builder copies hard-coded identity likelihoods and suppressions into the live model.,"[{""identity"":""BG"",""likelihood"":0.95,""delta"":1.45}]","[{""identity"":""WU"",""likelihood"":0.45,""delta"":0},{""identity"":""PRISMARI"",""likelihood"":0.25,""delta"":-0.7}]",1,2,1.45,-0.7,Indirect: changes arbitrary additive scores; softmax share and top-two gap are recomputed from the entire score vector.,"No explicit neutral, unsure, none, or mixed option is present in this question.",Editorial interpretation; no answer-level claim or source reference is present in the live model.,missing-stable-answer-id|suppression-not-negative,"Assign a stable answer ID, controlled signal contract, evidence classification, explicit positive/negative contract, correlation group, and confidence contribution rule."
hall,hall_BG_reclamation,,hall_BG_reclamation#answer-2,BG,"A system collapses and leaves failure, waste, grief, and useful remains. What should happen next?",Study the life-death exchange,The collapse reveals how vitality actually moves.,essence ecology,"[""abstract-scenario-preference""]",Direct editorial assignment: the builder copies hard-coded identity likelihoods and suppressions into the live model.,"[{""identity"":""WITHERBLOOM"",""likelihood"":0.9,""delta"":1.2}]","[{""identity"":""BG"",""likelihood"":0.35,""delta"":-0.45}]",1,1,1.2,-0.45,Indirect: changes arbitrary additive scores; softmax share and top-two gap are recomputed from the entire score vector.,"No explicit neutral, unsure, none, or mixed option is present in this question.",Editorial interpretation; no answer-level claim or source reference is present in the live model.,missing-stable-answer-id,"Assign a stable answer ID, controlled signal contract, evidence classification, explicit positive/negative contract, correlation group, and confidence contribution rule."
hall,hall_BG_reclamation,,hall_BG_reclamation#answer-3,BG,"A system collapses and leaves failure, waste, grief, and useful remains. What should happen next?",Gather the abandoned,The people left behind need belonging before strategy.,communal shelter,"[""social-behavior""]",Direct editorial assignment: the builder copies hard-coded identity likelihoods and suppressions into the live model.,"[{""identity"":""WG"",""likelihood"":0.75,""delta"":0.75}]","[{""identity"":""BG"",""likelihood"":0.25,""delta"":-0.7}]",1,1,0.75,-0.7,Indirect: changes arbitrary additive scores; softmax share and top-two gap are recomputed from the entire score vector.,"No explicit neutral, unsure, none, or mixed option is present in this question.",Editorial interpretation; no answer-level claim or source reference is present in the live model.,missing-stable-answer-id,"Assign a stable answer ID, controlled signal contract, evidence classification, explicit positive/negative contract, correlation group, and confidence contribution rule."
hall,hall_BG_reclamation,,hall_BG_reclamation#answer-4,BG,"A system collapses and leaves failure, waste, grief, and useful remains. What should happen next?",Make the debt visible,Someone profited from the collapse. The ledger should remember.,owed restitution,"[""abstract-scenario-preference""]",Direct editorial assignment: the builder copies hard-coded identity likelihoods and suppressions into the live model.,"[{""identity"":""WB"",""likelihood"":0.75,""delta"":0.75}]","[{""identity"":""BG"",""likelihood"":0.25,""delta"":-0.7}]",1,1,0.75,-0.7,Indirect: changes arbitrary additive scores; softmax share and top-two gap are recomputed from the entire score vector.,"No explicit neutral, unsure, none, or mixed option is present in this question.",Editorial interpretation; no answer-level claim or source reference is present in the live model.,missing-stable-answer-id,"Assign a stable answer ID, controlled signal contract, evidence classification, explicit positive/negative contract, correlation group, and confidence contribution rule."
hall,hall_UG_adaptation,,hall_UG_adaptation#answer-1,UG,A living system is not ready for the future. What response feels most natural?,Adapt the organism,"If survival requires change, the form should change.",purposeful biological adaptation,"[""psychographic-motivation""]",Direct editorial assignment: the builder copies hard-coded identity likelihoods and suppressions into the live model.,"[{""identity"":""UG"",""likelihood"":0.95,""delta"":1.45}]","[{""identity"":""QUANDRIX"",""likelihood"":0.45,""delta"":0},{""identity"":""WU"",""likelihood"":0.25,""delta"":-0.7}]",1,2,1.45,-0.7,Indirect: changes arbitrary additive scores; softmax share and top-two gap are recomputed from the entire score vector.,"No explicit neutral, unsure, none, or mixed option is present in this question.",Editorial interpretation; no answer-level claim or source reference is present in the live model.,missing-stable-answer-id|suppression-not-negative,"Assign a stable answer ID, controlled signal contract, evidence classification, explicit positive/negative contract, correlation group, and confidence contribution rule."
hall,hall_UG_adaptation,,hall_UG_adaptation#answer-2,UG,A living system is not ready for the future. What response feels most natural?,Find the equation,The living system is an expression of a deeper pattern.,mathematical structure,"[""psychographic-motivation""]",Direct editorial assignment: the builder copies hard-coded identity likelihoods and suppressions into the live model.,"[{""identity"":""QUANDRIX"",""likelihood"":0.9,""delta"":1.2}]","[{""identity"":""UG"",""likelihood"":0.45,""delta"":0}]",1,1,1.2,0,Indirect: changes arbitrary additive scores; softmax share and top-two gap are recomputed from the entire score vector.,"No explicit neutral, unsure, none, or mixed option is present in this question.",Editorial interpretation; no answer-level claim or source reference is present in the live model.,missing-stable-answer-id|suppression-not-negative,"Assign a stable answer ID, controlled signal contract, evidence classification, explicit positive/negative contract, correlation group, and confidence contribution rule."
hall,hall_UG_adaptation,,hall_UG_adaptation#answer-3,UG,A living system is not ready for the future. What response feels most natural?,Study the essence cycle,Life and death are not opposites. The exchange itself matters.,life-death ecology,"[""psychographic-motivation""]",Direct editorial assignment: the builder copies hard-coded identity likelihoods and suppressions into the live model.,"[{""identity"":""WITHERBLOOM"",""likelihood"":0.85,""delta"":1}]","[{""identity"":""UG"",""likelihood"":0.25,""delta"":-0.7}]",1,1,1,-0.7,Indirect: changes arbitrary additive scores; softmax share and top-two gap are recomputed from the entire score vector.,"No explicit neutral, unsure, none, or mixed option is present in this question.",Editorial interpretation; no answer-level claim or source reference is present in the live model.,missing-stable-answer-id,"Assign a stable answer ID, controlled signal contract, evidence classification, explicit positive/negative contract, correlation group, and confidence contribution rule."
hall,hall_UG_adaptation,,hall_UG_adaptation#answer-4,UG,A living system is not ready for the future. What response feels most natural?,Prototype wildly,Try the strange idea and see what the system teaches back.,chaotic experiment,"[""psychographic-motivation""]",Direct editorial assignment: the builder copies hard-coded identity likelihoods and suppressions into the live model.,"[{""identity"":""UR"",""likelihood"":0.8,""delta"":1}]","[{""identity"":""UG"",""likelihood"":0.25,""delta"":-0.7}]",1,1,1,-0.7,Indirect: changes arbitrary additive scores; softmax share and top-two gap are recomputed from the entire score vector.,"No explicit neutral, unsure, none, or mixed option is present in this question.",Editorial interpretation; no answer-level claim or source reference is present in the live model.,missing-stable-answer-id,"Assign a stable answer ID, controlled signal contract, evidence classification, explicit positive/negative contract, correlation group, and confidence contribution rule."
hall,hall_BANT_champion,,hall_BANT_champion#answer-1,BANT,The group can only back one line of action. What makes that champion worthy of the whole community's support?,Public trust and support,"The champion is worthy when their excellence stays visible, accountable, and carried by the community behind them.",supported champion,"[""social-behavior""]",Direct editorial assignment: the builder copies hard-coded identity likelihoods and suppressions into the live model.,"[{""identity"":""BANT"",""likelihood"":0.95,""delta"":1.45}]","[{""identity"":""WU"",""likelihood"":0.75,""delta"":0.75},{""identity"":""WG"",""likelihood"":0.65,""delta"":0.55},{""identity"":""UG"",""likelihood"":0.65,""delta"":0.55}]",1,3,1.45,0,Indirect: changes arbitrary additive scores; softmax share and top-two gap are recomputed from the entire score vector.,"No explicit neutral, unsure, none, or mixed option is present in this question.",Editorial interpretation; no answer-level claim or source reference is present in the live model.,missing-stable-answer-id|suppression-not-negative,"Assign a stable answer ID, controlled signal contract, evidence classification, explicit positive/negative contract, correlation group, and confidence contribution rule."
hall,hall_BANT_champion,,hall_BANT_champion#answer-2,BANT,The group can only back one line of action. What makes that champion worthy of the whole community's support?,The fairest procedure,The right line is the one the process can defend impartially.,procedure over champion,"[""social-behavior"",""aesthetic-or-narrative-preference""]",Direct editorial assignment: the builder copies hard-coded identity likelihoods and suppressions into the live model.,"[{""identity"":""WU"",""likelihood"":0.85,""delta"":1}]","[{""identity"":""BANT"",""likelihood"":0.65,""delta"":0.55}]",1,1,1,0,Indirect: changes arbitrary additive scores; softmax share and top-two gap are recomputed from the entire score vector.,"No explicit neutral, unsure, none, or mixed option is present in this question.",Editorial interpretation; no answer-level claim or source reference is present in the live model.,missing-stable-answer-id|suppression-not-negative,"Assign a stable answer ID, controlled signal contract, evidence classification, explicit positive/negative contract, correlation group, and confidence contribution rule."
hall,hall_BANT_champion,,hall_BANT_champion#answer-3,BANT,The group can only back one line of action. What makes that champion worthy of the whole community's support?,Everyone moving together,The worth comes from the whole group choosing the same care at the same time.,broad communal belonging,"[""social-behavior""]",Direct editorial assignment: the builder copies hard-coded identity likelihoods and suppressions into the live model.,"[{""identity"":""WG"",""likelihood"":0.85,""delta"":1}]","[{""identity"":""BANT"",""likelihood"":0.55,""delta"":0.28}]",1,1,1,0,Indirect: changes arbitrary additive scores; softmax share and top-two gap are recomputed from the entire score vector.,"No explicit neutral, unsure, none, or mixed option is present in this question.",Editorial interpretation; no answer-level claim or source reference is present in the live model.,missing-stable-answer-id|suppression-not-negative,"Assign a stable answer ID, controlled signal contract, evidence classification, explicit positive/negative contract, correlation group, and confidence contribution rule."
hall,hall_BANT_champion,,hall_BANT_champion#answer-4,BANT,The group can only back one line of action. What makes that champion worthy of the whole community's support?,The best-adapted form,The worthy line is the one that changes the organism enough to survive.,adaptation over honor,"[""social-behavior""]",Direct editorial assignment: the builder copies hard-coded identity likelihoods and suppressions into the live model.,"[{""identity"":""UG"",""likelihood"":0.85,""delta"":1}]","[{""identity"":""BANT"",""likelihood"":0.55,""delta"":0.28}]",1,1,1,0,Indirect: changes arbitrary additive scores; softmax share and top-two gap are recomputed from the entire score vector.,"No explicit neutral, unsure, none, or mixed option is present in this question.",Editorial interpretation; no answer-level claim or source reference is present in the live model.,missing-stable-answer-id|suppression-not-negative,"Assign a stable answer ID, controlled signal contract, evidence classification, explicit positive/negative contract, correlation group, and confidence contribution rule."
hall,hall_BANT_living_order,,hall_BANT_living_order#answer-1,BANT,"Order can protect, refine, or smother a living community. What makes it honorable?",Duty held by living community,Order is honorable when it protects the living body of the group and keeps power answerable to shared duty.,living order,"[""social-behavior"",""philosophical-preference""]",Direct editorial assignment: the builder copies hard-coded identity likelihoods and suppressions into the live model.,"[{""identity"":""BANT"",""likelihood"":0.95,""delta"":1.45}]","[{""identity"":""WU"",""likelihood"":0.7,""delta"":0.55},{""identity"":""WG"",""likelihood"":0.55,""delta"":0.28},{""identity"":""UG"",""likelihood"":0.6,""delta"":0.4}]",1,3,1.45,0,Indirect: changes arbitrary additive scores; softmax share and top-two gap are recomputed from the entire score vector.,"No explicit neutral, unsure, none, or mixed option is present in this question.",Editorial interpretation; no answer-level claim or source reference is present in the live model.,missing-stable-answer-id|suppression-not-negative,"Assign a stable answer ID, controlled signal contract, evidence classification, explicit positive/negative contract, correlation group, and confidence contribution rule."
hall,hall_BANT_living_order,,hall_BANT_living_order#answer-2,BANT,"Order can protect, refine, or smother a living community. What makes it honorable?",Procedure that cannot bend,Order is honorable because the rule stays stable even when the room wants an exception.,airtight procedure,"[""social-behavior"",""psychographic-motivation"",""philosophical-preference""]",Direct editorial assignment: the builder copies hard-coded identity likelihoods and suppressions into the live model.,"[{""identity"":""WU"",""likelihood"":0.85,""delta"":1}]","[{""identity"":""BANT"",""likelihood"":0.6,""delta"":0.4}]",1,1,1,0,Indirect: changes arbitrary additive scores; softmax share and top-two gap are recomputed from the entire score vector.,"No explicit neutral, unsure, none, or mixed option is present in this question.",Editorial interpretation; no answer-level claim or source reference is present in the live model.,missing-stable-answer-id|suppression-not-negative,"Assign a stable answer ID, controlled signal contract, evidence classification, explicit positive/negative contract, correlation group, and confidence contribution rule."
hall,hall_BANT_living_order,,hall_BANT_living_order#answer-3,BANT,"Order can protect, refine, or smother a living community. What makes it honorable?",Belonging before rank,Order matters when it dissolves isolation and lets the circle care as one.,belonging before rank,"[""social-behavior"",""philosophical-preference""]",Direct editorial assignment: the builder copies hard-coded identity likelihoods and suppressions into the live model.,"[{""identity"":""WG"",""likelihood"":0.85,""delta"":1}]","[{""identity"":""BANT"",""likelihood"":0.55,""delta"":0.28}]",1,1,1,0,Indirect: changes arbitrary additive scores; softmax share and top-two gap are recomputed from the entire score vector.,"No explicit neutral, unsure, none, or mixed option is present in this question.",Editorial interpretation; no answer-level claim or source reference is present in the live model.,missing-stable-answer-id|suppression-not-negative,"Assign a stable answer ID, controlled signal contract, evidence classification, explicit positive/negative contract, correlation group, and confidence contribution rule."
hall,hall_BANT_living_order,,hall_BANT_living_order#answer-4,BANT,"Order can protect, refine, or smother a living community. What makes it honorable?",Adaptation before duty,Order is only useful if the living system can keep changing toward what comes next.,adaptive life,"[""social-behavior"",""philosophical-preference""]",Direct editorial assignment: the builder copies hard-coded identity likelihoods and suppressions into the live model.,"[{""identity"":""UG"",""likelihood"":0.85,""delta"":1}]","[{""identity"":""BANT"",""likelihood"":0.55,""delta"":0.28}]",1,1,1,0,Indirect: changes arbitrary additive scores; softmax share and top-two gap are recomputed from the entire score vector.,"No explicit neutral, unsure, none, or mixed option is present in this question.",Editorial interpretation; no answer-level claim or source reference is present in the live model.,missing-stable-answer-id|suppression-not-negative,"Assign a stable answer ID, controlled signal contract, evidence classification, explicit positive/negative contract, correlation group, and confidence contribution rule."
hall,hall_ESPER_perfectibility,,hall_ESPER_perfectibility#answer-1,ESPER,"A flawed system can be improved, but only if the change is exact. What makes improvement trustworthy?","Understand, then refine","Study the system, identify the disorder, and improve it through deliberate knowledge rather than impulse.",perfectibility through applied knowledge,"[""social-behavior"",""philosophical-preference""]",Direct editorial assignment: the builder copies hard-coded identity likelihoods and suppressions into the live model.,"[{""identity"":""ESPER"",""likelihood"":0.95,""delta"":1.45},{""identity"":""U"",""likelihood"":0.55,""delta"":0.28},{""identity"":""WU"",""likelihood"":0.55,""delta"":0.28}]","[{""identity"":""RG"",""likelihood"":0.45,""delta"":0},{""identity"":""WG"",""likelihood"":0.3,""delta"":-0.55},{""identity"":""BANT"",""likelihood"":0.3,""delta"":-0.55}]",3,3,1.45,-0.55,Indirect: changes arbitrary additive scores; softmax share and top-two gap are recomputed from the entire score vector.,"No explicit neutral, unsure, none, or mixed option is present in this question.",Editorial interpretation; no answer-level claim or source reference is present in the live model.,missing-stable-answer-id|suppression-not-negative,"Assign a stable answer ID, controlled signal contract, evidence classification, explicit positive/negative contract, correlation group, and confidence contribution rule."
hall,hall_ESPER_perfectibility,,hall_ESPER_perfectibility#answer-2,ESPER,"A flawed system can be improved, but only if the change is exact. What makes improvement trustworthy?",Follow the procedure,Improvement is trustworthy when the process stays impartial and public.,procedure over perfectibility,"[""social-behavior"",""aesthetic-or-narrative-preference""]",Direct editorial assignment: the builder copies hard-coded identity likelihoods and suppressions into the live model.,"[{""identity"":""WU"",""likelihood"":0.85,""delta"":1}]","[{""identity"":""ESPER"",""likelihood"":0.45,""delta"":0}]",1,1,1,0,Indirect: changes arbitrary additive scores; softmax share and top-two gap are recomputed from the entire score vector.,"No explicit neutral, unsure, none, or mixed option is present in this question.",Editorial interpretation; no answer-level claim or source reference is present in the live model.,missing-stable-answer-id|suppression-not-negative,"Assign a stable answer ID, controlled signal contract, evidence classification, explicit positive/negative contract, correlation group, and confidence contribution rule."
hall,hall_ESPER_perfectibility,,hall_ESPER_perfectibility#answer-3,ESPER,"A flawed system can be improved, but only if the change is exact. What makes improvement trustworthy?",Keep the leverage hidden,Improvement is safest when no one sees the information advantage until it matters.,hidden leverage over design,"[""social-behavior""]",Direct editorial assignment: the builder copies hard-coded identity likelihoods and suppressions into the live model.,"[{""identity"":""UB"",""likelihood"":0.85,""delta"":1}]","[{""identity"":""ESPER"",""likelihood"":0.35,""delta"":-0.45}]",1,1,1,-0.45,Indirect: changes arbitrary additive scores; softmax share and top-two gap are recomputed from the entire score vector.,"No explicit neutral, unsure, none, or mixed option is present in this question.",Editorial interpretation; no answer-level claim or source reference is present in the live model.,missing-stable-answer-id,"Assign a stable answer ID, controlled signal contract, evidence classification, explicit positive/negative contract, correlation group, and confidence contribution rule."
hall,hall_ESPER_perfectibility,,hall_ESPER_perfectibility#answer-4,ESPER,"A flawed system can be improved, but only if the change is exact. What makes improvement trustworthy?",Protect the living whole,Improvement is trustworthy when it preserves the community that has to live inside it.,living order over exact design,"[""social-behavior"",""philosophical-preference""]",Direct editorial assignment: the builder copies hard-coded identity likelihoods and suppressions into the live model.,"[{""identity"":""BANT"",""likelihood"":0.85,""delta"":1},{""identity"":""WG"",""likelihood"":0.55,""delta"":0.28}]","[{""identity"":""ESPER"",""likelihood"":0.45,""delta"":0}]",2,1,1,0,Indirect: changes arbitrary additive scores; softmax share and top-two gap are recomputed from the entire score vector.,"No explicit neutral, unsure, none, or mixed option is present in this question.",Editorial interpretation; no answer-level claim or source reference is present in the live model.,missing-stable-answer-id|suppression-not-negative,"Assign a stable answer ID, controlled signal contract, evidence classification, explicit positive/negative contract, correlation group, and confidence contribution rule."
hall,hall_ESPER_designed_control,,hall_ESPER_designed_control#answer-1,ESPER,"A plan is nearly perfect, but one part keeps resisting optimization. What should happen next?",Make every piece serve the design,Keep refining until the whole system obeys the shape knowledge has revealed.,designed control,"[""aesthetic-or-narrative-preference"",""philosophical-preference""]",Direct editorial assignment: the builder copies hard-coded identity likelihoods and suppressions into the live model.,"[{""identity"":""ESPER"",""likelihood"":0.95,""delta"":1.45},{""identity"":""WB"",""likelihood"":0.55,""delta"":0.28},{""identity"":""UB"",""likelihood"":0.55,""delta"":0.28},{""identity"":""WU"",""likelihood"":0.55,""delta"":0.28}]","[{""identity"":""BANT"",""likelihood"":0.45,""delta"":0},{""identity"":""RG"",""likelihood"":0.45,""delta"":0},{""identity"":""G"",""likelihood"":0.35,""delta"":-0.45}]",4,3,1.45,-0.45,Indirect: changes arbitrary additive scores; softmax share and top-two gap are recomputed from the entire score vector.,"No explicit neutral, unsure, none, or mixed option is present in this question.",Editorial interpretation; no answer-level claim or source reference is present in the live model.,missing-stable-answer-id|suppression-not-negative,"Assign a stable answer ID, controlled signal contract, evidence classification, explicit positive/negative contract, correlation group, and confidence contribution rule."
hall,hall_ESPER_designed_control,,hall_ESPER_designed_control#answer-2,ESPER,"A plan is nearly perfect, but one part keeps resisting optimization. What should happen next?",Preserve the obligation,The resistant part matters because it owes or is owed something the structure must honor.,obligation over optimization,"[""aesthetic-or-narrative-preference""]",Direct editorial assignment: the builder copies hard-coded identity likelihoods and suppressions into the live model.,"[{""identity"":""WB"",""likelihood"":0.85,""delta"":1}]","[{""identity"":""ESPER"",""likelihood"":0.35,""delta"":-0.45}]",1,1,1,-0.45,Indirect: changes arbitrary additive scores; softmax share and top-two gap are recomputed from the entire score vector.,"No explicit neutral, unsure, none, or mixed option is present in this question.",Editorial interpretation; no answer-level claim or source reference is present in the live model.,missing-stable-answer-id,"Assign a stable answer ID, controlled signal contract, evidence classification, explicit positive/negative contract, correlation group, and confidence contribution rule."
hall,hall_ESPER_designed_control,,hall_ESPER_designed_control#answer-3,ESPER,"A plan is nearly perfect, but one part keeps resisting optimization. What should happen next?",Control the unseen variable,Keep the decisive factor hidden until the table can no longer answer it.,hidden variable control,"[""social-behavior"",""aesthetic-or-narrative-preference""]",Direct editorial assignment: the builder copies hard-coded identity likelihoods and suppressions into the live model.,"[{""identity"":""UB"",""likelihood"":0.85,""delta"":1}]","[{""identity"":""ESPER"",""likelihood"":0.35,""delta"":-0.45}]",1,1,1,-0.45,Indirect: changes arbitrary additive scores; softmax share and top-two gap are recomputed from the entire score vector.,"No explicit neutral, unsure, none, or mixed option is present in this question.",Editorial interpretation; no answer-level claim or source reference is present in the live model.,missing-stable-answer-id,"Assign a stable answer ID, controlled signal contract, evidence classification, explicit positive/negative contract, correlation group, and confidence contribution rule."
hall,hall_ESPER_designed_control,,hall_ESPER_designed_control#answer-4,ESPER,"A plan is nearly perfect, but one part keeps resisting optimization. What should happen next?",Keep the community whole,A design that breaks the living order is not worth completing.,community over optimization,"[""social-behavior"",""aesthetic-or-narrative-preference"",""philosophical-preference""]",Direct editorial assignment: the builder copies hard-coded identity likelihoods and suppressions into the live model.,"[{""identity"":""BANT"",""likelihood"":0.85,""delta"":1},{""identity"":""WG"",""likelihood"":0.55,""delta"":0.28}]","[{""identity"":""ESPER"",""likelihood"":0.5,""delta"":0.12}]",2,1,1,0,Indirect: changes arbitrary additive scores; softmax share and top-two gap are recomputed from the entire score vector.,"No explicit neutral, unsure, none, or mixed option is present in this question.",Editorial interpretation; no answer-level claim or source reference is present in the live model.,missing-stable-answer-id|suppression-not-negative,"Assign a stable answer ID, controlled signal contract, evidence classification, explicit positive/negative contract, correlation group, and confidence contribution rule."
hall,hall_GRIXIS_survival_opening,,hall_GRIXIS_survival_opening#answer-1,GRIXIS,A hostile situation leaves one narrow opening. What makes the next move true?,Find the weakness and take it,"Study the break in the situation, claim the opening, and survive before it closes.",calculated survival opening,"[""abstract-scenario-preference""]",Direct editorial assignment: the builder copies hard-coded identity likelihoods and suppressions into the live model.,"[{""identity"":""GRIXIS"",""likelihood"":0.95,""delta"":1.45},{""identity"":""B"",""likelihood"":0.55,""delta"":0.28},{""identity"":""UB"",""likelihood"":0.55,""delta"":0.28},{""identity"":""BR"",""likelihood"":0.5,""delta"":0.12}]","[{""identity"":""BANT"",""likelihood"":0.55,""delta"":0.28},{""identity"":""ESPER"",""likelihood"":0.45,""delta"":0},{""identity"":""WU"",""likelihood"":0.4,""delta"":0},{""identity"":""WG"",""likelihood"":0.35,""delta"":-0.45}]",4,4,1.45,-0.45,Indirect: changes arbitrary additive scores; softmax share and top-two gap are recomputed from the entire score vector.,"No explicit neutral, unsure, none, or mixed option is present in this question.",Editorial interpretation; no answer-level claim or source reference is present in the live model.,missing-stable-answer-id|suppression-not-negative,"Assign a stable answer ID, controlled signal contract, evidence classification, explicit positive/negative contract, correlation group, and confidence contribution rule."
hall,hall_GRIXIS_survival_opening,,hall_GRIXIS_survival_opening#answer-2,GRIXIS,A hostile situation leaves one narrow opening. What makes the next move true?,Make the process legitimate,The move is true when the room can audit it and the rule can survive pressure.,legitimacy over survival,"[""abstract-scenario-preference""]",Direct editorial assignment: the builder copies hard-coded identity likelihoods and suppressions into the live model.,"[{""identity"":""WU"",""likelihood"":0.85,""delta"":1}]","[{""identity"":""GRIXIS"",""likelihood"":0.45,""delta"":0}]",1,1,1,0,Indirect: changes arbitrary additive scores; softmax share and top-two gap are recomputed from the entire score vector.,"No explicit neutral, unsure, none, or mixed option is present in this question.",Editorial interpretation; no answer-level claim or source reference is present in the live model.,missing-stable-answer-id|suppression-not-negative,"Assign a stable answer ID, controlled signal contract, evidence classification, explicit positive/negative contract, correlation group, and confidence contribution rule."
hall,hall_GRIXIS_survival_opening,,hall_GRIXIS_survival_opening#answer-3,GRIXIS,A hostile situation leaves one narrow opening. What makes the next move true?,Release the appetite,"The opening matters because pressure wants an honest, unrestrained answer.",appetite over calculation,"[""psychographic-motivation""]",Direct editorial assignment: the builder copies hard-coded identity likelihoods and suppressions into the live model.,"[{""identity"":""BR"",""likelihood"":0.85,""delta"":1}]","[{""identity"":""GRIXIS"",""likelihood"":0.35,""delta"":-0.45}]",1,1,1,-0.45,Indirect: changes arbitrary additive scores; softmax share and top-two gap are recomputed from the entire score vector.,"No explicit neutral, unsure, none, or mixed option is present in this question.",Editorial interpretation; no answer-level claim or source reference is present in the live model.,missing-stable-answer-id,"Assign a stable answer ID, controlled signal contract, evidence classification, explicit positive/negative contract, correlation group, and confidence contribution rule."
hall,hall_GRIXIS_survival_opening,,hall_GRIXIS_survival_opening#answer-4,GRIXIS,A hostile situation leaves one narrow opening. What makes the next move true?,Preserve the whole,The opening is only worth taking if it keeps the community intact.,community over survival leverage,"[""social-behavior""]",Direct editorial assignment: the builder copies hard-coded identity likelihoods and suppressions into the live model.,"[{""identity"":""BANT"",""likelihood"":0.85,""delta"":1},{""identity"":""WG"",""likelihood"":0.55,""delta"":0.28}]","[{""identity"":""GRIXIS"",""likelihood"":0.5,""delta"":0.12}]",2,1,1,0,Indirect: changes arbitrary additive scores; softmax share and top-two gap are recomputed from the entire score vector.,"No explicit neutral, unsure, none, or mixed option is present in this question.",Editorial interpretation; no answer-level claim or source reference is present in the live model.,missing-stable-answer-id|suppression-not-negative,"Assign a stable answer ID, controlled signal contract, evidence classification, explicit positive/negative contract, correlation group, and confidence contribution rule."
hall,hall_GRIXIS_volatile_calculation,,hall_GRIXIS_volatile_calculation#answer-1,GRIXIS,"The information is incomplete, the pressure is rising, and delay has a cost. What wins your trust?",Calculation aimed at survival,"Know enough to name the weakness, then act before the table gets another chance to close ranks.",volatile calculation,"[""social-behavior""]",Direct editorial assignment: the builder copies hard-coded identity likelihoods and suppressions into the live model.,"[{""identity"":""GRIXIS"",""likelihood"":0.95,""delta"":1.45},{""identity"":""UB"",""likelihood"":0.55,""delta"":0.28},{""identity"":""UR"",""likelihood"":0.55,""delta"":0.28},{""identity"":""BR"",""likelihood"":0.55,""delta"":0.28}]","[{""identity"":""ESPER"",""likelihood"":0.55,""delta"":0.28},{""identity"":""BANT"",""likelihood"":0.45,""delta"":0},{""identity"":""WU"",""likelihood"":0.35,""delta"":-0.45},{""identity"":""WG"",""likelihood"":0.35,""delta"":-0.45}]",4,4,1.45,-0.45,Indirect: changes arbitrary additive scores; softmax share and top-two gap are recomputed from the entire score vector.,"No explicit neutral, unsure, none, or mixed option is present in this question.",Editorial interpretation; no answer-level claim or source reference is present in the live model.,missing-stable-answer-id|suppression-not-negative,"Assign a stable answer ID, controlled signal contract, evidence classification, explicit positive/negative contract, correlation group, and confidence contribution rule."
hall,hall_GRIXIS_volatile_calculation,,hall_GRIXIS_volatile_calculation#answer-2,GRIXIS,"The information is incomplete, the pressure is rising, and delay has a cost. What wins your trust?",Refine until exact,Pressure is not permission to move before the design is trustworthy.,exact control over volatility,"[""social-behavior""]",Direct editorial assignment: the builder copies hard-coded identity likelihoods and suppressions into the live model.,"[{""identity"":""ESPER"",""likelihood"":0.85,""delta"":1},{""identity"":""WU"",""likelihood"":0.55,""delta"":0.28}]","[{""identity"":""GRIXIS"",""likelihood"":0.45,""delta"":0}]",2,1,1,0,Indirect: changes arbitrary additive scores; softmax share and top-two gap are recomputed from the entire score vector.,"No explicit neutral, unsure, none, or mixed option is present in this question.",Editorial interpretation; no answer-level claim or source reference is present in the live model.,missing-stable-answer-id|suppression-not-negative,"Assign a stable answer ID, controlled signal contract, evidence classification, explicit positive/negative contract, correlation group, and confidence contribution rule."
hall,hall_GRIXIS_volatile_calculation,,hall_GRIXIS_volatile_calculation#answer-3,GRIXIS,"The information is incomplete, the pressure is rising, and delay has a cost. What wins your trust?",Experiment in the open,The best answer is to try the strange idea and learn from the spark.,experiment over survival leverage,"[""social-behavior""]",Direct editorial assignment: the builder copies hard-coded identity likelihoods and suppressions into the live model.,"[{""identity"":""UR"",""likelihood"":0.85,""delta"":1},{""identity"":""PRISMARI"",""likelihood"":0.55,""delta"":0.28}]","[{""identity"":""GRIXIS"",""likelihood"":0.35,""delta"":-0.45}]",2,1,1,-0.45,Indirect: changes arbitrary additive scores; softmax share and top-two gap are recomputed from the entire score vector.,"No explicit neutral, unsure, none, or mixed option is present in this question.",Editorial interpretation; no answer-level claim or source reference is present in the live model.,missing-stable-answer-id,"Assign a stable answer ID, controlled signal contract, evidence classification, explicit positive/negative contract, correlation group, and confidence contribution rule."
hall,hall_GRIXIS_volatile_calculation,,hall_GRIXIS_volatile_calculation#answer-4,GRIXIS,"The information is incomplete, the pressure is rising, and delay has a cost. What wins your trust?",Stand with the circle,The safest move is the one the group can carry together.,shared order over self-advocacy,"[""social-behavior"",""philosophical-preference""]",Direct editorial assignment: the builder copies hard-coded identity likelihoods and suppressions into the live model.,"[{""identity"":""BANT"",""likelihood"":0.85,""delta"":1},{""identity"":""WG"",""likelihood"":0.55,""delta"":0.28}]","[{""identity"":""GRIXIS"",""likelihood"":0.5,""delta"":0.12}]",2,1,1,0,Indirect: changes arbitrary additive scores; softmax share and top-two gap are recomputed from the entire score vector.,"No explicit neutral, unsure, none, or mixed option is present in this question.",Editorial interpretation; no answer-level claim or source reference is present in the live model.,missing-stable-answer-id|suppression-not-negative,"Assign a stable answer ID, controlled signal contract, evidence classification, explicit positive/negative contract, correlation group, and confidence contribution rule."
hall,hall_JUND_instinct_pressure,,hall_JUND_instinct_pressure#answer-1,JUND,Pressure strips away the polite answer. What makes the next move true?,Trust the gut and move,The body knows enough. Act from the honest feeling and carry the consequence.,instinct under pressure,"[""social-behavior"",""psychographic-motivation""]",Direct editorial assignment: the builder copies hard-coded identity likelihoods and suppressions into the live model.,"[{""identity"":""JUND"",""likelihood"":0.95,""delta"":1.45},{""identity"":""R"",""likelihood"":0.55,""delta"":0.28},{""identity"":""RG"",""likelihood"":0.55,""delta"":0.28},{""identity"":""BR"",""likelihood"":0.5,""delta"":0.12}]","[{""identity"":""WU"",""likelihood"":0.45,""delta"":0},{""identity"":""WG"",""likelihood"":0.35,""delta"":-0.45}]",4,2,1.45,-0.45,Indirect: changes arbitrary additive scores; softmax share and top-two gap are recomputed from the entire score vector.,"No explicit neutral, unsure, none, or mixed option is present in this question.",Editorial interpretation; no answer-level claim or source reference is present in the live model.,missing-stable-answer-id|suppression-not-negative,"Assign a stable answer ID, controlled signal contract, evidence classification, explicit positive/negative contract, correlation group, and confidence contribution rule."
hall,hall_JUND_instinct_pressure,,hall_JUND_instinct_pressure#answer-2,JUND,Pressure strips away the polite answer. What makes the next move true?,Make the process legitimate,The move is true when a shared rule can defend it after the pressure passes.,legitimacy over instinct,"[""social-behavior""]",Direct editorial assignment: the builder copies hard-coded identity likelihoods and suppressions into the live model.,"[{""identity"":""WU"",""likelihood"":0.85,""delta"":1}]","[{""identity"":""JUND"",""likelihood"":0.45,""delta"":0}]",1,1,1,0,Indirect: changes arbitrary additive scores; softmax share and top-two gap are recomputed from the entire score vector.,"No explicit neutral, unsure, none, or mixed option is present in this question.",Editorial interpretation; no answer-level claim or source reference is present in the live model.,missing-stable-answer-id|suppression-not-negative,"Assign a stable answer ID, controlled signal contract, evidence classification, explicit positive/negative contract, correlation group, and confidence contribution rule."
hall,hall_JUND_instinct_pressure,,hall_JUND_instinct_pressure#answer-3,JUND,Pressure strips away the polite answer. What makes the next move true?,Preserve the living whole,The next move should protect belonging before it indulges appetite.,belonging over appetite,"[""social-behavior"",""psychographic-motivation""]",Direct editorial assignment: the builder copies hard-coded identity likelihoods and suppressions into the live model.,"[{""identity"":""WG"",""likelihood"":0.85,""delta"":1}]","[{""identity"":""JUND"",""likelihood"":0.35,""delta"":-0.45}]",1,1,1,-0.45,Indirect: changes arbitrary additive scores; softmax share and top-two gap are recomputed from the entire score vector.,"No explicit neutral, unsure, none, or mixed option is present in this question.",Editorial interpretation; no answer-level claim or source reference is present in the live model.,missing-stable-answer-id,"Assign a stable answer ID, controlled signal contract, evidence classification, explicit positive/negative contract, correlation group, and confidence contribution rule."
hall,hall_JUND_instinct_pressure,,hall_JUND_instinct_pressure#answer-4,JUND,Pressure strips away the polite answer. What makes the next move true?,Calculate the opening,"Move only after the weakness, cost, and leverage are named.",calculation over gut truth,"[""philosophical-preference""]",Direct editorial assignment: the builder copies hard-coded identity likelihoods and suppressions into the live model.,"[{""identity"":""GRIXIS"",""likelihood"":0.85,""delta"":1},{""identity"":""UB"",""likelihood"":0.45,""delta"":0}]","[{""identity"":""JUND"",""likelihood"":0.4,""delta"":0}]",2,1,1,0,Indirect: changes arbitrary additive scores; softmax share and top-two gap are recomputed from the entire score vector.,"No explicit neutral, unsure, none, or mixed option is present in this question.",Editorial interpretation; no answer-level claim or source reference is present in the live model.,missing-stable-answer-id|suppression-not-negative,"Assign a stable answer ID, controlled signal contract, evidence classification, explicit positive/negative contract, correlation group, and confidence contribution rule."
hall,hall_JUND_appetite_consequence,,hall_JUND_appetite_consequence#answer-1,JUND,A hunger rises with real cost attached. What makes it worth following?,Feed it and own the cost,"Wanting is not a crime. The honest path is to act, pay, and become what survives.",appetite with consequence,"[""psychographic-motivation""]",Direct editorial assignment: the builder copies hard-coded identity likelihoods and suppressions into the live model.,"[{""identity"":""JUND"",""likelihood"":0.95,""delta"":1.45},{""identity"":""BR"",""likelihood"":0.55,""delta"":0.28},{""identity"":""BG"",""likelihood"":0.55,""delta"":0.28},{""identity"":""RG"",""likelihood"":0.55,""delta"":0.28}]","[{""identity"":""WU"",""likelihood"":0.35,""delta"":-0.45},{""identity"":""WG"",""likelihood"":0.35,""delta"":-0.45}]",4,2,1.45,-0.45,Indirect: changes arbitrary additive scores; softmax share and top-two gap are recomputed from the entire score vector.,"No explicit neutral, unsure, none, or mixed option is present in this question.",Editorial interpretation; no answer-level claim or source reference is present in the live model.,missing-stable-answer-id,"Assign a stable answer ID, controlled signal contract, evidence classification, explicit positive/negative contract, correlation group, and confidence contribution rule."
hall,hall_JUND_appetite_consequence,,hall_JUND_appetite_consequence#answer-2,JUND,A hunger rises with real cost attached. What makes it worth following?,Bind it to duty,A hunger is trustworthy only when it serves a larger obligation.,duty over appetite,"[""social-behavior"",""psychographic-motivation""]",Direct editorial assignment: the builder copies hard-coded identity likelihoods and suppressions into the live model.,"[{""identity"":""WB"",""likelihood"":0.85,""delta"":1}]","[{""identity"":""JUND"",""likelihood"":0.45,""delta"":0}]",1,1,1,0,Indirect: changes arbitrary additive scores; softmax share and top-two gap are recomputed from the entire score vector.,"No explicit neutral, unsure, none, or mixed option is present in this question.",Editorial interpretation; no answer-level claim or source reference is present in the live model.,missing-stable-answer-id|suppression-not-negative,"Assign a stable answer ID, controlled signal contract, evidence classification, explicit positive/negative contract, correlation group, and confidence contribution rule."
hall,hall_JUND_appetite_consequence,,hall_JUND_appetite_consequence#answer-3,JUND,A hunger rises with real cost attached. What makes it worth following?,Let it become spectacle,"The point is not survival but the release: visible, dangerous, and impossible to ignore.",performance over survival appetite,"[""psychographic-motivation"",""aesthetic-or-narrative-preference""]",Direct editorial assignment: the builder copies hard-coded identity likelihoods and suppressions into the live model.,"[{""identity"":""BR"",""likelihood"":0.85,""delta"":1}]","[{""identity"":""JUND"",""likelihood"":0.35,""delta"":-0.45}]",1,1,1,-0.45,Indirect: changes arbitrary additive scores; softmax share and top-two gap are recomputed from the entire score vector.,"No explicit neutral, unsure, none, or mixed option is present in this question.",Editorial interpretation; no answer-level claim or source reference is present in the live model.,missing-stable-answer-id,"Assign a stable answer ID, controlled signal contract, evidence classification, explicit positive/negative contract, correlation group, and confidence contribution rule."
hall,hall_JUND_appetite_consequence,,hall_JUND_appetite_consequence#answer-4,JUND,A hunger rises with real cost attached. What makes it worth following?,Compost it into renewal,Hunger is safest when it returns loss to the cycle and feeds what comes next.,cycle over appetite,"[""gameplay-or-deck-behavior"",""psychographic-motivation""]",Direct editorial assignment: the builder copies hard-coded identity likelihoods and suppressions into the live model.,"[{""identity"":""BG"",""likelihood"":0.85,""delta"":1},{""identity"":""WITHERBLOOM"",""likelihood"":0.55,""delta"":0.28}]","[{""identity"":""JUND"",""likelihood"":0.4,""delta"":0}]",2,1,1,0,Indirect: changes arbitrary additive scores; softmax share and top-two gap are recomputed from the entire score vector.,"No explicit neutral, unsure, none, or mixed option is present in this question.",Editorial interpretation; no answer-level claim or source reference is present in the live model.,missing-stable-answer-id|suppression-not-negative,"Assign a stable answer ID, controlled signal contract, evidence classification, explicit positive/negative contract, correlation group, and confidence contribution rule."
hall,hall_NAYA_living_whole,,hall_NAYA_living_whole#answer-1,NAYA,"A living world pulls through care, instinct, and scale. What makes the next move trustworthy?",Protect the living whole,"Move with the bond that lets life keep growing, not with control or appetite alone.",belonging through protective abundance,"[""social-behavior"",""psychographic-motivation""]",Direct editorial assignment: the builder copies hard-coded identity likelihoods and suppressions into the live model.,"[{""identity"":""NAYA"",""likelihood"":0.95,""delta"":1.45},{""identity"":""RG"",""likelihood"":0.5,""delta"":0.12},{""identity"":""WR"",""likelihood"":0.45,""delta"":0}]","[{""identity"":""JUND"",""likelihood"":0.4,""delta"":0},{""identity"":""GRIXIS"",""likelihood"":0.35,""delta"":-0.45},{""identity"":""BANT"",""likelihood"":0.3,""delta"":-0.55}]",3,3,1.45,-0.55,Indirect: changes arbitrary additive scores; softmax share and top-two gap are recomputed from the entire score vector.,"No explicit neutral, unsure, none, or mixed option is present in this question.",Editorial interpretation; no answer-level claim or source reference is present in the live model.,missing-stable-answer-id|suppression-not-negative,"Assign a stable answer ID, controlled signal contract, evidence classification, explicit positive/negative contract, correlation group, and confidence contribution rule."
hall,hall_NAYA_living_whole,,hall_NAYA_living_whole#answer-2,NAYA,"A living world pulls through care, instinct, and scale. What makes the next move trustworthy?",Stand with the circle,The move is trustworthy when the community can carry it together.,shared community over living-world instinct,"[""social-behavior""]",Direct editorial assignment: the builder copies hard-coded identity likelihoods and suppressions into the live model.,"[{""identity"":""WG"",""likelihood"":0.85,""delta"":1},{""identity"":""BANT"",""likelihood"":0.45,""delta"":0}]","[{""identity"":""NAYA"",""likelihood"":0.35,""delta"":-0.45}]",2,1,1,-0.45,Indirect: changes arbitrary additive scores; softmax share and top-two gap are recomputed from the entire score vector.,"No explicit neutral, unsure, none, or mixed option is present in this question.",Editorial interpretation; no answer-level claim or source reference is present in the live model.,missing-stable-answer-id,"Assign a stable answer ID, controlled signal contract, evidence classification, explicit positive/negative contract, correlation group, and confidence contribution rule."
hall,hall_NAYA_living_whole,,hall_NAYA_living_whole#answer-3,NAYA,"A living world pulls through care, instinct, and scale. What makes the next move trustworthy?",Feed the hunger,The honest answer is the appetite that survives the cost.,appetite over belonging,"[""social-behavior"",""psychographic-motivation""]",Direct editorial assignment: the builder copies hard-coded identity likelihoods and suppressions into the live model.,"[{""identity"":""JUND"",""likelihood"":0.85,""delta"":1},{""identity"":""BR"",""likelihood"":0.45,""delta"":0}]","[{""identity"":""NAYA"",""likelihood"":0.4,""delta"":0}]",2,1,1,0,Indirect: changes arbitrary additive scores; softmax share and top-two gap are recomputed from the entire score vector.,"No explicit neutral, unsure, none, or mixed option is present in this question.",Editorial interpretation; no answer-level claim or source reference is present in the live model.,missing-stable-answer-id|suppression-not-negative,"Assign a stable answer ID, controlled signal contract, evidence classification, explicit positive/negative contract, correlation group, and confidence contribution rule."
hall,hall_NAYA_living_whole,,hall_NAYA_living_whole#answer-4,NAYA,"A living world pulls through care, instinct, and scale. What makes the next move trustworthy?",Find the weakness,Trust the opening that gives you leverage before the world can close around you.,calculation over belonging,"[""social-behavior""]",Direct editorial assignment: the builder copies hard-coded identity likelihoods and suppressions into the live model.,"[{""identity"":""GRIXIS"",""likelihood"":0.85,""delta"":1},{""identity"":""UB"",""likelihood"":0.45,""delta"":0}]","[{""identity"":""NAYA"",""likelihood"":0.4,""delta"":0}]",2,1,1,0,Indirect: changes arbitrary additive scores; softmax share and top-two gap are recomputed from the entire score vector.,"No explicit neutral, unsure, none, or mixed option is present in this question.",Editorial interpretation; no answer-level claim or source reference is present in the live model.,missing-stable-answer-id|suppression-not-negative,"Assign a stable answer ID, controlled signal contract, evidence classification, explicit positive/negative contract, correlation group, and confidence contribution rule."
hall,hall_NAYA_abundance_instinct,,hall_NAYA_abundance_instinct#answer-1,NAYA,Scale is rising fast. When does abundance become wisdom instead of just size?,When growth belongs,"The right scale deepens life, bond, and protection of the whole.",abundance held by belonging,"[""social-behavior"",""philosophical-preference""]",Direct editorial assignment: the builder copies hard-coded identity likelihoods and suppressions into the live model.,"[{""identity"":""NAYA"",""likelihood"":0.95,""delta"":1.45},{""identity"":""RG"",""likelihood"":0.55,""delta"":0.28},{""identity"":""WR"",""likelihood"":0.45,""delta"":0}]","[{""identity"":""JUND"",""likelihood"":0.35,""delta"":-0.45},{""identity"":""GRIXIS"",""likelihood"":0.35,""delta"":-0.45}]",3,2,1.45,-0.45,Indirect: changes arbitrary additive scores; softmax share and top-two gap are recomputed from the entire score vector.,"No explicit neutral, unsure, none, or mixed option is present in this question.",Editorial interpretation; no answer-level claim or source reference is present in the live model.,missing-stable-answer-id,"Assign a stable answer ID, controlled signal contract, evidence classification, explicit positive/negative contract, correlation group, and confidence contribution rule."
hall,hall_NAYA_abundance_instinct,,hall_NAYA_abundance_instinct#answer-2,NAYA,Scale is rising fast. When does abundance become wisdom instead of just size?,When hunger wins,Scale matters when it can take what it needs and keep moving.,appetite over abundance,"[""psychographic-motivation""]",Direct editorial assignment: the builder copies hard-coded identity likelihoods and suppressions into the live model.,"[{""identity"":""JUND"",""likelihood"":0.85,""delta"":1},{""identity"":""BG"",""likelihood"":0.45,""delta"":0},{""identity"":""RG"",""likelihood"":0.45,""delta"":0}]","[{""identity"":""NAYA"",""likelihood"":0.4,""delta"":0}]",3,1,1,0,Indirect: changes arbitrary additive scores; softmax share and top-two gap are recomputed from the entire score vector.,"No explicit neutral, unsure, none, or mixed option is present in this question.",Editorial interpretation; no answer-level claim or source reference is present in the live model.,missing-stable-answer-id|suppression-not-negative,"Assign a stable answer ID, controlled signal contract, evidence classification, explicit positive/negative contract, correlation group, and confidence contribution rule."
hall,hall_NAYA_abundance_instinct,,hall_NAYA_abundance_instinct#answer-3,NAYA,Scale is rising fast. When does abundance become wisdom instead of just size?,When order approves,Growth is wise when the whole hierarchy can sanction it.,sanctioned order over abundance,"[""philosophical-preference""]",Direct editorial assignment: the builder copies hard-coded identity likelihoods and suppressions into the live model.,"[{""identity"":""BANT"",""likelihood"":0.85,""delta"":1},{""identity"":""WU"",""likelihood"":0.45,""delta"":0}]","[{""identity"":""NAYA"",""likelihood"":0.35,""delta"":-0.45}]",2,1,1,-0.45,Indirect: changes arbitrary additive scores; softmax share and top-two gap are recomputed from the entire score vector.,"No explicit neutral, unsure, none, or mixed option is present in this question.",Editorial interpretation; no answer-level claim or source reference is present in the live model.,missing-stable-answer-id,"Assign a stable answer ID, controlled signal contract, evidence classification, explicit positive/negative contract, correlation group, and confidence contribution rule."
hall,hall_NAYA_abundance_instinct,,hall_NAYA_abundance_instinct#answer-4,NAYA,Scale is rising fast. When does abundance become wisdom instead of just size?,When the circle shares it,Abundance is wise when the whole community can receive and return it.,shared community over living-world scale,"[""gameplay-or-deck-behavior"",""social-behavior""]",Direct editorial assignment: the builder copies hard-coded identity likelihoods and suppressions into the live model.,"[{""identity"":""WG"",""likelihood"":0.85,""delta"":1},{""identity"":""BANT"",""likelihood"":0.35,""delta"":-0.45}]","[{""identity"":""NAYA"",""likelihood"":0.35,""delta"":-0.45}]",2,1,1,-0.45,Indirect: changes arbitrary additive scores; softmax share and top-two gap are recomputed from the entire score vector.,"No explicit neutral, unsure, none, or mixed option is present in this question.",Editorial interpretation; no answer-level claim or source reference is present in the live model.,missing-stable-answer-id,"Assign a stable answer ID, controlled signal contract, evidence classification, explicit positive/negative contract, correlation group, and confidence contribution rule."
hall,hall_ABZAN_family_endurance,,hall_ABZAN_family_endurance#answer-1,ABZAN,"The house can survive, but only if the next move carries family duty forward. What makes endurance trustworthy?",Keep the house alive,Survival matters when it protects family continuity and gives the next generation something rooted to inherit.,family endurance through house continuity,"[""social-behavior""]",Direct editorial assignment: the builder copies hard-coded identity likelihoods and suppressions into the live model.,"[{""identity"":""ABZAN"",""likelihood"":0.95,""delta"":1.45},{""identity"":""WB"",""likelihood"":0.55,""delta"":0.28},{""identity"":""WG"",""likelihood"":0.45,""delta"":0}]","[{""identity"":""JUND"",""likelihood"":0.35,""delta"":-0.45},{""identity"":""NAYA"",""likelihood"":0.3,""delta"":-0.55},{""identity"":""BANT"",""likelihood"":0.25,""delta"":-0.7}]",3,3,1.45,-0.7,Indirect: changes arbitrary additive scores; softmax share and top-two gap are recomputed from the entire score vector.,"No explicit neutral, unsure, none, or mixed option is present in this question.",Editorial interpretation; no answer-level claim or source reference is present in the live model.,missing-stable-answer-id,"Assign a stable answer ID, controlled signal contract, evidence classification, explicit positive/negative contract, correlation group, and confidence contribution rule."
hall,hall_ABZAN_family_endurance,,hall_ABZAN_family_endurance#answer-2,ABZAN,"The house can survive, but only if the next move carries family duty forward. What makes endurance trustworthy?",Let growth outrun the old duty,The future is wiser when life can grow beyond inherited obligations.,growth over inherited duty,"[""social-behavior"",""philosophical-preference""]",Direct editorial assignment: the builder copies hard-coded identity likelihoods and suppressions into the live model.,"[{""identity"":""NAYA"",""likelihood"":0.8,""delta"":1},{""identity"":""WG"",""likelihood"":0.5,""delta"":0.12}]","[{""identity"":""ABZAN"",""likelihood"":0.35,""delta"":-0.45}]",2,1,1,-0.45,Indirect: changes arbitrary additive scores; softmax share and top-two gap are recomputed from the entire score vector.,"No explicit neutral, unsure, none, or mixed option is present in this question.",Editorial interpretation; no answer-level claim or source reference is present in the live model.,missing-stable-answer-id,"Assign a stable answer ID, controlled signal contract, evidence classification, explicit positive/negative contract, correlation group, and confidence contribution rule."
hall,hall_ABZAN_family_endurance,,hall_ABZAN_family_endurance#answer-3,ABZAN,"The house can survive, but only if the next move carries family duty forward. What makes endurance trustworthy?",Feed what survives the cost,"Endurance belongs to whatever can pay, adapt, and keep pressure moving.",survival pressure over house continuity,"[""social-behavior""]",Direct editorial assignment: the builder copies hard-coded identity likelihoods and suppressions into the live model.,"[{""identity"":""JUND"",""likelihood"":0.8,""delta"":1},{""identity"":""BG"",""likelihood"":0.45,""delta"":0}]","[{""identity"":""ABZAN"",""likelihood"":0.4,""delta"":0}]",2,1,1,0,Indirect: changes arbitrary additive scores; softmax share and top-two gap are recomputed from the entire score vector.,"No explicit neutral, unsure, none, or mixed option is present in this question.",Editorial interpretation; no answer-level claim or source reference is present in the live model.,missing-stable-answer-id|suppression-not-negative,"Assign a stable answer ID, controlled signal contract, evidence classification, explicit positive/negative contract, correlation group, and confidence contribution rule."
hall,hall_ABZAN_family_endurance,,hall_ABZAN_family_endurance#answer-4,ABZAN,"The house can survive, but only if the next move carries family duty forward. What makes endurance trustworthy?",Make the rule publicly worthy,Continuity needs standards the whole order can recognize and approve.,public legitimacy over family continuity,"[""social-behavior"",""philosophical-preference""]",Direct editorial assignment: the builder copies hard-coded identity likelihoods and suppressions into the live model.,"[{""identity"":""BANT"",""likelihood"":0.8,""delta"":1},{""identity"":""WU"",""likelihood"":0.45,""delta"":0}]","[{""identity"":""ABZAN"",""likelihood"":0.3,""delta"":-0.55}]",2,1,1,-0.55,Indirect: changes arbitrary additive scores; softmax share and top-two gap are recomputed from the entire score vector.,"No explicit neutral, unsure, none, or mixed option is present in this question.",Editorial interpretation; no answer-level claim or source reference is present in the live model.,missing-stable-answer-id,"Assign a stable answer ID, controlled signal contract, evidence classification, explicit positive/negative contract, correlation group, and confidence contribution rule."
hall,hall_ABZAN_ancestor_perennation,,hall_ABZAN_ancestor_perennation#answer-1,ABZAN,"Ancestors, roots, and the dead are present in the decision. How should memory guide the living?",Let memory become stewardship,"The dead are not weight alone; they are obligation, warning, and rooted guidance for the house that remains.",ancestor duty through perennation,"[""social-behavior""]",Direct editorial assignment: the builder copies hard-coded identity likelihoods and suppressions into the live model.,"[{""identity"":""ABZAN"",""likelihood"":0.95,""delta"":1.45},{""identity"":""BG"",""likelihood"":0.5,""delta"":0.12},{""identity"":""WB"",""likelihood"":0.45,""delta"":0}]","[{""identity"":""GRIXIS"",""likelihood"":0.35,""delta"":-0.45},{""identity"":""NAYA"",""likelihood"":0.25,""delta"":-0.7}]",3,2,1.45,-0.7,Indirect: changes arbitrary additive scores; softmax share and top-two gap are recomputed from the entire score vector.,"No explicit neutral, unsure, none, or mixed option is present in this question.",Editorial interpretation; no answer-level claim or source reference is present in the live model.,missing-stable-answer-id,"Assign a stable answer ID, controlled signal contract, evidence classification, explicit positive/negative contract, correlation group, and confidence contribution rule."
hall,hall_ABZAN_ancestor_perennation,,hall_ABZAN_ancestor_perennation#answer-2,ABZAN,"Ancestors, roots, and the dead are present in the decision. How should memory guide the living?",Compost loss into renewal,"Death feeds what comes next, even when no family oath can contain the cycle.",life-death cycle over house memory,"[""philosophical-preference""]",Direct editorial assignment: the builder copies hard-coded identity likelihoods and suppressions into the live model.,"[{""identity"":""WITHERBLOOM"",""likelihood"":0.85,""delta"":1},{""identity"":""BG"",""likelihood"":0.55,""delta"":0.28}]","[{""identity"":""ABZAN"",""likelihood"":0.35,""delta"":-0.45}]",2,1,1,-0.45,Indirect: changes arbitrary additive scores; softmax share and top-two gap are recomputed from the entire score vector.,"No explicit neutral, unsure, none, or mixed option is present in this question.",Editorial interpretation; no answer-level claim or source reference is present in the live model.,missing-stable-answer-id,"Assign a stable answer ID, controlled signal contract, evidence classification, explicit positive/negative contract, correlation group, and confidence contribution rule."
hall,hall_ABZAN_ancestor_perennation,,hall_ABZAN_ancestor_perennation#answer-3,ABZAN,"Ancestors, roots, and the dead are present in the decision. How should memory guide the living?",Protect only the living moment,"The living world needs care now, not an inherited debt that keeps speaking over it.",living care over ancestor obligation,"[""social-behavior""]",Direct editorial assignment: the builder copies hard-coded identity likelihoods and suppressions into the live model.,"[{""identity"":""NAYA"",""likelihood"":0.75,""delta"":0.75},{""identity"":""WG"",""likelihood"":0.5,""delta"":0.12}]","[{""identity"":""ABZAN"",""likelihood"":0.35,""delta"":-0.45}]",2,1,0.75,-0.45,Indirect: changes arbitrary additive scores; softmax share and top-two gap are recomputed from the entire score vector.,"No explicit neutral, unsure, none, or mixed option is present in this question.",Editorial interpretation; no answer-level claim or source reference is present in the live model.,missing-stable-answer-id,"Assign a stable answer ID, controlled signal contract, evidence classification, explicit positive/negative contract, correlation group, and confidence contribution rule."
hall,hall_ABZAN_ancestor_perennation,,hall_ABZAN_ancestor_perennation#answer-4,ABZAN,"Ancestors, roots, and the dead are present in the decision. How should memory guide the living?",Break from inherited debt,"If a duty cannot be chosen, surviving it may require cutting the obligation loose.",freedom from inherited duty,"[""social-behavior"",""philosophical-preference""]",Direct editorial assignment: the builder copies hard-coded identity likelihoods and suppressions into the live model.,"[{""identity"":""JUND"",""likelihood"":0.75,""delta"":0.75},{""identity"":""BR"",""likelihood"":0.4,""delta"":0}]","[{""identity"":""ABZAN"",""likelihood"":0.45,""delta"":0}]",2,1,0.75,0,Indirect: changes arbitrary additive scores; softmax share and top-two gap are recomputed from the entire score vector.,"No explicit neutral, unsure, none, or mixed option is present in this question.",Editorial interpretation; no answer-level claim or source reference is present in the live model.,missing-stable-answer-id|suppression-not-negative,"Assign a stable answer ID, controlled signal contract, evidence classification, explicit positive/negative contract, correlation group, and confidence contribution rule."
hall,hall_TEMUR_survival_attunement,,hall_TEMUR_survival_attunement#answer-1,TEMUR,"The terrain is harsh, the signal is thin, and action has a cost. What makes the next move trustworthy?","Listen, then move","Survival starts by hearing the land, the body, and the old memory before strength becomes motion.",attuned instinct before force,"[""social-behavior"",""aesthetic-or-narrative-preference""]",Direct editorial assignment: the builder copies hard-coded identity likelihoods and suppressions into the live model.,"[{""identity"":""TEMUR"",""likelihood"":0.95,""delta"":1.45},{""identity"":""G"",""likelihood"":0.55,""delta"":0.28},{""identity"":""UG"",""likelihood"":0.5,""delta"":0.12},{""identity"":""RG"",""likelihood"":0.45,""delta"":0}]","[{""identity"":""JUND"",""likelihood"":0.35,""delta"":-0.45},{""identity"":""NAYA"",""likelihood"":0.3,""delta"":-0.55},{""identity"":""GRIXIS"",""likelihood"":0.3,""delta"":-0.55},{""identity"":""ABZAN"",""likelihood"":0.25,""delta"":-0.7}]",4,4,1.45,-0.7,Indirect: changes arbitrary additive scores; softmax share and top-two gap are recomputed from the entire score vector.,"No explicit neutral, unsure, none, or mixed option is present in this question.",Editorial interpretation; no answer-level claim or source reference is present in the live model.,missing-stable-answer-id,"Assign a stable answer ID, controlled signal contract, evidence classification, explicit positive/negative contract, correlation group, and confidence contribution rule."
hall,hall_TEMUR_survival_attunement,,hall_TEMUR_survival_attunement#answer-2,TEMUR,"The terrain is harsh, the signal is thin, and action has a cost. What makes the next move trustworthy?",Feed the pressure,The honest answer is the hunger that can survive the cost.,appetite over listening,"[""social-behavior"",""psychographic-motivation""]",Direct editorial assignment: the builder copies hard-coded identity likelihoods and suppressions into the live model.,"[{""identity"":""JUND"",""likelihood"":0.8,""delta"":1},{""identity"":""RG"",""likelihood"":0.45,""delta"":0},{""identity"":""BR"",""likelihood"":0.4,""delta"":0}]","[{""identity"":""TEMUR"",""likelihood"":0.35,""delta"":-0.45}]",3,1,1,-0.45,Indirect: changes arbitrary additive scores; softmax share and top-two gap are recomputed from the entire score vector.,"No explicit neutral, unsure, none, or mixed option is present in this question.",Editorial interpretation; no answer-level claim or source reference is present in the live model.,missing-stable-answer-id,"Assign a stable answer ID, controlled signal contract, evidence classification, explicit positive/negative contract, correlation group, and confidence contribution rule."
hall,hall_TEMUR_survival_attunement,,hall_TEMUR_survival_attunement#answer-3,TEMUR,"The terrain is harsh, the signal is thin, and action has a cost. What makes the next move trustworthy?",Refine the pattern,The move is safe when observation becomes a cleaner system.,optimization over wild signal,"[""social-behavior""]",Direct editorial assignment: the builder copies hard-coded identity likelihoods and suppressions into the live model.,"[{""identity"":""UG"",""likelihood"":0.8,""delta"":1},{""identity"":""QUANDRIX"",""likelihood"":0.45,""delta"":0}]","[{""identity"":""TEMUR"",""likelihood"":0.3,""delta"":-0.55}]",2,1,1,-0.55,Indirect: changes arbitrary additive scores; softmax share and top-two gap are recomputed from the entire score vector.,"No explicit neutral, unsure, none, or mixed option is present in this question.",Editorial interpretation; no answer-level claim or source reference is present in the live model.,missing-stable-answer-id,"Assign a stable answer ID, controlled signal contract, evidence classification, explicit positive/negative contract, correlation group, and confidence contribution rule."
hall,hall_TEMUR_survival_attunement,,hall_TEMUR_survival_attunement#answer-4,TEMUR,"The terrain is harsh, the signal is thin, and action has a cost. What makes the next move trustworthy?",Guard the living whole,The right move protects belonging before it tests strength.,communal care over harsh-terrain instinct,"[""social-behavior""]",Direct editorial assignment: the builder copies hard-coded identity likelihoods and suppressions into the live model.,"[{""identity"":""NAYA"",""likelihood"":0.75,""delta"":0.75},{""identity"":""BANT"",""likelihood"":0.45,""delta"":0},{""identity"":""WG"",""likelihood"":0.4,""delta"":0}]","[{""identity"":""TEMUR"",""likelihood"":0.35,""delta"":-0.45}]",3,1,0.75,-0.45,Indirect: changes arbitrary additive scores; softmax share and top-two gap are recomputed from the entire score vector.,"No explicit neutral, unsure, none, or mixed option is present in this question.",Editorial interpretation; no answer-level claim or source reference is present in the live model.,missing-stable-answer-id,"Assign a stable answer ID, controlled signal contract, evidence classification, explicit positive/negative contract, correlation group, and confidence contribution rule."
hall,hall_TEMUR_elemental_memory,,hall_TEMUR_elemental_memory#answer-1,TEMUR,"An old signal moves through stone, ice, storm, and ancestor memory. How should it guide the living?",Follow the living memory,The signal is not a chain. It is the world remembering enough to help survival choose its next shape.,elemental memory as survival guidance,"[""abstract-scenario-preference""]",Direct editorial assignment: the builder copies hard-coded identity likelihoods and suppressions into the live model.,"[{""identity"":""TEMUR"",""likelihood"":0.95,""delta"":1.45},{""identity"":""UG"",""likelihood"":0.5,""delta"":0.12},{""identity"":""RG"",""likelihood"":0.4,""delta"":0}]","[{""identity"":""ABZAN"",""likelihood"":0.35,""delta"":-0.45},{""identity"":""NAYA"",""likelihood"":0.25,""delta"":-0.7},{""identity"":""GRIXIS"",""likelihood"":0.25,""delta"":-0.7}]",3,3,1.45,-0.7,Indirect: changes arbitrary additive scores; softmax share and top-two gap are recomputed from the entire score vector.,"No explicit neutral, unsure, none, or mixed option is present in this question.",Editorial interpretation; no answer-level claim or source reference is present in the live model.,missing-stable-answer-id,"Assign a stable answer ID, controlled signal contract, evidence classification, explicit positive/negative contract, correlation group, and confidence contribution rule."
hall,hall_TEMUR_elemental_memory,,hall_TEMUR_elemental_memory#answer-2,TEMUR,"An old signal moves through stone, ice, storm, and ancestor memory. How should it guide the living?",Keep the house alive,Memory should carry obligation forward through family and the next generation.,ancestor duty over wild memory,"[""social-behavior""]",Direct editorial assignment: the builder copies hard-coded identity likelihoods and suppressions into the live model.,"[{""identity"":""ABZAN"",""likelihood"":0.8,""delta"":1},{""identity"":""WB"",""likelihood"":0.4,""delta"":0},{""identity"":""WG"",""likelihood"":0.35,""delta"":-0.45}]","[{""identity"":""TEMUR"",""likelihood"":0.35,""delta"":-0.45}]",3,1,1,-0.45,Indirect: changes arbitrary additive scores; softmax share and top-two gap are recomputed from the entire score vector.,"No explicit neutral, unsure, none, or mixed option is present in this question.",Editorial interpretation; no answer-level claim or source reference is present in the live model.,missing-stable-answer-id,"Assign a stable answer ID, controlled signal contract, evidence classification, explicit positive/negative contract, correlation group, and confidence contribution rule."
hall,hall_TEMUR_elemental_memory,,hall_TEMUR_elemental_memory#answer-3,TEMUR,"An old signal moves through stone, ice, storm, and ancestor memory. How should it guide the living?",Turn it into leverage,A signal matters when it reveals the opening before anyone else sees it.,leverage over elemental listening,"[""gameplay-or-deck-behavior""]",Direct editorial assignment: the builder copies hard-coded identity likelihoods and suppressions into the live model.,"[{""identity"":""GRIXIS"",""likelihood"":0.75,""delta"":0.75},{""identity"":""UR"",""likelihood"":0.4,""delta"":0}]","[{""identity"":""TEMUR"",""likelihood"":0.35,""delta"":-0.45}]",2,1,0.75,-0.45,Indirect: changes arbitrary additive scores; softmax share and top-two gap are recomputed from the entire score vector.,"No explicit neutral, unsure, none, or mixed option is present in this question.",Editorial interpretation; no answer-level claim or source reference is present in the live model.,missing-stable-answer-id,"Assign a stable answer ID, controlled signal contract, evidence classification, explicit positive/negative contract, correlation group, and confidence contribution rule."
hall,hall_TEMUR_elemental_memory,,hall_TEMUR_elemental_memory#answer-4,TEMUR,"An old signal moves through stone, ice, storm, and ancestor memory. How should it guide the living?",Let growth belong,Memory is wisest when it protects the larger living whole.,abundance over harsh-terrain memory,"[""social-behavior"",""philosophical-preference""]",Direct editorial assignment: the builder copies hard-coded identity likelihoods and suppressions into the live model.,"[{""identity"":""NAYA"",""likelihood"":0.75,""delta"":0.75},{""identity"":""WG"",""likelihood"":0.45,""delta"":0}]","[{""identity"":""TEMUR"",""likelihood"":0.3,""delta"":-0.55}]",2,1,0.75,-0.55,Indirect: changes arbitrary additive scores; softmax share and top-two gap are recomputed from the entire score vector.,"No explicit neutral, unsure, none, or mixed option is present in this question.",Editorial interpretation; no answer-level claim or source reference is present in the live model.,missing-stable-answer-id,"Assign a stable answer ID, controlled signal contract, evidence classification, explicit positive/negative contract, correlation group, and confidence contribution rule."
hall,hall_SULTAI_resource_conversion,,hall_SULTAI_resource_conversion#answer-1,SULTAI,"A resource is ugly, hidden, or costly, but it could become power. What makes using it trustworthy?",Use what others waste,"The resource is trustworthy when it converts death, secrecy, cost, or opportunity into power before anyone else can claim it.",ruthless resource conversion,"[""gameplay-or-deck-behavior"",""social-behavior""]",Direct editorial assignment: the builder copies hard-coded identity likelihoods and suppressions into the live model.,"[{""identity"":""SULTAI"",""likelihood"":0.95,""delta"":1.45},{""identity"":""B"",""likelihood"":0.55,""delta"":0.28},{""identity"":""BG"",""likelihood"":0.5,""delta"":0.12},{""identity"":""UB"",""likelihood"":0.45,""delta"":0}]","[{""identity"":""ABZAN"",""likelihood"":0.35,""delta"":-0.45},{""identity"":""TEMUR"",""likelihood"":0.3,""delta"":-0.55},{""identity"":""NAYA"",""likelihood"":0.25,""delta"":-0.7}]",4,3,1.45,-0.7,Indirect: changes arbitrary additive scores; softmax share and top-two gap are recomputed from the entire score vector.,"No explicit neutral, unsure, none, or mixed option is present in this question.",Editorial interpretation; no answer-level claim or source reference is present in the live model.,missing-stable-answer-id,"Assign a stable answer ID, controlled signal contract, evidence classification, explicit positive/negative contract, correlation group, and confidence contribution rule."
hall,hall_SULTAI_resource_conversion,,hall_SULTAI_resource_conversion#answer-2,SULTAI,"A resource is ugly, hidden, or costly, but it could become power. What makes using it trustworthy?",Make it protect the house,A cost is trustworthy when family continuity and remembered duty can answer for it.,house duty over resource conversion,"[""gameplay-or-deck-behavior"",""social-behavior""]",Direct editorial assignment: the builder copies hard-coded identity likelihoods and suppressions into the live model.,"[{""identity"":""ABZAN"",""likelihood"":0.8,""delta"":1},{""identity"":""WB"",""likelihood"":0.45,""delta"":0},{""identity"":""WG"",""likelihood"":0.35,""delta"":-0.45}]","[{""identity"":""SULTAI"",""likelihood"":0.35,""delta"":-0.45}]",3,1,1,-0.45,Indirect: changes arbitrary additive scores; softmax share and top-two gap are recomputed from the entire score vector.,"No explicit neutral, unsure, none, or mixed option is present in this question.",Editorial interpretation; no answer-level claim or source reference is present in the live model.,missing-stable-answer-id,"Assign a stable answer ID, controlled signal contract, evidence classification, explicit positive/negative contract, correlation group, and confidence contribution rule."
hall,hall_SULTAI_resource_conversion,,hall_SULTAI_resource_conversion#answer-3,SULTAI,"A resource is ugly, hidden, or costly, but it could become power. What makes using it trustworthy?",Wait for the living signal,"Power should not outrun the terrain, body, and memory that make survival wise.",attunement over ruthless conversion,"[""gameplay-or-deck-behavior"",""social-behavior""]",Direct editorial assignment: the builder copies hard-coded identity likelihoods and suppressions into the live model.,"[{""identity"":""TEMUR"",""likelihood"":0.8,""delta"":1},{""identity"":""G"",""likelihood"":0.45,""delta"":0},{""identity"":""UG"",""likelihood"":0.4,""delta"":0}]","[{""identity"":""SULTAI"",""likelihood"":0.3,""delta"":-0.55}]",3,1,1,-0.55,Indirect: changes arbitrary additive scores; softmax share and top-two gap are recomputed from the entire score vector.,"No explicit neutral, unsure, none, or mixed option is present in this question.",Editorial interpretation; no answer-level claim or source reference is present in the live model.,missing-stable-answer-id,"Assign a stable answer ID, controlled signal contract, evidence classification, explicit positive/negative contract, correlation group, and confidence contribution rule."
hall,hall_SULTAI_resource_conversion,,hall_SULTAI_resource_conversion#answer-4,SULTAI,"A resource is ugly, hidden, or costly, but it could become power. What makes using it trustworthy?",Turn risk into performance,The best use of danger is the bold move that changes the room before restraint can kill it.,spectacle over hidden conversion,"[""gameplay-or-deck-behavior"",""social-behavior"",""psychographic-motivation"",""aesthetic-or-narrative-preference""]",Direct editorial assignment: the builder copies hard-coded identity likelihoods and suppressions into the live model.,"[{""identity"":""GRIXIS"",""likelihood"":0.75,""delta"":0.75},{""identity"":""BR"",""likelihood"":0.45,""delta"":0},{""identity"":""UR"",""likelihood"":0.4,""delta"":0}]","[{""identity"":""SULTAI"",""likelihood"":0.3,""delta"":-0.55}]",3,1,0.75,-0.55,Indirect: changes arbitrary additive scores; softmax share and top-two gap are recomputed from the entire score vector.,"No explicit neutral, unsure, none, or mixed option is present in this question.",Editorial interpretation; no answer-level claim or source reference is present in the live model.,missing-stable-answer-id,"Assign a stable answer ID, controlled signal contract, evidence classification, explicit positive/negative contract, correlation group, and confidence contribution rule."
hall,hall_SULTAI_dead_usefulness,,hall_SULTAI_dead_usefulness#answer-1,SULTAI,"The dead, the discarded, or the secret cost can still guide the living. What should happen next?",Make the dead useful,"The dead are not only memory. They are material, warning, labor, and leverage when ambition can make them serve the living choice.",death converted into power,"[""gameplay-or-deck-behavior"",""philosophical-preference""]",Direct editorial assignment: the builder copies hard-coded identity likelihoods and suppressions into the live model.,"[{""identity"":""SULTAI"",""likelihood"":0.95,""delta"":1.45},{""identity"":""BG"",""likelihood"":0.55,""delta"":0.28},{""identity"":""UB"",""likelihood"":0.45,""delta"":0}]","[{""identity"":""ABZAN"",""likelihood"":0.35,""delta"":-0.45},{""identity"":""TEMUR"",""likelihood"":0.25,""delta"":-0.7},{""identity"":""NAYA"",""likelihood"":0.25,""delta"":-0.7}]",3,3,1.45,-0.7,Indirect: changes arbitrary additive scores; softmax share and top-two gap are recomputed from the entire score vector.,"No explicit neutral, unsure, none, or mixed option is present in this question.",Editorial interpretation; no answer-level claim or source reference is present in the live model.,missing-stable-answer-id,"Assign a stable answer ID, controlled signal contract, evidence classification, explicit positive/negative contract, correlation group, and confidence contribution rule."
hall,hall_SULTAI_dead_usefulness,,hall_SULTAI_dead_usefulness#answer-2,SULTAI,"The dead, the discarded, or the secret cost can still guide the living. What should happen next?",Let memory become stewardship,The dead guide best as obligation and continuity for the house that remains.,ancestor duty over necromantic utility,"[""gameplay-or-deck-behavior"",""social-behavior""]",Direct editorial assignment: the builder copies hard-coded identity likelihoods and suppressions into the live model.,"[{""identity"":""ABZAN"",""likelihood"":0.85,""delta"":1},{""identity"":""WB"",""likelihood"":0.45,""delta"":0},{""identity"":""BG"",""likelihood"":0.4,""delta"":0}]","[{""identity"":""SULTAI"",""likelihood"":0.35,""delta"":-0.45}]",3,1,1,-0.45,Indirect: changes arbitrary additive scores; softmax share and top-two gap are recomputed from the entire score vector.,"No explicit neutral, unsure, none, or mixed option is present in this question.",Editorial interpretation; no answer-level claim or source reference is present in the live model.,missing-stable-answer-id,"Assign a stable answer ID, controlled signal contract, evidence classification, explicit positive/negative contract, correlation group, and confidence contribution rule."
hall,hall_SULTAI_dead_usefulness,,hall_SULTAI_dead_usefulness#answer-3,SULTAI,"The dead, the discarded, or the secret cost can still guide the living. What should happen next?",Compost loss into renewal,Death feeds life most cleanly when it stays part of a shared cycle rather than a tool of domination.,vitality ecology over ruthless utility,"[""gameplay-or-deck-behavior"",""social-behavior"",""aesthetic-or-narrative-preference""]",Direct editorial assignment: the builder copies hard-coded identity likelihoods and suppressions into the live model.,"[{""identity"":""WITHERBLOOM"",""likelihood"":0.85,""delta"":1},{""identity"":""BG"",""likelihood"":0.55,""delta"":0.28}]","[{""identity"":""SULTAI"",""likelihood"":0.35,""delta"":-0.45}]",2,1,1,-0.45,Indirect: changes arbitrary additive scores; softmax share and top-two gap are recomputed from the entire score vector.,"No explicit neutral, unsure, none, or mixed option is present in this question.",Editorial interpretation; no answer-level claim or source reference is present in the live model.,missing-stable-answer-id,"Assign a stable answer ID, controlled signal contract, evidence classification, explicit positive/negative contract, correlation group, and confidence contribution rule."
hall,hall_SULTAI_dead_usefulness,,hall_SULTAI_dead_usefulness#answer-4,SULTAI,"The dead, the discarded, or the secret cost can still guide the living. What should happen next?",Hear the old signal,Memory should keep survival listening before it becomes a thing to spend.,elemental memory over utility,"[""gameplay-or-deck-behavior""]",Direct editorial assignment: the builder copies hard-coded identity likelihoods and suppressions into the live model.,"[{""identity"":""TEMUR"",""likelihood"":0.75,""delta"":0.75},{""identity"":""UG"",""likelihood"":0.4,""delta"":0}]","[{""identity"":""SULTAI"",""likelihood"":0.3,""delta"":-0.55}]",2,1,0.75,-0.55,Indirect: changes arbitrary additive scores; softmax share and top-two gap are recomputed from the entire score vector.,"No explicit neutral, unsure, none, or mixed option is present in this question.",Editorial interpretation; no answer-level claim or source reference is present in the live model.,missing-stable-answer-id,"Assign a stable answer ID, controlled signal contract, evidence classification, explicit positive/negative contract, correlation group, and confidence contribution rule."
hall,hall_MARDU_total_commitment,,hall_MARDU_total_commitment#answer-1,MARDU,"The opening is here, but hesitation will break the charge. What makes action trustworthy?",Take the opening now,"Action is trustworthy when speed, formation, and commitment strike before the moment loses its name.",Red-centered speed through coordinated attack,"[""gameplay-or-deck-behavior"",""social-behavior""]",Direct editorial assignment: the builder copies hard-coded identity likelihoods and suppressions into the live model.,"[{""identity"":""MARDU"",""likelihood"":0.95,""delta"":1.45},{""identity"":""R"",""likelihood"":0.55,""delta"":0.28},{""identity"":""WR"",""likelihood"":0.5,""delta"":0.12},{""identity"":""BR"",""likelihood"":0.45,""delta"":0}]","[{""identity"":""ABZAN"",""likelihood"":0.35,""delta"":-0.45},{""identity"":""TEMUR"",""likelihood"":0.3,""delta"":-0.55},{""identity"":""SULTAI"",""likelihood"":0.25,""delta"":-0.7}]",4,3,1.45,-0.7,Indirect: changes arbitrary additive scores; softmax share and top-two gap are recomputed from the entire score vector.,"No explicit neutral, unsure, none, or mixed option is present in this question.",Editorial interpretation; no answer-level claim or source reference is present in the live model.,missing-stable-answer-id,"Assign a stable answer ID, controlled signal contract, evidence classification, explicit positive/negative contract, correlation group, and confidence contribution rule."
hall,hall_MARDU_total_commitment,,hall_MARDU_total_commitment#answer-2,MARDU,"The opening is here, but hesitation will break the charge. What makes action trustworthy?",Keep the house alive,The right move is the one that lets family duty and continuity survive the pressure.,house endurance over raid momentum,"[""social-behavior""]",Direct editorial assignment: the builder copies hard-coded identity likelihoods and suppressions into the live model.,"[{""identity"":""ABZAN"",""likelihood"":0.8,""delta"":1},{""identity"":""WB"",""likelihood"":0.45,""delta"":0},{""identity"":""WG"",""likelihood"":0.35,""delta"":-0.45}]","[{""identity"":""MARDU"",""likelihood"":0.35,""delta"":-0.45}]",3,1,1,-0.45,Indirect: changes arbitrary additive scores; softmax share and top-two gap are recomputed from the entire score vector.,"No explicit neutral, unsure, none, or mixed option is present in this question.",Editorial interpretation; no answer-level claim or source reference is present in the live model.,missing-stable-answer-id,"Assign a stable answer ID, controlled signal contract, evidence classification, explicit positive/negative contract, correlation group, and confidence contribution rule."
hall,hall_MARDU_total_commitment,,hall_MARDU_total_commitment#answer-3,MARDU,"The opening is here, but hesitation will break the charge. What makes action trustworthy?",Listen for the living signal,"Survival should wait until terrain, memory, and instinct agree on the next strike.",attunement over immediate charge,"[""social-behavior""]",Direct editorial assignment: the builder copies hard-coded identity likelihoods and suppressions into the live model.,"[{""identity"":""TEMUR"",""likelihood"":0.8,""delta"":1},{""identity"":""RG"",""likelihood"":0.45,""delta"":0},{""identity"":""UG"",""likelihood"":0.35,""delta"":-0.45}]","[{""identity"":""MARDU"",""likelihood"":0.3,""delta"":-0.55}]",3,1,1,-0.55,Indirect: changes arbitrary additive scores; softmax share and top-two gap are recomputed from the entire score vector.,"No explicit neutral, unsure, none, or mixed option is present in this question.",Editorial interpretation; no answer-level claim or source reference is present in the live model.,missing-stable-answer-id,"Assign a stable answer ID, controlled signal contract, evidence classification, explicit positive/negative contract, correlation group, and confidence contribution rule."
hall,hall_MARDU_total_commitment,,hall_MARDU_total_commitment#answer-4,MARDU,"The opening is here, but hesitation will break the charge. What makes action trustworthy?",Convert the hidden cost,An opening matters most when it can become leverage before anyone else sees its value.,resource conversion over open assault,"[""gameplay-or-deck-behavior"",""social-behavior""]",Direct editorial assignment: the builder copies hard-coded identity likelihoods and suppressions into the live model.,"[{""identity"":""SULTAI"",""likelihood"":0.75,""delta"":0.75},{""identity"":""UB"",""likelihood"":0.4,""delta"":0},{""identity"":""BG"",""likelihood"":0.35,""delta"":-0.45}]","[{""identity"":""MARDU"",""likelihood"":0.3,""delta"":-0.55}]",3,1,0.75,-0.55,Indirect: changes arbitrary additive scores; softmax share and top-two gap are recomputed from the entire score vector.,"No explicit neutral, unsure, none, or mixed option is present in this question.",Editorial interpretation; no answer-level claim or source reference is present in the live model.,missing-stable-answer-id,"Assign a stable answer ID, controlled signal contract, evidence classification, explicit positive/negative contract, correlation group, and confidence contribution rule."
hall,hall_MARDU_war_name_oath,,hall_MARDU_war_name_oath#answer-1,MARDU,"A charge can win the moment, but only a name and code can carry it forward. What keeps speed from becoming noise?",Keep the war name,"Speed needs oath, formation, and a name strong enough to make every rider answer for the charge.",war-name oath and martial structure,"[""aesthetic-or-narrative-preference"",""philosophical-preference""]",Direct editorial assignment: the builder copies hard-coded identity likelihoods and suppressions into the live model.,"[{""identity"":""MARDU"",""likelihood"":0.95,""delta"":1.45},{""identity"":""WR"",""likelihood"":0.55,""delta"":0.28},{""identity"":""WB"",""likelihood"":0.45,""delta"":0}]","[{""identity"":""JUND"",""likelihood"":0.35,""delta"":-0.45},{""identity"":""NAYA"",""likelihood"":0.25,""delta"":-0.7},{""identity"":""SULTAI"",""likelihood"":0.25,""delta"":-0.7}]",3,3,1.45,-0.7,Indirect: changes arbitrary additive scores; softmax share and top-two gap are recomputed from the entire score vector.,"No explicit neutral, unsure, none, or mixed option is present in this question.",Editorial interpretation; no answer-level claim or source reference is present in the live model.,missing-stable-answer-id,"Assign a stable answer ID, controlled signal contract, evidence classification, explicit positive/negative contract, correlation group, and confidence contribution rule."
hall,hall_MARDU_war_name_oath,,hall_MARDU_war_name_oath#answer-2,MARDU,"A charge can win the moment, but only a name and code can carry it forward. What keeps speed from becoming noise?",Feed what survives,The honest rule is appetite: what can survive the cost earns the next move.,appetite over oath-bound formation,"[""psychographic-motivation"",""philosophical-preference""]",Direct editorial assignment: the builder copies hard-coded identity likelihoods and suppressions into the live model.,"[{""identity"":""JUND"",""likelihood"":0.8,""delta"":1},{""identity"":""BR"",""likelihood"":0.5,""delta"":0.12},{""identity"":""RG"",""likelihood"":0.4,""delta"":0}]","[{""identity"":""MARDU"",""likelihood"":0.35,""delta"":-0.45}]",3,1,1,-0.45,Indirect: changes arbitrary additive scores; softmax share and top-two gap are recomputed from the entire score vector.,"No explicit neutral, unsure, none, or mixed option is present in this question.",Editorial interpretation; no answer-level claim or source reference is present in the live model.,missing-stable-answer-id,"Assign a stable answer ID, controlled signal contract, evidence classification, explicit positive/negative contract, correlation group, and confidence contribution rule."
hall,hall_MARDU_war_name_oath,,hall_MARDU_war_name_oath#answer-3,MARDU,"A charge can win the moment, but only a name and code can carry it forward. What keeps speed from becoming noise?",Guard the living whole,The next move should protect belonging and abundance before it becomes conquest.,living-world care over martial raid,"[""social-behavior"",""aesthetic-or-narrative-preference""]",Direct editorial assignment: the builder copies hard-coded identity likelihoods and suppressions into the live model.,"[{""identity"":""NAYA"",""likelihood"":0.75,""delta"":0.75},{""identity"":""WG"",""likelihood"":0.45,""delta"":0},{""identity"":""WR"",""likelihood"":0.35,""delta"":-0.45}]","[{""identity"":""MARDU"",""likelihood"":0.3,""delta"":-0.55}]",3,1,0.75,-0.55,Indirect: changes arbitrary additive scores; softmax share and top-two gap are recomputed from the entire score vector.,"No explicit neutral, unsure, none, or mixed option is present in this question.",Editorial interpretation; no answer-level claim or source reference is present in the live model.,missing-stable-answer-id,"Assign a stable answer ID, controlled signal contract, evidence classification, explicit positive/negative contract, correlation group, and confidence contribution rule."
hall,hall_MARDU_war_name_oath,,hall_MARDU_war_name_oath#answer-4,MARDU,"A charge can win the moment, but only a name and code can carry it forward. What keeps speed from becoming noise?",Use what others waste,"Power belongs to the cost, secret, or body that can be converted before the room understands it.",ruthless conversion over visible war code,"[""social-behavior""]",Direct editorial assignment: the builder copies hard-coded identity likelihoods and suppressions into the live model.,"[{""identity"":""SULTAI"",""likelihood"":0.75,""delta"":0.75},{""identity"":""B"",""likelihood"":0.45,""delta"":0},{""identity"":""BG"",""likelihood"":0.4,""delta"":0}]","[{""identity"":""MARDU"",""likelihood"":0.3,""delta"":-0.55}]",3,1,0.75,-0.55,Indirect: changes arbitrary additive scores; softmax share and top-two gap are recomputed from the entire score vector.,"No explicit neutral, unsure, none, or mixed option is present in this question.",Editorial interpretation; no answer-level claim or source reference is present in the live model.,missing-stable-answer-id,"Assign a stable answer ID, controlled signal contract, evidence classification, explicit positive/negative contract, correlation group, and confidence contribution rule."
hall,hall_JESKAI_disciplined_cunning,,hall_JESKAI_disciplined_cunning#answer-1,JESKAI,Insight arrives before the field is ready for it. What makes the next action trustworthy?,Train until insight can move,"Action is trustworthy when knowledge, breath, and practice have made the line precise enough to take.",Blue-centered cunning through disciplined action,"[""social-behavior"",""philosophical-preference""]",Direct editorial assignment: the builder copies hard-coded identity likelihoods and suppressions into the live model.,"[{""identity"":""JESKAI"",""likelihood"":0.95,""delta"":1.45},{""identity"":""U"",""likelihood"":0.55,""delta"":0.28},{""identity"":""UR"",""likelihood"":0.45,""delta"":0},{""identity"":""WU"",""likelihood"":0.4,""delta"":0}]","[{""identity"":""MARDU"",""likelihood"":0.35,""delta"":-0.45},{""identity"":""SULTAI"",""likelihood"":0.3,""delta"":-0.55},{""identity"":""TEMUR"",""likelihood"":0.25,""delta"":-0.7}]",4,3,1.45,-0.7,Indirect: changes arbitrary additive scores; softmax share and top-two gap are recomputed from the entire score vector.,"No explicit neutral, unsure, none, or mixed option is present in this question.",Editorial interpretation; no answer-level claim or source reference is present in the live model.,missing-stable-answer-id,"Assign a stable answer ID, controlled signal contract, evidence classification, explicit positive/negative contract, correlation group, and confidence contribution rule."
hall,hall_JESKAI_disciplined_cunning,,hall_JESKAI_disciplined_cunning#answer-2,JESKAI,Insight arrives before the field is ready for it. What makes the next action trustworthy?,Take the opening now,The moment is honest because speed and commitment can claim it before it disappears.,immediate charge over trained timing,"[""social-behavior""]",Direct editorial assignment: the builder copies hard-coded identity likelihoods and suppressions into the live model.,"[{""identity"":""MARDU"",""likelihood"":0.8,""delta"":1},{""identity"":""R"",""likelihood"":0.45,""delta"":0},{""identity"":""WR"",""likelihood"":0.4,""delta"":0}]","[{""identity"":""JESKAI"",""likelihood"":0.35,""delta"":-0.45}]",3,1,1,-0.45,Indirect: changes arbitrary additive scores; softmax share and top-two gap are recomputed from the entire score vector.,"No explicit neutral, unsure, none, or mixed option is present in this question.",Editorial interpretation; no answer-level claim or source reference is present in the live model.,missing-stable-answer-id,"Assign a stable answer ID, controlled signal contract, evidence classification, explicit positive/negative contract, correlation group, and confidence contribution rule."
hall,hall_JESKAI_disciplined_cunning,,hall_JESKAI_disciplined_cunning#answer-3,JESKAI,Insight arrives before the field is ready for it. What makes the next action trustworthy?,Convert the hidden leverage,Insight matters most when it reveals a resource nobody else knows how to use.,resource conversion over open discipline,"[""gameplay-or-deck-behavior"",""social-behavior""]",Direct editorial assignment: the builder copies hard-coded identity likelihoods and suppressions into the live model.,"[{""identity"":""SULTAI"",""likelihood"":0.75,""delta"":0.75},{""identity"":""UB"",""likelihood"":0.4,""delta"":0}]","[{""identity"":""JESKAI"",""likelihood"":0.3,""delta"":-0.55}]",2,1,0.75,-0.55,Indirect: changes arbitrary additive scores; softmax share and top-two gap are recomputed from the entire score vector.,"No explicit neutral, unsure, none, or mixed option is present in this question.",Editorial interpretation; no answer-level claim or source reference is present in the live model.,missing-stable-answer-id,"Assign a stable answer ID, controlled signal contract, evidence classification, explicit positive/negative contract, correlation group, and confidence contribution rule."
hall,hall_JESKAI_disciplined_cunning,,hall_JESKAI_disciplined_cunning#answer-4,JESKAI,Insight arrives before the field is ready for it. What makes the next action trustworthy?,Wait for the living signal,"The right action should answer terrain, instinct, and survival before technique leads.",attunement over practiced form,"[""social-behavior""]",Direct editorial assignment: the builder copies hard-coded identity likelihoods and suppressions into the live model.,"[{""identity"":""TEMUR"",""likelihood"":0.75,""delta"":0.75},{""identity"":""UG"",""likelihood"":0.4,""delta"":0}]","[{""identity"":""JESKAI"",""likelihood"":0.3,""delta"":-0.55}]",2,1,0.75,-0.55,Indirect: changes arbitrary additive scores; softmax share and top-two gap are recomputed from the entire score vector.,"No explicit neutral, unsure, none, or mixed option is present in this question.",Editorial interpretation; no answer-level claim or source reference is present in the live model.,missing-stable-answer-id,"Assign a stable answer ID, controlled signal contract, evidence classification, explicit positive/negative contract, correlation group, and confidence contribution rule."
hall,hall_JESKAI_way_form,,hall_JESKAI_way_form#answer-1,JESKAI,A discipline can sharpen action or become empty restraint. What keeps the Way alive?,Let form serve the moving insight,"The Way stays alive when structure, courage, and compassion give trained perception a body in the world.",shared restraint giving insight form,"[""social-behavior""]",Direct editorial assignment: the builder copies hard-coded identity likelihoods and suppressions into the live model.,"[{""identity"":""JESKAI"",""likelihood"":0.95,""delta"":1.45},{""identity"":""WU"",""likelihood"":0.5,""delta"":0.12},{""identity"":""WR"",""likelihood"":0.45,""delta"":0},{""identity"":""U"",""likelihood"":0.4,""delta"":0}]","[{""identity"":""MARDU"",""likelihood"":0.3,""delta"":-0.55},{""identity"":""SULTAI"",""likelihood"":0.25,""delta"":-0.7},{""identity"":""GRIXIS"",""likelihood"":0.25,""delta"":-0.7}]",4,3,1.45,-0.7,Indirect: changes arbitrary additive scores; softmax share and top-two gap are recomputed from the entire score vector.,"No explicit neutral, unsure, none, or mixed option is present in this question.",Editorial interpretation; no answer-level claim or source reference is present in the live model.,missing-stable-answer-id,"Assign a stable answer ID, controlled signal contract, evidence classification, explicit positive/negative contract, correlation group, and confidence contribution rule."
hall,hall_JESKAI_way_form,,hall_JESKAI_way_form#answer-2,JESKAI,A discipline can sharpen action or become empty restraint. What keeps the Way alive?,Keep the charge named,Form matters because the oath lets speed and companions keep the action accountable.,war-name oath over monastery form,"[""social-behavior"",""philosophical-preference""]",Direct editorial assignment: the builder copies hard-coded identity likelihoods and suppressions into the live model.,"[{""identity"":""MARDU"",""likelihood"":0.75,""delta"":0.75},{""identity"":""WR"",""likelihood"":0.45,""delta"":0}]","[{""identity"":""JESKAI"",""likelihood"":0.3,""delta"":-0.55}]",2,1,0.75,-0.55,Indirect: changes arbitrary additive scores; softmax share and top-two gap are recomputed from the entire score vector.,"No explicit neutral, unsure, none, or mixed option is present in this question.",Editorial interpretation; no answer-level claim or source reference is present in the live model.,missing-stable-answer-id,"Assign a stable answer ID, controlled signal contract, evidence classification, explicit positive/negative contract, correlation group, and confidence contribution rule."
hall,hall_JESKAI_way_form,,hall_JESKAI_way_form#answer-3,JESKAI,A discipline can sharpen action or become empty restraint. What keeps the Way alive?,Make the pattern public,Discipline matters when it becomes a process others can trust and repeat.,procedure over martial insight,"[""social-behavior"",""aesthetic-or-narrative-preference""]",Direct editorial assignment: the builder copies hard-coded identity likelihoods and suppressions into the live model.,"[{""identity"":""WU"",""likelihood"":0.8,""delta"":1},{""identity"":""BANT"",""likelihood"":0.45,""delta"":0}]","[{""identity"":""JESKAI"",""likelihood"":0.25,""delta"":-0.7}]",2,1,1,-0.7,Indirect: changes arbitrary additive scores; softmax share and top-two gap are recomputed from the entire score vector.,"No explicit neutral, unsure, none, or mixed option is present in this question.",Editorial interpretation; no answer-level claim or source reference is present in the live model.,missing-stable-answer-id,"Assign a stable answer ID, controlled signal contract, evidence classification, explicit positive/negative contract, correlation group, and confidence contribution rule."
hall,hall_JESKAI_way_form,,hall_JESKAI_way_form#answer-4,JESKAI,A discipline can sharpen action or become empty restraint. What keeps the Way alive?,Let the wild choose the strike,The move stays alive when instinct and terrain keep technique from becoming a cage.,survival attunement over refined Way,"[""abstract-scenario-preference""]",Direct editorial assignment: the builder copies hard-coded identity likelihoods and suppressions into the live model.,"[{""identity"":""TEMUR"",""likelihood"":0.75,""delta"":0.75},{""identity"":""RG"",""likelihood"":0.4,""delta"":0},{""identity"":""UG"",""likelihood"":0.35,""delta"":-0.45}]","[{""identity"":""JESKAI"",""likelihood"":0.3,""delta"":-0.55}]",3,1,0.75,-0.55,Indirect: changes arbitrary additive scores; softmax share and top-two gap are recomputed from the entire score vector.,"No explicit neutral, unsure, none, or mixed option is present in this question.",Editorial interpretation; no answer-level claim or source reference is present in the live model.,missing-stable-answer-id,"Assign a stable answer ID, controlled signal contract, evidence classification, explicit positive/negative contract, correlation group, and confidence contribution rule."
hall,hall_YORE_engineered_agency,,hall_YORE_engineered_agency#answer-1,YORE,"A limit looks natural, final, or inherited. What makes pushing past it trustworthy?",Build the agency machine,"The answer is trustworthy when structure, knowledge, cost, and heat become a designed way to keep choice alive.",engineered agency against finality,"[""social-behavior"",""psychographic-motivation"",""philosophical-preference""]",Direct editorial assignment: the builder copies hard-coded identity likelihoods and suppressions into the live model.,"[{""identity"":""YORE"",""likelihood"":0.95,""delta"":1.45},{""identity"":""WU"",""likelihood"":0.45,""delta"":0},{""identity"":""UB"",""likelihood"":0.45,""delta"":0},{""identity"":""UR"",""likelihood"":0.45,""delta"":0},{""identity"":""WB"",""likelihood"":0.4,""delta"":0},{""identity"":""BR"",""likelihood"":0.4,""delta"":0}]","[{""identity"":""G"",""likelihood"":0.45,""delta"":0},{""identity"":""NAYA"",""likelihood"":0.35,""delta"":-0.45},{""identity"":""TEMUR"",""likelihood"":0.35,""delta"":-0.45},{""identity"":""SULTAI"",""likelihood"":0.25,""delta"":-0.7}]",6,4,1.45,-0.7,Indirect: changes arbitrary additive scores; softmax share and top-two gap are recomputed from the entire score vector.,"No explicit neutral, unsure, none, or mixed option is present in this question.",Editorial interpretation; no answer-level claim or source reference is present in the live model.,missing-stable-answer-id|broad-multi-identity-effect|suppression-not-negative,"Assign a stable answer ID, controlled signal contract, evidence classification, explicit positive/negative contract, correlation group, and confidence contribution rule."
hall,hall_YORE_engineered_agency,,hall_YORE_engineered_agency#answer-2,YORE,"A limit looks natural, final, or inherited. What makes pushing past it trustworthy?",Perfect the artifact,"The artifact matters because it makes a cleaner, more controlled future.",artifact perfection without Red heat,"[""social-behavior"",""aesthetic-or-narrative-preference""]",Direct editorial assignment: the builder copies hard-coded identity likelihoods and suppressions into the live model.,"[{""identity"":""ESPER"",""likelihood"":0.85,""delta"":1},{""identity"":""WU"",""likelihood"":0.45,""delta"":0},{""identity"":""UB"",""likelihood"":0.45,""delta"":0},{""identity"":""WB"",""likelihood"":0.4,""delta"":0}]","[{""identity"":""YORE"",""likelihood"":0.35,""delta"":-0.45}]",4,1,1,-0.45,Indirect: changes arbitrary additive scores; softmax share and top-two gap are recomputed from the entire score vector.,"No explicit neutral, unsure, none, or mixed option is present in this question.",Editorial interpretation; no answer-level claim or source reference is present in the live model.,missing-stable-answer-id,"Assign a stable answer ID, controlled signal contract, evidence classification, explicit positive/negative contract, correlation group, and confidence contribution rule."
hall,hall_YORE_engineered_agency,,hall_YORE_engineered_agency#answer-3,YORE,"A limit looks natural, final, or inherited. What makes pushing past it trustworthy?",Use the hidden cost,The limit matters because it can become leverage before anyone else names it.,resource conversion without civic artifice,"[""gameplay-or-deck-behavior"",""social-behavior"",""aesthetic-or-narrative-preference""]",Direct editorial assignment: the builder copies hard-coded identity likelihoods and suppressions into the live model.,"[{""identity"":""SULTAI"",""likelihood"":0.75,""delta"":0.75},{""identity"":""GRIXIS"",""likelihood"":0.6,""delta"":0.4},{""identity"":""UB"",""likelihood"":0.45,""delta"":0},{""identity"":""B"",""likelihood"":0.4,""delta"":0}]","[{""identity"":""YORE"",""likelihood"":0.3,""delta"":-0.55}]",4,1,0.75,-0.55,Indirect: changes arbitrary additive scores; softmax share and top-two gap are recomputed from the entire score vector.,"No explicit neutral, unsure, none, or mixed option is present in this question.",Editorial interpretation; no answer-level claim or source reference is present in the live model.,missing-stable-answer-id,"Assign a stable answer ID, controlled signal contract, evidence classification, explicit positive/negative contract, correlation group, and confidence contribution rule."
hall,hall_YORE_engineered_agency,,hall_YORE_engineered_agency#answer-4,YORE,"A limit looks natural, final, or inherited. What makes pushing past it trustworthy?",Listen for the living answer,"The limit may be a signal from life, terrain, body, or belonging rather than a problem to mechanize.",natural signal over constructed agency,"[""social-behavior"",""psychographic-motivation""]",Direct editorial assignment: the builder copies hard-coded identity likelihoods and suppressions into the live model.,"[{""identity"":""TEMUR"",""likelihood"":0.75,""delta"":0.75},{""identity"":""NAYA"",""likelihood"":0.65,""delta"":0.55},{""identity"":""G"",""likelihood"":0.6,""delta"":0.4}]","[{""identity"":""YORE"",""likelihood"":0.45,""delta"":0}]",3,1,0.75,0,Indirect: changes arbitrary additive scores; softmax share and top-two gap are recomputed from the entire score vector.,"No explicit neutral, unsure, none, or mixed option is present in this question.",Editorial interpretation; no answer-level claim or source reference is present in the live model.,missing-stable-answer-id|suppression-not-negative,"Assign a stable answer ID, controlled signal contract, evidence classification, explicit positive/negative contract, correlation group, and confidence contribution rule."
hall,hall_YORE_artifice_boundary,,hall_YORE_artifice_boundary#answer-1,YORE,"The answer involves artifacts, recursion, or optimization. What keeps it from being generic machinery?",The machine refuses surrender,Artifacts and recursion matter because they turn natural closure into constructed continuity and agency.,artifice as refusal of natural surrender,"[""gameplay-or-deck-behavior"",""psychographic-motivation"",""aesthetic-or-narrative-preference""]",Direct editorial assignment: the builder copies hard-coded identity likelihoods and suppressions into the live model.,"[{""identity"":""YORE"",""likelihood"":0.95,""delta"":1.45},{""identity"":""UR"",""likelihood"":0.45,""delta"":0},{""identity"":""UB"",""likelihood"":0.45,""delta"":0},{""identity"":""WB"",""likelihood"":0.4,""delta"":0},{""identity"":""BR"",""likelihood"":0.4,""delta"":0}]","[{""identity"":""ESPER"",""likelihood"":0.25,""delta"":-0.7},{""identity"":""GRIXIS"",""likelihood"":0.25,""delta"":-0.7},{""identity"":""JESKAI"",""likelihood"":0.25,""delta"":-0.7},{""identity"":""MARDU"",""likelihood"":0.25,""delta"":-0.7},{""identity"":""SULTAI"",""likelihood"":0.25,""delta"":-0.7}]",5,5,1.45,-0.7,Indirect: changes arbitrary additive scores; softmax share and top-two gap are recomputed from the entire score vector.,"No explicit neutral, unsure, none, or mixed option is present in this question.",Editorial interpretation; no answer-level claim or source reference is present in the live model.,missing-stable-answer-id,"Assign a stable answer ID, controlled signal contract, evidence classification, explicit positive/negative contract, correlation group, and confidence contribution rule."
hall,hall_YORE_artifice_boundary,,hall_YORE_artifice_boundary#answer-2,YORE,"The answer involves artifacts, recursion, or optimization. What keeps it from being generic machinery?",The deck just likes artifacts,"The pull is the card type or engine efficiency, not the missing-Green worldview.",generic artifact preference,"[""gameplay-or-deck-behavior"",""aesthetic-or-narrative-preference""]",Direct editorial assignment: the builder copies hard-coded identity likelihoods and suppressions into the live model.,"[{""identity"":""ESPER"",""likelihood"":0.65,""delta"":0.55},{""identity"":""UR"",""likelihood"":0.45,""delta"":0}]","[{""identity"":""YORE"",""likelihood"":0.45,""delta"":0}]",2,1,0.55,0,Indirect: changes arbitrary additive scores; softmax share and top-two gap are recomputed from the entire score vector.,"No explicit neutral, unsure, none, or mixed option is present in this question.",Editorial interpretation; no answer-level claim or source reference is present in the live model.,missing-stable-answer-id|suppression-not-negative,"Assign a stable answer ID, controlled signal contract, evidence classification, explicit positive/negative contract, correlation group, and confidence contribution rule."
hall,hall_YORE_artifice_boundary,,hall_YORE_artifice_boundary#answer-3,YORE,"The answer involves artifacts, recursion, or optimization. What keeps it from being generic machinery?",The graveyard is the center,"The pull is reuse, death value, or recursion before artifice and constructed agency enter the frame.",generic recursion preference,"[""gameplay-or-deck-behavior"",""psychographic-motivation"",""aesthetic-or-narrative-preference""]",Direct editorial assignment: the builder copies hard-coded identity likelihoods and suppressions into the live model.,"[{""identity"":""SULTAI"",""likelihood"":0.75,""delta"":0.75},{""identity"":""GRIXIS"",""likelihood"":0.55,""delta"":0.28},{""identity"":""BG"",""likelihood"":0.4,""delta"":0},{""identity"":""UB"",""likelihood"":0.4,""delta"":0}]","[{""identity"":""YORE"",""likelihood"":0.35,""delta"":-0.45}]",4,1,0.75,-0.45,Indirect: changes arbitrary additive scores; softmax share and top-two gap are recomputed from the entire score vector.,"No explicit neutral, unsure, none, or mixed option is present in this question.",Editorial interpretation; no answer-level claim or source reference is present in the live model.,missing-stable-answer-id,"Assign a stable answer ID, controlled signal contract, evidence classification, explicit positive/negative contract, correlation group, and confidence contribution rule."
hall,hall_YORE_artifice_boundary,,hall_YORE_artifice_boundary#answer-4,YORE,"The answer involves artifacts, recursion, or optimization. What keeps it from being generic machinery?",The charge needs a name,"The pull is speed, oath, and a coordinated opening more than a rebuilt system.",martial opening over artifice,"[""aesthetic-or-narrative-preference"",""philosophical-preference""]",Direct editorial assignment: the builder copies hard-coded identity likelihoods and suppressions into the live model.,"[{""identity"":""MARDU"",""likelihood"":0.75,""delta"":0.75},{""identity"":""WR"",""likelihood"":0.45,""delta"":0},{""identity"":""BR"",""likelihood"":0.4,""delta"":0}]","[{""identity"":""YORE"",""likelihood"":0.3,""delta"":-0.55}]",3,1,0.75,-0.55,Indirect: changes arbitrary additive scores; softmax share and top-two gap are recomputed from the entire score vector.,"No explicit neutral, unsure, none, or mixed option is present in this question.",Editorial interpretation; no answer-level claim or source reference is present in the live model.,missing-stable-answer-id,"Assign a stable answer ID, controlled signal contract, evidence classification, explicit positive/negative contract, correlation group, and confidence contribution rule."
hall,hall_GLINT_living_force,,hall_GLINT_living_force#answer-1,GLINT,The table is unstable and the opening is real. What keeps the surge from collapsing into generic chaos?,Keep the living pressure learning,"The surge matters because appetite, adaptation, force, and volatility stay tied to a living answer rather than random variance.",living force under pressure rather than generic chaos,"[""social-behavior"",""psychographic-motivation""]",Direct editorial assignment: the builder copies hard-coded identity likelihoods and suppressions into the live model.,"[{""identity"":""GLINT"",""likelihood"":0.95,""delta"":1.45},{""identity"":""UG"",""likelihood"":0.45,""delta"":0},{""identity"":""UR"",""likelihood"":0.4,""delta"":0},{""identity"":""BR"",""likelihood"":0.4,""delta"":0},{""identity"":""BG"",""likelihood"":0.4,""delta"":0},{""identity"":""RG"",""likelihood"":0.35,""delta"":-0.45}]","[{""identity"":""PRISMARI"",""likelihood"":0.35,""delta"":-0.45},{""identity"":""TEMUR"",""likelihood"":0.3,""delta"":-0.55},{""identity"":""GRIXIS"",""likelihood"":0.25,""delta"":-0.7}]",6,3,1.45,-0.7,Indirect: changes arbitrary additive scores; softmax share and top-two gap are recomputed from the entire score vector.,"No explicit neutral, unsure, none, or mixed option is present in this question.",Editorial interpretation; no answer-level claim or source reference is present in the live model.,missing-stable-answer-id|broad-multi-identity-effect,"Assign a stable answer ID, controlled signal contract, evidence classification, explicit positive/negative contract, correlation group, and confidence contribution rule."
hall,hall_GLINT_living_force,,hall_GLINT_living_force#answer-2,GLINT,The table is unstable and the opening is real. What keeps the surge from collapsing into generic chaos?,Let variance tell the story,"The appeal is the spectacle itself: swingy turns, stack chaos, and the feeling that anything might happen.",variance without the non-White frame,"[""gameplay-or-deck-behavior"",""social-behavior"",""psychographic-motivation"",""aesthetic-or-narrative-preference""]",Direct editorial assignment: the builder copies hard-coded identity likelihoods and suppressions into the live model.,"[{""identity"":""UR"",""likelihood"":0.75,""delta"":0.75},{""identity"":""PRISMARI"",""likelihood"":0.7,""delta"":0.55},{""identity"":""JESKAI"",""likelihood"":0.35,""delta"":-0.45}]","[{""identity"":""GLINT"",""likelihood"":0.45,""delta"":0}]",3,1,0.75,0,Indirect: changes arbitrary additive scores; softmax share and top-two gap are recomputed from the entire score vector.,"No explicit neutral, unsure, none, or mixed option is present in this question.",Editorial interpretation; no answer-level claim or source reference is present in the live model.,missing-stable-answer-id|suppression-not-negative,"Assign a stable answer ID, controlled signal contract, evidence classification, explicit positive/negative contract, correlation group, and confidence contribution rule."
hall,hall_GLINT_living_force,,hall_GLINT_living_force#answer-3,GLINT,The table is unstable and the opening is real. What keeps the surge from collapsing into generic chaos?,Feed the strongest instinct,The opening matters because hunger should take what it can before anyone else does.,appetite without adaptive intelligence,"[""social-behavior"",""psychographic-motivation""]",Direct editorial assignment: the builder copies hard-coded identity likelihoods and suppressions into the live model.,"[{""identity"":""JUND"",""likelihood"":0.75,""delta"":0.75},{""identity"":""BR"",""likelihood"":0.45,""delta"":0},{""identity"":""SULTAI"",""likelihood"":0.4,""delta"":0},{""identity"":""BG"",""likelihood"":0.35,""delta"":-0.45}]","[{""identity"":""GLINT"",""likelihood"":0.35,""delta"":-0.45}]",4,1,0.75,-0.45,Indirect: changes arbitrary additive scores; softmax share and top-two gap are recomputed from the entire score vector.,"No explicit neutral, unsure, none, or mixed option is present in this question.",Editorial interpretation; no answer-level claim or source reference is present in the live model.,missing-stable-answer-id,"Assign a stable answer ID, controlled signal contract, evidence classification, explicit positive/negative contract, correlation group, and confidence contribution rule."
hall,hall_GLINT_living_force,,hall_GLINT_living_force#answer-4,GLINT,The table is unstable and the opening is real. What keeps the surge from collapsing into generic chaos?,Hear the storm before acting,"The opening matters because terrain, weather, and elemental signal should guide force before appetite enters the frame.",attunement without Black appetite,"[""social-behavior"",""psychographic-motivation""]",Direct editorial assignment: the builder copies hard-coded identity likelihoods and suppressions into the live model.,"[{""identity"":""TEMUR"",""likelihood"":0.75,""delta"":0.75},{""identity"":""UG"",""likelihood"":0.4,""delta"":0},{""identity"":""RG"",""likelihood"":0.4,""delta"":0}]","[{""identity"":""GLINT"",""likelihood"":0.3,""delta"":-0.55}]",3,1,0.75,-0.55,Indirect: changes arbitrary additive scores; softmax share and top-two gap are recomputed from the entire score vector.,"No explicit neutral, unsure, none, or mixed option is present in this question.",Editorial interpretation; no answer-level claim or source reference is present in the live model.,missing-stable-answer-id,"Assign a stable answer ID, controlled signal contract, evidence classification, explicit positive/negative contract, correlation group, and confidence contribution rule."
hall,hall_GLINT_missing_white,,hall_GLINT_missing_white#answer-1,GLINT,A powerful engine keeps learning and feeding. What proves it is Glint rather than a nearby shell?,It refuses civic restraint,"The engine matters because White-style order, duty, and stability are not allowed to tell appetite and living force what they may become.",missing white as active boundary,"[""social-behavior"",""psychographic-motivation"",""aesthetic-or-narrative-preference"",""philosophical-preference""]",Direct editorial assignment: the builder copies hard-coded identity likelihoods and suppressions into the live model.,"[{""identity"":""GLINT"",""likelihood"":0.95,""delta"":1.45},{""identity"":""BR"",""likelihood"":0.45,""delta"":0},{""identity"":""UG"",""likelihood"":0.45,""delta"":0},{""identity"":""BG"",""likelihood"":0.4,""delta"":0},{""identity"":""UR"",""likelihood"":0.4,""delta"":0}]","[{""identity"":""BANT"",""likelihood"":0.35,""delta"":-0.45},{""identity"":""ABZAN"",""likelihood"":0.35,""delta"":-0.45},{""identity"":""WU"",""likelihood"":0.35,""delta"":-0.45},{""identity"":""WG"",""likelihood"":0.35,""delta"":-0.45},{""identity"":""WR"",""likelihood"":0.25,""delta"":-0.7}]",5,5,1.45,-0.7,Indirect: changes arbitrary additive scores; softmax share and top-two gap are recomputed from the entire score vector.,"No explicit neutral, unsure, none, or mixed option is present in this question.",Editorial interpretation; no answer-level claim or source reference is present in the live model.,missing-stable-answer-id,"Assign a stable answer ID, controlled signal contract, evidence classification, explicit positive/negative contract, correlation group, and confidence contribution rule."
hall,hall_GLINT_missing_white,,hall_GLINT_missing_white#answer-2,GLINT,A powerful engine keeps learning and feeding. What proves it is Glint rather than a nearby shell?,It is cruel and clever,"The engine matters because hidden leverage, pressure, and survival advantage stay ahead of everyone else.",grixis pressure without Green life,"[""abstract-scenario-preference""]",Direct editorial assignment: the builder copies hard-coded identity likelihoods and suppressions into the live model.,"[{""identity"":""GRIXIS"",""likelihood"":0.8,""delta"":1},{""identity"":""UB"",""likelihood"":0.45,""delta"":0},{""identity"":""UR"",""likelihood"":0.4,""delta"":0},{""identity"":""BR"",""likelihood"":0.4,""delta"":0}]","[{""identity"":""GLINT"",""likelihood"":0.35,""delta"":-0.45}]",4,1,1,-0.45,Indirect: changes arbitrary additive scores; softmax share and top-two gap are recomputed from the entire score vector.,"No explicit neutral, unsure, none, or mixed option is present in this question.",Editorial interpretation; no answer-level claim or source reference is present in the live model.,missing-stable-answer-id,"Assign a stable answer ID, controlled signal contract, evidence classification, explicit positive/negative contract, correlation group, and confidence contribution rule."
hall,hall_GLINT_missing_white,,hall_GLINT_missing_white#answer-3,GLINT,A powerful engine keeps learning and feeding. What proves it is Glint rather than a nearby shell?,It is hungry and feral,The engine matters because instinct and appetite deserve the kill before reflective adaptation slows them down.,jund appetite without Blue intelligence,"[""psychographic-motivation""]",Direct editorial assignment: the builder copies hard-coded identity likelihoods and suppressions into the live model.,"[{""identity"":""JUND"",""likelihood"":0.8,""delta"":1},{""identity"":""BR"",""likelihood"":0.45,""delta"":0},{""identity"":""BG"",""likelihood"":0.4,""delta"":0},{""identity"":""RG"",""likelihood"":0.4,""delta"":0}]","[{""identity"":""GLINT"",""likelihood"":0.35,""delta"":-0.45}]",4,1,1,-0.45,Indirect: changes arbitrary additive scores; softmax share and top-two gap are recomputed from the entire score vector.,"No explicit neutral, unsure, none, or mixed option is present in this question.",Editorial interpretation; no answer-level claim or source reference is present in the live model.,missing-stable-answer-id,"Assign a stable answer ID, controlled signal contract, evidence classification, explicit positive/negative contract, correlation group, and confidence contribution rule."
hall,hall_GLINT_missing_white,,hall_GLINT_missing_white#answer-4,GLINT,A powerful engine keeps learning and feeding. What proves it is Glint rather than a nearby shell?,It is adaptive and wild,"The engine matters because experimentation, instinct, and elemental force stay alive without needing Black predation.",temur experimentation without Black appetite,"[""psychographic-motivation""]",Direct editorial assignment: the builder copies hard-coded identity likelihoods and suppressions into the live model.,"[{""identity"":""TEMUR"",""likelihood"":0.8,""delta"":1},{""identity"":""UG"",""likelihood"":0.45,""delta"":0},{""identity"":""UR"",""likelihood"":0.4,""delta"":0},{""identity"":""RG"",""likelihood"":0.4,""delta"":0}]","[{""identity"":""GLINT"",""likelihood"":0.35,""delta"":-0.45}]",4,1,1,-0.45,Indirect: changes arbitrary additive scores; softmax share and top-two gap are recomputed from the entire score vector.,"No explicit neutral, unsure, none, or mixed option is present in this question.",Editorial interpretation; no answer-level claim or source reference is present in the live model.,missing-stable-answer-id,"Assign a stable answer ID, controlled signal contract, evidence classification, explicit positive/negative contract, correlation group, and confidence contribution rule."
hall,hall_DUNE_territorial_force,,hall_DUNE_territorial_force#answer-1,DUNE,"The line could stop to study, negotiate, or wait. What makes moving first feel trustworthy?",Claim the ground now,"Motion is trustworthy when White line, Black cost, Red ignition, and Green persistence all press the same field before distance can cool it.",organized territorial pressure before detached contemplation,"[""social-behavior"",""psychographic-motivation""]",Direct editorial assignment: the builder copies hard-coded identity likelihoods and suppressions into the live model.,"[{""identity"":""DUNE"",""likelihood"":0.95,""delta"":1.45},{""identity"":""BR"",""likelihood"":0.45,""delta"":0},{""identity"":""RG"",""likelihood"":0.45,""delta"":0},{""identity"":""WG"",""likelihood"":0.4,""delta"":0},{""identity"":""WB"",""likelihood"":0.4,""delta"":0},{""identity"":""WR"",""likelihood"":0.35,""delta"":-0.45}]","[{""identity"":""GLINT"",""likelihood"":0.35,""delta"":-0.45},{""identity"":""JUND"",""likelihood"":0.3,""delta"":-0.55},{""identity"":""NAYA"",""likelihood"":0.3,""delta"":-0.55},{""identity"":""MARDU"",""likelihood"":0.25,""delta"":-0.7},{""identity"":""ABZAN"",""likelihood"":0.25,""delta"":-0.7}]",6,5,1.45,-0.7,Indirect: changes arbitrary additive scores; softmax share and top-two gap are recomputed from the entire score vector.,"No explicit neutral, unsure, none, or mixed option is present in this question.",Editorial interpretation; no answer-level claim or source reference is present in the live model.,missing-stable-answer-id|broad-multi-identity-effect,"Assign a stable answer ID, controlled signal contract, evidence classification, explicit positive/negative contract, correlation group, and confidence contribution rule."
hall,hall_DUNE_territorial_force,,hall_DUNE_territorial_force#answer-2,DUNE,"The line could stop to study, negotiate, or wait. What makes moving first feel trustworthy?",Take what instinct wants,Motion is trustworthy because appetite and survival should strike before anyone civilizes the opening.,jund instinct over common-front line,"[""social-behavior"",""psychographic-motivation""]",Direct editorial assignment: the builder copies hard-coded identity likelihoods and suppressions into the live model.,"[{""identity"":""JUND"",""likelihood"":0.8,""delta"":1},{""identity"":""BR"",""likelihood"":0.45,""delta"":0},{""identity"":""RG"",""likelihood"":0.4,""delta"":0},{""identity"":""BG"",""likelihood"":0.4,""delta"":0}]","[{""identity"":""DUNE"",""likelihood"":0.35,""delta"":-0.45}]",4,1,1,-0.45,Indirect: changes arbitrary additive scores; softmax share and top-two gap are recomputed from the entire score vector.,"No explicit neutral, unsure, none, or mixed option is present in this question.",Editorial interpretation; no answer-level claim or source reference is present in the live model.,missing-stable-answer-id,"Assign a stable answer ID, controlled signal contract, evidence classification, explicit positive/negative contract, correlation group, and confidence contribution rule."
hall,hall_DUNE_territorial_force,,hall_DUNE_territorial_force#answer-3,DUNE,"The line could stop to study, negotiate, or wait. What makes moving first feel trustworthy?",Protect the living whole,"Motion is trustworthy when the charge serves abundance, belonging, and the life that must stay sheltered.",naya belonging over black conquest pressure,"[""social-behavior"",""psychographic-motivation""]",Direct editorial assignment: the builder copies hard-coded identity likelihoods and suppressions into the live model.,"[{""identity"":""NAYA"",""likelihood"":0.8,""delta"":1},{""identity"":""WG"",""likelihood"":0.45,""delta"":0},{""identity"":""RG"",""likelihood"":0.4,""delta"":0},{""identity"":""WR"",""likelihood"":0.4,""delta"":0}]","[{""identity"":""DUNE"",""likelihood"":0.35,""delta"":-0.45}]",4,1,1,-0.45,Indirect: changes arbitrary additive scores; softmax share and top-two gap are recomputed from the entire score vector.,"No explicit neutral, unsure, none, or mixed option is present in this question.",Editorial interpretation; no answer-level claim or source reference is present in the live model.,missing-stable-answer-id,"Assign a stable answer ID, controlled signal contract, evidence classification, explicit positive/negative contract, correlation group, and confidence contribution rule."
hall,hall_DUNE_territorial_force,,hall_DUNE_territorial_force#answer-4,DUNE,"The line could stop to study, negotiate, or wait. What makes moving first feel trustworthy?",Let the opening learn while it moves,Motion is trustworthy when appetite adapts in real time and volatility keeps the field alive.,glint adaptation with blue present,"[""social-behavior"",""psychographic-motivation""]",Direct editorial assignment: the builder copies hard-coded identity likelihoods and suppressions into the live model.,"[{""identity"":""GLINT"",""likelihood"":0.8,""delta"":1},{""identity"":""UG"",""likelihood"":0.45,""delta"":0},{""identity"":""UR"",""likelihood"":0.4,""delta"":0},{""identity"":""BG"",""likelihood"":0.4,""delta"":0}]","[{""identity"":""DUNE"",""likelihood"":0.35,""delta"":-0.45}]",4,1,1,-0.45,Indirect: changes arbitrary additive scores; softmax share and top-two gap are recomputed from the entire score vector.,"No explicit neutral, unsure, none, or mixed option is present in this question.",Editorial interpretation; no answer-level claim or source reference is present in the live model.,missing-stable-answer-id,"Assign a stable answer ID, controlled signal contract, evidence classification, explicit positive/negative contract, correlation group, and confidence contribution rule."
hall,hall_DUNE_missing_blue,,hall_DUNE_missing_blue#answer-1,DUNE,"A force can be coordinated, hungry, alive, and immediate. What proves it is Dune rather than a nearby shell?",It refuses detached contemplation,"The force matters because the line claims ground before Blue-style distance, modeling, or cool delay can take command.",missing blue as territorial-pressure boundary,"[""aesthetic-or-narrative-preference""]",Direct editorial assignment: the builder copies hard-coded identity likelihoods and suppressions into the live model.,"[{""identity"":""DUNE"",""likelihood"":0.95,""delta"":1.45},{""identity"":""BR"",""likelihood"":0.45,""delta"":0},{""identity"":""RG"",""likelihood"":0.45,""delta"":0},{""identity"":""WG"",""likelihood"":0.4,""delta"":0},{""identity"":""WB"",""likelihood"":0.4,""delta"":0},{""identity"":""WR"",""likelihood"":0.35,""delta"":-0.45}]","[{""identity"":""GLINT"",""likelihood"":0.35,""delta"":-0.45},{""identity"":""ABZAN"",""likelihood"":0.3,""delta"":-0.55},{""identity"":""MARDU"",""likelihood"":0.3,""delta"":-0.55},{""identity"":""JUND"",""likelihood"":0.25,""delta"":-0.7},{""identity"":""NAYA"",""likelihood"":0.25,""delta"":-0.7}]",6,5,1.45,-0.7,Indirect: changes arbitrary additive scores; softmax share and top-two gap are recomputed from the entire score vector.,"No explicit neutral, unsure, none, or mixed option is present in this question.",Editorial interpretation; no answer-level claim or source reference is present in the live model.,missing-stable-answer-id|broad-multi-identity-effect,"Assign a stable answer ID, controlled signal contract, evidence classification, explicit positive/negative contract, correlation group, and confidence contribution rule."
hall,hall_DUNE_missing_blue,,hall_DUNE_missing_blue#answer-2,DUNE,"A force can be coordinated, hungry, alive, and immediate. What proves it is Dune rather than a nearby shell?",It is the charge with a name,"The force matters because speed, oath, and ruthless commitment move first under a war-coded opening.",mardu speed without green multiplication,"[""philosophical-preference""]",Direct editorial assignment: the builder copies hard-coded identity likelihoods and suppressions into the live model.,"[{""identity"":""MARDU"",""likelihood"":0.8,""delta"":1},{""identity"":""WR"",""likelihood"":0.45,""delta"":0},{""identity"":""BR"",""likelihood"":0.4,""delta"":0},{""identity"":""WB"",""likelihood"":0.35,""delta"":-0.45}]","[{""identity"":""DUNE"",""likelihood"":0.35,""delta"":-0.45}]",4,1,1,-0.45,Indirect: changes arbitrary additive scores; softmax share and top-two gap are recomputed from the entire score vector.,"No explicit neutral, unsure, none, or mixed option is present in this question.",Editorial interpretation; no answer-level claim or source reference is present in the live model.,missing-stable-answer-id,"Assign a stable answer ID, controlled signal contract, evidence classification, explicit positive/negative contract, correlation group, and confidence contribution rule."
hall,hall_DUNE_missing_blue,,hall_DUNE_missing_blue#answer-3,DUNE,"A force can be coordinated, hungry, alive, and immediate. What proves it is Dune rather than a nearby shell?",It is the house that endures,"The force matters because lineage, endurance, and survival keep pressure answerable to the living house.",abzan endurance without red ignition,"[""abstract-scenario-preference""]",Direct editorial assignment: the builder copies hard-coded identity likelihoods and suppressions into the live model.,"[{""identity"":""ABZAN"",""likelihood"":0.8,""delta"":1},{""identity"":""WB"",""likelihood"":0.45,""delta"":0},{""identity"":""WG"",""likelihood"":0.4,""delta"":0},{""identity"":""BG"",""likelihood"":0.4,""delta"":0}]","[{""identity"":""DUNE"",""likelihood"":0.35,""delta"":-0.45}]",4,1,1,-0.45,Indirect: changes arbitrary additive scores; softmax share and top-two gap are recomputed from the entire score vector.,"No explicit neutral, unsure, none, or mixed option is present in this question.",Editorial interpretation; no answer-level claim or source reference is present in the live model.,missing-stable-answer-id,"Assign a stable answer ID, controlled signal contract, evidence classification, explicit positive/negative contract, correlation group, and confidence contribution rule."
hall,hall_DUNE_missing_blue,,hall_DUNE_missing_blue#answer-4,DUNE,"A force can be coordinated, hungry, alive, and immediate. What proves it is Dune rather than a nearby shell?",It is the current that adapts,"The force matters because learning, appetite, volatility, and living growth keep mutating before order can pin them down.",glint volatility with blue present,"[""psychographic-motivation"",""philosophical-preference""]",Direct editorial assignment: the builder copies hard-coded identity likelihoods and suppressions into the live model.,"[{""identity"":""GLINT"",""likelihood"":0.8,""delta"":1},{""identity"":""UG"",""likelihood"":0.45,""delta"":0},{""identity"":""UR"",""likelihood"":0.4,""delta"":0},{""identity"":""BG"",""likelihood"":0.4,""delta"":0}]","[{""identity"":""DUNE"",""likelihood"":0.35,""delta"":-0.45}]",4,1,1,-0.45,Indirect: changes arbitrary additive scores; softmax share and top-two gap are recomputed from the entire score vector.,"No explicit neutral, unsure, none, or mixed option is present in this question.",Editorial interpretation; no answer-level claim or source reference is present in the live model.,missing-stable-answer-id,"Assign a stable answer ID, controlled signal contract, evidence classification, explicit positive/negative contract, correlation group, and confidence contribution rule."
hall,hall_INK_protected_abundance,,hall_INK_protected_abundance#answer-1,INK,"A gift, archive, or shared resource could help everyone, but it could also be captured. What makes sharing trustworthy?",Guard the commons,"Sharing is trustworthy when generosity has a public boundary that keeps knowledge, care, and resources from becoming private leverage.",protected public abundance,"[""gameplay-or-deck-behavior"",""social-behavior"",""philosophical-preference""]",Direct editorial assignment: the builder copies hard-coded identity likelihoods and suppressions into the live model.,"[{""identity"":""INK"",""likelihood"":0.95,""delta"":1.45},{""identity"":""WU"",""likelihood"":0.45,""delta"":0},{""identity"":""WG"",""likelihood"":0.45,""delta"":0},{""identity"":""UG"",""likelihood"":0.4,""delta"":0},{""identity"":""UR"",""likelihood"":0.35,""delta"":-0.45},{""identity"":""WR"",""likelihood"":0.35,""delta"":-0.45},{""identity"":""RG"",""likelihood"":0.35,""delta"":-0.45},{""identity"":""BANT"",""likelihood"":0.25,""delta"":-0.7},{""identity"":""NAYA"",""likelihood"":0.25,""delta"":-0.7}]","[{""identity"":""B"",""likelihood"":0.45,""delta"":0},{""identity"":""UB"",""likelihood"":0.35,""delta"":-0.45},{""identity"":""BR"",""likelihood"":0.3,""delta"":-0.55},{""identity"":""BG"",""likelihood"":0.3,""delta"":-0.55},{""identity"":""GLINT"",""likelihood"":0.25,""delta"":-0.7},{""identity"":""DUNE"",""likelihood"":0.25,""delta"":-0.7}]",9,6,1.45,-0.7,Indirect: changes arbitrary additive scores; softmax share and top-two gap are recomputed from the entire score vector.,"No explicit neutral, unsure, none, or mixed option is present in this question.",Editorial interpretation; no answer-level claim or source reference is present in the live model.,missing-stable-answer-id|broad-multi-identity-effect|suppression-not-negative,"Assign a stable answer ID, controlled signal contract, evidence classification, explicit positive/negative contract, correlation group, and confidence contribution rule."
hall,hall_INK_protected_abundance,,hall_INK_protected_abundance#answer-2,INK,"A gift, archive, or shared resource could help everyone, but it could also be captured. What makes sharing trustworthy?",Let appetite take the opening,The shared thing is only useful if the hungriest force can convert it before the table slows it down.,appetite over protected reciprocity,"[""gameplay-or-deck-behavior"",""social-behavior"",""psychographic-motivation""]",Direct editorial assignment: the builder copies hard-coded identity likelihoods and suppressions into the live model.,"[{""identity"":""GLINT"",""likelihood"":0.75,""delta"":0.75},{""identity"":""JUND"",""likelihood"":0.55,""delta"":0.28},{""identity"":""BR"",""likelihood"":0.4,""delta"":0},{""identity"":""BG"",""likelihood"":0.35,""delta"":-0.45}]","[{""identity"":""INK"",""likelihood"":0.35,""delta"":-0.45}]",4,1,0.75,-0.45,Indirect: changes arbitrary additive scores; softmax share and top-two gap are recomputed from the entire score vector.,"No explicit neutral, unsure, none, or mixed option is present in this question.",Editorial interpretation; no answer-level claim or source reference is present in the live model.,missing-stable-answer-id,"Assign a stable answer ID, controlled signal contract, evidence classification, explicit positive/negative contract, correlation group, and confidence contribution rule."
hall,hall_INK_protected_abundance,,hall_INK_protected_abundance#answer-3,INK,"A gift, archive, or shared resource could help everyone, but it could also be captured. What makes sharing trustworthy?",Hold the line by force,"The resource stays honest when pressure, cost, and bodies keep the field claimed before distance can bargain it away.",force-backed line over open commons,"[""gameplay-or-deck-behavior"",""social-behavior""]",Direct editorial assignment: the builder copies hard-coded identity likelihoods and suppressions into the live model.,"[{""identity"":""DUNE"",""likelihood"":0.75,""delta"":0.75},{""identity"":""WR"",""likelihood"":0.4,""delta"":0},{""identity"":""RG"",""likelihood"":0.4,""delta"":0},{""identity"":""WB"",""likelihood"":0.35,""delta"":-0.45}]","[{""identity"":""INK"",""likelihood"":0.35,""delta"":-0.45}]",4,1,0.75,-0.45,Indirect: changes arbitrary additive scores; softmax share and top-two gap are recomputed from the entire score vector.,"No explicit neutral, unsure, none, or mixed option is present in this question.",Editorial interpretation; no answer-level claim or source reference is present in the live model.,missing-stable-answer-id,"Assign a stable answer ID, controlled signal contract, evidence classification, explicit positive/negative contract, correlation group, and confidence contribution rule."
hall,hall_INK_protected_abundance,,hall_INK_protected_abundance#answer-4,INK,"A gift, archive, or shared resource could help everyone, but it could also be captured. What makes sharing trustworthy?",Make the process public,"Trust comes from transparent procedure, shared records, and rules that everyone can audit.",procedure-first public process,"[""gameplay-or-deck-behavior"",""social-behavior""]",Direct editorial assignment: the builder copies hard-coded identity likelihoods and suppressions into the live model.,"[{""identity"":""WU"",""likelihood"":0.75,""delta"":0.75},{""identity"":""BANT"",""likelihood"":0.45,""delta"":0},{""identity"":""W"",""likelihood"":0.35,""delta"":-0.45},{""identity"":""U"",""likelihood"":0.35,""delta"":-0.45}]","[{""identity"":""INK"",""likelihood"":0.2,""delta"":-0.9}]",4,1,0.75,-0.9,Indirect: changes arbitrary additive scores; softmax share and top-two gap are recomputed from the entire score vector.,"No explicit neutral, unsure, none, or mixed option is present in this question.",Editorial interpretation; no answer-level claim or source reference is present in the live model.,missing-stable-answer-id,"Assign a stable answer ID, controlled signal contract, evidence classification, explicit positive/negative contract, correlation group, and confidence contribution rule."
hall,hall_INK_missing_black,,hall_INK_missing_black#answer-1,INK,"The table wants abundance, knowledge, and care to circulate. What proves the center is Ink rather than generic group-hug?",It resists private capture,The center is Ink when shared resources remain open because Black-style private hoarding is not allowed to define the gift.,missing Black as anti-hoarding boundary,"[""gameplay-or-deck-behavior"",""social-behavior"",""psychographic-motivation"",""aesthetic-or-narrative-preference"",""philosophical-preference""]",Direct editorial assignment: the builder copies hard-coded identity likelihoods and suppressions into the live model.,"[{""identity"":""INK"",""likelihood"":0.95,""delta"":1.45},{""identity"":""WU"",""likelihood"":0.45,""delta"":0},{""identity"":""WG"",""likelihood"":0.45,""delta"":0},{""identity"":""UG"",""likelihood"":0.4,""delta"":0},{""identity"":""RG"",""likelihood"":0.35,""delta"":-0.45},{""identity"":""UR"",""likelihood"":0.35,""delta"":-0.45},{""identity"":""WR"",""likelihood"":0.35,""delta"":-0.45}]","[{""identity"":""B"",""likelihood"":0.45,""delta"":0},{""identity"":""UB"",""likelihood"":0.35,""delta"":-0.45},{""identity"":""BR"",""likelihood"":0.3,""delta"":-0.55},{""identity"":""BG"",""likelihood"":0.3,""delta"":-0.55}]",7,4,1.45,-0.55,Indirect: changes arbitrary additive scores; softmax share and top-two gap are recomputed from the entire score vector.,"No explicit neutral, unsure, none, or mixed option is present in this question.",Editorial interpretation; no answer-level claim or source reference is present in the live model.,missing-stable-answer-id|broad-multi-identity-effect|suppression-not-negative,"Assign a stable answer ID, controlled signal contract, evidence classification, explicit positive/negative contract, correlation group, and confidence contribution rule."
hall,hall_INK_missing_black,,hall_INK_missing_black#answer-2,INK,"The table wants abundance, knowledge, and care to circulate. What proves the center is Ink rather than generic group-hug?",Everyone just gets more,"The table mainly wants more cards, mana, and favors without asking what keeps those gifts from being captured.",generic group-hug abundance,"[""gameplay-or-deck-behavior"",""social-behavior"",""psychographic-motivation"",""philosophical-preference""]",Direct editorial assignment: the builder copies hard-coded identity likelihoods and suppressions into the live model.,"[{""identity"":""WG"",""likelihood"":0.55,""delta"":0.28},{""identity"":""BANT"",""likelihood"":0.4,""delta"":0},{""identity"":""NAYA"",""likelihood"":0.35,""delta"":-0.45}]","[{""identity"":""INK"",""likelihood"":0.35,""delta"":-0.45}]",3,1,0.28,-0.45,Indirect: changes arbitrary additive scores; softmax share and top-two gap are recomputed from the entire score vector.,"No explicit neutral, unsure, none, or mixed option is present in this question.",Editorial interpretation; no answer-level claim or source reference is present in the live model.,missing-stable-answer-id,"Assign a stable answer ID, controlled signal contract, evidence classification, explicit positive/negative contract, correlation group, and confidence contribution rule."
hall,hall_INK_missing_black,,hall_INK_missing_black#answer-3,INK,"The table wants abundance, knowledge, and care to circulate. What proves the center is Ink rather than generic group-hug?",The archive is the whole point,"The answer centers knowledge itself, treating the record as the identity rather than one protected public good among several.",public archive shortcut,"[""social-behavior"",""psychographic-motivation"",""philosophical-preference""]",Direct editorial assignment: the builder copies hard-coded identity likelihoods and suppressions into the live model.,"[{""identity"":""U"",""likelihood"":0.55,""delta"":0.28},{""identity"":""WU"",""likelihood"":0.45,""delta"":0},{""identity"":""BANT"",""likelihood"":0.35,""delta"":-0.45}]","[{""identity"":""INK"",""likelihood"":0.25,""delta"":-0.7}]",3,1,0.28,-0.7,Indirect: changes arbitrary additive scores; softmax share and top-two gap are recomputed from the entire score vector.,"No explicit neutral, unsure, none, or mixed option is present in this question.",Editorial interpretation; no answer-level claim or source reference is present in the live model.,missing-stable-answer-id,"Assign a stable answer ID, controlled signal contract, evidence classification, explicit positive/negative contract, correlation group, and confidence contribution rule."
hall,hall_INK_missing_black,,hall_INK_missing_black#answer-4,INK,"The table wants abundance, knowledge, and care to circulate. What proves the center is Ink rather than generic group-hug?",One card carries it,A single card or commander is being asked to carry the whole identity instead of serving as bounded Commander texture.,single-anchor shortcut,"[""gameplay-or-deck-behavior"",""social-behavior"",""psychographic-motivation"",""philosophical-preference""]",Direct editorial assignment: the builder copies hard-coded identity likelihoods and suppressions into the live model.,"[{""identity"":""WG"",""likelihood"":0.4,""delta"":0},{""identity"":""UR"",""likelihood"":0.35,""delta"":-0.45}]","[{""identity"":""INK"",""likelihood"":0.45,""delta"":0}]",2,1,0,0,Indirect: changes arbitrary additive scores; softmax share and top-two gap are recomputed from the entire score vector.,"No explicit neutral, unsure, none, or mixed option is present in this question.",Editorial interpretation; no answer-level claim or source reference is present in the live model.,missing-stable-answer-id|suppression-not-negative,"Assign a stable answer ID, controlled signal contract, evidence classification, explicit positive/negative contract, correlation group, and confidence contribution rule."
hall,hall_WITCH_patient_cultivation,,hall_WITCH_patient_cultivation#answer-1,WITCH,A small investment could become inevitable if it survives long enough. What makes that patience trustworthy?,Let the roots keep the ledger,"Patience is trustworthy when growth, structure, calculation, and ambition all protect the same future before impulse can scatter it.",patient cultivation protected by structure,"[""social-behavior"",""philosophical-preference""]",Direct editorial assignment: the builder copies hard-coded identity likelihoods and suppressions into the live model.,"[{""identity"":""WITCH"",""likelihood"":0.95,""delta"":1.45},{""identity"":""WG"",""likelihood"":0.45,""delta"":0},{""identity"":""WU"",""likelihood"":0.45,""delta"":0},{""identity"":""UG"",""likelihood"":0.4,""delta"":0},{""identity"":""WB"",""likelihood"":0.4,""delta"":0},{""identity"":""UB"",""likelihood"":0.35,""delta"":-0.45},{""identity"":""BG"",""likelihood"":0.35,""delta"":-0.45}]","[{""identity"":""R"",""likelihood"":0.45,""delta"":0},{""identity"":""BR"",""likelihood"":0.35,""delta"":-0.45},{""identity"":""RG"",""likelihood"":0.35,""delta"":-0.45},{""identity"":""UR"",""likelihood"":0.3,""delta"":-0.55},{""identity"":""GLINT"",""likelihood"":0.3,""delta"":-0.55},{""identity"":""DUNE"",""likelihood"":0.25,""delta"":-0.7},{""identity"":""INK"",""likelihood"":0.2,""delta"":-0.9}]",7,7,1.45,-0.9,Indirect: changes arbitrary additive scores; softmax share and top-two gap are recomputed from the entire score vector.,"No explicit neutral, unsure, none, or mixed option is present in this question.",Editorial interpretation; no answer-level claim or source reference is present in the live model.,missing-stable-answer-id|broad-multi-identity-effect|suppression-not-negative,"Assign a stable answer ID, controlled signal contract, evidence classification, explicit positive/negative contract, correlation group, and confidence contribution rule."
hall,hall_WITCH_patient_cultivation,,hall_WITCH_patient_cultivation#answer-2,WITCH,A small investment could become inevitable if it survives long enough. What makes that patience trustworthy?,Perfect the public order,"The patient thing matters because law, process, and improvement can keep the group legible.",bant order without Black ambition,"[""social-behavior"",""philosophical-preference""]",Direct editorial assignment: the builder copies hard-coded identity likelihoods and suppressions into the live model.,"[{""identity"":""BANT"",""likelihood"":0.8,""delta"":1},{""identity"":""WU"",""likelihood"":0.45,""delta"":0},{""identity"":""WG"",""likelihood"":0.4,""delta"":0}]","[{""identity"":""WITCH"",""likelihood"":0.35,""delta"":-0.45}]",3,1,1,-0.45,Indirect: changes arbitrary additive scores; softmax share and top-two gap are recomputed from the entire score vector.,"No explicit neutral, unsure, none, or mixed option is present in this question.",Editorial interpretation; no answer-level claim or source reference is present in the live model.,missing-stable-answer-id,"Assign a stable answer ID, controlled signal contract, evidence classification, explicit positive/negative contract, correlation group, and confidence contribution rule."
hall,hall_WITCH_patient_cultivation,,hall_WITCH_patient_cultivation#answer-3,WITCH,A small investment could become inevitable if it survives long enough. What makes that patience trustworthy?,Turn the hidden resource,"The patient thing matters because every secret, grave, and opportunity can become leverage.",sultai leverage without White structure,"[""gameplay-or-deck-behavior"",""social-behavior""]",Direct editorial assignment: the builder copies hard-coded identity likelihoods and suppressions into the live model.,"[{""identity"":""SULTAI"",""likelihood"":0.8,""delta"":1},{""identity"":""UB"",""likelihood"":0.45,""delta"":0},{""identity"":""BG"",""likelihood"":0.4,""delta"":0}]","[{""identity"":""WITCH"",""likelihood"":0.35,""delta"":-0.45}]",3,1,1,-0.45,Indirect: changes arbitrary additive scores; softmax share and top-two gap are recomputed from the entire score vector.,"No explicit neutral, unsure, none, or mixed option is present in this question.",Editorial interpretation; no answer-level claim or source reference is present in the live model.,missing-stable-answer-id,"Assign a stable answer ID, controlled signal contract, evidence classification, explicit positive/negative contract, correlation group, and confidence contribution rule."
hall,hall_WITCH_patient_cultivation,,hall_WITCH_patient_cultivation#answer-4,WITCH,A small investment could become inevitable if it survives long enough. What makes that patience trustworthy?,Make the commons flourish,The patient thing matters because shared abundance should keep circulating rather than becoming one private plan.,ink commons over private inevitability,"[""social-behavior""]",Direct editorial assignment: the builder copies hard-coded identity likelihoods and suppressions into the live model.,"[{""identity"":""INK"",""likelihood"":0.75,""delta"":0.75},{""identity"":""WU"",""likelihood"":0.4,""delta"":0},{""identity"":""WG"",""likelihood"":0.4,""delta"":0},{""identity"":""UG"",""likelihood"":0.35,""delta"":-0.45}]","[{""identity"":""WITCH"",""likelihood"":0.3,""delta"":-0.55}]",4,1,0.75,-0.55,Indirect: changes arbitrary additive scores; softmax share and top-two gap are recomputed from the entire score vector.,"No explicit neutral, unsure, none, or mixed option is present in this question.",Editorial interpretation; no answer-level claim or source reference is present in the live model.,missing-stable-answer-id,"Assign a stable answer ID, controlled signal contract, evidence classification, explicit positive/negative contract, correlation group, and confidence contribution rule."
hall,hall_WITCH_missing_red,,hall_WITCH_missing_red#answer-1,WITCH,"The plan is alive, protected, and ambitious. What proves it is Witch rather than a nearby shell or a Red-touched surge?",Keep the spark out of command,"The center is Witch when impulse, spectacle, haste, and emotional release are excluded so cultivation can remain protected and calculated.",missing Red as active cultivation boundary,"[""social-behavior"",""aesthetic-or-narrative-preference""]",Direct editorial assignment: the builder copies hard-coded identity likelihoods and suppressions into the live model.,"[{""identity"":""WITCH"",""likelihood"":0.95,""delta"":1.45},{""identity"":""WG"",""likelihood"":0.45,""delta"":0},{""identity"":""WU"",""likelihood"":0.45,""delta"":0},{""identity"":""UG"",""likelihood"":0.4,""delta"":0},{""identity"":""WB"",""likelihood"":0.4,""delta"":0},{""identity"":""UB"",""likelihood"":0.35,""delta"":-0.45},{""identity"":""BG"",""likelihood"":0.35,""delta"":-0.45}]","[{""identity"":""R"",""likelihood"":0.5,""delta"":0.12},{""identity"":""BR"",""likelihood"":0.4,""delta"":0},{""identity"":""RG"",""likelihood"":0.4,""delta"":0},{""identity"":""UR"",""likelihood"":0.35,""delta"":-0.45},{""identity"":""WR"",""likelihood"":0.35,""delta"":-0.45},{""identity"":""GLINT"",""likelihood"":0.35,""delta"":-0.45},{""identity"":""DUNE"",""likelihood"":0.3,""delta"":-0.55}]",7,7,1.45,-0.55,Indirect: changes arbitrary additive scores; softmax share and top-two gap are recomputed from the entire score vector.,"No explicit neutral, unsure, none, or mixed option is present in this question.",Editorial interpretation; no answer-level claim or source reference is present in the live model.,missing-stable-answer-id|broad-multi-identity-effect|suppression-not-negative,"Assign a stable answer ID, controlled signal contract, evidence classification, explicit positive/negative contract, correlation group, and confidence contribution rule."
hall,hall_WITCH_missing_red,,hall_WITCH_missing_red#answer-2,WITCH,"The plan is alive, protected, and ambitious. What proves it is Witch rather than a nearby shell or a Red-touched surge?",Let the surge keep learning,"The plan matters because appetite, volatility, and living force should adapt in motion.",glint surge with Red present,"[""social-behavior"",""psychographic-motivation""]",Direct editorial assignment: the builder copies hard-coded identity likelihoods and suppressions into the live model.,"[{""identity"":""GLINT"",""likelihood"":0.8,""delta"":1},{""identity"":""UR"",""likelihood"":0.45,""delta"":0},{""identity"":""BR"",""likelihood"":0.4,""delta"":0},{""identity"":""RG"",""likelihood"":0.35,""delta"":-0.45}]","[{""identity"":""WITCH"",""likelihood"":0.35,""delta"":-0.45}]",4,1,1,-0.45,Indirect: changes arbitrary additive scores; softmax share and top-two gap are recomputed from the entire score vector.,"No explicit neutral, unsure, none, or mixed option is present in this question.",Editorial interpretation; no answer-level claim or source reference is present in the live model.,missing-stable-answer-id,"Assign a stable answer ID, controlled signal contract, evidence classification, explicit positive/negative contract, correlation group, and confidence contribution rule."
hall,hall_WITCH_missing_red,,hall_WITCH_missing_red#answer-3,WITCH,"The plan is alive, protected, and ambitious. What proves it is Witch rather than a nearby shell or a Red-touched surge?",Take the field before delay,"The plan matters because bodies, cost, ignition, and pressure must claim ground now.",dune pressure with Red present,"[""social-behavior""]",Direct editorial assignment: the builder copies hard-coded identity likelihoods and suppressions into the live model.,"[{""identity"":""DUNE"",""likelihood"":0.8,""delta"":1},{""identity"":""BR"",""likelihood"":0.45,""delta"":0},{""identity"":""RG"",""likelihood"":0.4,""delta"":0},{""identity"":""WR"",""likelihood"":0.35,""delta"":-0.45}]","[{""identity"":""WITCH"",""likelihood"":0.35,""delta"":-0.45}]",4,1,1,-0.45,Indirect: changes arbitrary additive scores; softmax share and top-two gap are recomputed from the entire score vector.,"No explicit neutral, unsure, none, or mixed option is present in this question.",Editorial interpretation; no answer-level claim or source reference is present in the live model.,missing-stable-answer-id,"Assign a stable answer ID, controlled signal contract, evidence classification, explicit positive/negative contract, correlation group, and confidence contribution rule."
hall,hall_WITCH_missing_red,,hall_WITCH_missing_red#answer-4,WITCH,"The plan is alive, protected, and ambitious. What proves it is Witch rather than a nearby shell or a Red-touched surge?",Count only the counters,"The appeal is mainly proliferate, counters, or one famous commander rather than the full missing-Red worldview.",generic counters shortcut,"[""gameplay-or-deck-behavior"",""social-behavior""]",Direct editorial assignment: the builder copies hard-coded identity likelihoods and suppressions into the live model.,"[{""identity"":""UG"",""likelihood"":0.55,""delta"":0.28},{""identity"":""BANT"",""likelihood"":0.35,""delta"":-0.45},{""identity"":""SULTAI"",""likelihood"":0.35,""delta"":-0.45}]","[{""identity"":""WITCH"",""likelihood"":0.45,""delta"":0}]",3,1,0.28,0,Indirect: changes arbitrary additive scores; softmax share and top-two gap are recomputed from the entire score vector.,"No explicit neutral, unsure, none, or mixed option is present in this question.",Editorial interpretation; no answer-level claim or source reference is present in the live model.,missing-stable-answer-id|suppression-not-negative,"Assign a stable answer ID, controlled signal contract, evidence classification, explicit positive/negative contract, correlation group, and confidence contribution rule."
hall,hall_WR_protection,,hall_WR_protection#answer-1,WR,The rules are too slow to prevent clear harm. What does virtue require?,Move now,Justice that arrives after the harm is complete is not enough.,protective action,"[""social-behavior""]",Direct editorial assignment: the builder copies hard-coded identity likelihoods and suppressions into the live model.,"[{""identity"":""WR"",""likelihood"":0.95,""delta"":1.45}]","[{""identity"":""WU"",""likelihood"":0.75,""delta"":0.75},{""identity"":""LOREHOLD"",""likelihood"":0.25,""delta"":-0.7}]",1,2,1.45,-0.7,Indirect: changes arbitrary additive scores; softmax share and top-two gap are recomputed from the entire score vector.,"No explicit neutral, unsure, none, or mixed option is present in this question.",Editorial interpretation; no answer-level claim or source reference is present in the live model.,missing-stable-answer-id|suppression-not-negative,"Assign a stable answer ID, controlled signal contract, evidence classification, explicit positive/negative contract, correlation group, and confidence contribution rule."
hall,hall_WR_protection,,hall_WR_protection#answer-2,WR,The rules are too slow to prevent clear harm. What does virtue require?,Preserve legitimacy,"If the method breaks the standard, the victory may poison the next case.",procedural restraint,"[""abstract-scenario-preference""]",Direct editorial assignment: the builder copies hard-coded identity likelihoods and suppressions into the live model.,"[{""identity"":""WU"",""likelihood"":0.9,""delta"":1.2}]","[{""identity"":""WR"",""likelihood"":0.6,""delta"":0.4}]",1,1,1.2,0,Indirect: changes arbitrary additive scores; softmax share and top-two gap are recomputed from the entire score vector.,"No explicit neutral, unsure, none, or mixed option is present in this question.",Editorial interpretation; no answer-level claim or source reference is present in the live model.,missing-stable-answer-id|suppression-not-negative,"Assign a stable answer ID, controlled signal contract, evidence classification, explicit positive/negative contract, correlation group, and confidence contribution rule."
hall,hall_WR_protection,,hall_WR_protection#answer-3,WR,The rules are too slow to prevent clear harm. What does virtue require?,Check the past first,Someone has faced this before. The warning may already exist.,historical warning,"[""abstract-scenario-preference""]",Direct editorial assignment: the builder copies hard-coded identity likelihoods and suppressions into the live model.,"[{""identity"":""LOREHOLD"",""likelihood"":0.85,""delta"":1}]","[{""identity"":""WR"",""likelihood"":0.35,""delta"":-0.45}]",1,1,1,-0.45,Indirect: changes arbitrary additive scores; softmax share and top-two gap are recomputed from the entire score vector.,"No explicit neutral, unsure, none, or mixed option is present in this question.",Editorial interpretation; no answer-level claim or source reference is present in the live model.,missing-stable-answer-id,"Assign a stable answer ID, controlled signal contract, evidence classification, explicit positive/negative contract, correlation group, and confidence contribution rule."
hall,hall_WR_protection,,hall_WR_protection#answer-4,WR,The rules are too slow to prevent clear harm. What does virtue require?,Heal the group bond,"The community needs to want protection together, not just receive it.",collective harmony,"[""social-behavior"",""psychographic-motivation""]",Direct editorial assignment: the builder copies hard-coded identity likelihoods and suppressions into the live model.,"[{""identity"":""WG"",""likelihood"":0.75,""delta"":0.75}]","[{""identity"":""WR"",""likelihood"":0.3,""delta"":-0.55}]",1,1,0.75,-0.55,Indirect: changes arbitrary additive scores; softmax share and top-two gap are recomputed from the entire score vector.,"No explicit neutral, unsure, none, or mixed option is present in this question.",Editorial interpretation; no answer-level claim or source reference is present in the live model.,missing-stable-answer-id,"Assign a stable answer ID, controlled signal contract, evidence classification, explicit positive/negative contract, correlation group, and confidence contribution rule."
hall,hall_LOREHOLD_history,,hall_LOREHOLD_history#answer-1,LOREHOLD,"A crisis demands action, but the past may contain a warning. What comes first?",Interrogate the past,"The ruin, record, ancestor, or artifact may know what haste will miss.",historical field evidence,"[""aesthetic-or-narrative-preference""]",Direct editorial assignment: the builder copies hard-coded identity likelihoods and suppressions into the live model.,"[{""identity"":""LOREHOLD"",""likelihood"":0.95,""delta"":1.45}]","[{""identity"":""WR"",""likelihood"":0.55,""delta"":0.28},{""identity"":""UR"",""likelihood"":0.25,""delta"":-0.7}]",1,2,1.45,-0.7,Indirect: changes arbitrary additive scores; softmax share and top-two gap are recomputed from the entire score vector.,"No explicit neutral, unsure, none, or mixed option is present in this question.",Editorial interpretation; no answer-level claim or source reference is present in the live model.,missing-stable-answer-id|suppression-not-negative,"Assign a stable answer ID, controlled signal contract, evidence classification, explicit positive/negative contract, correlation group, and confidence contribution rule."
hall,hall_LOREHOLD_history,,hall_LOREHOLD_history#answer-2,LOREHOLD,"A crisis demands action, but the past may contain a warning. What comes first?",Protect the present,"History matters, but the person in danger is here now.",present-tense justice,"[""social-behavior"",""aesthetic-or-narrative-preference""]",Direct editorial assignment: the builder copies hard-coded identity likelihoods and suppressions into the live model.,"[{""identity"":""WR"",""likelihood"":0.9,""delta"":1.2}]","[{""identity"":""LOREHOLD"",""likelihood"":0.45,""delta"":0}]",1,1,1.2,0,Indirect: changes arbitrary additive scores; softmax share and top-two gap are recomputed from the entire score vector.,"No explicit neutral, unsure, none, or mixed option is present in this question.",Editorial interpretation; no answer-level claim or source reference is present in the live model.,missing-stable-answer-id|suppression-not-negative,"Assign a stable answer ID, controlled signal contract, evidence classification, explicit positive/negative contract, correlation group, and confidence contribution rule."
hall,hall_LOREHOLD_history,,hall_LOREHOLD_history#answer-3,LOREHOLD,"A crisis demands action, but the past may contain a warning. What comes first?",Codify the lesson,The past matters because it should become better procedure.,precedent into law,"[""abstract-scenario-preference""]",Direct editorial assignment: the builder copies hard-coded identity likelihoods and suppressions into the live model.,"[{""identity"":""WU"",""likelihood"":0.8,""delta"":1}]","[{""identity"":""LOREHOLD"",""likelihood"":0.25,""delta"":-0.7}]",1,1,1,-0.7,Indirect: changes arbitrary additive scores; softmax share and top-two gap are recomputed from the entire score vector.,"No explicit neutral, unsure, none, or mixed option is present in this question.",Editorial interpretation; no answer-level claim or source reference is present in the live model.,missing-stable-answer-id,"Assign a stable answer ID, controlled signal contract, evidence classification, explicit positive/negative contract, correlation group, and confidence contribution rule."
hall,hall_LOREHOLD_history,,hall_LOREHOLD_history#answer-4,LOREHOLD,"A crisis demands action, but the past may contain a warning. What comes first?",Model the pattern,The past is data. The deeper truth is the structure beneath it.,historical pattern,"[""philosophical-preference""]",Direct editorial assignment: the builder copies hard-coded identity likelihoods and suppressions into the live model.,"[{""identity"":""QUANDRIX"",""likelihood"":0.75,""delta"":0.75}]","[{""identity"":""LOREHOLD"",""likelihood"":0.25,""delta"":-0.7}]",1,1,0.75,-0.7,Indirect: changes arbitrary additive scores; softmax share and top-two gap are recomputed from the entire score vector.,"No explicit neutral, unsure, none, or mixed option is present in this question.",Editorial interpretation; no answer-level claim or source reference is present in the live model.,missing-stable-answer-id,"Assign a stable answer ID, controlled signal contract, evidence classification, explicit positive/negative contract, correlation group, and confidence contribution rule."
hall,hall_PRISMARI_expression,,hall_PRISMARI_expression#answer-1,PRISMARI,A work can be technically correct or emotionally unforgettable. What matters more?,The unforgettable expression,Technique serves the feeling. The spell has to land in the body.,elemental artistry,"[""gameplay-or-deck-behavior"",""social-behavior"",""psychographic-motivation"",""aesthetic-or-narrative-preference""]",Direct editorial assignment: the builder copies hard-coded identity likelihoods and suppressions into the live model.,"[{""identity"":""PRISMARI"",""likelihood"":0.95,""delta"":1.45}]","[{""identity"":""UR"",""likelihood"":0.45,""delta"":0},{""identity"":""QUANDRIX"",""likelihood"":0.45,""delta"":0}]",1,2,1.45,0,Indirect: changes arbitrary additive scores; softmax share and top-two gap are recomputed from the entire score vector.,"No explicit neutral, unsure, none, or mixed option is present in this question.",Editorial interpretation; no answer-level claim or source reference is present in the live model.,missing-stable-answer-id|suppression-not-negative,"Assign a stable answer ID, controlled signal contract, evidence classification, explicit positive/negative contract, correlation group, and confidence contribution rule."
hall,hall_PRISMARI_expression,,hall_PRISMARI_expression#answer-2,PRISMARI,A work can be technically correct or emotionally unforgettable. What matters more?,The mechanism underneath,"If you cannot explain how it works, you have not mastered it.",mechanistic curiosity,"[""social-behavior""]",Direct editorial assignment: the builder copies hard-coded identity likelihoods and suppressions into the live model.,"[{""identity"":""UR"",""likelihood"":0.9,""delta"":1.2}]","[{""identity"":""PRISMARI"",""likelihood"":0.4,""delta"":0}]",1,1,1.2,0,Indirect: changes arbitrary additive scores; softmax share and top-two gap are recomputed from the entire score vector.,"No explicit neutral, unsure, none, or mixed option is present in this question.",Editorial interpretation; no answer-level claim or source reference is present in the live model.,missing-stable-answer-id|suppression-not-negative,"Assign a stable answer ID, controlled signal contract, evidence classification, explicit positive/negative contract, correlation group, and confidence contribution rule."
hall,hall_PRISMARI_expression,,hall_PRISMARI_expression#answer-3,PRISMARI,A work can be technically correct or emotionally unforgettable. What matters more?,The transgression,Make them uncomfortable enough to stop pretending.,dangerous spectacle,"[""social-behavior"",""aesthetic-or-narrative-preference""]",Direct editorial assignment: the builder copies hard-coded identity likelihoods and suppressions into the live model.,"[{""identity"":""BR"",""likelihood"":0.85,""delta"":1}]","[{""identity"":""PRISMARI"",""likelihood"":0.3,""delta"":-0.55}]",1,1,1,-0.55,Indirect: changes arbitrary additive scores; softmax share and top-two gap are recomputed from the entire score vector.,"No explicit neutral, unsure, none, or mixed option is present in this question.",Editorial interpretation; no answer-level claim or source reference is present in the live model.,missing-stable-answer-id,"Assign a stable answer ID, controlled signal contract, evidence classification, explicit positive/negative contract, correlation group, and confidence contribution rule."
hall,hall_PRISMARI_expression,,hall_PRISMARI_expression#answer-4,PRISMARI,A work can be technically correct or emotionally unforgettable. What matters more?,The precise phrase,The strongest performance may be one sentence said exactly right.,verbal precision,"[""social-behavior""]",Direct editorial assignment: the builder copies hard-coded identity likelihoods and suppressions into the live model.,"[{""identity"":""SILVERQUILL"",""likelihood"":0.85,""delta"":1}]","[{""identity"":""PRISMARI"",""likelihood"":0.3,""delta"":-0.55}]",1,1,1,-0.55,Indirect: changes arbitrary additive scores; softmax share and top-two gap are recomputed from the entire score vector.,"No explicit neutral, unsure, none, or mixed option is present in this question.",Editorial interpretation; no answer-level claim or source reference is present in the live model.,missing-stable-answer-id,"Assign a stable answer ID, controlled signal contract, evidence classification, explicit positive/negative contract, correlation group, and confidence contribution rule."
hall,hall_QUANDRIX_pattern,,hall_QUANDRIX_pattern#answer-1,QUANDRIX,Reality feels chaotic. What guide do you trust most?,The underlying pattern,"The exception, proof, and model are where the real structure appears.",mathematical abstraction,"[""social-behavior"",""psychographic-motivation""]",Direct editorial assignment: the builder copies hard-coded identity likelihoods and suppressions into the live model.,"[{""identity"":""QUANDRIX"",""likelihood"":0.95,""delta"":1.45}]","[{""identity"":""BR"",""likelihood"":0.35,""delta"":-0.45},{""identity"":""PRISMARI"",""likelihood"":0.3,""delta"":-0.55}]",1,2,1.45,-0.55,Indirect: changes arbitrary additive scores; softmax share and top-two gap are recomputed from the entire score vector.,"No explicit neutral, unsure, none, or mixed option is present in this question.",Editorial interpretation; no answer-level claim or source reference is present in the live model.,missing-stable-answer-id,"Assign a stable answer ID, controlled signal contract, evidence classification, explicit positive/negative contract, correlation group, and confidence contribution rule."
hall,hall_QUANDRIX_pattern,,hall_QUANDRIX_pattern#answer-2,QUANDRIX,Reality feels chaotic. What guide do you trust most?,The adapting body,A pattern matters when it helps life become more fit for the world.,adaptive biology,"[""social-behavior"",""psychographic-motivation""]",Direct editorial assignment: the builder copies hard-coded identity likelihoods and suppressions into the live model.,"[{""identity"":""UG"",""likelihood"":0.9,""delta"":1.2}]","[{""identity"":""QUANDRIX"",""likelihood"":0.4,""delta"":0}]",1,1,1.2,0,Indirect: changes arbitrary additive scores; softmax share and top-two gap are recomputed from the entire score vector.,"No explicit neutral, unsure, none, or mixed option is present in this question.",Editorial interpretation; no answer-level claim or source reference is present in the live model.,missing-stable-answer-id|suppression-not-negative,"Assign a stable answer ID, controlled signal contract, evidence classification, explicit positive/negative contract, correlation group, and confidence contribution rule."
hall,hall_QUANDRIX_pattern,,hall_QUANDRIX_pattern#answer-3,QUANDRIX,Reality feels chaotic. What guide do you trust most?,The test bench,"Build the device, run the experiment, and let the weird result speak.",experimental proof,"[""social-behavior"",""psychographic-motivation""]",Direct editorial assignment: the builder copies hard-coded identity likelihoods and suppressions into the live model.,"[{""identity"":""UR"",""likelihood"":0.8,""delta"":1}]","[{""identity"":""QUANDRIX"",""likelihood"":0.25,""delta"":-0.7}]",1,1,1,-0.7,Indirect: changes arbitrary additive scores; softmax share and top-two gap are recomputed from the entire score vector.,"No explicit neutral, unsure, none, or mixed option is present in this question.",Editorial interpretation; no answer-level claim or source reference is present in the live model.,missing-stable-answer-id,"Assign a stable answer ID, controlled signal contract, evidence classification, explicit positive/negative contract, correlation group, and confidence contribution rule."
hall,hall_QUANDRIX_pattern,,hall_QUANDRIX_pattern#answer-4,QUANDRIX,Reality feels chaotic. What guide do you trust most?,The record,"Patterns matter, but history has already run experiments at scale.",historical evidence,"[""social-behavior"",""psychographic-motivation"",""aesthetic-or-narrative-preference""]",Direct editorial assignment: the builder copies hard-coded identity likelihoods and suppressions into the live model.,"[{""identity"":""LOREHOLD"",""likelihood"":0.75,""delta"":0.75}]","[{""identity"":""QUANDRIX"",""likelihood"":0.25,""delta"":-0.7}]",1,1,0.75,-0.7,Indirect: changes arbitrary additive scores; softmax share and top-two gap are recomputed from the entire score vector.,"No explicit neutral, unsure, none, or mixed option is present in this question.",Editorial interpretation; no answer-level claim or source reference is present in the live model.,missing-stable-answer-id,"Assign a stable answer ID, controlled signal contract, evidence classification, explicit positive/negative contract, correlation group, and confidence contribution rule."
hall,hall_SILVERQUILL_words,,hall_SILVERQUILL_words#answer-1,SILVERQUILL,A room is moving in the wrong direction. How do you redirect it?,Say the line that changes the room,"Words are force. Precision, praise, pressure, and image all matter.",rhetorical force,"[""abstract-scenario-preference""]",Direct editorial assignment: the builder copies hard-coded identity likelihoods and suppressions into the live model.,"[{""identity"":""SILVERQUILL"",""likelihood"":0.95,""delta"":1.45}]","[{""identity"":""UB"",""likelihood"":0.45,""delta"":0},{""identity"":""WU"",""likelihood"":0.35,""delta"":-0.45}]",1,2,1.45,-0.45,Indirect: changes arbitrary additive scores; softmax share and top-two gap are recomputed from the entire score vector.,"No explicit neutral, unsure, none, or mixed option is present in this question.",Editorial interpretation; no answer-level claim or source reference is present in the live model.,missing-stable-answer-id|suppression-not-negative,"Assign a stable answer ID, controlled signal contract, evidence classification, explicit positive/negative contract, correlation group, and confidence contribution rule."
hall,hall_SILVERQUILL_words,,hall_SILVERQUILL_words#answer-2,SILVERQUILL,A room is moving in the wrong direction. How do you redirect it?,Make the contract visible,Speech matters when it binds obligation to consequence.,contractual speech,"[""abstract-scenario-preference""]",Direct editorial assignment: the builder copies hard-coded identity likelihoods and suppressions into the live model.,"[{""identity"":""WB"",""likelihood"":0.85,""delta"":1}]","[{""identity"":""SILVERQUILL"",""likelihood"":0.25,""delta"":-0.7}]",1,1,1,-0.7,Indirect: changes arbitrary additive scores; softmax share and top-two gap are recomputed from the entire score vector.,"No explicit neutral, unsure, none, or mixed option is present in this question.",Editorial interpretation; no answer-level claim or source reference is present in the live model.,missing-stable-answer-id,"Assign a stable answer ID, controlled signal contract, evidence classification, explicit positive/negative contract, correlation group, and confidence contribution rule."
hall,hall_SILVERQUILL_words,,hall_SILVERQUILL_words#answer-3,SILVERQUILL,A room is moving in the wrong direction. How do you redirect it?,Codify the standard,The room changes when everyone knows the rule that applies.,formal ruling,"[""abstract-scenario-preference""]",Direct editorial assignment: the builder copies hard-coded identity likelihoods and suppressions into the live model.,"[{""identity"":""WU"",""likelihood"":0.8,""delta"":1}]","[{""identity"":""SILVERQUILL"",""likelihood"":0.3,""delta"":-0.55}]",1,1,1,-0.55,Indirect: changes arbitrary additive scores; softmax share and top-two gap are recomputed from the entire score vector.,"No explicit neutral, unsure, none, or mixed option is present in this question.",Editorial interpretation; no answer-level claim or source reference is present in the live model.,missing-stable-answer-id,"Assign a stable answer ID, controlled signal contract, evidence classification, explicit positive/negative contract, correlation group, and confidence contribution rule."
hall,hall_SILVERQUILL_words,,hall_SILVERQUILL_words#answer-4,SILVERQUILL,A room is moving in the wrong direction. How do you redirect it?,Make the feeling visible,Language is too small; the expression needs scale.,elemental expression,"[""psychographic-motivation""]",Direct editorial assignment: the builder copies hard-coded identity likelihoods and suppressions into the live model.,"[{""identity"":""PRISMARI"",""likelihood"":0.8,""delta"":1}]","[{""identity"":""SILVERQUILL"",""likelihood"":0.25,""delta"":-0.7}]",1,1,1,-0.7,Indirect: changes arbitrary additive scores; softmax share and top-two gap are recomputed from the entire score vector.,"No explicit neutral, unsure, none, or mixed option is present in this question.",Editorial interpretation; no answer-level claim or source reference is present in the live model.,missing-stable-answer-id,"Assign a stable answer ID, controlled signal contract, evidence classification, explicit positive/negative contract, correlation group, and confidence contribution rule."
hall,hall_WITHERBLOOM_essence,,hall_WITHERBLOOM_essence#answer-1,WITHERBLOOM,"A cure requires something messy, costly, or morally uncomfortable. What guides you?",The life-death exchange,Vitality is not clean. Healing may require proximity to decay.,messy vitality ecology,"[""social-behavior"",""philosophical-preference""]",Direct editorial assignment: the builder copies hard-coded identity likelihoods and suppressions into the live model.,"[{""identity"":""WITHERBLOOM"",""likelihood"":0.95,""delta"":1.45}]","[{""identity"":""WU"",""likelihood"":0.45,""delta"":0},{""identity"":""WG"",""likelihood"":0.3,""delta"":-0.55}]",1,2,1.45,-0.55,Indirect: changes arbitrary additive scores; softmax share and top-two gap are recomputed from the entire score vector.,"No explicit neutral, unsure, none, or mixed option is present in this question.",Editorial interpretation; no answer-level claim or source reference is present in the live model.,missing-stable-answer-id|suppression-not-negative,"Assign a stable answer ID, controlled signal contract, evidence classification, explicit positive/negative contract, correlation group, and confidence contribution rule."
hall,hall_WITHERBLOOM_essence,,hall_WITHERBLOOM_essence#answer-2,WITHERBLOOM,"A cure requires something messy, costly, or morally uncomfortable. What guides you?",The reclaimed remains,Use what the system threw away and make survival from it.,rot reclamation,"[""social-behavior"",""philosophical-preference""]",Direct editorial assignment: the builder copies hard-coded identity likelihoods and suppressions into the live model.,"[{""identity"":""BG"",""likelihood"":0.9,""delta"":1.2}]","[{""identity"":""WITHERBLOOM"",""likelihood"":0.3,""delta"":-0.55}]",1,1,1.2,-0.55,Indirect: changes arbitrary additive scores; softmax share and top-two gap are recomputed from the entire score vector.,"No explicit neutral, unsure, none, or mixed option is present in this question.",Editorial interpretation; no answer-level claim or source reference is present in the live model.,missing-stable-answer-id,"Assign a stable answer ID, controlled signal contract, evidence classification, explicit positive/negative contract, correlation group, and confidence contribution rule."
hall,hall_WITHERBLOOM_essence,,hall_WITHERBLOOM_essence#answer-3,WITHERBLOOM,"A cure requires something messy, costly, or morally uncomfortable. What guides you?",The improved organism,"If the body can be adapted away from fragility, adapt it.",biodesign improvement,"[""social-behavior"",""philosophical-preference""]",Direct editorial assignment: the builder copies hard-coded identity likelihoods and suppressions into the live model.,"[{""identity"":""UG"",""likelihood"":0.8,""delta"":1}]","[{""identity"":""WITHERBLOOM"",""likelihood"":0.25,""delta"":-0.7}]",1,1,1,-0.7,Indirect: changes arbitrary additive scores; softmax share and top-two gap are recomputed from the entire score vector.,"No explicit neutral, unsure, none, or mixed option is present in this question.",Editorial interpretation; no answer-level claim or source reference is present in the live model.,missing-stable-answer-id,"Assign a stable answer ID, controlled signal contract, evidence classification, explicit positive/negative contract, correlation group, and confidence contribution rule."
hall,hall_WITHERBLOOM_essence,,hall_WITHERBLOOM_essence#answer-4,WITHERBLOOM,"A cure requires something messy, costly, or morally uncomfortable. What guides you?",The nurturing whole,"Healing should restore belonging, not just biological function.",communal nurture,"[""social-behavior"",""philosophical-preference""]",Direct editorial assignment: the builder copies hard-coded identity likelihoods and suppressions into the live model.,"[{""identity"":""WG"",""likelihood"":0.75,""delta"":0.75}]","[{""identity"":""WITHERBLOOM"",""likelihood"":0.25,""delta"":-0.7}]",1,1,0.75,-0.7,Indirect: changes arbitrary additive scores; softmax share and top-two gap are recomputed from the entire score vector.,"No explicit neutral, unsure, none, or mixed option is present in this question.",Editorial interpretation; no answer-level claim or source reference is present in the live model.,missing-stable-answer-id,"Assign a stable answer ID, controlled signal contract, evidence classification, explicit positive/negative contract, correlation group, and confidence contribution rule."
hall,hall_COLORLESS_outside_wubrg,,hall_COLORLESS_outside_wubrg#answer-1,COLORLESS,"When the color wheel stops being the right language, what makes the restriction feel worth choosing?",Stay outside the wheel,"The absence is the discipline: exact mana, exact boundaries, and no need to translate the experience into WUBRG.",outside-WUBRG precision,"[""gameplay-or-deck-behavior"",""psychographic-motivation""]",Direct editorial assignment: the builder copies hard-coded identity likelihoods and suppressions into the live model.,"[{""identity"":""COLORLESS"",""likelihood"":0.95,""delta"":1.45}]","[{""identity"":""WUBRG"",""likelihood"":0.45,""delta"":0},{""identity"":""W"",""likelihood"":0.35,""delta"":-0.45},{""identity"":""U"",""likelihood"":0.35,""delta"":-0.45},{""identity"":""B"",""likelihood"":0.35,""delta"":-0.45},{""identity"":""R"",""likelihood"":0.35,""delta"":-0.45},{""identity"":""G"",""likelihood"":0.35,""delta"":-0.45},{""identity"":""YORE"",""likelihood"":0.25,""delta"":-0.7},{""identity"":""ESPER"",""likelihood"":0.25,""delta"":-0.7},{""identity"":""WITCH"",""likelihood"":0.25,""delta"":-0.7}]",1,9,1.45,-0.7,Indirect: changes arbitrary additive scores; softmax share and top-two gap are recomputed from the entire score vector.,"No explicit neutral, unsure, none, or mixed option is present in this question.",Editorial interpretation; no answer-level claim or source reference is present in the live model.,missing-stable-answer-id|suppression-not-negative,"Assign a stable answer ID, controlled signal contract, evidence classification, explicit positive/negative contract, correlation group, and confidence contribution rule."
hall,hall_COLORLESS_outside_wubrg,,hall_COLORLESS_outside_wubrg#answer-2,COLORLESS,"When the color wheel stops being the right language, what makes the restriction feel worth choosing?",Build the artifact engine,"The machine matters most when its parts assemble into repeatable function, even if the deck still wants colored purposes.",artifact engine without strict Colorless boundary,"[""gameplay-or-deck-behavior"",""social-behavior"",""psychographic-motivation"",""aesthetic-or-narrative-preference""]",Direct editorial assignment: the builder copies hard-coded identity likelihoods and suppressions into the live model.,"[{""identity"":""YORE"",""likelihood"":0.65,""delta"":0.55},{""identity"":""ESPER"",""likelihood"":0.55,""delta"":0.28}]","[{""identity"":""COLORLESS"",""likelihood"":0.45,""delta"":0}]",2,1,0.55,0,Indirect: changes arbitrary additive scores; softmax share and top-two gap are recomputed from the entire score vector.,"No explicit neutral, unsure, none, or mixed option is present in this question.",Editorial interpretation; no answer-level claim or source reference is present in the live model.,missing-stable-answer-id|suppression-not-negative,"Assign a stable answer ID, controlled signal contract, evidence classification, explicit positive/negative contract, correlation group, and confidence contribution rule."
hall,hall_COLORLESS_outside_wubrg,,hall_COLORLESS_outside_wubrg#answer-3,COLORLESS,"When the color wheel stops being the right language, what makes the restriction feel worth choosing?",Use every color,"The pull is fullness: every tool, every color, and a deck that answers limitation by expanding the palette.",five-color fullness,"[""gameplay-or-deck-behavior"",""psychographic-motivation""]",Direct editorial assignment: the builder copies hard-coded identity likelihoods and suppressions into the live model.,"[{""identity"":""WUBRG"",""likelihood"":0.95,""delta"":1.45},{""identity"":""W"",""likelihood"":0.18,""delta"":-0.9},{""identity"":""U"",""likelihood"":0.18,""delta"":-0.9},{""identity"":""B"",""likelihood"":0.18,""delta"":-0.9},{""identity"":""R"",""likelihood"":0.18,""delta"":-0.9},{""identity"":""G"",""likelihood"":0.18,""delta"":-0.9}]","[{""identity"":""COLORLESS"",""likelihood"":0.65,""delta"":0.55}]",6,1,1.45,0,Indirect: changes arbitrary additive scores; softmax share and top-two gap are recomputed from the entire score vector.,"No explicit neutral, unsure, none, or mixed option is present in this question.",Editorial interpretation; no answer-level claim or source reference is present in the live model.,missing-stable-answer-id|broad-multi-identity-effect|suppression-not-negative,"Assign a stable answer ID, controlled signal contract, evidence classification, explicit positive/negative contract, correlation group, and confidence contribution rule."
hall,hall_COLORLESS_branch_boundary,,hall_COLORLESS_branch_boundary#answer-1,COLORLESS,Which branch keeps its shape when Colorless is not allowed to collapse into a catch-all?,Chosen restriction,"The appeal is the clean line: colorless mana, generic costs, artifacts, Eldrazi, Wastes, and Devoid stay related but separate.",strict branch separation,"[""gameplay-or-deck-behavior"",""aesthetic-or-narrative-preference""]",Direct editorial assignment: the builder copies hard-coded identity likelihoods and suppressions into the live model.,"[{""identity"":""COLORLESS"",""likelihood"":0.95,""delta"":1.45}]","[{""identity"":""WUBRG"",""likelihood"":0.45,""delta"":0},{""identity"":""W"",""likelihood"":0.3,""delta"":-0.55},{""identity"":""U"",""likelihood"":0.3,""delta"":-0.55},{""identity"":""B"",""likelihood"":0.3,""delta"":-0.55},{""identity"":""R"",""likelihood"":0.3,""delta"":-0.55},{""identity"":""G"",""likelihood"":0.3,""delta"":-0.55},{""identity"":""YORE"",""likelihood"":0.25,""delta"":-0.7},{""identity"":""ESPER"",""likelihood"":0.25,""delta"":-0.7},{""identity"":""WITCH"",""likelihood"":0.25,""delta"":-0.7}]",1,9,1.45,-0.7,Indirect: changes arbitrary additive scores; softmax share and top-two gap are recomputed from the entire score vector.,"No explicit neutral, unsure, none, or mixed option is present in this question.",Editorial interpretation; no answer-level claim or source reference is present in the live model.,missing-stable-answer-id|suppression-not-negative,"Assign a stable answer ID, controlled signal contract, evidence classification, explicit positive/negative contract, correlation group, and confidence contribution rule."
hall,hall_COLORLESS_branch_boundary,,hall_COLORLESS_branch_boundary#answer-2,COLORLESS,Which branch keeps its shape when Colorless is not allowed to collapse into a catch-all?,Only artifacts,"The attraction is machine function first, with colorlessness as a useful texture rather than the identity boundary.",artifact-only false positive,"[""aesthetic-or-narrative-preference""]",Direct editorial assignment: the builder copies hard-coded identity likelihoods and suppressions into the live model.,"[{""identity"":""YORE"",""likelihood"":0.65,""delta"":0.55},{""identity"":""ESPER"",""likelihood"":0.55,""delta"":0.28}]","[{""identity"":""COLORLESS"",""likelihood"":0.5,""delta"":0.12}]",2,1,0.55,0,Indirect: changes arbitrary additive scores; softmax share and top-two gap are recomputed from the entire score vector.,"No explicit neutral, unsure, none, or mixed option is present in this question.",Editorial interpretation; no answer-level claim or source reference is present in the live model.,missing-stable-answer-id|suppression-not-negative,"Assign a stable answer ID, controlled signal contract, evidence classification, explicit positive/negative contract, correlation group, and confidence contribution rule."
hall,hall_COLORLESS_branch_boundary,,hall_COLORLESS_branch_boundary#answer-3,COLORLESS,Which branch keeps its shape when Colorless is not allowed to collapse into a catch-all?,Five-color Eldrazi,"The Eldrazi mood is real, but the deck still wants all five colors rather than strict outside-WUBRG discipline.",five-color Eldrazi false positive,"[""gameplay-or-deck-behavior"",""psychographic-motivation""]",Direct editorial assignment: the builder copies hard-coded identity likelihoods and suppressions into the live model.,"[{""identity"":""WUBRG"",""likelihood"":0.8,""delta"":1},{""identity"":""W"",""likelihood"":0.15,""delta"":-1.5},{""identity"":""U"",""likelihood"":0.15,""delta"":-1.5},{""identity"":""B"",""likelihood"":0.15,""delta"":-1.5},{""identity"":""R"",""likelihood"":0.15,""delta"":-1.5},{""identity"":""G"",""likelihood"":0.15,""delta"":-1.5}]","[{""identity"":""COLORLESS"",""likelihood"":0.7,""delta"":0.55}]",6,1,1,0,Indirect: changes arbitrary additive scores; softmax share and top-two gap are recomputed from the entire score vector.,"No explicit neutral, unsure, none, or mixed option is present in this question.",Editorial interpretation; no answer-level claim or source reference is present in the live model.,missing-stable-answer-id|broad-multi-identity-effect|suppression-not-negative,"Assign a stable answer ID, controlled signal contract, evidence classification, explicit positive/negative contract, correlation group, and confidence contribution rule."
hall,hall_COLORLESS_branch_boundary,,hall_COLORLESS_branch_boundary#answer-4,COLORLESS,Which branch keeps its shape when Colorless is not allowed to collapse into a catch-all?,Phyrexian aesthetics,"The metallic, body-horror, oil-stained read belongs to a different distinction track unless evidence says otherwise.",Phyrexia distinction gap,"[""social-behavior"",""aesthetic-or-narrative-preference""]",Direct editorial assignment: the builder copies hard-coded identity likelihoods and suppressions into the live model.,"[{""identity"":""WITCH"",""likelihood"":0.55,""delta"":0.28},{""identity"":""ESPER"",""likelihood"":0.45,""delta"":0}]","[{""identity"":""COLORLESS"",""likelihood"":0.55,""delta"":0.28}]",2,1,0.28,0,Indirect: changes arbitrary additive scores; softmax share and top-two gap are recomputed from the entire score vector.,"No explicit neutral, unsure, none, or mixed option is present in this question.",Editorial interpretation; no answer-level claim or source reference is present in the live model.,missing-stable-answer-id|suppression-not-negative,"Assign a stable answer ID, controlled signal contract, evidence classification, explicit positive/negative contract, correlation group, and confidence contribution rule."
hall,hall_WUBRG_full_spectrum,,hall_WUBRG_full_spectrum#answer-1,WUBRG,"When every color is available, what keeps the plan from becoming everything at once?",Every color has a job,"White sets the structure, Blue clarifies the pattern, Black protects agency, Red moves, and Green keeps the whole thing alive.",all five colors present with roles,"[""social-behavior"",""psychographic-motivation""]",Direct editorial assignment: the builder copies hard-coded identity likelihoods and suppressions into the live model.,"[{""identity"":""WUBRG"",""likelihood"":0.95,""delta"":1.45}]","[{""identity"":""COLORLESS"",""likelihood"":0.55,""delta"":0.28},{""identity"":""YORE"",""likelihood"":0.3,""delta"":-0.55},{""identity"":""GLINT"",""likelihood"":0.3,""delta"":-0.55},{""identity"":""DUNE"",""likelihood"":0.3,""delta"":-0.55},{""identity"":""INK"",""likelihood"":0.3,""delta"":-0.55},{""identity"":""WITCH"",""likelihood"":0.3,""delta"":-0.55}]",1,6,1.45,-0.55,Indirect: changes arbitrary additive scores; softmax share and top-two gap are recomputed from the entire score vector.,"No explicit neutral, unsure, none, or mixed option is present in this question.",Editorial interpretation; no answer-level claim or source reference is present in the live model.,missing-stable-answer-id|suppression-not-negative,"Assign a stable answer ID, controlled signal contract, evidence classification, explicit positive/negative contract, correlation group, and confidence contribution rule."
hall,hall_WUBRG_full_spectrum,,hall_WUBRG_full_spectrum#answer-2,WUBRG,"When every color is available, what keeps the plan from becoming everything at once?",The strongest pile wins,"The point is access to the best cards, with identity and tradeoffs treated as secondary.",generic goodstuff false positive,"[""gameplay-or-deck-behavior""]",Direct editorial assignment: the builder copies hard-coded identity likelihoods and suppressions into the live model.,"[{""identity"":""B"",""likelihood"":0.2,""delta"":-0.9},{""identity"":""U"",""likelihood"":0.2,""delta"":-0.9}]","[{""identity"":""WUBRG"",""likelihood"":0.65,""delta"":0.55}]",2,1,0,0,Indirect: changes arbitrary additive scores; softmax share and top-two gap are recomputed from the entire score vector.,"No explicit neutral, unsure, none, or mixed option is present in this question.",Editorial interpretation; no answer-level claim or source reference is present in the live model.,missing-stable-answer-id|suppression-not-negative,"Assign a stable answer ID, controlled signal contract, evidence classification, explicit positive/negative contract, correlation group, and confidence contribution rule."
hall,hall_WUBRG_full_spectrum,,hall_WUBRG_full_spectrum#answer-3,WUBRG,"When every color is available, what keeps the plan from becoming everything at once?",Stay outside the wheel,"The appeal is still the absence of color, not the chance to include every color.",outside-WUBRG restriction over fullness,"[""abstract-scenario-preference""]",Direct editorial assignment: the builder copies hard-coded identity likelihoods and suppressions into the live model.,"[{""identity"":""COLORLESS"",""likelihood"":0.9,""delta"":1.2}]","[{""identity"":""WUBRG"",""likelihood"":0.7,""delta"":0.55}]",1,1,1.2,0,Indirect: changes arbitrary additive scores; softmax share and top-two gap are recomputed from the entire score vector.,"No explicit neutral, unsure, none, or mixed option is present in this question.",Editorial interpretation; no answer-level claim or source reference is present in the live model.,missing-stable-answer-id|suppression-not-negative,"Assign a stable answer ID, controlled signal contract, evidence classification, explicit positive/negative contract, correlation group, and confidence contribution rule."
crucible,crucible_COLORLESS_WUBRG,,crucible_COLORLESS_WUBRG#answer-1,COLORLESS|WUBRG,"When the color wheel is in view, is the answer strongest because it steps outside color, or because every color has a negotiated role?",Step outside color,"The chosen restriction is the point: absence, exact colorless boundaries, and no need to translate the experience into WUBRG.",chosen outside-WUBRG restriction,"[""abstract-scenario-preference""]",Direct editorial assignment: the builder copies hard-coded identity likelihoods and suppressions into the live model.,"[{""identity"":""COLORLESS"",""likelihood"":0.95,""delta"":1.45}]","[{""identity"":""WUBRG"",""likelihood"":0.9,""delta"":1.2}]",1,1,1.45,0,Indirect: changes arbitrary additive scores; softmax share and top-two gap are recomputed from the entire score vector.,"No explicit neutral, unsure, none, or mixed option is present in this question.",Editorial interpretation; no answer-level claim or source reference is present in the live model.,missing-stable-answer-id|suppression-not-negative,"Assign a stable answer ID, controlled signal contract, evidence classification, explicit positive/negative contract, correlation group, and confidence contribution rule."
crucible,crucible_COLORLESS_WUBRG,,crucible_COLORLESS_WUBRG#answer-2,COLORLESS|WUBRG,"When the color wheel is in view, is the answer strongest because it steps outside color, or because every color has a negotiated role?",Bring all five in,"Every color belongs at the table, with each role negotiated instead of collapsed into generic access.",all five colors present and negotiated,"[""social-behavior""]",Direct editorial assignment: the builder copies hard-coded identity likelihoods and suppressions into the live model.,"[{""identity"":""WUBRG"",""likelihood"":0.95,""delta"":1.45}]","[{""identity"":""COLORLESS"",""likelihood"":0.9,""delta"":1.2}]",1,1,1.45,0,Indirect: changes arbitrary additive scores; softmax share and top-two gap are recomputed from the entire score vector.,"No explicit neutral, unsure, none, or mixed option is present in this question.",Editorial interpretation; no answer-level claim or source reference is present in the live model.,missing-stable-answer-id|suppression-not-negative,"Assign a stable answer ID, controlled signal contract, evidence classification, explicit positive/negative contract, correlation group, and confidence contribution rule."
crucible,crucible_W_WU,,crucible_W_WU#answer-1,W|WU,"Does dependable protection begin with a shelter people can trust, or a process nobody can bend?",Shelter first,The structure matters because it keeps people safe.,shelter before procedure,"[""social-behavior""]",Direct editorial assignment: the builder copies hard-coded identity likelihoods and suppressions into the live model.,"[{""identity"":""W"",""likelihood"":0.95,""delta"":1.45}]","[{""identity"":""WU"",""likelihood"":0.95,""delta"":1.45}]",1,1,1.45,0,Indirect: changes arbitrary additive scores; softmax share and top-two gap are recomputed from the entire score vector.,"No explicit neutral, unsure, none, or mixed option is present in this question.",Editorial interpretation; no answer-level claim or source reference is present in the live model.,missing-stable-answer-id|suppression-not-negative,"Assign a stable answer ID, controlled signal contract, evidence classification, explicit positive/negative contract, correlation group, and confidence contribution rule."
crucible,crucible_W_WU,,crucible_W_WU#answer-2,W|WU,"Does dependable protection begin with a shelter people can trust, or a process nobody can bend?",Process first,Protection lasts when the rule survives every exception.,procedure before shelter,"[""social-behavior""]",Direct editorial assignment: the builder copies hard-coded identity likelihoods and suppressions into the live model.,"[{""identity"":""WU"",""likelihood"":0.95,""delta"":1.45}]","[{""identity"":""W"",""likelihood"":0.95,""delta"":1.45}]",1,1,1.45,0,Indirect: changes arbitrary additive scores; softmax share and top-two gap are recomputed from the entire score vector.,"No explicit neutral, unsure, none, or mixed option is present in this question.",Editorial interpretation; no answer-level claim or source reference is present in the live model.,missing-stable-answer-id|suppression-not-negative,"Assign a stable answer ID, controlled signal contract, evidence classification, explicit positive/negative contract, correlation group, and confidence contribution rule."
crucible,crucible_W_WR,,crucible_W_WR#answer-1,W|WR,"When people are unsafe, is the first duty to build the standard or step in right now?",Build the standard,"Protection has to become reliable, not only brave.",reliable protection,"[""social-behavior""]",Direct editorial assignment: the builder copies hard-coded identity likelihoods and suppressions into the live model.,"[{""identity"":""W"",""likelihood"":0.95,""delta"":1.45}]","[{""identity"":""WR"",""likelihood"":0.95,""delta"":1.45}]",1,1,1.45,0,Indirect: changes arbitrary additive scores; softmax share and top-two gap are recomputed from the entire score vector.,"No explicit neutral, unsure, none, or mixed option is present in this question.",Editorial interpretation; no answer-level claim or source reference is present in the live model.,missing-stable-answer-id|suppression-not-negative,"Assign a stable answer ID, controlled signal contract, evidence classification, explicit positive/negative contract, correlation group, and confidence contribution rule."
crucible,crucible_W_WR,,crucible_W_WR#answer-2,W|WR,"When people are unsafe, is the first duty to build the standard or step in right now?",Step in right now,Protection that waits for structure can arrive too late.,immediate duty,"[""social-behavior""]",Direct editorial assignment: the builder copies hard-coded identity likelihoods and suppressions into the live model.,"[{""identity"":""WR"",""likelihood"":0.95,""delta"":1.45}]","[{""identity"":""W"",""likelihood"":0.95,""delta"":1.45}]",1,1,1.45,0,Indirect: changes arbitrary additive scores; softmax share and top-two gap are recomputed from the entire score vector.,"No explicit neutral, unsure, none, or mixed option is present in this question.",Editorial interpretation; no answer-level claim or source reference is present in the live model.,missing-stable-answer-id|suppression-not-negative,"Assign a stable answer ID, controlled signal contract, evidence classification, explicit positive/negative contract, correlation group, and confidence contribution rule."
crucible,crucible_W_WG,,crucible_W_WG#answer-1,W|WG,"Does safety begin with shared standards, or with a community that already knows how to hold each other?",Shared standards,The structure protects even before trust matures.,standards before belonging,"[""social-behavior""]",Direct editorial assignment: the builder copies hard-coded identity likelihoods and suppressions into the live model.,"[{""identity"":""W"",""likelihood"":0.95,""delta"":1.45}]","[{""identity"":""WG"",""likelihood"":0.95,""delta"":1.45}]",1,1,1.45,0,Indirect: changes arbitrary additive scores; softmax share and top-two gap are recomputed from the entire score vector.,"No explicit neutral, unsure, none, or mixed option is present in this question.",Editorial interpretation; no answer-level claim or source reference is present in the live model.,missing-stable-answer-id|suppression-not-negative,"Assign a stable answer ID, controlled signal contract, evidence classification, explicit positive/negative contract, correlation group, and confidence contribution rule."
crucible,crucible_W_WG,,crucible_W_WG#answer-2,W|WG,"Does safety begin with shared standards, or with a community that already knows how to hold each other?",Shared belonging,People protect what they already feel part of together.,belonging before standards,"[""social-behavior"",""psychographic-motivation"",""aesthetic-or-narrative-preference""]",Direct editorial assignment: the builder copies hard-coded identity likelihoods and suppressions into the live model.,"[{""identity"":""WG"",""likelihood"":0.95,""delta"":1.45}]","[{""identity"":""W"",""likelihood"":0.95,""delta"":1.45}]",1,1,1.45,0,Indirect: changes arbitrary additive scores; softmax share and top-two gap are recomputed from the entire score vector.,"No explicit neutral, unsure, none, or mixed option is present in this question.",Editorial interpretation; no answer-level claim or source reference is present in the live model.,missing-stable-answer-id|suppression-not-negative,"Assign a stable answer ID, controlled signal contract, evidence classification, explicit positive/negative contract, correlation group, and confidence contribution rule."
crucible,crucible_U_WU,,crucible_U_WU#answer-1,U|WU,"Does trust begin with understanding the system, or with a rule no one can bend?",Understand the system,The rule matters after the model is clear.,model before procedure,"[""social-behavior""]",Direct editorial assignment: the builder copies hard-coded identity likelihoods and suppressions into the live model.,"[{""identity"":""U"",""likelihood"":0.95,""delta"":1.45}]","[{""identity"":""WU"",""likelihood"":0.95,""delta"":1.45}]",1,1,1.45,0,Indirect: changes arbitrary additive scores; softmax share and top-two gap are recomputed from the entire score vector.,"No explicit neutral, unsure, none, or mixed option is present in this question.",Editorial interpretation; no answer-level claim or source reference is present in the live model.,missing-stable-answer-id|suppression-not-negative,"Assign a stable answer ID, controlled signal contract, evidence classification, explicit positive/negative contract, correlation group, and confidence contribution rule."
crucible,crucible_U_WU,,crucible_U_WU#answer-2,U|WU,"Does trust begin with understanding the system, or with a rule no one can bend?",Bind the rule,Understanding matters when it becomes fair process.,procedure before model,"[""social-behavior""]",Direct editorial assignment: the builder copies hard-coded identity likelihoods and suppressions into the live model.,"[{""identity"":""WU"",""likelihood"":0.95,""delta"":1.45}]","[{""identity"":""U"",""likelihood"":0.95,""delta"":1.45}]",1,1,1.45,0,Indirect: changes arbitrary additive scores; softmax share and top-two gap are recomputed from the entire score vector.,"No explicit neutral, unsure, none, or mixed option is present in this question.",Editorial interpretation; no answer-level claim or source reference is present in the live model.,missing-stable-answer-id|suppression-not-negative,"Assign a stable answer ID, controlled signal contract, evidence classification, explicit positive/negative contract, correlation group, and confidence contribution rule."
crucible,crucible_U_UB,,crucible_U_UB#answer-1,U|UB,"Does information matter because it improves the future, or because no one knows you have it?",Improve the future,Knowledge expands what can be done next.,knowledge as possibility,"[""philosophical-preference""]",Direct editorial assignment: the builder copies hard-coded identity likelihoods and suppressions into the live model.,"[{""identity"":""U"",""likelihood"":0.95,""delta"":1.45}]","[{""identity"":""UB"",""likelihood"":0.95,""delta"":1.45}]",1,1,1.45,0,Indirect: changes arbitrary additive scores; softmax share and top-two gap are recomputed from the entire score vector.,"No explicit neutral, unsure, none, or mixed option is present in this question.",Editorial interpretation; no answer-level claim or source reference is present in the live model.,missing-stable-answer-id|suppression-not-negative,"Assign a stable answer ID, controlled signal contract, evidence classification, explicit positive/negative contract, correlation group, and confidence contribution rule."
crucible,crucible_U_UB,,crucible_U_UB#answer-2,U|UB,"Does information matter because it improves the future, or because no one knows you have it?",Keep it unseen,Information is strongest when it becomes hidden leverage.,knowledge as secrecy,"[""philosophical-preference""]",Direct editorial assignment: the builder copies hard-coded identity likelihoods and suppressions into the live model.,"[{""identity"":""UB"",""likelihood"":0.95,""delta"":1.45}]","[{""identity"":""U"",""likelihood"":0.95,""delta"":1.45}]",1,1,1.45,0,Indirect: changes arbitrary additive scores; softmax share and top-two gap are recomputed from the entire score vector.,"No explicit neutral, unsure, none, or mixed option is present in this question.",Editorial interpretation; no answer-level claim or source reference is present in the live model.,missing-stable-answer-id|suppression-not-negative,"Assign a stable answer ID, controlled signal contract, evidence classification, explicit positive/negative contract, correlation group, and confidence contribution rule."
crucible,crucible_U_UR,,crucible_U_UR#answer-1,U|UR,"When the idea is promising but unstable, do you wait for the model or fire the prototype?",Wait for the model,A better prediction prevents a wasted breakthrough.,predictive patience,"[""social-behavior""]",Direct editorial assignment: the builder copies hard-coded identity likelihoods and suppressions into the live model.,"[{""identity"":""U"",""likelihood"":0.95,""delta"":1.45}]","[{""identity"":""UR"",""likelihood"":0.95,""delta"":1.45}]",1,1,1.45,0,Indirect: changes arbitrary additive scores; softmax share and top-two gap are recomputed from the entire score vector.,"No explicit neutral, unsure, none, or mixed option is present in this question.",Editorial interpretation; no answer-level claim or source reference is present in the live model.,missing-stable-answer-id|suppression-not-negative,"Assign a stable answer ID, controlled signal contract, evidence classification, explicit positive/negative contract, correlation group, and confidence contribution rule."
crucible,crucible_U_UR,,crucible_U_UR#answer-2,U|UR,"When the idea is promising but unstable, do you wait for the model or fire the prototype?",Fire the prototype,The experiment has to move before the answer appears.,experimental spark,"[""social-behavior""]",Direct editorial assignment: the builder copies hard-coded identity likelihoods and suppressions into the live model.,"[{""identity"":""UR"",""likelihood"":0.95,""delta"":1.45}]","[{""identity"":""U"",""likelihood"":0.95,""delta"":1.45}]",1,1,1.45,0,Indirect: changes arbitrary additive scores; softmax share and top-two gap are recomputed from the entire score vector.,"No explicit neutral, unsure, none, or mixed option is present in this question.",Editorial interpretation; no answer-level claim or source reference is present in the live model.,missing-stable-answer-id|suppression-not-negative,"Assign a stable answer ID, controlled signal contract, evidence classification, explicit positive/negative contract, correlation group, and confidence contribution rule."
crucible,crucible_U_UG,,crucible_U_UG#answer-1,U|UG,"Should the next change refine the model, or alter the living thing that must survive?",Refine the model,"Improve the tool, plan, and knowledge before changing the body.",engineered possibility,"[""philosophical-preference""]",Direct editorial assignment: the builder copies hard-coded identity likelihoods and suppressions into the live model.,"[{""identity"":""U"",""likelihood"":0.95,""delta"":1.45}]","[{""identity"":""UG"",""likelihood"":0.95,""delta"":1.45}]",1,1,1.45,0,Indirect: changes arbitrary additive scores; softmax share and top-two gap are recomputed from the entire score vector.,"No explicit neutral, unsure, none, or mixed option is present in this question.",Editorial interpretation; no answer-level claim or source reference is present in the live model.,missing-stable-answer-id|suppression-not-negative,"Assign a stable answer ID, controlled signal contract, evidence classification, explicit positive/negative contract, correlation group, and confidence contribution rule."
crucible,crucible_U_UG,,crucible_U_UG#answer-2,U|UG,"Should the next change refine the model, or alter the living thing that must survive?",Alter the organism,The living form must adapt to meet the future.,living adaptation,"[""abstract-scenario-preference""]",Direct editorial assignment: the builder copies hard-coded identity likelihoods and suppressions into the live model.,"[{""identity"":""UG"",""likelihood"":0.95,""delta"":1.45}]","[{""identity"":""U"",""likelihood"":0.95,""delta"":1.45}]",1,1,1.45,0,Indirect: changes arbitrary additive scores; softmax share and top-two gap are recomputed from the entire score vector.,"No explicit neutral, unsure, none, or mixed option is present in this question.",Editorial interpretation; no answer-level claim or source reference is present in the live model.,missing-stable-answer-id|suppression-not-negative,"Assign a stable answer ID, controlled signal contract, evidence classification, explicit positive/negative contract, correlation group, and confidence contribution rule."
crucible,crucible_B_UB,,crucible_B_UB#answer-1,B|UB,"When power is available, do you pay the cost directly or wait until hidden information makes the move safer?",Pay directly,Agency is worth the price when the price keeps your fate yours.,direct cost,"[""psychographic-motivation""]",Direct editorial assignment: the builder copies hard-coded identity likelihoods and suppressions into the live model.,"[{""identity"":""B"",""likelihood"":0.95,""delta"":1.45}]","[{""identity"":""UB"",""likelihood"":0.95,""delta"":1.45}]",1,1,1.45,0,Indirect: changes arbitrary additive scores; softmax share and top-two gap are recomputed from the entire score vector.,"No explicit neutral, unsure, none, or mixed option is present in this question.",Editorial interpretation; no answer-level claim or source reference is present in the live model.,missing-stable-answer-id|suppression-not-negative,"Assign a stable answer ID, controlled signal contract, evidence classification, explicit positive/negative contract, correlation group, and confidence contribution rule."
crucible,crucible_B_UB,,crucible_B_UB#answer-2,B|UB,"When power is available, do you pay the cost directly or wait until hidden information makes the move safer?",Wait in secret,Leverage is strongest when no one sees the hand move.,hidden timing,"[""abstract-scenario-preference""]",Direct editorial assignment: the builder copies hard-coded identity likelihoods and suppressions into the live model.,"[{""identity"":""UB"",""likelihood"":0.95,""delta"":1.45}]","[{""identity"":""B"",""likelihood"":0.95,""delta"":1.45}]",1,1,1.45,0,Indirect: changes arbitrary additive scores; softmax share and top-two gap are recomputed from the entire score vector.,"No explicit neutral, unsure, none, or mixed option is present in this question.",Editorial interpretation; no answer-level claim or source reference is present in the live model.,missing-stable-answer-id|suppression-not-negative,"Assign a stable answer ID, controlled signal contract, evidence classification, explicit positive/negative contract, correlation group, and confidence contribution rule."
crucible,crucible_B_BR,,crucible_B_BR#answer-1,B|BR,"Is the cost worth paying because it keeps control, or because it finally releases restraint?",Keep control,The sacrifice matters because it secures agency.,controlled cost,"[""psychographic-motivation""]",Direct editorial assignment: the builder copies hard-coded identity likelihoods and suppressions into the live model.,"[{""identity"":""B"",""likelihood"":0.95,""delta"":1.45}]","[{""identity"":""BR"",""likelihood"":0.95,""delta"":1.45}]",1,1,1.45,0,Indirect: changes arbitrary additive scores; softmax share and top-two gap are recomputed from the entire score vector.,"No explicit neutral, unsure, none, or mixed option is present in this question.",Editorial interpretation; no answer-level claim or source reference is present in the live model.,missing-stable-answer-id|suppression-not-negative,"Assign a stable answer ID, controlled signal contract, evidence classification, explicit positive/negative contract, correlation group, and confidence contribution rule."
crucible,crucible_B_BR,,crucible_B_BR#answer-2,B|BR,"Is the cost worth paying because it keeps control, or because it finally releases restraint?",Release restraint,The rupture matters because the pressure has to become real.,unrestrained release,"[""abstract-scenario-preference""]",Direct editorial assignment: the builder copies hard-coded identity likelihoods and suppressions into the live model.,"[{""identity"":""BR"",""likelihood"":0.95,""delta"":1.45}]","[{""identity"":""B"",""likelihood"":0.95,""delta"":1.45}]",1,1,1.45,0,Indirect: changes arbitrary additive scores; softmax share and top-two gap are recomputed from the entire score vector.,"No explicit neutral, unsure, none, or mixed option is present in this question.",Editorial interpretation; no answer-level claim or source reference is present in the live model.,missing-stable-answer-id|suppression-not-negative,"Assign a stable answer ID, controlled signal contract, evidence classification, explicit positive/negative contract, correlation group, and confidence contribution rule."
crucible,crucible_B_BG,,crucible_B_BG#answer-1,B|BG,"Does the graveyard matter because it belongs to your plan, or because decay feeds the next life?",It belongs to the plan,Death is another resource to convert.,graveyard leverage,"[""gameplay-or-deck-behavior"",""social-behavior""]",Direct editorial assignment: the builder copies hard-coded identity likelihoods and suppressions into the live model.,"[{""identity"":""B"",""likelihood"":0.95,""delta"":1.45}]","[{""identity"":""BG"",""likelihood"":0.95,""delta"":1.45}]",1,1,1.45,0,Indirect: changes arbitrary additive scores; softmax share and top-two gap are recomputed from the entire score vector.,"No explicit neutral, unsure, none, or mixed option is present in this question.",Editorial interpretation; no answer-level claim or source reference is present in the live model.,missing-stable-answer-id|suppression-not-negative,"Assign a stable answer ID, controlled signal contract, evidence classification, explicit positive/negative contract, correlation group, and confidence contribution rule."
crucible,crucible_B_BG,,crucible_B_BG#answer-2,B|BG,"Does the graveyard matter because it belongs to your plan, or because decay feeds the next life?",It feeds the cycle,Death matters because survival keeps returning through decay.,predatory cycle,"[""gameplay-or-deck-behavior"",""social-behavior""]",Direct editorial assignment: the builder copies hard-coded identity likelihoods and suppressions into the live model.,"[{""identity"":""BG"",""likelihood"":0.95,""delta"":1.45}]","[{""identity"":""B"",""likelihood"":0.95,""delta"":1.45}]",1,1,1.45,0,Indirect: changes arbitrary additive scores; softmax share and top-two gap are recomputed from the entire score vector.,"No explicit neutral, unsure, none, or mixed option is present in this question.",Editorial interpretation; no answer-level claim or source reference is present in the live model.,missing-stable-answer-id|suppression-not-negative,"Assign a stable answer ID, controlled signal contract, evidence classification, explicit positive/negative contract, correlation group, and confidence contribution rule."
crucible,crucible_B_WB,,crucible_B_WB#answer-1,B|WB,"Would you rather own the leverage privately, or bind it into an obligation no one can escape?",Own the leverage,Power protects best when it answers to the self.,private sovereignty,"[""social-behavior""]",Direct editorial assignment: the builder copies hard-coded identity likelihoods and suppressions into the live model.,"[{""identity"":""B"",""likelihood"":0.95,""delta"":1.45}]","[{""identity"":""WB"",""likelihood"":0.95,""delta"":1.45}]",1,1,1.45,0,Indirect: changes arbitrary additive scores; softmax share and top-two gap are recomputed from the entire score vector.,"No explicit neutral, unsure, none, or mixed option is present in this question.",Editorial interpretation; no answer-level claim or source reference is present in the live model.,missing-stable-answer-id|suppression-not-negative,"Assign a stable answer ID, controlled signal contract, evidence classification, explicit positive/negative contract, correlation group, and confidence contribution rule."
crucible,crucible_B_WB,,crucible_B_WB#answer-2,B|WB,"Would you rather own the leverage privately, or bind it into an obligation no one can escape?",Bind the obligation,Power lasts when the debt becomes public and enforceable.,binding obligation,"[""social-behavior""]",Direct editorial assignment: the builder copies hard-coded identity likelihoods and suppressions into the live model.,"[{""identity"":""WB"",""likelihood"":0.95,""delta"":1.45}]","[{""identity"":""B"",""likelihood"":0.95,""delta"":1.45}]",1,1,1.45,0,Indirect: changes arbitrary additive scores; softmax share and top-two gap are recomputed from the entire score vector.,"No explicit neutral, unsure, none, or mixed option is present in this question.",Editorial interpretation; no answer-level claim or source reference is present in the live model.,missing-stable-answer-id|suppression-not-negative,"Assign a stable answer ID, controlled signal contract, evidence classification, explicit positive/negative contract, correlation group, and confidence contribution rule."
crucible,crucible_R_WR,,crucible_R_WR#answer-1,R|WR,"Is the urgent action about freeing the honest impulse, or protecting someone from the next blow?",Free the impulse,The action matters because the feeling is true now.,honest spark,"[""social-behavior"",""psychographic-motivation""]",Direct editorial assignment: the builder copies hard-coded identity likelihoods and suppressions into the live model.,"[{""identity"":""R"",""likelihood"":0.95,""delta"":1.45}]","[{""identity"":""WR"",""likelihood"":0.95,""delta"":1.45}]",1,1,1.45,0,Indirect: changes arbitrary additive scores; softmax share and top-two gap are recomputed from the entire score vector.,"No explicit neutral, unsure, none, or mixed option is present in this question.",Editorial interpretation; no answer-level claim or source reference is present in the live model.,missing-stable-answer-id|suppression-not-negative,"Assign a stable answer ID, controlled signal contract, evidence classification, explicit positive/negative contract, correlation group, and confidence contribution rule."
crucible,crucible_R_WR,,crucible_R_WR#answer-2,R|WR,"Is the urgent action about freeing the honest impulse, or protecting someone from the next blow?",Protect the person,The action matters because harm is already moving toward someone.,protective intervention,"[""social-behavior""]",Direct editorial assignment: the builder copies hard-coded identity likelihoods and suppressions into the live model.,"[{""identity"":""WR"",""likelihood"":0.95,""delta"":1.45}]","[{""identity"":""R"",""likelihood"":0.95,""delta"":1.45}]",1,1,1.45,0,Indirect: changes arbitrary additive scores; softmax share and top-two gap are recomputed from the entire score vector.,"No explicit neutral, unsure, none, or mixed option is present in this question.",Editorial interpretation; no answer-level claim or source reference is present in the live model.,missing-stable-answer-id|suppression-not-negative,"Assign a stable answer ID, controlled signal contract, evidence classification, explicit positive/negative contract, correlation group, and confidence contribution rule."
crucible,crucible_R_UR,,crucible_R_UR#answer-1,R|UR,"When the spark arrives, do you trust the feeling now or build the test that teaches what it can become?",Trust the feeling now,The first motion is the truth you can act on.,present impulse,"[""social-behavior"",""psychographic-motivation"",""philosophical-preference""]",Direct editorial assignment: the builder copies hard-coded identity likelihoods and suppressions into the live model.,"[{""identity"":""R"",""likelihood"":0.95,""delta"":1.45}]","[{""identity"":""UR"",""likelihood"":0.95,""delta"":1.45}]",1,1,1.45,0,Indirect: changes arbitrary additive scores; softmax share and top-two gap are recomputed from the entire score vector.,"No explicit neutral, unsure, none, or mixed option is present in this question.",Editorial interpretation; no answer-level claim or source reference is present in the live model.,missing-stable-answer-id|suppression-not-negative,"Assign a stable answer ID, controlled signal contract, evidence classification, explicit positive/negative contract, correlation group, and confidence contribution rule."
crucible,crucible_R_UR,,crucible_R_UR#answer-2,R|UR,"When the spark arrives, do you trust the feeling now or build the test that teaches what it can become?",Build the test,The spark becomes useful when the experiment reveals its shape.,crafted experiment,"[""social-behavior"",""psychographic-motivation""]",Direct editorial assignment: the builder copies hard-coded identity likelihoods and suppressions into the live model.,"[{""identity"":""UR"",""likelihood"":0.95,""delta"":1.45}]","[{""identity"":""R"",""likelihood"":0.95,""delta"":1.45}]",1,1,1.45,0,Indirect: changes arbitrary additive scores; softmax share and top-two gap are recomputed from the entire score vector.,"No explicit neutral, unsure, none, or mixed option is present in this question.",Editorial interpretation; no answer-level claim or source reference is present in the live model.,missing-stable-answer-id|suppression-not-negative,"Assign a stable answer ID, controlled signal contract, evidence classification, explicit positive/negative contract, correlation group, and confidence contribution rule."
crucible,crucible_R_BR,,crucible_R_BR#answer-1,R|BR,"Does release matter because it lets you breathe, or because breaking restraint must unsettle the room?",Let me breathe,Freedom is the point; the action does not need pain to prove it.,freedom without cruelty,"[""philosophical-preference""]",Direct editorial assignment: the builder copies hard-coded identity likelihoods and suppressions into the live model.,"[{""identity"":""R"",""likelihood"":0.95,""delta"":1.45}]","[{""identity"":""BR"",""likelihood"":0.95,""delta"":1.45}]",1,1,1.45,0,Indirect: changes arbitrary additive scores; softmax share and top-two gap are recomputed from the entire score vector.,"No explicit neutral, unsure, none, or mixed option is present in this question.",Editorial interpretation; no answer-level claim or source reference is present in the live model.,missing-stable-answer-id|suppression-not-negative,"Assign a stable answer ID, controlled signal contract, evidence classification, explicit positive/negative contract, correlation group, and confidence contribution rule."
crucible,crucible_R_BR,,crucible_R_BR#answer-2,R|BR,"Does release matter because it lets you breathe, or because breaking restraint must unsettle the room?",Unsettle the room,"The rupture matters when appetite, taboo, or pain becomes impossible to ignore.",transgressive spectacle,"[""psychographic-motivation"",""aesthetic-or-narrative-preference""]",Direct editorial assignment: the builder copies hard-coded identity likelihoods and suppressions into the live model.,"[{""identity"":""BR"",""likelihood"":0.95,""delta"":1.45}]","[{""identity"":""R"",""likelihood"":0.95,""delta"":1.45}]",1,1,1.45,0,Indirect: changes arbitrary additive scores; softmax share and top-two gap are recomputed from the entire score vector.,"No explicit neutral, unsure, none, or mixed option is present in this question.",Editorial interpretation; no answer-level claim or source reference is present in the live model.,missing-stable-answer-id|suppression-not-negative,"Assign a stable answer ID, controlled signal contract, evidence classification, explicit positive/negative contract, correlation group, and confidence contribution rule."
crucible,crucible_R_RG,,crucible_R_RG#answer-1,R|RG,"Is the impulse true because you feel it now, or because the wild body already knows the path?",Because I feel it now,The present feeling is enough to move.,emotion as truth,"[""psychographic-motivation"",""philosophical-preference""]",Direct editorial assignment: the builder copies hard-coded identity likelihoods and suppressions into the live model.,"[{""identity"":""R"",""likelihood"":0.95,""delta"":1.45}]","[{""identity"":""RG"",""likelihood"":0.95,""delta"":1.45}]",1,1,1.45,0,Indirect: changes arbitrary additive scores; softmax share and top-two gap are recomputed from the entire score vector.,"No explicit neutral, unsure, none, or mixed option is present in this question.",Editorial interpretation; no answer-level claim or source reference is present in the live model.,missing-stable-answer-id|suppression-not-negative,"Assign a stable answer ID, controlled signal contract, evidence classification, explicit positive/negative contract, correlation group, and confidence contribution rule."
crucible,crucible_R_RG,,crucible_R_RG#answer-2,R|RG,"Is the impulse true because you feel it now, or because the wild body already knows the path?",Because the wild knows,"Instinct, force, and primal belonging know before permission arrives.",wild instinct,"[""social-behavior"",""psychographic-motivation""]",Direct editorial assignment: the builder copies hard-coded identity likelihoods and suppressions into the live model.,"[{""identity"":""RG"",""likelihood"":0.95,""delta"":1.45}]","[{""identity"":""R"",""likelihood"":0.95,""delta"":1.45}]",1,1,1.45,0,Indirect: changes arbitrary additive scores; softmax share and top-two gap are recomputed from the entire score vector.,"No explicit neutral, unsure, none, or mixed option is present in this question.",Editorial interpretation; no answer-level claim or source reference is present in the live model.,missing-stable-answer-id|suppression-not-negative,"Assign a stable answer ID, controlled signal contract, evidence classification, explicit positive/negative contract, correlation group, and confidence contribution rule."
crucible,crucible_G_WG,,crucible_G_WG#answer-1,G|WG,"Does belonging begin with accepting natural place, or with a community choosing to hold together?",Natural place,The living thing belongs by becoming what it already is.,natural belonging,"[""social-behavior""]",Direct editorial assignment: the builder copies hard-coded identity likelihoods and suppressions into the live model.,"[{""identity"":""G"",""likelihood"":0.95,""delta"":1.45}]","[{""identity"":""WG"",""likelihood"":0.95,""delta"":1.45}]",1,1,1.45,0,Indirect: changes arbitrary additive scores; softmax share and top-two gap are recomputed from the entire score vector.,"No explicit neutral, unsure, none, or mixed option is present in this question.",Editorial interpretation; no answer-level claim or source reference is present in the live model.,missing-stable-answer-id|suppression-not-negative,"Assign a stable answer ID, controlled signal contract, evidence classification, explicit positive/negative contract, correlation group, and confidence contribution rule."
crucible,crucible_G_WG,,crucible_G_WG#answer-2,G|WG,"Does belonging begin with accepting natural place, or with a community choosing to hold together?",Shared community,Belonging becomes real when the group chooses care together.,communal belonging,"[""social-behavior""]",Direct editorial assignment: the builder copies hard-coded identity likelihoods and suppressions into the live model.,"[{""identity"":""WG"",""likelihood"":0.95,""delta"":1.45}]","[{""identity"":""G"",""likelihood"":0.95,""delta"":1.45}]",1,1,1.45,0,Indirect: changes arbitrary additive scores; softmax share and top-two gap are recomputed from the entire score vector.,"No explicit neutral, unsure, none, or mixed option is present in this question.",Editorial interpretation; no answer-level claim or source reference is present in the live model.,missing-stable-answer-id|suppression-not-negative,"Assign a stable answer ID, controlled signal contract, evidence classification, explicit positive/negative contract, correlation group, and confidence contribution rule."
crucible,crucible_G_UG,,crucible_G_UG#answer-1,G|UG,"Should growth unfold from inherent nature, or should the living form be deliberately adapted?",Let it unfold,The seed already knows its shape; give it roots and time.,inherent growth,"[""philosophical-preference""]",Direct editorial assignment: the builder copies hard-coded identity likelihoods and suppressions into the live model.,"[{""identity"":""G"",""likelihood"":0.95,""delta"":1.45}]","[{""identity"":""UG"",""likelihood"":0.95,""delta"":1.45}]",1,1,1.45,0,Indirect: changes arbitrary additive scores; softmax share and top-two gap are recomputed from the entire score vector.,"No explicit neutral, unsure, none, or mixed option is present in this question.",Editorial interpretation; no answer-level claim or source reference is present in the live model.,missing-stable-answer-id|suppression-not-negative,"Assign a stable answer ID, controlled signal contract, evidence classification, explicit positive/negative contract, correlation group, and confidence contribution rule."
crucible,crucible_G_UG,,crucible_G_UG#answer-2,G|UG,"Should growth unfold from inherent nature, or should the living form be deliberately adapted?",Adapt the organism,Survival may require changing the living form.,living adaptation,"[""philosophical-preference""]",Direct editorial assignment: the builder copies hard-coded identity likelihoods and suppressions into the live model.,"[{""identity"":""UG"",""likelihood"":0.95,""delta"":1.45}]","[{""identity"":""G"",""likelihood"":0.95,""delta"":1.45}]",1,1,1.45,0,Indirect: changes arbitrary additive scores; softmax share and top-two gap are recomputed from the entire score vector.,"No explicit neutral, unsure, none, or mixed option is present in this question.",Editorial interpretation; no answer-level claim or source reference is present in the live model.,missing-stable-answer-id|suppression-not-negative,"Assign a stable answer ID, controlled signal contract, evidence classification, explicit positive/negative contract, correlation group, and confidence contribution rule."
crucible,crucible_G_BG,,crucible_G_BG#answer-1,G|BG,"Does the cycle matter because life grows in season, or because the discarded can be reclaimed?",Trust the living season,"Flourishing returns through roots, pace, and natural renewal.",life cycle without extraction,"[""gameplay-or-deck-behavior"",""social-behavior""]",Direct editorial assignment: the builder copies hard-coded identity likelihoods and suppressions into the live model.,"[{""identity"":""G"",""likelihood"":0.95,""delta"":1.45}]","[{""identity"":""BG"",""likelihood"":0.95,""delta"":1.45}]",1,1,1.45,0,Indirect: changes arbitrary additive scores; softmax share and top-two gap are recomputed from the entire score vector.,"No explicit neutral, unsure, none, or mixed option is present in this question.",Editorial interpretation; no answer-level claim or source reference is present in the live model.,missing-stable-answer-id|suppression-not-negative,"Assign a stable answer ID, controlled signal contract, evidence classification, explicit positive/negative contract, correlation group, and confidence contribution rule."
crucible,crucible_G_BG,,crucible_G_BG#answer-2,G|BG,"Does the cycle matter because life grows in season, or because the discarded can be reclaimed?",Reclaim the remains,Survival starts with what collapse left behind.,reclamation first,"[""gameplay-or-deck-behavior"",""aesthetic-or-narrative-preference""]",Direct editorial assignment: the builder copies hard-coded identity likelihoods and suppressions into the live model.,"[{""identity"":""BG"",""likelihood"":0.95,""delta"":1.45}]","[{""identity"":""G"",""likelihood"":0.95,""delta"":1.45}]",1,1,1.45,0,Indirect: changes arbitrary additive scores; softmax share and top-two gap are recomputed from the entire score vector.,"No explicit neutral, unsure, none, or mixed option is present in this question.",Editorial interpretation; no answer-level claim or source reference is present in the live model.,missing-stable-answer-id|suppression-not-negative,"Assign a stable answer ID, controlled signal contract, evidence classification, explicit positive/negative contract, correlation group, and confidence contribution rule."
crucible,crucible_G_RG,,crucible_G_RG#answer-1,G|RG,"Does instinct ask for patient flourishing, or for wild refusal against the cage?",Root and grow,"Instinct is old enough to wait, deepen, and become strong.",patient instinct,"[""abstract-scenario-preference""]",Direct editorial assignment: the builder copies hard-coded identity likelihoods and suppressions into the live model.,"[{""identity"":""G"",""likelihood"":0.95,""delta"":1.45}]","[{""identity"":""RG"",""likelihood"":0.95,""delta"":1.45}]",1,1,1.45,0,Indirect: changes arbitrary additive scores; softmax share and top-two gap are recomputed from the entire score vector.,"No explicit neutral, unsure, none, or mixed option is present in this question.",Editorial interpretation; no answer-level claim or source reference is present in the live model.,missing-stable-answer-id|suppression-not-negative,"Assign a stable answer ID, controlled signal contract, evidence classification, explicit positive/negative contract, correlation group, and confidence contribution rule."
crucible,crucible_G_RG,,crucible_G_RG#answer-2,G|RG,"Does instinct ask for patient flourishing, or for wild refusal against the cage?",Break the cage,The wild body knows constraint must be thrown off.,wild force,"[""abstract-scenario-preference""]",Direct editorial assignment: the builder copies hard-coded identity likelihoods and suppressions into the live model.,"[{""identity"":""RG"",""likelihood"":0.95,""delta"":1.45}]","[{""identity"":""G"",""likelihood"":0.95,""delta"":1.45}]",1,1,1.45,0,Indirect: changes arbitrary additive scores; softmax share and top-two gap are recomputed from the entire score vector.,"No explicit neutral, unsure, none, or mixed option is present in this question.",Editorial interpretation; no answer-level claim or source reference is present in the live model.,missing-stable-answer-id|suppression-not-negative,"Assign a stable answer ID, controlled signal contract, evidence classification, explicit positive/negative contract, correlation group, and confidence contribution rule."
crucible,crucible_WU_WG,,crucible_WU_WG#answer-1,WU|WG,"Does peace come first from a fair system everyone follows, or from a shared identity people willingly join?",Fair system,Peace needs enforceable process.,law before belonging,"[""social-behavior""]",Direct editorial assignment: the builder copies hard-coded identity likelihoods and suppressions into the live model.,"[{""identity"":""WU"",""likelihood"":0.95,""delta"":1.45}]","[{""identity"":""WG"",""likelihood"":0.95,""delta"":1.45}]",1,1,1.45,0,Indirect: changes arbitrary additive scores; softmax share and top-two gap are recomputed from the entire score vector.,"No explicit neutral, unsure, none, or mixed option is present in this question.",Editorial interpretation; no answer-level claim or source reference is present in the live model.,missing-stable-answer-id|suppression-not-negative,"Assign a stable answer ID, controlled signal contract, evidence classification, explicit positive/negative contract, correlation group, and confidence contribution rule."
crucible,crucible_WU_WG,,crucible_WU_WG#answer-2,WU|WG,"Does peace come first from a fair system everyone follows, or from a shared identity people willingly join?",Shared identity,Peace needs belonging before compliance.,belonging before law,"[""social-behavior""]",Direct editorial assignment: the builder copies hard-coded identity likelihoods and suppressions into the live model.,"[{""identity"":""WG"",""likelihood"":0.95,""delta"":1.45}]","[{""identity"":""WU"",""likelihood"":0.95,""delta"":1.45}]",1,1,1.45,0,Indirect: changes arbitrary additive scores; softmax share and top-two gap are recomputed from the entire score vector.,"No explicit neutral, unsure, none, or mixed option is present in this question.",Editorial interpretation; no answer-level claim or source reference is present in the live model.,missing-stable-answer-id|suppression-not-negative,"Assign a stable answer ID, controlled signal contract, evidence classification, explicit positive/negative contract, correlation group, and confidence contribution rule."
crucible,crucible_WU_WR,,crucible_WU_WR#answer-1,WU|WR,"When process is too slow to prevent harm, is acting outside it a failure or a duty?",A dangerous failure,Exceptions become precedents.,anti-exception process,"[""social-behavior""]",Direct editorial assignment: the builder copies hard-coded identity likelihoods and suppressions into the live model.,"[{""identity"":""WU"",""likelihood"":0.95,""delta"":1.45}]","[{""identity"":""WR"",""likelihood"":0.95,""delta"":1.45}]",1,1,1.45,0,Indirect: changes arbitrary additive scores; softmax share and top-two gap are recomputed from the entire score vector.,"No explicit neutral, unsure, none, or mixed option is present in this question.",Editorial interpretation; no answer-level claim or source reference is present in the live model.,missing-stable-answer-id|suppression-not-negative,"Assign a stable answer ID, controlled signal contract, evidence classification, explicit positive/negative contract, correlation group, and confidence contribution rule."
crucible,crucible_WU_WR,,crucible_WU_WR#answer-2,WU|WR,"When process is too slow to prevent harm, is acting outside it a failure or a duty?",A moral duty,Protection cannot wait for paperwork.,urgent protection,"[""social-behavior"",""philosophical-preference""]",Direct editorial assignment: the builder copies hard-coded identity likelihoods and suppressions into the live model.,"[{""identity"":""WR"",""likelihood"":0.95,""delta"":1.45}]","[{""identity"":""WU"",""likelihood"":0.95,""delta"":1.45}]",1,1,1.45,0,Indirect: changes arbitrary additive scores; softmax share and top-two gap are recomputed from the entire score vector.,"No explicit neutral, unsure, none, or mixed option is present in this question.",Editorial interpretation; no answer-level claim or source reference is present in the live model.,missing-stable-answer-id|suppression-not-negative,"Assign a stable answer ID, controlled signal contract, evidence classification, explicit positive/negative contract, correlation group, and confidence contribution rule."
crucible,crucible_WU_WB,,crucible_WU_WB#answer-1,WU|WB,"Is a contract sacred because it is fair, or because it creates power that can be collected?",Because it is fair,The rule should bind everyone impartially.,impartial law,"[""aesthetic-or-narrative-preference""]",Direct editorial assignment: the builder copies hard-coded identity likelihoods and suppressions into the live model.,"[{""identity"":""WU"",""likelihood"":0.95,""delta"":1.45}]","[{""identity"":""WB"",""likelihood"":0.95,""delta"":1.45}]",1,1,1.45,0,Indirect: changes arbitrary additive scores; softmax share and top-two gap are recomputed from the entire score vector.,"No explicit neutral, unsure, none, or mixed option is present in this question.",Editorial interpretation; no answer-level claim or source reference is present in the live model.,missing-stable-answer-id|suppression-not-negative,"Assign a stable answer ID, controlled signal contract, evidence classification, explicit positive/negative contract, correlation group, and confidence contribution rule."
crucible,crucible_WU_WB,,crucible_WU_WB#answer-2,WU|WB,"Is a contract sacred because it is fair, or because it creates power that can be collected?",Because it creates power,The obligation is the relationship.,collectible obligation,"[""abstract-scenario-preference""]",Direct editorial assignment: the builder copies hard-coded identity likelihoods and suppressions into the live model.,"[{""identity"":""WB"",""likelihood"":0.95,""delta"":1.45}]","[{""identity"":""WU"",""likelihood"":0.95,""delta"":1.45}]",1,1,1.45,0,Indirect: changes arbitrary additive scores; softmax share and top-two gap are recomputed from the entire score vector.,"No explicit neutral, unsure, none, or mixed option is present in this question.",Editorial interpretation; no answer-level claim or source reference is present in the live model.,missing-stable-answer-id|suppression-not-negative,"Assign a stable answer ID, controlled signal contract, evidence classification, explicit positive/negative contract, correlation group, and confidence contribution rule."
crucible,crucible_UB_WB,,crucible_UB_WB#answer-1,UB|WB,"Would you rather hold hidden information no one knows you have, or visible obligation no one can escape?",Hidden information,Unseen leverage is safest.,secret power,"[""abstract-scenario-preference""]",Direct editorial assignment: the builder copies hard-coded identity likelihoods and suppressions into the live model.,"[{""identity"":""UB"",""likelihood"":0.95,""delta"":1.45}]","[{""identity"":""WB"",""likelihood"":0.95,""delta"":1.45}]",1,1,1.45,0,Indirect: changes arbitrary additive scores; softmax share and top-two gap are recomputed from the entire score vector.,"No explicit neutral, unsure, none, or mixed option is present in this question.",Editorial interpretation; no answer-level claim or source reference is present in the live model.,missing-stable-answer-id|suppression-not-negative,"Assign a stable answer ID, controlled signal contract, evidence classification, explicit positive/negative contract, correlation group, and confidence contribution rule."
crucible,crucible_UB_WB,,crucible_UB_WB#answer-2,UB|WB,"Would you rather hold hidden information no one knows you have, or visible obligation no one can escape?",Visible obligation,A public debt can shape generations.,ledger power,"[""social-behavior""]",Direct editorial assignment: the builder copies hard-coded identity likelihoods and suppressions into the live model.,"[{""identity"":""WB"",""likelihood"":0.95,""delta"":1.45}]","[{""identity"":""UB"",""likelihood"":0.95,""delta"":1.45}]",1,1,1.45,0,Indirect: changes arbitrary additive scores; softmax share and top-two gap are recomputed from the entire score vector.,"No explicit neutral, unsure, none, or mixed option is present in this question.",Editorial interpretation; no answer-level claim or source reference is present in the live model.,missing-stable-answer-id|suppression-not-negative,"Assign a stable answer ID, controlled signal contract, evidence classification, explicit positive/negative contract, correlation group, and confidence contribution rule."
crucible,crucible_UR_PRISMARI,,crucible_UR_PRISMARI#answer-1,UR|PRISMARI,"Does the lightning matter because you can explain how it works, or because it makes everyone feel the storm?",How it works,The mechanism is the marvel.,mechanism first,"[""psychographic-motivation""]",Direct editorial assignment: the builder copies hard-coded identity likelihoods and suppressions into the live model.,"[{""identity"":""UR"",""likelihood"":0.95,""delta"":1.45}]","[{""identity"":""PRISMARI"",""likelihood"":0.95,""delta"":1.45}]",1,1,1.45,0,Indirect: changes arbitrary additive scores; softmax share and top-two gap are recomputed from the entire score vector.,"No explicit neutral, unsure, none, or mixed option is present in this question.",Editorial interpretation; no answer-level claim or source reference is present in the live model.,missing-stable-answer-id|suppression-not-negative,"Assign a stable answer ID, controlled signal contract, evidence classification, explicit positive/negative contract, correlation group, and confidence contribution rule."
crucible,crucible_UR_PRISMARI,,crucible_UR_PRISMARI#answer-2,UR|PRISMARI,"Does the lightning matter because you can explain how it works, or because it makes everyone feel the storm?",How it lands,The experience is the proof.,expression first,"[""psychographic-motivation""]",Direct editorial assignment: the builder copies hard-coded identity likelihoods and suppressions into the live model.,"[{""identity"":""PRISMARI"",""likelihood"":0.95,""delta"":1.45}]","[{""identity"":""UR"",""likelihood"":0.95,""delta"":1.45}]",1,1,1.45,0,Indirect: changes arbitrary additive scores; softmax share and top-two gap are recomputed from the entire score vector.,"No explicit neutral, unsure, none, or mixed option is present in this question.",Editorial interpretation; no answer-level claim or source reference is present in the live model.,missing-stable-answer-id|suppression-not-negative,"Assign a stable answer ID, controlled signal contract, evidence classification, explicit positive/negative contract, correlation group, and confidence contribution rule."
crucible,crucible_UG_QUANDRIX,,crucible_UG_QUANDRIX#answer-1,UG|QUANDRIX,"Do you trust adaptation in the living body, or the abstract pattern beneath the body?",Living adaptation,Change the organism to meet the world.,biology first,"[""social-behavior""]",Direct editorial assignment: the builder copies hard-coded identity likelihoods and suppressions into the live model.,"[{""identity"":""UG"",""likelihood"":0.95,""delta"":1.45}]","[{""identity"":""QUANDRIX"",""likelihood"":0.95,""delta"":1.45}]",1,1,1.45,0,Indirect: changes arbitrary additive scores; softmax share and top-two gap are recomputed from the entire score vector.,"No explicit neutral, unsure, none, or mixed option is present in this question.",Editorial interpretation; no answer-level claim or source reference is present in the live model.,missing-stable-answer-id|suppression-not-negative,"Assign a stable answer ID, controlled signal contract, evidence classification, explicit positive/negative contract, correlation group, and confidence contribution rule."
crucible,crucible_UG_QUANDRIX,,crucible_UG_QUANDRIX#answer-2,UG|QUANDRIX,"Do you trust adaptation in the living body, or the abstract pattern beneath the body?",Abstract pattern,Understand the equation and reality follows.,pattern first,"[""social-behavior""]",Direct editorial assignment: the builder copies hard-coded identity likelihoods and suppressions into the live model.,"[{""identity"":""QUANDRIX"",""likelihood"":0.95,""delta"":1.45}]","[{""identity"":""UG"",""likelihood"":0.95,""delta"":1.45}]",1,1,1.45,0,Indirect: changes arbitrary additive scores; softmax share and top-two gap are recomputed from the entire score vector.,"No explicit neutral, unsure, none, or mixed option is present in this question.",Editorial interpretation; no answer-level claim or source reference is present in the live model.,missing-stable-answer-id|suppression-not-negative,"Assign a stable answer ID, controlled signal contract, evidence classification, explicit positive/negative contract, correlation group, and confidence contribution rule."
crucible,crucible_BG_WITHERBLOOM,,crucible_BG_WITHERBLOOM#answer-1,BG|WITHERBLOOM,"Does decay matter most because it lets the discarded survive, or because it reveals how vitality works?",Survival from discard,The rot feeds the undercity.,reclamation first,"[""gameplay-or-deck-behavior""]",Direct editorial assignment: the builder copies hard-coded identity likelihoods and suppressions into the live model.,"[{""identity"":""BG"",""likelihood"":0.95,""delta"":1.45}]","[{""identity"":""WITHERBLOOM"",""likelihood"":0.95,""delta"":1.45}]",1,1,1.45,0,Indirect: changes arbitrary additive scores; softmax share and top-two gap are recomputed from the entire score vector.,"No explicit neutral, unsure, none, or mixed option is present in this question.",Editorial interpretation; no answer-level claim or source reference is present in the live model.,missing-stable-answer-id|suppression-not-negative,"Assign a stable answer ID, controlled signal contract, evidence classification, explicit positive/negative contract, correlation group, and confidence contribution rule."
crucible,crucible_BG_WITHERBLOOM,,crucible_BG_WITHERBLOOM#answer-2,BG|WITHERBLOOM,"Does decay matter most because it lets the discarded survive, or because it reveals how vitality works?",Vitality exchange,The bog is a living laboratory.,essence first,"[""gameplay-or-deck-behavior""]",Direct editorial assignment: the builder copies hard-coded identity likelihoods and suppressions into the live model.,"[{""identity"":""WITHERBLOOM"",""likelihood"":0.95,""delta"":1.45}]","[{""identity"":""BG"",""likelihood"":0.95,""delta"":1.45}]",1,1,1.45,0,Indirect: changes arbitrary additive scores; softmax share and top-two gap are recomputed from the entire score vector.,"No explicit neutral, unsure, none, or mixed option is present in this question.",Editorial interpretation; no answer-level claim or source reference is present in the live model.,missing-stable-answer-id|suppression-not-negative,"Assign a stable answer ID, controlled signal contract, evidence classification, explicit positive/negative contract, correlation group, and confidence contribution rule."
crucible,crucible_WR_LOREHOLD,,crucible_WR_LOREHOLD#answer-1,WR|LOREHOLD,"Do you charge to protect the present, or dig up the past before repeating its mistake?",Protect the present,The person in front of you needs action.,present protection,"[""social-behavior""]",Direct editorial assignment: the builder copies hard-coded identity likelihoods and suppressions into the live model.,"[{""identity"":""WR"",""likelihood"":0.95,""delta"":1.45}]","[{""identity"":""LOREHOLD"",""likelihood"":0.95,""delta"":1.45}]",1,1,1.45,0,Indirect: changes arbitrary additive scores; softmax share and top-two gap are recomputed from the entire score vector.,"No explicit neutral, unsure, none, or mixed option is present in this question.",Editorial interpretation; no answer-level claim or source reference is present in the live model.,missing-stable-answer-id|suppression-not-negative,"Assign a stable answer ID, controlled signal contract, evidence classification, explicit positive/negative contract, correlation group, and confidence contribution rule."
crucible,crucible_WR_LOREHOLD,,crucible_WR_LOREHOLD#answer-2,WR|LOREHOLD,"Do you charge to protect the present, or dig up the past before repeating its mistake?",Ask the past,The warning may already be buried.,past evidence,"[""social-behavior""]",Direct editorial assignment: the builder copies hard-coded identity likelihoods and suppressions into the live model.,"[{""identity"":""LOREHOLD"",""likelihood"":0.95,""delta"":1.45}]","[{""identity"":""WR"",""likelihood"":0.95,""delta"":1.45}]",1,1,1.45,0,Indirect: changes arbitrary additive scores; softmax share and top-two gap are recomputed from the entire score vector.,"No explicit neutral, unsure, none, or mixed option is present in this question.",Editorial interpretation; no answer-level claim or source reference is present in the live model.,missing-stable-answer-id|suppression-not-negative,"Assign a stable answer ID, controlled signal contract, evidence classification, explicit positive/negative contract, correlation group, and confidence contribution rule."
crucible,crucible_WB_SILVERQUILL,,crucible_WB_SILVERQUILL#answer-1,WB|SILVERQUILL,"Does social power become real through binding obligation, or through words sharp enough to change perception?",Binding obligation,The relationship is the debt.,ledger speech,"[""abstract-scenario-preference""]",Direct editorial assignment: the builder copies hard-coded identity likelihoods and suppressions into the live model.,"[{""identity"":""WB"",""likelihood"":0.95,""delta"":1.45}]","[{""identity"":""SILVERQUILL"",""likelihood"":0.95,""delta"":1.45}]",1,1,1.45,0,Indirect: changes arbitrary additive scores; softmax share and top-two gap are recomputed from the entire score vector.,"No explicit neutral, unsure, none, or mixed option is present in this question.",Editorial interpretation; no answer-level claim or source reference is present in the live model.,missing-stable-answer-id|suppression-not-negative,"Assign a stable answer ID, controlled signal contract, evidence classification, explicit positive/negative contract, correlation group, and confidence contribution rule."
crucible,crucible_WB_SILVERQUILL,,crucible_WB_SILVERQUILL#answer-2,WB|SILVERQUILL,"Does social power become real through binding obligation, or through words sharp enough to change perception?",Sharp words,Perception is the battlefield.,rhetorical power,"[""abstract-scenario-preference""]",Direct editorial assignment: the builder copies hard-coded identity likelihoods and suppressions into the live model.,"[{""identity"":""SILVERQUILL"",""likelihood"":0.95,""delta"":1.45}]","[{""identity"":""WB"",""likelihood"":0.95,""delta"":1.45}]",1,1,1.45,0,Indirect: changes arbitrary additive scores; softmax share and top-two gap are recomputed from the entire score vector.,"No explicit neutral, unsure, none, or mixed option is present in this question.",Editorial interpretation; no answer-level claim or source reference is present in the live model.,missing-stable-answer-id|suppression-not-negative,"Assign a stable answer ID, controlled signal contract, evidence classification, explicit positive/negative contract, correlation group, and confidence contribution rule."
crucible,crucible_PRISMARI_QUANDRIX,,crucible_PRISMARI_QUANDRIX#answer-1,PRISMARI|QUANDRIX,"When a pattern is correct but lifeless, do you prove it more carefully or make it land as an experience?",Make it land,The proof matters when it becomes an unforgettable experience.,expression as proof,"[""social-behavior""]",Direct editorial assignment: the builder copies hard-coded identity likelihoods and suppressions into the live model.,"[{""identity"":""PRISMARI"",""likelihood"":0.95,""delta"":1.45}]","[{""identity"":""QUANDRIX"",""likelihood"":0.75,""delta"":0.75}]",1,1,1.45,0,Indirect: changes arbitrary additive scores; softmax share and top-two gap are recomputed from the entire score vector.,"No explicit neutral, unsure, none, or mixed option is present in this question.",Editorial interpretation; no answer-level claim or source reference is present in the live model.,missing-stable-answer-id|suppression-not-negative,"Assign a stable answer ID, controlled signal contract, evidence classification, explicit positive/negative contract, correlation group, and confidence contribution rule."
crucible,crucible_PRISMARI_QUANDRIX,,crucible_PRISMARI_QUANDRIX#answer-2,PRISMARI|QUANDRIX,"When a pattern is correct but lifeless, do you prove it more carefully or make it land as an experience?",Prove the model,The experience matters after the pattern is understood.,model as proof,"[""abstract-scenario-preference""]",Direct editorial assignment: the builder copies hard-coded identity likelihoods and suppressions into the live model.,"[{""identity"":""QUANDRIX"",""likelihood"":0.95,""delta"":1.45}]","[{""identity"":""PRISMARI"",""likelihood"":0.75,""delta"":0.75}]",1,1,1.45,0,Indirect: changes arbitrary additive scores; softmax share and top-two gap are recomputed from the entire score vector.,"No explicit neutral, unsure, none, or mixed option is present in this question.",Editorial interpretation; no answer-level claim or source reference is present in the live model.,missing-stable-answer-id|suppression-not-negative,"Assign a stable answer ID, controlled signal contract, evidence classification, explicit positive/negative contract, correlation group, and confidence contribution rule."
crucible,crucible_PRISMARI_SILVERQUILL,,crucible_PRISMARI_SILVERQUILL#answer-1,PRISMARI|SILVERQUILL,"When language can move a room, should it become a precise argument, a public performance, or an elemental spectacle?",Elemental performance,"Move the room through art, scale, emotion, and spectacle.",expressive performance,"[""social-behavior"",""aesthetic-or-narrative-preference""]",Direct editorial assignment: the builder copies hard-coded identity likelihoods and suppressions into the live model.,"[{""identity"":""PRISMARI"",""likelihood"":0.95,""delta"":1.45}]","[{""identity"":""SILVERQUILL"",""likelihood"":0.75,""delta"":0.75}]",1,1,1.45,0,Indirect: changes arbitrary additive scores; softmax share and top-two gap are recomputed from the entire score vector.,"No explicit neutral, unsure, none, or mixed option is present in this question.",Editorial interpretation; no answer-level claim or source reference is present in the live model.,missing-stable-answer-id|suppression-not-negative,"Assign a stable answer ID, controlled signal contract, evidence classification, explicit positive/negative contract, correlation group, and confidence contribution rule."
crucible,crucible_PRISMARI_SILVERQUILL,,crucible_PRISMARI_SILVERQUILL#answer-2,PRISMARI|SILVERQUILL,"When language can move a room, should it become a precise argument, a public performance, or an elemental spectacle?",Precise argument,Move the room through words sharp enough to change perception.,rhetorical influence,"[""social-behavior"",""aesthetic-or-narrative-preference""]",Direct editorial assignment: the builder copies hard-coded identity likelihoods and suppressions into the live model.,"[{""identity"":""SILVERQUILL"",""likelihood"":0.95,""delta"":1.45}]","[{""identity"":""PRISMARI"",""likelihood"":0.75,""delta"":0.75}]",1,1,1.45,0,Indirect: changes arbitrary additive scores; softmax share and top-two gap are recomputed from the entire score vector.,"No explicit neutral, unsure, none, or mixed option is present in this question.",Editorial interpretation; no answer-level claim or source reference is present in the live model.,missing-stable-answer-id|suppression-not-negative,"Assign a stable answer ID, controlled signal contract, evidence classification, explicit positive/negative contract, correlation group, and confidence contribution rule."
crucible,crucible_LOREHOLD_QUANDRIX,,crucible_LOREHOLD_QUANDRIX#answer-1,LOREHOLD|QUANDRIX,"When a mystery has both an elegant theory and an old artifact record, which one leads your next move?",The artifact record,"Follow the relic, the ruin, and the primary-source trace.",material history,"[""aesthetic-or-narrative-preference""]",Direct editorial assignment: the builder copies hard-coded identity likelihoods and suppressions into the live model.,"[{""identity"":""LOREHOLD"",""likelihood"":0.95,""delta"":1.45}]","[{""identity"":""QUANDRIX"",""likelihood"":0.75,""delta"":0.75}]",1,1,1.45,0,Indirect: changes arbitrary additive scores; softmax share and top-two gap are recomputed from the entire score vector.,"No explicit neutral, unsure, none, or mixed option is present in this question.",Editorial interpretation; no answer-level claim or source reference is present in the live model.,missing-stable-answer-id|suppression-not-negative,"Assign a stable answer ID, controlled signal contract, evidence classification, explicit positive/negative contract, correlation group, and confidence contribution rule."
crucible,crucible_LOREHOLD_QUANDRIX,,crucible_LOREHOLD_QUANDRIX#answer-2,LOREHOLD|QUANDRIX,"When a mystery has both an elegant theory and an old artifact record, which one leads your next move?",The elegant model,Follow the hidden pattern until the whole system explains itself.,abstract proof,"[""aesthetic-or-narrative-preference""]",Direct editorial assignment: the builder copies hard-coded identity likelihoods and suppressions into the live model.,"[{""identity"":""QUANDRIX"",""likelihood"":0.95,""delta"":1.45}]","[{""identity"":""LOREHOLD"",""likelihood"":0.75,""delta"":0.75}]",1,1,1.45,0,Indirect: changes arbitrary additive scores; softmax share and top-two gap are recomputed from the entire score vector.,"No explicit neutral, unsure, none, or mixed option is present in this question.",Editorial interpretation; no answer-level claim or source reference is present in the live model.,missing-stable-answer-id|suppression-not-negative,"Assign a stable answer ID, controlled signal contract, evidence classification, explicit positive/negative contract, correlation group, and confidence contribution rule."
crucible,crucible_QUANDRIX_WITHERBLOOM,,crucible_QUANDRIX_WITHERBLOOM#answer-1,QUANDRIX|WITHERBLOOM,A living system behaves strangely. Do you trust the equation beneath it or the messy exchange of life and death?,The equation,The living system is clearest when its hidden pattern is proven.,abstract pattern,"[""social-behavior""]",Direct editorial assignment: the builder copies hard-coded identity likelihoods and suppressions into the live model.,"[{""identity"":""QUANDRIX"",""likelihood"":0.95,""delta"":1.45}]","[{""identity"":""WITHERBLOOM"",""likelihood"":0.75,""delta"":0.75}]",1,1,1.45,0,Indirect: changes arbitrary additive scores; softmax share and top-two gap are recomputed from the entire score vector.,"No explicit neutral, unsure, none, or mixed option is present in this question.",Editorial interpretation; no answer-level claim or source reference is present in the live model.,missing-stable-answer-id|suppression-not-negative,"Assign a stable answer ID, controlled signal contract, evidence classification, explicit positive/negative contract, correlation group, and confidence contribution rule."
crucible,crucible_QUANDRIX_WITHERBLOOM,,crucible_QUANDRIX_WITHERBLOOM#answer-2,QUANDRIX|WITHERBLOOM,A living system behaves strangely. Do you trust the equation beneath it or the messy exchange of life and death?,The exchange,"The living system is clearest through bodies, remedies, poisons, and cost.",embodied essence,"[""social-behavior""]",Direct editorial assignment: the builder copies hard-coded identity likelihoods and suppressions into the live model.,"[{""identity"":""WITHERBLOOM"",""likelihood"":0.95,""delta"":1.45}]","[{""identity"":""QUANDRIX"",""likelihood"":0.75,""delta"":0.75}]",1,1,1.45,0,Indirect: changes arbitrary additive scores; softmax share and top-two gap are recomputed from the entire score vector.,"No explicit neutral, unsure, none, or mixed option is present in this question.",Editorial interpretation; no answer-level claim or source reference is present in the live model.,missing-stable-answer-id|suppression-not-negative,"Assign a stable answer ID, controlled signal contract, evidence classification, explicit positive/negative contract, correlation group, and confidence contribution rule."
crucible,crucible_BR_RG,,crucible_BR_RG#answer-1,BR|RG,"Is the honest rupture a performance that exposes the lie, or a refusal to be domesticated at all?",Expose through performance,Make the lie watch itself burn.,transgressive theater,"[""abstract-scenario-preference""]",Direct editorial assignment: the builder copies hard-coded identity likelihoods and suppressions into the live model.,"[{""identity"":""BR"",""likelihood"":0.95,""delta"":1.45}]","[{""identity"":""RG"",""likelihood"":0.95,""delta"":1.45}]",1,1,1.45,0,Indirect: changes arbitrary additive scores; softmax share and top-two gap are recomputed from the entire score vector.,"No explicit neutral, unsure, none, or mixed option is present in this question.",Editorial interpretation; no answer-level claim or source reference is present in the live model.,missing-stable-answer-id|suppression-not-negative,"Assign a stable answer ID, controlled signal contract, evidence classification, explicit positive/negative contract, correlation group, and confidence contribution rule."
crucible,crucible_BR_RG,,crucible_BR_RG#answer-2,BR|RG,"Is the honest rupture a performance that exposes the lie, or a refusal to be domesticated at all?",Refuse domestication,"No stage, no permission, no cage.",wild refusal,"[""abstract-scenario-preference""]",Direct editorial assignment: the builder copies hard-coded identity likelihoods and suppressions into the live model.,"[{""identity"":""RG"",""likelihood"":0.95,""delta"":1.45}]","[{""identity"":""BR"",""likelihood"":0.95,""delta"":1.45}]",1,1,1.45,0,Indirect: changes arbitrary additive scores; softmax share and top-two gap are recomputed from the entire score vector.,"No explicit neutral, unsure, none, or mixed option is present in this question.",Editorial interpretation; no answer-level claim or source reference is present in the live model.,missing-stable-answer-id|suppression-not-negative,"Assign a stable answer ID, controlled signal contract, evidence classification, explicit positive/negative contract, correlation group, and confidence contribution rule."
crucible,crucible_BANT_ESPER,,crucible_BANT_ESPER#answer-1,BANT|ESPER,"Should order protect a living community, or perfect a designed system?",Protect the living community,The ideal matters because the people and the champion remain answerable to each other.,living communal order,"[""social-behavior"",""philosophical-preference""]",Direct editorial assignment: the builder copies hard-coded identity likelihoods and suppressions into the live model.,"[{""identity"":""BANT"",""likelihood"":0.95,""delta"":1.45}]","[{""identity"":""ESPER"",""likelihood"":0.85,""delta"":1}]",1,1,1.45,0,Indirect: changes arbitrary additive scores; softmax share and top-two gap are recomputed from the entire score vector.,"No explicit neutral, unsure, none, or mixed option is present in this question.",Editorial interpretation; no answer-level claim or source reference is present in the live model.,missing-stable-answer-id|suppression-not-negative,"Assign a stable answer ID, controlled signal contract, evidence classification, explicit positive/negative contract, correlation group, and confidence contribution rule."
crucible,crucible_BANT_ESPER,,crucible_BANT_ESPER#answer-2,BANT|ESPER,"Should order protect a living community, or perfect a designed system?",Perfect the designed system,"The ideal matters because knowledge, structure, and control can optimize the whole.",designed perfectibility,"[""social-behavior"",""philosophical-preference""]",Direct editorial assignment: the builder copies hard-coded identity likelihoods and suppressions into the live model.,"[{""identity"":""ESPER"",""likelihood"":0.95,""delta"":1.45}]","[{""identity"":""BANT"",""likelihood"":0.85,""delta"":1}]",1,1,1.45,0,Indirect: changes arbitrary additive scores; softmax share and top-two gap are recomputed from the entire score vector.,"No explicit neutral, unsure, none, or mixed option is present in this question.",Editorial interpretation; no answer-level claim or source reference is present in the live model.,missing-stable-answer-id|suppression-not-negative,"Assign a stable answer ID, controlled signal contract, evidence classification, explicit positive/negative contract, correlation group, and confidence contribution rule."
crucible,crucible_ESPER_GRIXIS,,crucible_ESPER_GRIXIS#answer-1,ESPER|GRIXIS,"Does information matter most because it perfects the system, or because it reveals the weakness that lets you survive?",Perfect the system,"Information becomes design, improvement, and focused control.",information as optimization,"[""abstract-scenario-preference""]",Direct editorial assignment: the builder copies hard-coded identity likelihoods and suppressions into the live model.,"[{""identity"":""ESPER"",""likelihood"":0.95,""delta"":1.45}]","[{""identity"":""GRIXIS"",""likelihood"":0.85,""delta"":1}]",1,1,1.45,0,Indirect: changes arbitrary additive scores; softmax share and top-two gap are recomputed from the entire score vector.,"No explicit neutral, unsure, none, or mixed option is present in this question.",Editorial interpretation; no answer-level claim or source reference is present in the live model.,missing-stable-answer-id|suppression-not-negative,"Assign a stable answer ID, controlled signal contract, evidence classification, explicit positive/negative contract, correlation group, and confidence contribution rule."
crucible,crucible_ESPER_GRIXIS,,crucible_ESPER_GRIXIS#answer-2,ESPER|GRIXIS,"Does information matter most because it perfects the system, or because it reveals the weakness that lets you survive?",Find the weakness,Information becomes survival leverage before the opening vanishes.,information as survival leverage,"[""abstract-scenario-preference""]",Direct editorial assignment: the builder copies hard-coded identity likelihoods and suppressions into the live model.,"[{""identity"":""GRIXIS"",""likelihood"":0.95,""delta"":1.45}]","[{""identity"":""ESPER"",""likelihood"":0.85,""delta"":1}]",1,1,1.45,0,Indirect: changes arbitrary additive scores; softmax share and top-two gap are recomputed from the entire score vector.,"No explicit neutral, unsure, none, or mixed option is present in this question.",Editorial interpretation; no answer-level claim or source reference is present in the live model.,missing-stable-answer-id|suppression-not-negative,"Assign a stable answer ID, controlled signal contract, evidence classification, explicit positive/negative contract, correlation group, and confidence contribution rule."
crucible,crucible_GRIXIS_JUND,,crucible_GRIXIS_JUND#answer-1,GRIXIS|JUND,"When pressure rises, do you calculate the survival leverage or follow the gut that refuses restraint?",Calculate the leverage,"Survival comes from weakness analysis, information, and urgent agency.",calculated survival,"[""psychographic-motivation""]",Direct editorial assignment: the builder copies hard-coded identity likelihoods and suppressions into the live model.,"[{""identity"":""GRIXIS"",""likelihood"":0.95,""delta"":1.45}]","[{""identity"":""JUND"",""likelihood"":0.85,""delta"":1}]",1,1,1.45,0,Indirect: changes arbitrary additive scores; softmax share and top-two gap are recomputed from the entire score vector.,"No explicit neutral, unsure, none, or mixed option is present in this question.",Editorial interpretation; no answer-level claim or source reference is present in the live model.,missing-stable-answer-id|suppression-not-negative,"Assign a stable answer ID, controlled signal contract, evidence classification, explicit positive/negative contract, correlation group, and confidence contribution rule."
crucible,crucible_GRIXIS_JUND,,crucible_GRIXIS_JUND#answer-2,GRIXIS|JUND,"When pressure rises, do you calculate the survival leverage or follow the gut that refuses restraint?",Follow the gut,"The honest motion comes from instinct, appetite, and the consequence of being unrestrained.",gut-instinct appetite,"[""psychographic-motivation""]",Direct editorial assignment: the builder copies hard-coded identity likelihoods and suppressions into the live model.,"[{""identity"":""JUND"",""likelihood"":0.95,""delta"":1.45}]","[{""identity"":""GRIXIS"",""likelihood"":0.85,""delta"":1}]",1,1,1.45,0,Indirect: changes arbitrary additive scores; softmax share and top-two gap are recomputed from the entire score vector.,"No explicit neutral, unsure, none, or mixed option is present in this question.",Editorial interpretation; no answer-level claim or source reference is present in the live model.,missing-stable-answer-id|suppression-not-negative,"Assign a stable answer ID, controlled signal contract, evidence classification, explicit positive/negative contract, correlation group, and confidence contribution rule."
crucible,crucible_JUND_NAYA,,crucible_JUND_NAYA#answer-1,JUND|NAYA,"Is instinct true because appetite and consequence are real, or because the living whole already knows how to grow?",Appetite and consequence,"The world answers to instinct, personal need, and survival pressure.",instinct as appetite,"[""psychographic-motivation""]",Direct editorial assignment: the builder copies hard-coded identity likelihoods and suppressions into the live model.,"[{""identity"":""JUND"",""likelihood"":0.95,""delta"":1.45}]","[{""identity"":""NAYA"",""likelihood"":0.85,""delta"":1}]",1,1,1.45,0,Indirect: changes arbitrary additive scores; softmax share and top-two gap are recomputed from the entire score vector.,"No explicit neutral, unsure, none, or mixed option is present in this question.",Editorial interpretation; no answer-level claim or source reference is present in the live model.,missing-stable-answer-id|suppression-not-negative,"Assign a stable answer ID, controlled signal contract, evidence classification, explicit positive/negative contract, correlation group, and confidence contribution rule."
crucible,crucible_JUND_NAYA,,crucible_JUND_NAYA#answer-2,JUND|NAYA,"Is instinct true because appetite and consequence are real, or because the living whole already knows how to grow?",The living whole,"Instinct belongs to growth, care, ecosystem, and creature bond.",instinct as living abundance,"[""social-behavior"",""psychographic-motivation"",""philosophical-preference""]",Direct editorial assignment: the builder copies hard-coded identity likelihoods and suppressions into the live model.,"[{""identity"":""NAYA"",""likelihood"":0.95,""delta"":1.45}]","[{""identity"":""JUND"",""likelihood"":0.85,""delta"":1}]",1,1,1.45,0,Indirect: changes arbitrary additive scores; softmax share and top-two gap are recomputed from the entire score vector.,"No explicit neutral, unsure, none, or mixed option is present in this question.",Editorial interpretation; no answer-level claim or source reference is present in the live model.,missing-stable-answer-id|suppression-not-negative,"Assign a stable answer ID, controlled signal contract, evidence classification, explicit positive/negative contract, correlation group, and confidence contribution rule."
crucible,crucible_NAYA_BANT,,crucible_NAYA_BANT#answer-1,NAYA|BANT,"Should the group follow the larger living world, or support one honorable line of action?",Follow the living world,"Life, growth, role, place, instinct, and care lead the answer.",living-world abundance,"[""social-behavior"",""philosophical-preference""]",Direct editorial assignment: the builder copies hard-coded identity likelihoods and suppressions into the live model.,"[{""identity"":""NAYA"",""likelihood"":0.95,""delta"":1.45}]","[{""identity"":""BANT"",""likelihood"":0.85,""delta"":1}]",1,1,1.45,0,Indirect: changes arbitrary additive scores; softmax share and top-two gap are recomputed from the entire score vector.,"No explicit neutral, unsure, none, or mixed option is present in this question.",Editorial interpretation; no answer-level claim or source reference is present in the live model.,missing-stable-answer-id|suppression-not-negative,"Assign a stable answer ID, controlled signal contract, evidence classification, explicit positive/negative contract, correlation group, and confidence contribution rule."
crucible,crucible_NAYA_BANT,,crucible_NAYA_BANT#answer-2,NAYA|BANT,"Should the group follow the larger living world, or support one honorable line of action?",Support the worthy line,"Public honor, refinement, and communal backing make the action legitimate.",supported champion,"[""social-behavior""]",Direct editorial assignment: the builder copies hard-coded identity likelihoods and suppressions into the live model.,"[{""identity"":""BANT"",""likelihood"":0.95,""delta"":1.45}]","[{""identity"":""NAYA"",""likelihood"":0.85,""delta"":1}]",1,1,1.45,0,Indirect: changes arbitrary additive scores; softmax share and top-two gap are recomputed from the entire score vector.,"No explicit neutral, unsure, none, or mixed option is present in this question.",Editorial interpretation; no answer-level claim or source reference is present in the live model.,missing-stable-answer-id|suppression-not-negative,"Assign a stable answer ID, controlled signal contract, evidence classification, explicit positive/negative contract, correlation group, and confidence contribution rule."
crucible,crucible_ABZAN_MARDU,,crucible_ABZAN_MARDU#answer-1,ABZAN|MARDU,"When the house is under pressure, do you outlast for the generations, or charge before the opening closes?",Outlast for the generations,"Family, ancestors, defense, and patience keep the house alive.",family endurance,"[""abstract-scenario-preference""]",Direct editorial assignment: the builder copies hard-coded identity likelihoods and suppressions into the live model.,"[{""identity"":""ABZAN"",""likelihood"":0.95,""delta"":1.45}]","[{""identity"":""MARDU"",""likelihood"":0.85,""delta"":1}]",1,1,1.45,0,Indirect: changes arbitrary additive scores; softmax share and top-two gap are recomputed from the entire score vector.,"No explicit neutral, unsure, none, or mixed option is present in this question.",Editorial interpretation; no answer-level claim or source reference is present in the live model.,missing-stable-answer-id|suppression-not-negative,"Assign a stable answer ID, controlled signal contract, evidence classification, explicit positive/negative contract, correlation group, and confidence contribution rule."
crucible,crucible_ABZAN_MARDU,,crucible_ABZAN_MARDU#answer-2,ABZAN|MARDU,"When the house is under pressure, do you outlast for the generations, or charge before the opening closes?",Charge before it closes,"Speed, code, formation, and total commitment take the field now.",war-bound speed,"[""abstract-scenario-preference""]",Direct editorial assignment: the builder copies hard-coded identity likelihoods and suppressions into the live model.,"[{""identity"":""MARDU"",""likelihood"":0.95,""delta"":1.45}]","[{""identity"":""ABZAN"",""likelihood"":0.85,""delta"":1}]",1,1,1.45,0,Indirect: changes arbitrary additive scores; softmax share and top-two gap are recomputed from the entire score vector.,"No explicit neutral, unsure, none, or mixed option is present in this question.",Editorial interpretation; no answer-level claim or source reference is present in the live model.,missing-stable-answer-id|suppression-not-negative,"Assign a stable answer ID, controlled signal contract, evidence classification, explicit positive/negative contract, correlation group, and confidence contribution rule."
crucible,crucible_ABZAN_SULTAI,,crucible_ABZAN_SULTAI#answer-1,ABZAN|SULTAI,"Do the dead bind you to preserve the house, or become material that can be converted into power?",Preserve the house,"Ancestors, Kin-Trees, perennation, and duty keep continuity alive.",ancestor continuity,"[""social-behavior""]",Direct editorial assignment: the builder copies hard-coded identity likelihoods and suppressions into the live model.,"[{""identity"":""ABZAN"",""likelihood"":0.95,""delta"":1.45}]","[{""identity"":""SULTAI"",""likelihood"":0.85,""delta"":1}]",1,1,1.45,0,Indirect: changes arbitrary additive scores; softmax share and top-two gap are recomputed from the entire score vector.,"No explicit neutral, unsure, none, or mixed option is present in this question.",Editorial interpretation; no answer-level claim or source reference is present in the live model.,missing-stable-answer-id|suppression-not-negative,"Assign a stable answer ID, controlled signal contract, evidence classification, explicit positive/negative contract, correlation group, and confidence contribution rule."
crucible,crucible_ABZAN_SULTAI,,crucible_ABZAN_SULTAI#answer-2,ABZAN|SULTAI,"Do the dead bind you to preserve the house, or become material that can be converted into power?",Convert the material,"The dead, secrets, costs, and openings can all become advantage.",ruthless conversion,"[""abstract-scenario-preference""]",Direct editorial assignment: the builder copies hard-coded identity likelihoods and suppressions into the live model.,"[{""identity"":""SULTAI"",""likelihood"":0.95,""delta"":1.45}]","[{""identity"":""ABZAN"",""likelihood"":0.85,""delta"":1}]",1,1,1.45,0,Indirect: changes arbitrary additive scores; softmax share and top-two gap are recomputed from the entire score vector.,"No explicit neutral, unsure, none, or mixed option is present in this question.",Editorial interpretation; no answer-level claim or source reference is present in the live model.,missing-stable-answer-id|suppression-not-negative,"Assign a stable answer ID, controlled signal contract, evidence classification, explicit positive/negative contract, correlation group, and confidence contribution rule."
crucible,crucible_TEMUR_SULTAI,,crucible_TEMUR_SULTAI#answer-1,TEMUR|SULTAI,"Does survival begin by listening to the wild signal, or by converting every available resource?",Listen to the wild,"Land, body, ancestors, weather, and elemental memory tell you how to survive.",attuned survival,"[""gameplay-or-deck-behavior""]",Direct editorial assignment: the builder copies hard-coded identity likelihoods and suppressions into the live model.,"[{""identity"":""TEMUR"",""likelihood"":0.95,""delta"":1.45}]","[{""identity"":""SULTAI"",""likelihood"":0.85,""delta"":1}]",1,1,1.45,0,Indirect: changes arbitrary additive scores; softmax share and top-two gap are recomputed from the entire score vector.,"No explicit neutral, unsure, none, or mixed option is present in this question.",Editorial interpretation; no answer-level claim or source reference is present in the live model.,missing-stable-answer-id|suppression-not-negative,"Assign a stable answer ID, controlled signal contract, evidence classification, explicit positive/negative contract, correlation group, and confidence contribution rule."
crucible,crucible_TEMUR_SULTAI,,crucible_TEMUR_SULTAI#answer-2,TEMUR|SULTAI,"Does survival begin by listening to the wild signal, or by converting every available resource?",Convert the resource,"Bodies, secrets, costs, and opportunities become tools for advantage.",calculated conversion,"[""gameplay-or-deck-behavior""]",Direct editorial assignment: the builder copies hard-coded identity likelihoods and suppressions into the live model.,"[{""identity"":""SULTAI"",""likelihood"":0.95,""delta"":1.45}]","[{""identity"":""TEMUR"",""likelihood"":0.85,""delta"":1}]",1,1,1.45,0,Indirect: changes arbitrary additive scores; softmax share and top-two gap are recomputed from the entire score vector.,"No explicit neutral, unsure, none, or mixed option is present in this question.",Editorial interpretation; no answer-level claim or source reference is present in the live model.,missing-stable-answer-id|suppression-not-negative,"Assign a stable answer ID, controlled signal contract, evidence classification, explicit positive/negative contract, correlation group, and confidence contribution rule."
crucible,crucible_TEMUR_MARDU,,crucible_TEMUR_MARDU#answer-1,TEMUR|MARDU,"Do you wait for the wild signal, or move in formation before hesitation breaks the opening?",Wait for the wild signal,Instinct and mental fortitude come from listening before motion.,survival by listening,"[""abstract-scenario-preference""]",Direct editorial assignment: the builder copies hard-coded identity likelihoods and suppressions into the live model.,"[{""identity"":""TEMUR"",""likelihood"":0.95,""delta"":1.45}]","[{""identity"":""MARDU"",""likelihood"":0.85,""delta"":1}]",1,1,1.45,0,Indirect: changes arbitrary additive scores; softmax share and top-two gap are recomputed from the entire score vector.,"No explicit neutral, unsure, none, or mixed option is present in this question.",Editorial interpretation; no answer-level claim or source reference is present in the live model.,missing-stable-answer-id|suppression-not-negative,"Assign a stable answer ID, controlled signal contract, evidence classification, explicit positive/negative contract, correlation group, and confidence contribution rule."
crucible,crucible_TEMUR_MARDU,,crucible_TEMUR_MARDU#answer-2,TEMUR|MARDU,"Do you wait for the wild signal, or move in formation before hesitation breaks the opening?",Move in formation,The opening is real only if the charge reaches it in time.,coordinated immediate action,"[""abstract-scenario-preference""]",Direct editorial assignment: the builder copies hard-coded identity likelihoods and suppressions into the live model.,"[{""identity"":""MARDU"",""likelihood"":0.95,""delta"":1.45}]","[{""identity"":""TEMUR"",""likelihood"":0.85,""delta"":1}]",1,1,1.45,0,Indirect: changes arbitrary additive scores; softmax share and top-two gap are recomputed from the entire score vector.,"No explicit neutral, unsure, none, or mixed option is present in this question.",Editorial interpretation; no answer-level claim or source reference is present in the live model.,missing-stable-answer-id|suppression-not-negative,"Assign a stable answer ID, controlled signal contract, evidence classification, explicit positive/negative contract, correlation group, and confidence contribution rule."
crucible,crucible_JESKAI_MARDU,,crucible_JESKAI_MARDU#answer-1,JESKAI|MARDU,"Should the action wait for trained insight, or take the opening before thought slows the field?",Wait for trained insight,"Discipline, knowledge, and practice release action with precision.",disciplined action,"[""philosophical-preference""]",Direct editorial assignment: the builder copies hard-coded identity likelihoods and suppressions into the live model.,"[{""identity"":""JESKAI"",""likelihood"":0.95,""delta"":1.45}]","[{""identity"":""MARDU"",""likelihood"":0.85,""delta"":1}]",1,1,1.45,0,Indirect: changes arbitrary additive scores; softmax share and top-two gap are recomputed from the entire score vector.,"No explicit neutral, unsure, none, or mixed option is present in this question.",Editorial interpretation; no answer-level claim or source reference is present in the live model.,missing-stable-answer-id|suppression-not-negative,"Assign a stable answer ID, controlled signal contract, evidence classification, explicit positive/negative contract, correlation group, and confidence contribution rule."
crucible,crucible_JESKAI_MARDU,,crucible_JESKAI_MARDU#answer-2,JESKAI|MARDU,"Should the action wait for trained insight, or take the opening before thought slows the field?",Take the opening,"Speed, code, and total commitment matter because delay loses the fight.",immediate commitment,"[""abstract-scenario-preference""]",Direct editorial assignment: the builder copies hard-coded identity likelihoods and suppressions into the live model.,"[{""identity"":""MARDU"",""likelihood"":0.95,""delta"":1.45}]","[{""identity"":""JESKAI"",""likelihood"":0.85,""delta"":1}]",1,1,1.45,0,Indirect: changes arbitrary additive scores; softmax share and top-two gap are recomputed from the entire score vector.,"No explicit neutral, unsure, none, or mixed option is present in this question.",Editorial interpretation; no answer-level claim or source reference is present in the live model.,missing-stable-answer-id|suppression-not-negative,"Assign a stable answer ID, controlled signal contract, evidence classification, explicit positive/negative contract, correlation group, and confidence contribution rule."
crucible,crucible_JESKAI_SULTAI,,crucible_JESKAI_SULTAI#answer-1,JESKAI|SULTAI,"Does insight become trained action, or private advantage converted from secrets and costs?",Trained action,"Knowledge becomes discipline, timing, protection, and precise motion.",insight through discipline,"[""social-behavior"",""philosophical-preference""]",Direct editorial assignment: the builder copies hard-coded identity likelihoods and suppressions into the live model.,"[{""identity"":""JESKAI"",""likelihood"":0.95,""delta"":1.45}]","[{""identity"":""SULTAI"",""likelihood"":0.85,""delta"":1}]",1,1,1.45,0,Indirect: changes arbitrary additive scores; softmax share and top-two gap are recomputed from the entire score vector.,"No explicit neutral, unsure, none, or mixed option is present in this question.",Editorial interpretation; no answer-level claim or source reference is present in the live model.,missing-stable-answer-id|suppression-not-negative,"Assign a stable answer ID, controlled signal contract, evidence classification, explicit positive/negative contract, correlation group, and confidence contribution rule."
crucible,crucible_JESKAI_SULTAI,,crucible_JESKAI_SULTAI#answer-2,JESKAI|SULTAI,"Does insight become trained action, or private advantage converted from secrets and costs?",Private advantage,"Secrets, costs, and the dead become usable material.",insight as conversion,"[""abstract-scenario-preference""]",Direct editorial assignment: the builder copies hard-coded identity likelihoods and suppressions into the live model.,"[{""identity"":""SULTAI"",""likelihood"":0.95,""delta"":1.45}]","[{""identity"":""JESKAI"",""likelihood"":0.85,""delta"":1}]",1,1,1.45,0,Indirect: changes arbitrary additive scores; softmax share and top-two gap are recomputed from the entire score vector.,"No explicit neutral, unsure, none, or mixed option is present in this question.",Editorial interpretation; no answer-level claim or source reference is present in the live model.,missing-stable-answer-id|suppression-not-negative,"Assign a stable answer ID, controlled signal contract, evidence classification, explicit positive/negative contract, correlation group, and confidence contribution rule."
crucible,crucible_JESKAI_TEMUR,,crucible_JESKAI_TEMUR#answer-1,JESKAI|TEMUR,"Is the truth found through disciplined practice, or through listening to land, body, and old memory?",Disciplined practice,The Way trains perception until action can be precise.,monastic training,"[""philosophical-preference""]",Direct editorial assignment: the builder copies hard-coded identity likelihoods and suppressions into the live model.,"[{""identity"":""JESKAI"",""likelihood"":0.95,""delta"":1.45}]","[{""identity"":""TEMUR"",""likelihood"":0.85,""delta"":1}]",1,1,1.45,0,Indirect: changes arbitrary additive scores; softmax share and top-two gap are recomputed from the entire score vector.,"No explicit neutral, unsure, none, or mixed option is present in this question.",Editorial interpretation; no answer-level claim or source reference is present in the live model.,missing-stable-answer-id|suppression-not-negative,"Assign a stable answer ID, controlled signal contract, evidence classification, explicit positive/negative contract, correlation group, and confidence contribution rule."
crucible,crucible_JESKAI_TEMUR,,crucible_JESKAI_TEMUR#answer-2,JESKAI|TEMUR,"Is the truth found through disciplined practice, or through listening to land, body, and old memory?","Land, body, and memory",The living wild teaches survival before formal practice does.,wild attunement,"[""philosophical-preference""]",Direct editorial assignment: the builder copies hard-coded identity likelihoods and suppressions into the live model.,"[{""identity"":""TEMUR"",""likelihood"":0.95,""delta"":1.45}]","[{""identity"":""JESKAI"",""likelihood"":0.85,""delta"":1}]",1,1,1.45,0,Indirect: changes arbitrary additive scores; softmax share and top-two gap are recomputed from the entire score vector.,"No explicit neutral, unsure, none, or mixed option is present in this question.",Editorial interpretation; no answer-level claim or source reference is present in the live model.,missing-stable-answer-id|suppression-not-negative,"Assign a stable answer ID, controlled signal contract, evidence classification, explicit positive/negative contract, correlation group, and confidence contribution rule."
crucible,crucible_YORE_GLINT,,crucible_YORE_GLINT#answer-1,YORE|GLINT,"Should the answer outbuild natural limits, or move through appetite, adaptation, and volatility without imposed order?",Outbuild the limit,"Civilization, technology, artifice, and progress refuse natural closure.",constructed agency,"[""psychographic-motivation"",""aesthetic-or-narrative-preference"",""philosophical-preference""]",Direct editorial assignment: the builder copies hard-coded identity likelihoods and suppressions into the live model.,"[{""identity"":""YORE"",""likelihood"":0.95,""delta"":1.45}]","[{""identity"":""GLINT"",""likelihood"":0.85,""delta"":1}]",1,1,1.45,0,Indirect: changes arbitrary additive scores; softmax share and top-two gap are recomputed from the entire score vector.,"No explicit neutral, unsure, none, or mixed option is present in this question.",Editorial interpretation; no answer-level claim or source reference is present in the live model.,missing-stable-answer-id|suppression-not-negative,"Assign a stable answer ID, controlled signal contract, evidence classification, explicit positive/negative contract, correlation group, and confidence contribution rule."
crucible,crucible_YORE_GLINT,,crucible_YORE_GLINT#answer-2,YORE|GLINT,"Should the answer outbuild natural limits, or move through appetite, adaptation, and volatility without imposed order?",Follow the volatility,"Appetite, adaptation, force, and living motion refuse civic restraint.",living volatility,"[""psychographic-motivation"",""philosophical-preference""]",Direct editorial assignment: the builder copies hard-coded identity likelihoods and suppressions into the live model.,"[{""identity"":""GLINT"",""likelihood"":0.95,""delta"":1.45}]","[{""identity"":""YORE"",""likelihood"":0.85,""delta"":1}]",1,1,1.45,0,Indirect: changes arbitrary additive scores; softmax share and top-two gap are recomputed from the entire score vector.,"No explicit neutral, unsure, none, or mixed option is present in this question.",Editorial interpretation; no answer-level claim or source reference is present in the live model.,missing-stable-answer-id|suppression-not-negative,"Assign a stable answer ID, controlled signal contract, evidence classification, explicit positive/negative contract, correlation group, and confidence contribution rule."
crucible,crucible_GLINT_DUNE,,crucible_GLINT_DUNE#answer-1,GLINT|DUNE,"Does the answer become through living volatility, or take ground through immediate organized force?",Become through volatility,"Appetite, adaptation, and living force keep changing shape.",adaptive volatility,"[""psychographic-motivation""]",Direct editorial assignment: the builder copies hard-coded identity likelihoods and suppressions into the live model.,"[{""identity"":""GLINT"",""likelihood"":0.95,""delta"":1.45}]","[{""identity"":""DUNE"",""likelihood"":0.85,""delta"":1}]",1,1,1.45,0,Indirect: changes arbitrary additive scores; softmax share and top-two gap are recomputed from the entire score vector.,"No explicit neutral, unsure, none, or mixed option is present in this question.",Editorial interpretation; no answer-level claim or source reference is present in the live model.,missing-stable-answer-id|suppression-not-negative,"Assign a stable answer ID, controlled signal contract, evidence classification, explicit positive/negative contract, correlation group, and confidence contribution rule."
crucible,crucible_GLINT_DUNE,,crucible_GLINT_DUNE#answer-2,GLINT|DUNE,"Does the answer become through living volatility, or take ground through immediate organized force?",Take ground now,"Direct action, physical momentum, and territorial pressure move before delay can answer.",territorial force,"[""abstract-scenario-preference""]",Direct editorial assignment: the builder copies hard-coded identity likelihoods and suppressions into the live model.,"[{""identity"":""DUNE"",""likelihood"":0.95,""delta"":1.45}]","[{""identity"":""GLINT"",""likelihood"":0.85,""delta"":1}]",1,1,1.45,0,Indirect: changes arbitrary additive scores; softmax share and top-two gap are recomputed from the entire score vector.,"No explicit neutral, unsure, none, or mixed option is present in this question.",Editorial interpretation; no answer-level claim or source reference is present in the live model.,missing-stable-answer-id|suppression-not-negative,"Assign a stable answer ID, controlled signal contract, evidence classification, explicit positive/negative contract, correlation group, and confidence contribution rule."
crucible,crucible_DUNE_INK,,crucible_DUNE_INK#answer-1,DUNE|INK,"Is the answer trying to take and hold ground, or protect a shared good from private capture?",Take and hold ground,"Urgency becomes direct action, organized force, and territorial pressure.",organized force,"[""social-behavior""]",Direct editorial assignment: the builder copies hard-coded identity likelihoods and suppressions into the live model.,"[{""identity"":""DUNE"",""likelihood"":0.95,""delta"":1.45}]","[{""identity"":""INK"",""likelihood"":0.85,""delta"":1}]",1,1,1.45,0,Indirect: changes arbitrary additive scores; softmax share and top-two gap are recomputed from the entire score vector.,"No explicit neutral, unsure, none, or mixed option is present in this question.",Editorial interpretation; no answer-level claim or source reference is present in the live model.,missing-stable-answer-id|suppression-not-negative,"Assign a stable answer ID, controlled signal contract, evidence classification, explicit positive/negative contract, correlation group, and confidence contribution rule."
crucible,crucible_DUNE_INK,,crucible_DUNE_INK#answer-2,DUNE|INK,"Is the answer trying to take and hold ground, or protect a shared good from private capture?",Protect the commons,"Shared prosperity, protected generosity, and open knowledge stay available.",guarded commons,"[""social-behavior"",""philosophical-preference""]",Direct editorial assignment: the builder copies hard-coded identity likelihoods and suppressions into the live model.,"[{""identity"":""INK"",""likelihood"":0.95,""delta"":1.45}]","[{""identity"":""DUNE"",""likelihood"":0.85,""delta"":1}]",1,1,1.45,0,Indirect: changes arbitrary additive scores; softmax share and top-two gap are recomputed from the entire score vector.,"No explicit neutral, unsure, none, or mixed option is present in this question.",Editorial interpretation; no answer-level claim or source reference is present in the live model.,missing-stable-answer-id|suppression-not-negative,"Assign a stable answer ID, controlled signal contract, evidence classification, explicit positive/negative contract, correlation group, and confidence contribution rule."
crucible,crucible_INK_WITCH,,crucible_INK_WITCH#answer-1,INK|WITCH,"Should the answer keep the commons open, or cultivate a protected position until it becomes inevitable?",Keep it open,"Community benefit, protected generosity, and open knowledge resist private hoarding.",protected commons,"[""social-behavior"",""philosophical-preference""]",Direct editorial assignment: the builder copies hard-coded identity likelihoods and suppressions into the live model.,"[{""identity"":""INK"",""likelihood"":0.95,""delta"":1.45}]","[{""identity"":""WITCH"",""likelihood"":0.85,""delta"":1}]",1,1,1.45,0,Indirect: changes arbitrary additive scores; softmax share and top-two gap are recomputed from the entire score vector.,"No explicit neutral, unsure, none, or mixed option is present in this question.",Editorial interpretation; no answer-level claim or source reference is present in the live model.,missing-stable-answer-id|suppression-not-negative,"Assign a stable answer ID, controlled signal contract, evidence classification, explicit positive/negative contract, correlation group, and confidence contribution rule."
crucible,crucible_INK_WITCH,,crucible_INK_WITCH#answer-2,INK|WITCH,"Should the answer keep the commons open, or cultivate a protected position until it becomes inevitable?",Make it inevitable,"Patience, calculation, ambition, and cultivated growth reach critical mass.",patient accumulation,"[""social-behavior"",""philosophical-preference""]",Direct editorial assignment: the builder copies hard-coded identity likelihoods and suppressions into the live model.,"[{""identity"":""WITCH"",""likelihood"":0.95,""delta"":1.45}]","[{""identity"":""INK"",""likelihood"":0.85,""delta"":1}]",1,1,1.45,0,Indirect: changes arbitrary additive scores; softmax share and top-two gap are recomputed from the entire score vector.,"No explicit neutral, unsure, none, or mixed option is present in this question.",Editorial interpretation; no answer-level claim or source reference is present in the live model.,missing-stable-answer-id|suppression-not-negative,"Assign a stable answer ID, controlled signal contract, evidence classification, explicit positive/negative contract, correlation group, and confidence contribution rule."
crucible,crucible_WITCH_YORE,,crucible_WITCH_YORE#answer-1,WITCH|YORE,"Does the answer grow a protected position into inevitability, or engineer a way past natural limits?",Grow the inevitability,"Patient cultivation, calculation, and long-horizon accumulation cross a quiet threshold.",cultivated inevitability,"[""social-behavior""]",Direct editorial assignment: the builder copies hard-coded identity likelihoods and suppressions into the live model.,"[{""identity"":""WITCH"",""likelihood"":0.95,""delta"":1.45}]","[{""identity"":""YORE"",""likelihood"":0.85,""delta"":1}]",1,1,1.45,0,Indirect: changes arbitrary additive scores; softmax share and top-two gap are recomputed from the entire score vector.,"No explicit neutral, unsure, none, or mixed option is present in this question.",Editorial interpretation; no answer-level claim or source reference is present in the live model.,missing-stable-answer-id|suppression-not-negative,"Assign a stable answer ID, controlled signal contract, evidence classification, explicit positive/negative contract, correlation group, and confidence contribution rule."
crucible,crucible_WITCH_YORE,,crucible_WITCH_YORE#answer-2,WITCH|YORE,"Does the answer grow a protected position into inevitability, or engineer a way past natural limits?",Engineer the answer,"Civilization, technology, artifice, and progress intervene against organic limits.",engineered intervention,"[""social-behavior"",""aesthetic-or-narrative-preference""]",Direct editorial assignment: the builder copies hard-coded identity likelihoods and suppressions into the live model.,"[{""identity"":""YORE"",""likelihood"":0.95,""delta"":1.45}]","[{""identity"":""WITCH"",""likelihood"":0.85,""delta"":1}]",1,1,1.45,0,Indirect: changes arbitrary additive scores; softmax share and top-two gap are recomputed from the entire score vector.,"No explicit neutral, unsure, none, or mixed option is present in this question.",Editorial interpretation; no answer-level claim or source reference is present in the live model.,missing-stable-answer-id|suppression-not-negative,"Assign a stable answer ID, controlled signal contract, evidence classification, explicit positive/negative contract, correlation group, and confidence contribution rule."
