question_id,phase,exact_prompt,answer_identifiers_or_missing_status,intended_construct,actual_dimensions_tested,commander_relevance,wording_clarity,abstraction_burden,double_barreled_status,desirability_or_steering_risk,lore_dependence,mood_dependence,answer_overlap,repeated_signal_group,correlated_signal_group,uncertainty_representation,false_positive_risk,false_negative_risk,scoring_consistency,explanation_consistency,evidence_authority,final_disposition,remediation_implication
gate_v2_locus_of_trust,gate,"When the ground shifts, what do you trust first?","[""gate_v2_trust_self_claim"",""gate_v2_trust_personal_threshold"",""gate_v2_trust_braided_witness"",""gate_v2_trust_common_root"",""gate_v2_trust_outside_measure""]",Broad Gate routing; authored signals: self-authored agency | personal threshold | integrated whole | communal continuity | outside boundary,"[""social-behavior"",""psychographic-or-motivational-inference-risk"",""aesthetic-or-narrative-preference""]",HIGH,LOW,HIGH,NO,HIGH,NOT-EXPLICIT,PRESENT,0.103,"[""agency-and-leverage"",""uncontrolled-editorial-construct""]",overlapping:agency-and-leverage+uncontrolled-editorial-construct,"ABSENT: no explicit unknown, unsure, neutral, neither, mixed, or depends answer",HIGH,HIGH when the player is mixed/uncertain; no non-directional state exists,INCONSISTENT effect-count spread 7,UNVALIDATED: signal text is expanded by shared templates without per-claim entailment,No answer-level source or claim reference in the live model; editorial interpretation only,REPLACE,Do not carry into the first pilot without a new evidence-derived construct and representational-failure option.
gate_v2_pressure_becomes,gate,"When pressure gathers, what should it become?","[""gate_v2_pressure_form"",""gate_v2_pressure_answerable_motion"",""gate_v2_pressure_many_currents"",""gate_v2_pressure_wild_release"",""gate_v2_pressure_silent_axis""]",Broad Gate routing; authored signals: ordered containment | bounded action | balanced convergence | adaptive release | outside boundary,"[""social-behavior"",""psychographic-or-motivational-inference-risk"",""philosophical-preference""]",HIGH,LOW,HIGH,NO,HIGH,NOT-EXPLICIT,PRESENT,0.107,"[""procedure-and-order"",""speed-and-action"",""uncontrolled-editorial-construct"",""growth-and-nature""]",overlapping:procedure-and-order+speed-and-action+uncontrolled-editorial-construct+growth-and-nature,"ABSENT: no explicit unknown, unsure, neutral, neither, mixed, or depends answer",HIGH,HIGH when the player is mixed/uncertain; no non-directional state exists,INCONSISTENT effect-count spread 8,UNVALIDATED: signal text is expanded by shared templates without per-claim entailment,No answer-level source or claim reference in the live model; editorial interpretation only,REPLACE,Do not carry into the first pilot without a new evidence-derived construct and representational-failure option.
gate_v2_first_signal,gate,What signal reaches you first?,"[""gate_v2_signal_cold_pattern"",""gate_v2_signal_measured_trace"",""gate_v2_signal_whole_chord"",""gate_v2_signal_live_spark"",""gate_v2_signal_unlit_edge""]",Broad Gate routing; authored signals: calculated implication | measured inference | balanced chord | felt ignition | outside boundary,"[""social-behavior"",""psychographic-or-motivational-inference-risk"",""aesthetic-or-narrative-preference""]",LOW,LOW,HIGH,NO,HIGH,NOT-EXPLICIT,PRESENT,0.154,"[""uncontrolled-editorial-construct"",""speed-and-action""]",overlapping:uncontrolled-editorial-construct+speed-and-action,"ABSENT: no explicit unknown, unsure, neutral, neither, mixed, or depends answer",HIGH,HIGH when the player is mixed/uncertain; no non-directional state exists,INCONSISTENT effect-count spread 14,UNVALIDATED: signal text is expanded by shared templates without per-claim entailment,No answer-level source or claim reference in the live model; editorial interpretation only,REPLACE,Do not carry into the first pilot without a new evidence-derived construct and representational-failure option.
gate_v2_cost_of_oath,gate,What cost can an oath fairly ask of you?,"[""gate_v2_oath_preserve"",""gate_v2_oath_steward"",""gate_v2_oath_whole_covenant"",""gate_v2_oath_transform"",""gate_v2_oath_without_color""]",Broad Gate routing; authored signals: preserving duty | careful stewardship | integrated covenant | transformative cost | outside boundary,"[""social-behavior"",""philosophical-preference""]",LOW,LOW,HIGH,NO,HIGH,NOT-EXPLICIT,NOT-EXPLICIT,0.185,"[""protection-and-duty"",""uncontrolled-editorial-construct"",""agency-and-leverage""]",overlapping:protection-and-duty+uncontrolled-editorial-construct+agency-and-leverage,"ABSENT: no explicit unknown, unsure, neutral, neither, mixed, or depends answer",HIGH,HIGH when the player is mixed/uncertain; no non-directional state exists,INCONSISTENT effect-count spread 9,UNVALIDATED: signal text is expanded by shared templates without per-claim entailment,No answer-level source or claim reference in the live model; editorial interpretation only,REPLACE,Do not carry into the first pilot without a new evidence-derived construct and representational-failure option.
hall_W_shelter,hall,A frightened group needs protection before trust has time to grow. What response feels most dependable?,"[""MISSING:hall_W_shelter#answer-1"",""MISSING:hall_W_shelter#answer-2"",""MISSING:hall_W_shelter#answer-3"",""MISSING:hall_W_shelter#answer-4""]",Differentiate W; authored signals: shelter through structure | procedure first | urgent guardianship | belonging as shelter,"[""social-behavior"",""psychographic-or-motivational-inference-risk""]",MEDIUM,MEDIUM-HIGH,MEDIUM,NO,HIGH,NOT-EXPLICIT,PRESENT,0.143,"[""procedure-and-order"",""uncontrolled-editorial-construct"",""community-and-belonging""]",overlapping:procedure-and-order+uncontrolled-editorial-construct+community-and-belonging,"ABSENT: no explicit unknown, unsure, neutral, neither, mixed, or depends answer",MEDIUM-HIGH,HIGH when the player is mixed/uncertain; no non-directional state exists,UNVALIDATED effect-count spread 4,UNVALIDATED: signal text is expanded by shared templates without per-claim entailment,No answer-level source or claim reference in the live model; editorial interpretation only,RETUNE,"Separate constructs, normalize effects, add stable answer IDs/provenance, and retest neighboring identities."
hall_W_duty,hall,"A structure is imperfect, but it still keeps more people safe than improvisation. What matters most?","[""MISSING:hall_W_duty#answer-1"",""MISSING:hall_W_duty#answer-2"",""MISSING:hall_W_duty#answer-3"",""MISSING:hall_W_duty#answer-4""]",Differentiate W; authored signals: duty to maintain shelter | airtight procedure | case-first intervention | shared care,"[""social-behavior"",""psychographic-or-motivational-inference-risk""]",MEDIUM,MEDIUM-HIGH,LOW,YES,HIGH,NOT-EXPLICIT,PRESENT,0.083,"[""protection-and-duty"",""procedure-and-order"",""uncontrolled-editorial-construct"",""community-and-belonging""]",overlapping:protection-and-duty+procedure-and-order+uncontrolled-editorial-construct+community-and-belonging,"ABSENT: no explicit unknown, unsure, neutral, neither, mixed, or depends answer",MEDIUM-HIGH,HIGH when the player is mixed/uncertain; no non-directional state exists,UNVALIDATED effect-count spread 4,UNVALIDATED: signal text is expanded by shared templates without per-claim entailment,No answer-level source or claim reference in the live model; editorial interpretation only,RETUNE,"Separate constructs, normalize effects, add stable answer IDs/provenance, and retest neighboring identities."
hall_B_cost,hall,"A choice will cost life, comfort, or loyalty, but it keeps your fate from belonging to someone else. What makes the exchange honest?","[""MISSING:hall_B_cost#answer-1"",""MISSING:hall_B_cost#answer-2"",""MISSING:hall_B_cost#answer-3"",""MISSING:hall_B_cost#answer-4""]",Differentiate B; authored signals: power at a cost | secret leverage | binding debt | unrestrained appetite,"[""social-behavior"",""psychographic-or-motivational-inference-risk"",""aesthetic-or-narrative-preference""]",LOW,LOW,HIGH,YES,HIGH,NOT-EXPLICIT,PRESENT,0.1,"[""agency-and-leverage"",""uncontrolled-editorial-construct""]",overlapping:agency-and-leverage+uncontrolled-editorial-construct,"ABSENT: no explicit unknown, unsure, neutral, neither, mixed, or depends answer",HIGH,HIGH when the player is mixed/uncertain; no non-directional state exists,INCONSISTENT effect-count spread 5,UNVALIDATED: signal text is expanded by shared templates without per-claim entailment,No answer-level source or claim reference in the live model; editorial interpretation only,REPLACE,Do not carry into the first pilot without a new evidence-derived construct and representational-failure option.
hall_B_graveyard,hall,"Something useful has died, failed, or been spent. What should happen to it now?","[""MISSING:hall_B_graveyard#answer-1"",""MISSING:hall_B_graveyard#answer-2"",""MISSING:hall_B_graveyard#answer-3"",""MISSING:hall_B_graveyard#answer-4""]",Differentiate B; authored signals: graveyard as resource | cycle of decay | memorial duty | public pressure,"[""gameplay-or-deck-behavior"",""social-behavior"",""psychographic-or-motivational-inference-risk""]",HIGH,LOW,HIGH,NO,HIGH,NOT-EXPLICIT,PRESENT,0.15,"[""decay-and-renewal"",""protection-and-duty"",""speed-and-action""]",overlapping:decay-and-renewal+protection-and-duty+speed-and-action,"ABSENT: no explicit unknown, unsure, neutral, neither, mixed, or depends answer",HIGH,HIGH when the player is mixed/uncertain; no non-directional state exists,UNVALIDATED effect-count spread 3,UNVALIDATED: signal text is expanded by shared templates without per-claim entailment,No answer-level source or claim reference in the live model; editorial interpretation only,REPLACE,Do not carry into the first pilot without a new evidence-derived construct and representational-failure option.
hall_U_understanding,hall,The room wants action before the variables are clear. What response feels most responsible?,"[""MISSING:hall_U_understanding#answer-1"",""MISSING:hall_U_understanding#answer-2"",""MISSING:hall_U_understanding#answer-3"",""MISSING:hall_U_understanding#answer-4""]",Differentiate U; authored signals: act after understanding | formal procedure | hidden leverage | volatile experiment,"[""social-behavior"",""psychographic-or-motivational-inference-risk""]",HIGH,LOW,HIGH,NO,HIGH,NOT-EXPLICIT,PRESENT,0.1,"[""uncontrolled-editorial-construct"",""procedure-and-order"",""agency-and-leverage"",""experiment-and-invention""]",overlapping:uncontrolled-editorial-construct+procedure-and-order+agency-and-leverage+experiment-and-invention,"ABSENT: no explicit unknown, unsure, neutral, neither, mixed, or depends answer",HIGH,HIGH when the player is mixed/uncertain; no non-directional state exists,INCONSISTENT effect-count spread 5,UNVALIDATED: signal text is expanded by shared templates without per-claim entailment,No answer-level source or claim reference in the live model; editorial interpretation only,REPLACE,Do not carry into the first pilot without a new evidence-derived construct and representational-failure option.
hall_U_possibility,hall,A person or system seems limited by its current shape. What makes progress trustworthy?,"[""MISSING:hall_U_possibility#answer-1"",""MISSING:hall_U_possibility#answer-2"",""MISSING:hall_U_possibility#answer-3"",""MISSING:hall_U_possibility#answer-4""]",Differentiate U; authored signals: optimization through knowledge | biological adaptation | rapid experimentation | knowledge as leverage,"[""gameplay-or-deck-behavior"",""social-behavior"",""psychographic-or-motivational-inference-risk"",""philosophical-preference""]",HIGH,LOW,HIGH,YES,HIGH,NOT-EXPLICIT,PRESENT,0.087,"[""knowledge-and-deliberation"",""growth-and-nature"",""experiment-and-invention""]",overlapping:knowledge-and-deliberation+growth-and-nature+experiment-and-invention,"ABSENT: no explicit unknown, unsure, neutral, neither, mixed, or depends answer",HIGH,HIGH when the player is mixed/uncertain; no non-directional state exists,INCONSISTENT effect-count spread 5,UNVALIDATED: signal text is expanded by shared templates without per-claim entailment,No answer-level source or claim reference in the live model; editorial interpretation only,REPLACE,Do not carry into the first pilot without a new evidence-derived construct and representational-failure option.
hall_R_ignition,hall,A feeling arrives before anyone has given permission. What makes the next move honest?,"[""MISSING:hall_R_ignition#answer-1"",""MISSING:hall_R_ignition#answer-2"",""MISSING:hall_R_ignition#answer-3"",""MISSING:hall_R_ignition#answer-4"",""MISSING:hall_R_ignition#answer-5""]",Differentiate R; authored signals: emotion into action | urgent protection | experimental technique | transgressive release | primal instinct,"[""social-behavior"",""psychographic-or-motivational-inference-risk""]",LOW,LOW,HIGH,NO,HIGH,NOT-EXPLICIT,PRESENT,0.136,"[""expression-and-performance"",""protection-and-duty"",""experiment-and-invention"",""uncontrolled-editorial-construct"",""growth-and-nature""]",overlapping:expression-and-performance+protection-and-duty+experiment-and-invention+uncontrolled-editorial-construct+growth-and-nature,"ABSENT: no explicit unknown, unsure, neutral, neither, mixed, or depends answer",HIGH,HIGH when the player is mixed/uncertain; no non-directional state exists,UNVALIDATED effect-count spread 3,UNVALIDATED: signal text is expanded by shared templates without per-claim entailment,No answer-level source or claim reference in the live model; editorial interpretation only,REPLACE,Do not carry into the first pilot without a new evidence-derived construct and representational-failure option.
hall_R_freedom,hall,The door is closing and the safe plan will arrive too late. What kind of action keeps the moment alive?,"[""MISSING:hall_R_freedom#answer-1"",""MISSING:hall_R_freedom#answer-2"",""MISSING:hall_R_freedom#answer-3"",""MISSING:hall_R_freedom#answer-4"",""MISSING:hall_R_freedom#answer-5""]",Differentiate R; authored signals: direct action | protective charge | rapid prototype | pain as spectacle | wild belonging,"[""gameplay-or-deck-behavior"",""social-behavior"",""aesthetic-or-narrative-preference"",""philosophical-preference""]",HIGH,MEDIUM-HIGH,LOW,YES,HIGH,NOT-EXPLICIT,PRESENT,0.087,"[""speed-and-action"",""protection-and-duty"",""experiment-and-invention"",""expression-and-performance"",""community-and-belonging""]",overlapping:speed-and-action+protection-and-duty+experiment-and-invention+expression-and-performance+community-and-belonging,"ABSENT: no explicit unknown, unsure, neutral, neither, mixed, or depends answer",MEDIUM-HIGH,HIGH when the player is mixed/uncertain; no non-directional state exists,UNVALIDATED effect-count spread 3,UNVALIDATED: signal text is expanded by shared templates without per-claim entailment,No answer-level source or claim reference in the live model; editorial interpretation only,RETUNE,"Separate constructs, normalize effects, add stable answer IDs/provenance, and retest neighboring identities."
hall_G_growth,hall,A living thing is strained before its roots are deep. What care feels honest?,"[""MISSING:hall_G_growth#answer-1"",""MISSING:hall_G_growth#answer-2"",""MISSING:hall_G_growth#answer-3"",""MISSING:hall_G_growth#answer-4"",""MISSING:hall_G_growth#answer-5""]",Differentiate G; authored signals: organic growth | communal care | engineered adaptation | reclamation economy | wild force,"[""gameplay-or-deck-behavior"",""social-behavior"",""psychographic-or-motivational-inference-risk"",""aesthetic-or-narrative-preference"",""philosophical-preference""]",HIGH,LOW,HIGH,NO,HIGH,NOT-EXPLICIT,PRESENT,0.2,"[""growth-and-nature"",""uncontrolled-editorial-construct""]",overlapping:growth-and-nature+uncontrolled-editorial-construct,"ABSENT: no explicit unknown, unsure, neutral, neither, mixed, or depends answer",HIGH,HIGH when the player is mixed/uncertain; no non-directional state exists,UNVALIDATED effect-count spread 2,UNVALIDATED: signal text is expanded by shared templates without per-claim entailment,No answer-level source or claim reference in the live model; editorial interpretation only,REPLACE,Do not carry into the first pilot without a new evidence-derived construct and representational-failure option.
hall_G_natural_order,hall,"The world is slow to answer, but the old pattern still seems alive. What do you follow?","[""MISSING:hall_G_natural_order#answer-1"",""MISSING:hall_G_natural_order#answer-2"",""MISSING:hall_G_natural_order#answer-3"",""MISSING:hall_G_natural_order#answer-4"",""MISSING:hall_G_natural_order#answer-5""]",Differentiate G; authored signals: natural patience | purposeful adaptation | shared community | decay reclamation | wild refusal,"[""social-behavior""]",LOW,LOW,HIGH,YES,HIGH,NOT-EXPLICIT,PRESENT,0.143,"[""uncontrolled-editorial-construct"",""growth-and-nature"",""community-and-belonging"",""decay-and-renewal""]",overlapping:uncontrolled-editorial-construct+growth-and-nature+community-and-belonging+decay-and-renewal,"ABSENT: no explicit unknown, unsure, neutral, neither, mixed, or depends answer",HIGH,HIGH when the player is mixed/uncertain; no non-directional state exists,UNVALIDATED effect-count spread 1,UNVALIDATED: signal text is expanded by shared templates without per-claim entailment,No answer-level source or claim reference in the live model; editorial interpretation only,REPLACE,Do not carry into the first pilot without a new evidence-derived construct and representational-failure option.
hall_WU_process,hall,"A community wants one outcome, but the written process points somewhere colder. What decides your first move?","[""MISSING:hall_WU_process#answer-1"",""MISSING:hall_WU_process#answer-2"",""MISSING:hall_WU_process#answer-3"",""MISSING:hall_WU_process#answer-4""]",Differentiate WU; authored signals: fairness through process | belonging over procedure | immediate rescue | contractual leverage,"[""social-behavior"",""psychographic-or-motivational-inference-risk"",""aesthetic-or-narrative-preference""]",MEDIUM,MEDIUM,LOW,YES,HIGH,NOT-EXPLICIT,PRESENT,0.15,"[""uncontrolled-editorial-construct"",""procedure-and-order"",""speed-and-action"",""agency-and-leverage""]",overlapping:uncontrolled-editorial-construct+procedure-and-order+speed-and-action+agency-and-leverage,"ABSENT: no explicit unknown, unsure, neutral, neither, mixed, or depends answer",MEDIUM-HIGH,HIGH when the player is mixed/uncertain; no non-directional state exists,UNVALIDATED effect-count spread 2,UNVALIDATED: signal text is expanded by shared templates without per-claim entailment,No answer-level source or claim reference in the live model; editorial interpretation only,RETUNE,"Separate constructs, normalize effects, add stable answer IDs/provenance, and retest neighboring identities."
hall_UB_information,hall,A dangerous truth reaches you before anyone else. What is the most ethical use of it?,"[""MISSING:hall_UB_information#answer-1"",""MISSING:hall_UB_information#answer-2"",""MISSING:hall_UB_information#answer-3"",""MISSING:hall_UB_information#answer-4""]",Differentiate UB; authored signals: strategic secrecy | visible obligation | public proof | rhetorical reveal,"[""gameplay-or-deck-behavior"",""social-behavior"",""psychographic-or-motivational-inference-risk"",""philosophical-preference""]",HIGH,LOW,HIGH,NO,HIGH,NOT-EXPLICIT,PRESENT,0.174,"[""uncontrolled-editorial-construct""]",uncontrolled-editorial-construct,"ABSENT: no explicit unknown, unsure, neutral, neither, mixed, or depends answer",HIGH,HIGH when the player is mixed/uncertain; no non-directional state exists,UNVALIDATED effect-count spread 1,UNVALIDATED: signal text is expanded by shared templates without per-claim entailment,No answer-level source or claim reference in the live model; editorial interpretation only,REPLACE,Do not carry into the first pilot without a new evidence-derived construct and representational-failure option.
hall_BR_intensity,hall,A group has become numb and respectable while something true is rotting underneath. How do you wake them up?,"[""MISSING:hall_BR_intensity#answer-1"",""MISSING:hall_BR_intensity#answer-2"",""MISSING:hall_BR_intensity#answer-3"",""MISSING:hall_BR_intensity#answer-4""]",Differentiate BR; authored signals: transgressive performance | wild liberation | crafted spectacle | righteous action,"[""social-behavior"",""psychographic-or-motivational-inference-risk"",""aesthetic-or-narrative-preference""]",HIGH,LOW,HIGH,YES,HIGH,NOT-EXPLICIT,PRESENT,0.125,"[""expression-and-performance"",""uncontrolled-editorial-construct"",""speed-and-action""]",overlapping:expression-and-performance+uncontrolled-editorial-construct+speed-and-action,"ABSENT: no explicit unknown, unsure, neutral, neither, mixed, or depends answer",HIGH,HIGH when the player is mixed/uncertain; no non-directional state exists,UNVALIDATED effect-count spread 1,UNVALIDATED: signal text is expanded by shared templates without per-claim entailment,No answer-level source or claim reference in the live model; editorial interpretation only,REPLACE,Do not carry into the first pilot without a new evidence-derived construct and representational-failure option.
hall_RG_wild,hall,A system has taken something essential and called the loss progress. What response feels honest?,"[""MISSING:hall_RG_wild#answer-1"",""MISSING:hall_RG_wild#answer-2"",""MISSING:hall_RG_wild#answer-3"",""MISSING:hall_RG_wild#answer-4""]",Differentiate RG; authored signals: undomesticated grievance | performative transgression | communal repair | ecological study,"[""gameplay-or-deck-behavior"",""social-behavior"",""psychographic-or-motivational-inference-risk""]",HIGH,LOW,HIGH,YES,HIGH,NOT-EXPLICIT,PRESENT,0.115,"[""uncontrolled-editorial-construct"",""knowledge-and-deliberation""]",overlapping:uncontrolled-editorial-construct+knowledge-and-deliberation,"ABSENT: no explicit unknown, unsure, neutral, neither, mixed, or depends answer",HIGH,HIGH when the player is mixed/uncertain; no non-directional state exists,UNVALIDATED effect-count spread 1,UNVALIDATED: signal text is expanded by shared templates without per-claim entailment,No answer-level source or claim reference in the live model; editorial interpretation only,REPLACE,Do not carry into the first pilot without a new evidence-derived construct and representational-failure option.
hall_WG_belonging,hall,Someone feels isolated and brittle. What kind of help matters most?,"[""MISSING:hall_WG_belonging#answer-1"",""MISSING:hall_WG_belonging#answer-2"",""MISSING:hall_WG_belonging#answer-3"",""MISSING:hall_WG_belonging#answer-4""]",Differentiate WG; authored signals: shared self | enforceable structure | vital care | transformative speech,"[""social-behavior"",""psychographic-or-motivational-inference-risk"",""aesthetic-or-narrative-preference"",""philosophical-preference""]",MEDIUM,MEDIUM-HIGH,MEDIUM,NO,HIGH,NOT-EXPLICIT,PRESENT,0.08,"[""community-and-belonging"",""procedure-and-order"",""uncontrolled-editorial-construct""]",overlapping:community-and-belonging+procedure-and-order+uncontrolled-editorial-construct,"ABSENT: no explicit unknown, unsure, neutral, neither, mixed, or depends answer",MEDIUM-HIGH,HIGH when the player is mixed/uncertain; no non-directional state exists,UNVALIDATED effect-count spread 1,UNVALIDATED: signal text is expanded by shared templates without per-claim entailment,No answer-level source or claim reference in the live model; editorial interpretation only,RETUNE,"Separate constructs, normalize effects, add stable answer IDs/provenance, and retest neighboring identities."
hall_WB_obligation,hall,Someone caused harm and now owes something serious. What makes repayment real?,"[""MISSING:hall_WB_obligation#answer-1"",""MISSING:hall_WB_obligation#answer-2"",""MISSING:hall_WB_obligation#answer-3"",""MISSING:hall_WB_obligation#answer-4""]",Differentiate WB; authored signals: debt as relationship | fairness through process | secret leverage | rhetorical status,"[""social-behavior"",""psychographic-or-motivational-inference-risk"",""aesthetic-or-narrative-preference""]",LOW,LOW,HIGH,NO,HIGH,NOT-EXPLICIT,PRESENT,0.095,"[""uncontrolled-editorial-construct"",""agency-and-leverage""]",overlapping:uncontrolled-editorial-construct+agency-and-leverage,"ABSENT: no explicit unknown, unsure, neutral, neither, mixed, or depends answer",HIGH,HIGH when the player is mixed/uncertain; no non-directional state exists,UNVALIDATED effect-count spread 1,UNVALIDATED: signal text is expanded by shared templates without per-claim entailment,No answer-level source or claim reference in the live model; editorial interpretation only,REPLACE,Do not carry into the first pilot without a new evidence-derived construct and representational-failure option.
hall_UR_experiment,hall,"A risky idea could improve everything, but it may fail loudly. What keeps you interested?","[""MISSING:hall_UR_experiment#answer-1"",""MISSING:hall_UR_experiment#answer-2"",""MISSING:hall_UR_experiment#answer-3"",""MISSING:hall_UR_experiment#answer-4""]",Differentiate UR; authored signals: mechanistic experiment | elemental expression | formal pattern | biological adaptation,"[""social-behavior"",""psychographic-or-motivational-inference-risk"",""aesthetic-or-narrative-preference""]",LOW,LOW,HIGH,YES,HIGH,NOT-EXPLICIT,PRESENT,0.105,"[""experiment-and-invention"",""expression-and-performance"",""uncontrolled-editorial-construct"",""growth-and-nature""]",overlapping:experiment-and-invention+expression-and-performance+uncontrolled-editorial-construct+growth-and-nature,"ABSENT: no explicit unknown, unsure, neutral, neither, mixed, or depends answer",HIGH,HIGH when the player is mixed/uncertain; no non-directional state exists,UNVALIDATED effect-count spread 1,UNVALIDATED: signal text is expanded by shared templates without per-claim entailment,No answer-level source or claim reference in the live model; editorial interpretation only,REPLACE,Do not carry into the first pilot without a new evidence-derived construct and representational-failure option.
hall_BG_reclamation,hall,"A system collapses and leaves failure, waste, grief, and useful remains. What should happen next?","[""MISSING:hall_BG_reclamation#answer-1"",""MISSING:hall_BG_reclamation#answer-2"",""MISSING:hall_BG_reclamation#answer-3"",""MISSING:hall_BG_reclamation#answer-4""]",Differentiate BG; authored signals: survival through reclamation | essence ecology | communal shelter | owed restitution,"[""gameplay-or-deck-behavior"",""social-behavior"",""aesthetic-or-narrative-preference""]",HIGH,MEDIUM-HIGH,LOW,YES,HIGH,NOT-EXPLICIT,PRESENT,0.1,"[""uncontrolled-editorial-construct""]",uncontrolled-editorial-construct,"ABSENT: no explicit unknown, unsure, neutral, neither, mixed, or depends answer",MEDIUM-HIGH,HIGH when the player is mixed/uncertain; no non-directional state exists,UNVALIDATED effect-count spread 1,UNVALIDATED: signal text is expanded by shared templates without per-claim entailment,No answer-level source or claim reference in the live model; editorial interpretation only,RETUNE,"Separate constructs, normalize effects, add stable answer IDs/provenance, and retest neighboring identities."
hall_UG_adaptation,hall,A living system is not ready for the future. What response feels most natural?,"[""MISSING:hall_UG_adaptation#answer-1"",""MISSING:hall_UG_adaptation#answer-2"",""MISSING:hall_UG_adaptation#answer-3"",""MISSING:hall_UG_adaptation#answer-4""]",Differentiate UG; authored signals: purposeful biological adaptation | mathematical structure | life-death ecology | chaotic experiment,"[""psychographic-or-motivational-inference-risk""]",MEDIUM,MEDIUM-HIGH,MEDIUM,NO,HIGH,NOT-EXPLICIT,PRESENT,0.111,"[""growth-and-nature"",""procedure-and-order"",""decay-and-renewal"",""experiment-and-invention""]",overlapping:growth-and-nature+procedure-and-order+decay-and-renewal+experiment-and-invention,"ABSENT: no explicit unknown, unsure, neutral, neither, mixed, or depends answer",MEDIUM-HIGH,HIGH when the player is mixed/uncertain; no non-directional state exists,UNVALIDATED effect-count spread 1,UNVALIDATED: signal text is expanded by shared templates without per-claim entailment,No answer-level source or claim reference in the live model; editorial interpretation only,RETUNE,"Separate constructs, normalize effects, add stable answer IDs/provenance, and retest neighboring identities."
hall_BANT_champion,hall,The group can only back one line of action. What makes that champion worthy of the whole community's support?,"[""MISSING:hall_BANT_champion#answer-1"",""MISSING:hall_BANT_champion#answer-2"",""MISSING:hall_BANT_champion#answer-3"",""MISSING:hall_BANT_champion#answer-4""]",Differentiate BANT; authored signals: supported champion | procedure over champion | broad communal belonging | adaptation over honor,"[""social-behavior"",""aesthetic-or-narrative-preference""]",HIGH,MEDIUM,LOW,NO,HIGH,NOT-EXPLICIT,PRESENT,0.158,"[""uncontrolled-editorial-construct"",""procedure-and-order"",""community-and-belonging"",""growth-and-nature""]",overlapping:uncontrolled-editorial-construct+procedure-and-order+community-and-belonging+growth-and-nature,"ABSENT: no explicit unknown, unsure, neutral, neither, mixed, or depends answer",MEDIUM-HIGH,HIGH when the player is mixed/uncertain; no non-directional state exists,UNVALIDATED effect-count spread 2,UNVALIDATED: signal text is expanded by shared templates without per-claim entailment,No answer-level source or claim reference in the live model; editorial interpretation only,RETUNE,"Separate constructs, normalize effects, add stable answer IDs/provenance, and retest neighboring identities."
hall_BANT_living_order,hall,"Order can protect, refine, or smother a living community. What makes it honorable?","[""MISSING:hall_BANT_living_order#answer-1"",""MISSING:hall_BANT_living_order#answer-2"",""MISSING:hall_BANT_living_order#answer-3"",""MISSING:hall_BANT_living_order#answer-4""]",Differentiate BANT; authored signals: living order | airtight procedure | belonging before rank | adaptive life,"[""social-behavior"",""psychographic-or-motivational-inference-risk"",""philosophical-preference""]",HIGH,MEDIUM-HIGH,LOW,NO,HIGH,NOT-EXPLICIT,NOT-EXPLICIT,0.154,"[""procedure-and-order"",""community-and-belonging"",""decay-and-renewal""]",overlapping:procedure-and-order+community-and-belonging+decay-and-renewal,"ABSENT: no explicit unknown, unsure, neutral, neither, mixed, or depends answer",MEDIUM-HIGH,HIGH when the player is mixed/uncertain; no non-directional state exists,UNVALIDATED effect-count spread 2,UNVALIDATED: signal text is expanded by shared templates without per-claim entailment,No answer-level source or claim reference in the live model; editorial interpretation only,RETUNE,"Separate constructs, normalize effects, add stable answer IDs/provenance, and retest neighboring identities."
hall_ESPER_perfectibility,hall,"A flawed system can be improved, but only if the change is exact. What makes improvement trustworthy?","[""MISSING:hall_ESPER_perfectibility#answer-1"",""MISSING:hall_ESPER_perfectibility#answer-2"",""MISSING:hall_ESPER_perfectibility#answer-3"",""MISSING:hall_ESPER_perfectibility#answer-4""]",Differentiate ESPER; authored signals: perfectibility through applied knowledge | procedure over perfectibility | hidden leverage over design | living order over exact design,"[""social-behavior"",""aesthetic-or-narrative-preference"",""philosophical-preference""]",MEDIUM,MEDIUM-HIGH,LOW,YES,HIGH,NOT-EXPLICIT,PRESENT,0.2,"[""knowledge-and-deliberation"",""procedure-and-order"",""agency-and-leverage""]",overlapping:knowledge-and-deliberation+procedure-and-order+agency-and-leverage,"ABSENT: no explicit unknown, unsure, neutral, neither, mixed, or depends answer",MEDIUM-HIGH,HIGH when the player is mixed/uncertain; no non-directional state exists,UNVALIDATED effect-count spread 4,UNVALIDATED: signal text is expanded by shared templates without per-claim entailment,No answer-level source or claim reference in the live model; editorial interpretation only,RETUNE,"Separate constructs, normalize effects, add stable answer IDs/provenance, and retest neighboring identities."
hall_ESPER_designed_control,hall,"A plan is nearly perfect, but one part keeps resisting optimization. What should happen next?","[""MISSING:hall_ESPER_designed_control#answer-1"",""MISSING:hall_ESPER_designed_control#answer-2"",""MISSING:hall_ESPER_designed_control#answer-3"",""MISSING:hall_ESPER_designed_control#answer-4""]",Differentiate ESPER; authored signals: designed control | obligation over optimization | hidden variable control | community over optimization,"[""social-behavior"",""aesthetic-or-narrative-preference"",""philosophical-preference""]",HIGH,LOW,HIGH,YES,HIGH,NOT-EXPLICIT,NOT-EXPLICIT,0.167,"[""uncontrolled-editorial-construct"",""community-and-belonging""]",overlapping:uncontrolled-editorial-construct+community-and-belonging,"ABSENT: no explicit unknown, unsure, neutral, neither, mixed, or depends answer",HIGH,HIGH when the player is mixed/uncertain; no non-directional state exists,INCONSISTENT effect-count spread 5,UNVALIDATED: signal text is expanded by shared templates without per-claim entailment,No answer-level source or claim reference in the live model; editorial interpretation only,REPLACE,Do not carry into the first pilot without a new evidence-derived construct and representational-failure option.
hall_GRIXIS_survival_opening,hall,A hostile situation leaves one narrow opening. What makes the next move true?,"[""MISSING:hall_GRIXIS_survival_opening#answer-1"",""MISSING:hall_GRIXIS_survival_opening#answer-2"",""MISSING:hall_GRIXIS_survival_opening#answer-3"",""MISSING:hall_GRIXIS_survival_opening#answer-4""]",Differentiate GRIXIS; authored signals: calculated survival opening | legitimacy over survival | appetite over calculation | community over survival leverage,"[""social-behavior"",""psychographic-or-motivational-inference-risk""]",LOW,LOW,HIGH,NO,HIGH,NOT-EXPLICIT,PRESENT,0.125,"[""uncontrolled-editorial-construct"",""community-and-belonging""]",overlapping:uncontrolled-editorial-construct+community-and-belonging,"ABSENT: no explicit unknown, unsure, neutral, neither, mixed, or depends answer",HIGH,HIGH when the player is mixed/uncertain; no non-directional state exists,INCONSISTENT effect-count spread 5,UNVALIDATED: signal text is expanded by shared templates without per-claim entailment,No answer-level source or claim reference in the live model; editorial interpretation only,REPLACE,Do not carry into the first pilot without a new evidence-derived construct and representational-failure option.
hall_GRIXIS_volatile_calculation,hall,"The information is incomplete, the pressure is rising, and delay has a cost. What wins your trust?","[""MISSING:hall_GRIXIS_volatile_calculation#answer-1"",""MISSING:hall_GRIXIS_volatile_calculation#answer-2"",""MISSING:hall_GRIXIS_volatile_calculation#answer-3"",""MISSING:hall_GRIXIS_volatile_calculation#answer-4""]",Differentiate GRIXIS; authored signals: volatile calculation | exact control over volatility | experiment over survival leverage | shared order over self-advocacy,"[""social-behavior"",""psychographic-or-motivational-inference-risk"",""philosophical-preference""]",HIGH,MEDIUM-HIGH,MEDIUM,YES,HIGH,NOT-EXPLICIT,PRESENT,0.1,"[""uncontrolled-editorial-construct"",""experiment-and-invention"",""procedure-and-order""]",overlapping:uncontrolled-editorial-construct+experiment-and-invention+procedure-and-order,"ABSENT: no explicit unknown, unsure, neutral, neither, mixed, or depends answer",MEDIUM-HIGH,HIGH when the player is mixed/uncertain; no non-directional state exists,INCONSISTENT effect-count spread 5,UNVALIDATED: signal text is expanded by shared templates without per-claim entailment,No answer-level source or claim reference in the live model; editorial interpretation only,RETUNE,"Separate constructs, normalize effects, add stable answer IDs/provenance, and retest neighboring identities."
hall_JUND_instinct_pressure,hall,Pressure strips away the polite answer. What makes the next move true?,"[""MISSING:hall_JUND_instinct_pressure#answer-1"",""MISSING:hall_JUND_instinct_pressure#answer-2"",""MISSING:hall_JUND_instinct_pressure#answer-3"",""MISSING:hall_JUND_instinct_pressure#answer-4""]",Differentiate JUND; authored signals: instinct under pressure | legitimacy over instinct | belonging over appetite | calculation over gut truth,"[""social-behavior"",""psychographic-or-motivational-inference-risk"",""philosophical-preference""]",LOW,LOW,HIGH,NO,HIGH,NOT-EXPLICIT,PRESENT,0.13,"[""growth-and-nature"",""community-and-belonging"",""uncontrolled-editorial-construct""]",overlapping:growth-and-nature+community-and-belonging+uncontrolled-editorial-construct,"ABSENT: no explicit unknown, unsure, neutral, neither, mixed, or depends answer",HIGH,HIGH when the player is mixed/uncertain; no non-directional state exists,UNVALIDATED effect-count spread 3,UNVALIDATED: signal text is expanded by shared templates without per-claim entailment,No answer-level source or claim reference in the live model; editorial interpretation only,REPLACE,Do not carry into the first pilot without a new evidence-derived construct and representational-failure option.
hall_JUND_appetite_consequence,hall,A hunger rises with real cost attached. What makes it worth following?,"[""MISSING:hall_JUND_appetite_consequence#answer-1"",""MISSING:hall_JUND_appetite_consequence#answer-2"",""MISSING:hall_JUND_appetite_consequence#answer-3"",""MISSING:hall_JUND_appetite_consequence#answer-4""]",Differentiate JUND; authored signals: appetite with consequence | duty over appetite | performance over survival appetite | cycle over appetite,"[""gameplay-or-deck-behavior"",""social-behavior"",""psychographic-or-motivational-inference-risk"",""aesthetic-or-narrative-preference""]",HIGH,LOW,HIGH,NO,HIGH,NOT-EXPLICIT,PRESENT,0.16,"[""uncontrolled-editorial-construct"",""protection-and-duty"",""expression-and-performance""]",overlapping:uncontrolled-editorial-construct+protection-and-duty+expression-and-performance,"ABSENT: no explicit unknown, unsure, neutral, neither, mixed, or depends answer",HIGH,HIGH when the player is mixed/uncertain; no non-directional state exists,UNVALIDATED effect-count spread 4,UNVALIDATED: signal text is expanded by shared templates without per-claim entailment,No answer-level source or claim reference in the live model; editorial interpretation only,REPLACE,Do not carry into the first pilot without a new evidence-derived construct and representational-failure option.
hall_NAYA_living_whole,hall,"A living world pulls through care, instinct, and scale. What makes the next move trustworthy?","[""MISSING:hall_NAYA_living_whole#answer-1"",""MISSING:hall_NAYA_living_whole#answer-2"",""MISSING:hall_NAYA_living_whole#answer-3"",""MISSING:hall_NAYA_living_whole#answer-4""]",Differentiate NAYA; authored signals: belonging through protective abundance | shared community over living-world instinct | appetite over belonging | calculation over belonging,"[""social-behavior"",""psychographic-or-motivational-inference-risk""]",LOW,LOW,HIGH,YES,HIGH,NOT-EXPLICIT,PRESENT,0.136,"[""protection-and-duty"",""community-and-belonging""]",overlapping:protection-and-duty+community-and-belonging,"ABSENT: no explicit unknown, unsure, neutral, neither, mixed, or depends answer",HIGH,HIGH when the player is mixed/uncertain; no non-directional state exists,UNVALIDATED effect-count spread 2,UNVALIDATED: signal text is expanded by shared templates without per-claim entailment,No answer-level source or claim reference in the live model; editorial interpretation only,REPLACE,Do not carry into the first pilot without a new evidence-derived construct and representational-failure option.
hall_NAYA_abundance_instinct,hall,Scale is rising fast. When does abundance become wisdom instead of just size?,"[""MISSING:hall_NAYA_abundance_instinct#answer-1"",""MISSING:hall_NAYA_abundance_instinct#answer-2"",""MISSING:hall_NAYA_abundance_instinct#answer-3"",""MISSING:hall_NAYA_abundance_instinct#answer-4""]",Differentiate NAYA; authored signals: abundance held by belonging | appetite over abundance | sanctioned order over abundance | shared community over living-world scale,"[""gameplay-or-deck-behavior"",""social-behavior"",""psychographic-or-motivational-inference-risk"",""philosophical-preference""]",HIGH,LOW,HIGH,NO,HIGH,NOT-EXPLICIT,NOT-EXPLICIT,0.294,"[""community-and-belonging"",""uncontrolled-editorial-construct"",""procedure-and-order""]",overlapping:community-and-belonging+uncontrolled-editorial-construct+procedure-and-order,"ABSENT: no explicit unknown, unsure, neutral, neither, mixed, or depends answer",HIGH,HIGH when the player is mixed/uncertain; no non-directional state exists,UNVALIDATED effect-count spread 2,UNVALIDATED: signal text is expanded by shared templates without per-claim entailment,No answer-level source or claim reference in the live model; editorial interpretation only,REPLACE,Do not carry into the first pilot without a new evidence-derived construct and representational-failure option.
hall_ABZAN_family_endurance,hall,"The house can survive, but only if the next move carries family duty forward. What makes endurance trustworthy?","[""MISSING:hall_ABZAN_family_endurance#answer-1"",""MISSING:hall_ABZAN_family_endurance#answer-2"",""MISSING:hall_ABZAN_family_endurance#answer-3"",""MISSING:hall_ABZAN_family_endurance#answer-4""]",Differentiate ABZAN; authored signals: family endurance through house continuity | growth over inherited duty | survival pressure over house continuity | public legitimacy over family continuity,"[""social-behavior"",""philosophical-preference""]",MEDIUM,MEDIUM,LOW,YES,HIGH,NOT-EXPLICIT,PRESENT,0.115,"[""uncontrolled-editorial-construct"",""protection-and-duty"",""speed-and-action""]",overlapping:uncontrolled-editorial-construct+protection-and-duty+speed-and-action,"ABSENT: no explicit unknown, unsure, neutral, neither, mixed, or depends answer",MEDIUM-HIGH,HIGH when the player is mixed/uncertain; no non-directional state exists,UNVALIDATED effect-count spread 3,UNVALIDATED: signal text is expanded by shared templates without per-claim entailment,No answer-level source or claim reference in the live model; editorial interpretation only,RETUNE,"Separate constructs, normalize effects, add stable answer IDs/provenance, and retest neighboring identities."
hall_ABZAN_ancestor_perennation,hall,"Ancestors, roots, and the dead are present in the decision. How should memory guide the living?","[""MISSING:hall_ABZAN_ancestor_perennation#answer-1"",""MISSING:hall_ABZAN_ancestor_perennation#answer-2"",""MISSING:hall_ABZAN_ancestor_perennation#answer-3"",""MISSING:hall_ABZAN_ancestor_perennation#answer-4""]",Differentiate ABZAN; authored signals: ancestor duty through perennation | life-death cycle over house memory | living care over ancestor obligation | freedom from inherited duty,"[""social-behavior"",""philosophical-preference"",""lore-or-setting-proxy""]",LOW,LOW,HIGH,YES,HIGH,PRESENT,NOT-EXPLICIT,0.111,"[""protection-and-duty"",""decay-and-renewal"",""history-and-memory""]",overlapping:protection-and-duty+decay-and-renewal+history-and-memory,"ABSENT: no explicit unknown, unsure, neutral, neither, mixed, or depends answer",HIGH,HIGH when the player is mixed/uncertain; no non-directional state exists,UNVALIDATED effect-count spread 1,UNVALIDATED: signal text is expanded by shared templates without per-claim entailment,No answer-level source or claim reference in the live model; editorial interpretation only,REPLACE,Do not carry into the first pilot without a new evidence-derived construct and representational-failure option.
hall_TEMUR_survival_attunement,hall,"The terrain is harsh, the signal is thin, and action has a cost. What makes the next move trustworthy?","[""MISSING:hall_TEMUR_survival_attunement#answer-1"",""MISSING:hall_TEMUR_survival_attunement#answer-2"",""MISSING:hall_TEMUR_survival_attunement#answer-3"",""MISSING:hall_TEMUR_survival_attunement#answer-4""]",Differentiate TEMUR; authored signals: attuned instinct before force | appetite over listening | optimization over wild signal | communal care over harsh-terrain instinct,"[""social-behavior"",""psychographic-or-motivational-inference-risk"",""aesthetic-or-narrative-preference""]",LOW,LOW,HIGH,YES,HIGH,NOT-EXPLICIT,PRESENT,0.174,"[""growth-and-nature"",""uncontrolled-editorial-construct""]",overlapping:growth-and-nature+uncontrolled-editorial-construct,"ABSENT: no explicit unknown, unsure, neutral, neither, mixed, or depends answer",HIGH,HIGH when the player is mixed/uncertain; no non-directional state exists,UNVALIDATED effect-count spread 4,UNVALIDATED: signal text is expanded by shared templates without per-claim entailment,No answer-level source or claim reference in the live model; editorial interpretation only,REPLACE,Do not carry into the first pilot without a new evidence-derived construct and representational-failure option.
hall_TEMUR_elemental_memory,hall,"An old signal moves through stone, ice, storm, and ancestor memory. How should it guide the living?","[""MISSING:hall_TEMUR_elemental_memory#answer-1"",""MISSING:hall_TEMUR_elemental_memory#answer-2"",""MISSING:hall_TEMUR_elemental_memory#answer-3"",""MISSING:hall_TEMUR_elemental_memory#answer-4""]",Differentiate TEMUR; authored signals: elemental memory as survival guidance | ancestor duty over wild memory | leverage over elemental listening | abundance over harsh-terrain memory,"[""gameplay-or-deck-behavior"",""social-behavior"",""philosophical-preference"",""lore-or-setting-proxy""]",HIGH,LOW,HIGH,YES,HIGH,PRESENT,NOT-EXPLICIT,0.125,"[""history-and-memory"",""protection-and-duty"",""agency-and-leverage""]",overlapping:history-and-memory+protection-and-duty+agency-and-leverage,"ABSENT: no explicit unknown, unsure, neutral, neither, mixed, or depends answer",HIGH,HIGH when the player is mixed/uncertain; no non-directional state exists,UNVALIDATED effect-count spread 2,UNVALIDATED: signal text is expanded by shared templates without per-claim entailment,No answer-level source or claim reference in the live model; editorial interpretation only,REPLACE,Do not carry into the first pilot without a new evidence-derived construct and representational-failure option.
hall_SULTAI_resource_conversion,hall,"A resource is ugly, hidden, or costly, but it could become power. What makes using it trustworthy?","[""MISSING:hall_SULTAI_resource_conversion#answer-1"",""MISSING:hall_SULTAI_resource_conversion#answer-2"",""MISSING:hall_SULTAI_resource_conversion#answer-3"",""MISSING:hall_SULTAI_resource_conversion#answer-4""]",Differentiate SULTAI; authored signals: ruthless resource conversion | house duty over resource conversion | attunement over ruthless conversion | spectacle over hidden conversion,"[""gameplay-or-deck-behavior"",""social-behavior"",""aesthetic-or-narrative-preference""]",HIGH,LOW,HIGH,YES,HIGH,NOT-EXPLICIT,PRESENT,0.167,"[""uncontrolled-editorial-construct"",""protection-and-duty"",""expression-and-performance""]",overlapping:uncontrolled-editorial-construct+protection-and-duty+expression-and-performance,"ABSENT: no explicit unknown, unsure, neutral, neither, mixed, or depends answer",HIGH,HIGH when the player is mixed/uncertain; no non-directional state exists,UNVALIDATED effect-count spread 3,UNVALIDATED: signal text is expanded by shared templates without per-claim entailment,No answer-level source or claim reference in the live model; editorial interpretation only,REPLACE,Do not carry into the first pilot without a new evidence-derived construct and representational-failure option.
hall_SULTAI_dead_usefulness,hall,"The dead, the discarded, or the secret cost can still guide the living. What should happen next?","[""MISSING:hall_SULTAI_dead_usefulness#answer-1"",""MISSING:hall_SULTAI_dead_usefulness#answer-2"",""MISSING:hall_SULTAI_dead_usefulness#answer-3"",""MISSING:hall_SULTAI_dead_usefulness#answer-4""]",Differentiate SULTAI; authored signals: death converted into power | ancestor duty over necromantic utility | vitality ecology over ruthless utility | elemental memory over utility,"[""gameplay-or-deck-behavior"",""social-behavior"",""psychographic-or-motivational-inference-risk"",""aesthetic-or-narrative-preference"",""lore-or-setting-proxy""]",HIGH,LOW,HIGH,YES,HIGH,PRESENT,NOT-EXPLICIT,0.125,"[""agency-and-leverage"",""protection-and-duty"",""uncontrolled-editorial-construct"",""history-and-memory""]",overlapping:agency-and-leverage+protection-and-duty+uncontrolled-editorial-construct+history-and-memory,"ABSENT: no explicit unknown, unsure, neutral, neither, mixed, or depends answer",HIGH,HIGH when the player is mixed/uncertain; no non-directional state exists,UNVALIDATED effect-count spread 3,UNVALIDATED: signal text is expanded by shared templates without per-claim entailment,No answer-level source or claim reference in the live model; editorial interpretation only,REPLACE,Do not carry into the first pilot without a new evidence-derived construct and representational-failure option.
hall_MARDU_total_commitment,hall,"The opening is here, but hesitation will break the charge. What makes action trustworthy?","[""MISSING:hall_MARDU_total_commitment#answer-1"",""MISSING:hall_MARDU_total_commitment#answer-2"",""MISSING:hall_MARDU_total_commitment#answer-3"",""MISSING:hall_MARDU_total_commitment#answer-4""]",Differentiate MARDU; authored signals: Red-centered speed through coordinated attack | house endurance over raid momentum | attunement over immediate charge | resource conversion over open assault,"[""gameplay-or-deck-behavior"",""social-behavior""]",LOW,LOW,HIGH,YES,HIGH,NOT-EXPLICIT,PRESENT,0.172,"[""speed-and-action"",""uncontrolled-editorial-construct""]",overlapping:speed-and-action+uncontrolled-editorial-construct,"ABSENT: no explicit unknown, unsure, neutral, neither, mixed, or depends answer",HIGH,HIGH when the player is mixed/uncertain; no non-directional state exists,UNVALIDATED effect-count spread 3,UNVALIDATED: signal text is expanded by shared templates without per-claim entailment,No answer-level source or claim reference in the live model; editorial interpretation only,REPLACE,Do not carry into the first pilot without a new evidence-derived construct and representational-failure option.
hall_MARDU_war_name_oath,hall,"A charge can win the moment, but only a name and code can carry it forward. What keeps speed from becoming noise?","[""MISSING:hall_MARDU_war_name_oath#answer-1"",""MISSING:hall_MARDU_war_name_oath#answer-2"",""MISSING:hall_MARDU_war_name_oath#answer-3"",""MISSING:hall_MARDU_war_name_oath#answer-4""]",Differentiate MARDU; authored signals: war-name oath and martial structure | appetite over oath-bound formation | living-world care over martial raid | ruthless conversion over visible war code,"[""social-behavior"",""psychographic-or-motivational-inference-risk"",""aesthetic-or-narrative-preference"",""philosophical-preference""]",LOW,LOW,HIGH,YES,HIGH,NOT-EXPLICIT,PRESENT,0.16,"[""procedure-and-order"",""uncontrolled-editorial-construct"",""expression-and-performance""]",overlapping:procedure-and-order+uncontrolled-editorial-construct+expression-and-performance,"ABSENT: no explicit unknown, unsure, neutral, neither, mixed, or depends answer",HIGH,HIGH when the player is mixed/uncertain; no non-directional state exists,UNVALIDATED effect-count spread 3,UNVALIDATED: signal text is expanded by shared templates without per-claim entailment,No answer-level source or claim reference in the live model; editorial interpretation only,REPLACE,Do not carry into the first pilot without a new evidence-derived construct and representational-failure option.
hall_JESKAI_disciplined_cunning,hall,Insight arrives before the field is ready for it. What makes the next action trustworthy?,"[""MISSING:hall_JESKAI_disciplined_cunning#answer-1"",""MISSING:hall_JESKAI_disciplined_cunning#answer-2"",""MISSING:hall_JESKAI_disciplined_cunning#answer-3"",""MISSING:hall_JESKAI_disciplined_cunning#answer-4""]",Differentiate JESKAI; authored signals: Blue-centered cunning through disciplined action | immediate charge over trained timing | resource conversion over open discipline | attunement over practiced form,"[""social-behavior"",""philosophical-preference""]",LOW,LOW,HIGH,NO,HIGH,NOT-EXPLICIT,PRESENT,0.138,"[""speed-and-action"",""uncontrolled-editorial-construct""]",overlapping:speed-and-action+uncontrolled-editorial-construct,"ABSENT: no explicit unknown, unsure, neutral, neither, mixed, or depends answer",HIGH,HIGH when the player is mixed/uncertain; no non-directional state exists,UNVALIDATED effect-count spread 3,UNVALIDATED: signal text is expanded by shared templates without per-claim entailment,No answer-level source or claim reference in the live model; editorial interpretation only,REPLACE,Do not carry into the first pilot without a new evidence-derived construct and representational-failure option.
hall_JESKAI_way_form,hall,A discipline can sharpen action or become empty restraint. What keeps the Way alive?,"[""MISSING:hall_JESKAI_way_form#answer-1"",""MISSING:hall_JESKAI_way_form#answer-2"",""MISSING:hall_JESKAI_way_form#answer-3"",""MISSING:hall_JESKAI_way_form#answer-4""]",Differentiate JESKAI; authored signals: shared restraint giving insight form | war-name oath over monastery form | procedure over martial insight | survival attunement over refined Way,"[""social-behavior"",""aesthetic-or-narrative-preference"",""philosophical-preference""]",HIGH,LOW,HIGH,NO,HIGH,NOT-EXPLICIT,PRESENT,0.2,"[""community-and-belonging"",""uncontrolled-editorial-construct"",""procedure-and-order""]",overlapping:community-and-belonging+uncontrolled-editorial-construct+procedure-and-order,"ABSENT: no explicit unknown, unsure, neutral, neither, mixed, or depends answer",HIGH,HIGH when the player is mixed/uncertain; no non-directional state exists,UNVALIDATED effect-count spread 2,UNVALIDATED: signal text is expanded by shared templates without per-claim entailment,No answer-level source or claim reference in the live model; editorial interpretation only,REPLACE,Do not carry into the first pilot without a new evidence-derived construct and representational-failure option.
hall_YORE_engineered_agency,hall,"A limit looks natural, final, or inherited. What makes pushing past it trustworthy?","[""MISSING:hall_YORE_engineered_agency#answer-1"",""MISSING:hall_YORE_engineered_agency#answer-2"",""MISSING:hall_YORE_engineered_agency#answer-3"",""MISSING:hall_YORE_engineered_agency#answer-4""]",Differentiate YORE; authored signals: engineered agency against finality | artifact perfection without Red heat | resource conversion without civic artifice | natural signal over constructed agency,"[""social-behavior"",""psychographic-or-motivational-inference-risk"",""aesthetic-or-narrative-preference"",""philosophical-preference""]",LOW,LOW,HIGH,NO,HIGH,NOT-EXPLICIT,PRESENT,0.143,"[""agency-and-leverage"",""expression-and-performance""]",overlapping:agency-and-leverage+expression-and-performance,"ABSENT: no explicit unknown, unsure, neutral, neither, mixed, or depends answer",HIGH,HIGH when the player is mixed/uncertain; no non-directional state exists,UNVALIDATED effect-count spread 3,UNVALIDATED: signal text is expanded by shared templates without per-claim entailment,No answer-level source or claim reference in the live model; editorial interpretation only,REPLACE,Do not carry into the first pilot without a new evidence-derived construct and representational-failure option.
hall_YORE_artifice_boundary,hall,"The answer involves artifacts, recursion, or optimization. What keeps it from being generic machinery?","[""MISSING:hall_YORE_artifice_boundary#answer-1"",""MISSING:hall_YORE_artifice_boundary#answer-2"",""MISSING:hall_YORE_artifice_boundary#answer-3"",""MISSING:hall_YORE_artifice_boundary#answer-4""]",Differentiate YORE; authored signals: artifice as refusal of natural surrender | generic artifact preference | generic recursion preference | martial opening over artifice,"[""gameplay-or-deck-behavior"",""psychographic-or-motivational-inference-risk"",""aesthetic-or-narrative-preference"",""philosophical-preference""]",HIGH,LOW,HIGH,YES,HIGH,NOT-EXPLICIT,NOT-EXPLICIT,0.185,"[""expression-and-performance"",""uncontrolled-editorial-construct""]",overlapping:expression-and-performance+uncontrolled-editorial-construct,"ABSENT: no explicit unknown, unsure, neutral, neither, mixed, or depends answer",HIGH,HIGH when the player is mixed/uncertain; no non-directional state exists,UNVALIDATED effect-count spread 4,UNVALIDATED: signal text is expanded by shared templates without per-claim entailment,No answer-level source or claim reference in the live model; editorial interpretation only,REPLACE,Do not carry into the first pilot without a new evidence-derived construct and representational-failure option.
hall_GLINT_living_force,hall,The table is unstable and the opening is real. What keeps the surge from collapsing into generic chaos?,"[""MISSING:hall_GLINT_living_force#answer-1"",""MISSING:hall_GLINT_living_force#answer-2"",""MISSING:hall_GLINT_living_force#answer-3"",""MISSING:hall_GLINT_living_force#answer-4""]",Differentiate GLINT; authored signals: living force under pressure rather than generic chaos | variance without the non-White frame | appetite without adaptive intelligence | attunement without Black appetite,"[""gameplay-or-deck-behavior"",""social-behavior"",""psychographic-or-motivational-inference-risk"",""aesthetic-or-narrative-preference""]",HIGH,MEDIUM-HIGH,MEDIUM,YES,HIGH,NOT-EXPLICIT,PRESENT,0.207,"[""speed-and-action"",""uncontrolled-editorial-construct"",""growth-and-nature""]",overlapping:speed-and-action+uncontrolled-editorial-construct+growth-and-nature,"ABSENT: no explicit unknown, unsure, neutral, neither, mixed, or depends answer",MEDIUM-HIGH,HIGH when the player is mixed/uncertain; no non-directional state exists,UNVALIDATED effect-count spread 2,UNVALIDATED: signal text is expanded by shared templates without per-claim entailment,No answer-level source or claim reference in the live model; editorial interpretation only,RETUNE,"Separate constructs, normalize effects, add stable answer IDs/provenance, and retest neighboring identities."
hall_GLINT_missing_white,hall,A powerful engine keeps learning and feeding. What proves it is Glint rather than a nearby shell?,"[""MISSING:hall_GLINT_missing_white#answer-1"",""MISSING:hall_GLINT_missing_white#answer-2"",""MISSING:hall_GLINT_missing_white#answer-3"",""MISSING:hall_GLINT_missing_white#answer-4""]",Differentiate GLINT; authored signals: missing white as active boundary | grixis pressure without Green life | jund appetite without Blue intelligence | temur experimentation without Black appetite,"[""social-behavior"",""psychographic-or-motivational-inference-risk"",""aesthetic-or-narrative-preference"",""philosophical-preference""]",LOW,LOW,HIGH,YES,HIGH,NOT-EXPLICIT,PRESENT,0.222,"[""uncontrolled-editorial-construct"",""decay-and-renewal"",""experiment-and-invention""]",overlapping:uncontrolled-editorial-construct+decay-and-renewal+experiment-and-invention,"ABSENT: no explicit unknown, unsure, neutral, neither, mixed, or depends answer",HIGH,HIGH when the player is mixed/uncertain; no non-directional state exists,UNVALIDATED effect-count spread 4,UNVALIDATED: signal text is expanded by shared templates without per-claim entailment,No answer-level source or claim reference in the live model; editorial interpretation only,REPLACE,Do not carry into the first pilot without a new evidence-derived construct and representational-failure option.
hall_DUNE_territorial_force,hall,"The line could stop to study, negotiate, or wait. What makes moving first feel trustworthy?","[""MISSING:hall_DUNE_territorial_force#answer-1"",""MISSING:hall_DUNE_territorial_force#answer-2"",""MISSING:hall_DUNE_territorial_force#answer-3"",""MISSING:hall_DUNE_territorial_force#answer-4""]",Differentiate DUNE; authored signals: organized territorial pressure before detached contemplation | jund instinct over common-front line | naya belonging over black conquest pressure | glint adaptation with blue present,"[""social-behavior"",""psychographic-or-motivational-inference-risk""]",MEDIUM,MEDIUM-HIGH,LOW,YES,HIGH,NOT-EXPLICIT,PRESENT,0.207,"[""speed-and-action"",""growth-and-nature"",""community-and-belonging""]",overlapping:speed-and-action+growth-and-nature+community-and-belonging,"ABSENT: no explicit unknown, unsure, neutral, neither, mixed, or depends answer",MEDIUM-HIGH,HIGH when the player is mixed/uncertain; no non-directional state exists,UNVALIDATED effect-count spread 4,UNVALIDATED: signal text is expanded by shared templates without per-claim entailment,No answer-level source or claim reference in the live model; editorial interpretation only,RETUNE,"Separate constructs, normalize effects, add stable answer IDs/provenance, and retest neighboring identities."
hall_DUNE_missing_blue,hall,"A force can be coordinated, hungry, alive, and immediate. What proves it is Dune rather than a nearby shell?","[""MISSING:hall_DUNE_missing_blue#answer-1"",""MISSING:hall_DUNE_missing_blue#answer-2"",""MISSING:hall_DUNE_missing_blue#answer-3"",""MISSING:hall_DUNE_missing_blue#answer-4""]",Differentiate DUNE; authored signals: missing blue as territorial-pressure boundary | mardu speed without green multiplication | abzan endurance without red ignition | glint volatility with blue present,"[""psychographic-or-motivational-inference-risk"",""aesthetic-or-narrative-preference"",""philosophical-preference""]",LOW,LOW,HIGH,YES,HIGH,NOT-EXPLICIT,PRESENT,0.286,"[""speed-and-action"",""uncontrolled-editorial-construct""]",overlapping:speed-and-action+uncontrolled-editorial-construct,"ABSENT: no explicit unknown, unsure, neutral, neither, mixed, or depends answer",HIGH,HIGH when the player is mixed/uncertain; no non-directional state exists,UNVALIDATED effect-count spread 4,UNVALIDATED: signal text is expanded by shared templates without per-claim entailment,No answer-level source or claim reference in the live model; editorial interpretation only,REPLACE,Do not carry into the first pilot without a new evidence-derived construct and representational-failure option.
hall_INK_protected_abundance,hall,"A gift, archive, or shared resource could help everyone, but it could also be captured. What makes sharing trustworthy?","[""MISSING:hall_INK_protected_abundance#answer-1"",""MISSING:hall_INK_protected_abundance#answer-2"",""MISSING:hall_INK_protected_abundance#answer-3"",""MISSING:hall_INK_protected_abundance#answer-4""]",Differentiate INK; authored signals: protected public abundance | appetite over protected reciprocity | force-backed line over open commons | procedure-first public process,"[""social-behavior"",""psychographic-or-motivational-inference-risk"",""philosophical-preference"",""lore-or-setting-proxy""]",HIGH,LOW,HIGH,YES,HIGH,PRESENT,PRESENT,0.156,"[""protection-and-duty"",""uncontrolled-editorial-construct"",""procedure-and-order""]",overlapping:protection-and-duty+uncontrolled-editorial-construct+procedure-and-order,"ABSENT: no explicit unknown, unsure, neutral, neither, mixed, or depends answer",HIGH,HIGH when the player is mixed/uncertain; no non-directional state exists,INCONSISTENT effect-count spread 5,UNVALIDATED: signal text is expanded by shared templates without per-claim entailment,No answer-level source or claim reference in the live model; editorial interpretation only,REPLACE,Do not carry into the first pilot without a new evidence-derived construct and representational-failure option.
hall_INK_missing_black,hall,"The table wants abundance, knowledge, and care to circulate. What proves the center is Ink rather than generic group-hug?","[""MISSING:hall_INK_missing_black#answer-1"",""MISSING:hall_INK_missing_black#answer-2"",""MISSING:hall_INK_missing_black#answer-3"",""MISSING:hall_INK_missing_black#answer-4""]",Differentiate INK; authored signals: missing Black as anti-hoarding boundary | generic group-hug abundance | public archive shortcut | single-anchor shortcut,"[""gameplay-or-deck-behavior"",""social-behavior"",""psychographic-or-motivational-inference-risk"",""aesthetic-or-narrative-preference"",""philosophical-preference"",""lore-or-setting-proxy""]",HIGH,MEDIUM,MEDIUM,YES,HIGH,PRESENT,NOT-EXPLICIT,0.133,"[""uncontrolled-editorial-construct"",""history-and-memory""]",overlapping:uncontrolled-editorial-construct+history-and-memory,"ABSENT: no explicit unknown, unsure, neutral, neither, mixed, or depends answer",MEDIUM-HIGH,HIGH when the player is mixed/uncertain; no non-directional state exists,UNVALIDATED effect-count spread 4,UNVALIDATED: signal text is expanded by shared templates without per-claim entailment,No answer-level source or claim reference in the live model; editorial interpretation only,RETUNE,"Separate constructs, normalize effects, add stable answer IDs/provenance, and retest neighboring identities."
hall_WITCH_patient_cultivation,hall,A small investment could become inevitable if it survives long enough. What makes that patience trustworthy?,"[""MISSING:hall_WITCH_patient_cultivation#answer-1"",""MISSING:hall_WITCH_patient_cultivation#answer-2"",""MISSING:hall_WITCH_patient_cultivation#answer-3"",""MISSING:hall_WITCH_patient_cultivation#answer-4""]",Differentiate WITCH; authored signals: patient cultivation protected by structure | bant order without Black ambition | sultai leverage without White structure | ink commons over private inevitability,"[""gameplay-or-deck-behavior"",""social-behavior"",""psychographic-or-motivational-inference-risk"",""philosophical-preference""]",HIGH,LOW,HIGH,NO,HIGH,NOT-EXPLICIT,PRESENT,0.28,"[""procedure-and-order"",""uncontrolled-editorial-construct""]",overlapping:procedure-and-order+uncontrolled-editorial-construct,"ABSENT: no explicit unknown, unsure, neutral, neither, mixed, or depends answer",HIGH,HIGH when the player is mixed/uncertain; no non-directional state exists,INCONSISTENT effect-count spread 6,UNVALIDATED: signal text is expanded by shared templates without per-claim entailment,No answer-level source or claim reference in the live model; editorial interpretation only,REPLACE,Do not carry into the first pilot without a new evidence-derived construct and representational-failure option.
hall_WITCH_missing_red,hall,"The plan is alive, protected, and ambitious. What proves it is Witch rather than a nearby shell or a Red-touched surge?","[""MISSING:hall_WITCH_missing_red#answer-1"",""MISSING:hall_WITCH_missing_red#answer-2"",""MISSING:hall_WITCH_missing_red#answer-3"",""MISSING:hall_WITCH_missing_red#answer-4""]",Differentiate WITCH; authored signals: missing Red as active cultivation boundary | glint surge with Red present | dune pressure with Red present | generic counters shortcut,"[""gameplay-or-deck-behavior"",""social-behavior"",""psychographic-or-motivational-inference-risk"",""aesthetic-or-narrative-preference""]",HIGH,MEDIUM,LOW,YES,HIGH,NOT-EXPLICIT,PRESENT,0.179,"[""uncontrolled-editorial-construct"",""speed-and-action""]",overlapping:uncontrolled-editorial-construct+speed-and-action,"ABSENT: no explicit unknown, unsure, neutral, neither, mixed, or depends answer",MEDIUM-HIGH,HIGH when the player is mixed/uncertain; no non-directional state exists,INCONSISTENT effect-count spread 6,UNVALIDATED: signal text is expanded by shared templates without per-claim entailment,No answer-level source or claim reference in the live model; editorial interpretation only,RETUNE,"Separate constructs, normalize effects, add stable answer IDs/provenance, and retest neighboring identities."
hall_WR_protection,hall,The rules are too slow to prevent clear harm. What does virtue require?,"[""MISSING:hall_WR_protection#answer-1"",""MISSING:hall_WR_protection#answer-2"",""MISSING:hall_WR_protection#answer-3"",""MISSING:hall_WR_protection#answer-4""]",Differentiate WR; authored signals: protective action | procedural restraint | historical warning | collective harmony,"[""social-behavior"",""psychographic-or-motivational-inference-risk""]",MEDIUM,MEDIUM-HIGH,MEDIUM,NO,HIGH,NOT-EXPLICIT,NOT-EXPLICIT,0.095,"[""protection-and-duty"",""uncontrolled-editorial-construct"",""community-and-belonging""]",overlapping:protection-and-duty+uncontrolled-editorial-construct+community-and-belonging,"ABSENT: no explicit unknown, unsure, neutral, neither, mixed, or depends answer",MEDIUM-HIGH,HIGH when the player is mixed/uncertain; no non-directional state exists,UNVALIDATED effect-count spread 1,UNVALIDATED: signal text is expanded by shared templates without per-claim entailment,No answer-level source or claim reference in the live model; editorial interpretation only,RETUNE,"Separate constructs, normalize effects, add stable answer IDs/provenance, and retest neighboring identities."
hall_LOREHOLD_history,hall,"A crisis demands action, but the past may contain a warning. What comes first?","[""MISSING:hall_LOREHOLD_history#answer-1"",""MISSING:hall_LOREHOLD_history#answer-2"",""MISSING:hall_LOREHOLD_history#answer-3"",""MISSING:hall_LOREHOLD_history#answer-4""]",Differentiate LOREHOLD; authored signals: historical field evidence | present-tense justice | precedent into law | historical pattern,"[""social-behavior"",""aesthetic-or-narrative-preference"",""philosophical-preference"",""lore-or-setting-proxy""]",LOW,LOW,HIGH,NO,HIGH,PRESENT,PRESENT,0.118,"[""uncontrolled-editorial-construct"",""procedure-and-order""]",overlapping:uncontrolled-editorial-construct+procedure-and-order,"ABSENT: no explicit unknown, unsure, neutral, neither, mixed, or depends answer",HIGH,HIGH when the player is mixed/uncertain; no non-directional state exists,UNVALIDATED effect-count spread 1,UNVALIDATED: signal text is expanded by shared templates without per-claim entailment,No answer-level source or claim reference in the live model; editorial interpretation only,REPLACE,Do not carry into the first pilot without a new evidence-derived construct and representational-failure option.
hall_PRISMARI_expression,hall,A work can be technically correct or emotionally unforgettable. What matters more?,"[""MISSING:hall_PRISMARI_expression#answer-1"",""MISSING:hall_PRISMARI_expression#answer-2"",""MISSING:hall_PRISMARI_expression#answer-3"",""MISSING:hall_PRISMARI_expression#answer-4""]",Differentiate PRISMARI; authored signals: elemental artistry | mechanistic curiosity | dangerous spectacle | verbal precision,"[""gameplay-or-deck-behavior"",""social-behavior"",""psychographic-or-motivational-inference-risk"",""aesthetic-or-narrative-preference""]",HIGH,MEDIUM-HIGH,LOW,NO,HIGH,NOT-EXPLICIT,PRESENT,0.059,"[""expression-and-performance"",""uncontrolled-editorial-construct""]",overlapping:expression-and-performance+uncontrolled-editorial-construct,"ABSENT: no explicit unknown, unsure, neutral, neither, mixed, or depends answer",MEDIUM-HIGH,HIGH when the player is mixed/uncertain; no non-directional state exists,UNVALIDATED effect-count spread 1,UNVALIDATED: signal text is expanded by shared templates without per-claim entailment,No answer-level source or claim reference in the live model; editorial interpretation only,RETUNE,"Separate constructs, normalize effects, add stable answer IDs/provenance, and retest neighboring identities."
hall_QUANDRIX_pattern,hall,Reality feels chaotic. What guide do you trust most?,"[""MISSING:hall_QUANDRIX_pattern#answer-1"",""MISSING:hall_QUANDRIX_pattern#answer-2"",""MISSING:hall_QUANDRIX_pattern#answer-3"",""MISSING:hall_QUANDRIX_pattern#answer-4""]",Differentiate QUANDRIX; authored signals: mathematical abstraction | adaptive biology | experimental proof | historical evidence,"[""social-behavior"",""psychographic-or-motivational-inference-risk"",""aesthetic-or-narrative-preference"",""lore-or-setting-proxy""]",LOW,LOW,HIGH,NO,HIGH,PRESENT,PRESENT,0.095,"[""speed-and-action"",""growth-and-nature"",""experiment-and-invention"",""uncontrolled-editorial-construct""]",overlapping:speed-and-action+growth-and-nature+experiment-and-invention+uncontrolled-editorial-construct,"ABSENT: no explicit unknown, unsure, neutral, neither, mixed, or depends answer",HIGH,HIGH when the player is mixed/uncertain; no non-directional state exists,UNVALIDATED effect-count spread 1,UNVALIDATED: signal text is expanded by shared templates without per-claim entailment,No answer-level source or claim reference in the live model; editorial interpretation only,REPLACE,Do not carry into the first pilot without a new evidence-derived construct and representational-failure option.
hall_SILVERQUILL_words,hall,A room is moving in the wrong direction. How do you redirect it?,"[""MISSING:hall_SILVERQUILL_words#answer-1"",""MISSING:hall_SILVERQUILL_words#answer-2"",""MISSING:hall_SILVERQUILL_words#answer-3"",""MISSING:hall_SILVERQUILL_words#answer-4""]",Differentiate SILVERQUILL; authored signals: rhetorical force | contractual speech | formal ruling | elemental expression,"[""psychographic-or-motivational-inference-risk""]",MEDIUM,MEDIUM-HIGH,LOW,NO,HIGH,NOT-EXPLICIT,PRESENT,0.176,"[""uncontrolled-editorial-construct"",""expression-and-performance""]",overlapping:uncontrolled-editorial-construct+expression-and-performance,"ABSENT: no explicit unknown, unsure, neutral, neither, mixed, or depends answer",MEDIUM-HIGH,HIGH when the player is mixed/uncertain; no non-directional state exists,UNVALIDATED effect-count spread 1,UNVALIDATED: signal text is expanded by shared templates without per-claim entailment,No answer-level source or claim reference in the live model; editorial interpretation only,RETUNE,"Separate constructs, normalize effects, add stable answer IDs/provenance, and retest neighboring identities."
hall_WITHERBLOOM_essence,hall,"A cure requires something messy, costly, or morally uncomfortable. What guides you?","[""MISSING:hall_WITHERBLOOM_essence#answer-1"",""MISSING:hall_WITHERBLOOM_essence#answer-2"",""MISSING:hall_WITHERBLOOM_essence#answer-3"",""MISSING:hall_WITHERBLOOM_essence#answer-4""]",Differentiate WITHERBLOOM; authored signals: messy vitality ecology | rot reclamation | biodesign improvement | communal nurture,"[""social-behavior""]",HIGH,MEDIUM-HIGH,LOW,NO,HIGH,NOT-EXPLICIT,NOT-EXPLICIT,0.158,"[""uncontrolled-editorial-construct"",""decay-and-renewal""]",overlapping:uncontrolled-editorial-construct+decay-and-renewal,"ABSENT: no explicit unknown, unsure, neutral, neither, mixed, or depends answer",MEDIUM-HIGH,HIGH when the player is mixed/uncertain; no non-directional state exists,UNVALIDATED effect-count spread 1,UNVALIDATED: signal text is expanded by shared templates without per-claim entailment,No answer-level source or claim reference in the live model; editorial interpretation only,RETUNE,"Separate constructs, normalize effects, add stable answer IDs/provenance, and retest neighboring identities."
hall_COLORLESS_outside_wubrg,hall,"When the color wheel stops being the right language, what makes the restriction feel worth choosing?","[""MISSING:hall_COLORLESS_outside_wubrg#answer-1"",""MISSING:hall_COLORLESS_outside_wubrg#answer-2"",""MISSING:hall_COLORLESS_outside_wubrg#answer-3""]",Differentiate COLORLESS; authored signals: outside-WUBRG precision | artifact engine without strict Colorless boundary | five-color fullness,"[""gameplay-or-deck-behavior"",""social-behavior"",""psychographic-or-motivational-inference-risk"",""aesthetic-or-narrative-preference"",""lore-or-setting-proxy""]",HIGH,MEDIUM-HIGH,LOW,NO,HIGH,PRESENT,PRESENT,0.074,"[""uncontrolled-editorial-construct"",""expression-and-performance""]",overlapping:uncontrolled-editorial-construct+expression-and-performance,"ABSENT: no explicit unknown, unsure, neutral, neither, mixed, or depends answer",MEDIUM-HIGH,HIGH when the player is mixed/uncertain; no non-directional state exists,INCONSISTENT effect-count spread 8,UNVALIDATED: signal text is expanded by shared templates without per-claim entailment,No answer-level source or claim reference in the live model; editorial interpretation only,RETUNE,"Separate constructs, normalize effects, add stable answer IDs/provenance, and retest neighboring identities."
hall_COLORLESS_branch_boundary,hall,Which branch keeps its shape when Colorless is not allowed to collapse into a catch-all?,"[""MISSING:hall_COLORLESS_branch_boundary#answer-1"",""MISSING:hall_COLORLESS_branch_boundary#answer-2"",""MISSING:hall_COLORLESS_branch_boundary#answer-3"",""MISSING:hall_COLORLESS_branch_boundary#answer-4""]",Differentiate COLORLESS; authored signals: strict branch separation | artifact-only false positive | five-color Eldrazi false positive | Phyrexia distinction gap,"[""gameplay-or-deck-behavior"",""social-behavior"",""psychographic-or-motivational-inference-risk"",""aesthetic-or-narrative-preference""]",HIGH,LOW,HIGH,NO,HIGH,NOT-EXPLICIT,PRESENT,0.1,"[""uncontrolled-editorial-construct"",""expression-and-performance""]",overlapping:uncontrolled-editorial-construct+expression-and-performance,"ABSENT: no explicit unknown, unsure, neutral, neither, mixed, or depends answer",HIGH,HIGH when the player is mixed/uncertain; no non-directional state exists,INCONSISTENT effect-count spread 8,UNVALIDATED: signal text is expanded by shared templates without per-claim entailment,No answer-level source or claim reference in the live model; editorial interpretation only,REPLACE,Do not carry into the first pilot without a new evidence-derived construct and representational-failure option.
hall_WUBRG_full_spectrum,hall,"When every color is available, what keeps the plan from becoming everything at once?","[""MISSING:hall_WUBRG_full_spectrum#answer-1"",""MISSING:hall_WUBRG_full_spectrum#answer-2"",""MISSING:hall_WUBRG_full_spectrum#answer-3""]",Differentiate WUBRG; authored signals: all five colors present with roles | generic goodstuff false positive | outside-WUBRG restriction over fullness,"[""gameplay-or-deck-behavior"",""social-behavior"",""psychographic-or-motivational-inference-risk""]",HIGH,MEDIUM-HIGH,MEDIUM,NO,HIGH,NOT-EXPLICIT,NOT-EXPLICIT,0.097,"[""uncontrolled-editorial-construct""]",uncontrolled-editorial-construct,"ABSENT: no explicit unknown, unsure, neutral, neither, mixed, or depends answer",MEDIUM-HIGH,HIGH when the player is mixed/uncertain; no non-directional state exists,INCONSISTENT effect-count spread 6,UNVALIDATED: signal text is expanded by shared templates without per-claim entailment,No answer-level source or claim reference in the live model; editorial interpretation only,RETUNE,"Separate constructs, normalize effects, add stable answer IDs/provenance, and retest neighboring identities."
crucible_COLORLESS_WUBRG,crucible,"When the color wheel is in view, is the answer strongest because it steps outside color, or because every color has a negotiated role?","[""MISSING:crucible_COLORLESS_WUBRG#answer-1"",""MISSING:crucible_COLORLESS_WUBRG#answer-2""]",Broad Gate routing; authored signals: chosen outside-WUBRG restriction | all five colors present and negotiated,"[""social-behavior""]",HIGH,MEDIUM,LOW,YES,LOW-MEDIUM,NOT-EXPLICIT,NOT-EXPLICIT,0.097,"[""uncontrolled-editorial-construct""]",uncontrolled-editorial-construct,"ABSENT: no explicit unknown, unsure, neutral, neither, mixed, or depends answer",MEDIUM,HIGH when the player is mixed/uncertain; no non-directional state exists,UNVALIDATED effect-count spread 0,UNVALIDATED: signal text is expanded by shared templates without per-claim entailment,No answer-level source or claim reference in the live model; editorial interpretation only,RETUNE,"Separate constructs, normalize effects, add stable answer IDs/provenance, and retest neighboring identities."
crucible_W_WU,crucible,"Does dependable protection begin with a shelter people can trust, or a process nobody can bend?","[""MISSING:crucible_W_WU#answer-1"",""MISSING:crucible_W_WU#answer-2""]",Broad Gate routing; authored signals: shelter before procedure | procedure before shelter,"[""social-behavior""]",MEDIUM,MEDIUM-HIGH,LOW,YES,MEDIUM,NOT-EXPLICIT,PRESENT,0.118,"[""procedure-and-order""]",procedure-and-order,"ABSENT: no explicit unknown, unsure, neutral, neither, mixed, or depends answer",MEDIUM,HIGH when the player is mixed/uncertain; no non-directional state exists,UNVALIDATED effect-count spread 0,UNVALIDATED: signal text is expanded by shared templates without per-claim entailment,No answer-level source or claim reference in the live model; editorial interpretation only,RETUNE,"Separate constructs, normalize effects, add stable answer IDs/provenance, and retest neighboring identities."
crucible_W_WR,crucible,"When people are unsafe, is the first duty to build the standard or step in right now?","[""MISSING:crucible_W_WR#answer-1"",""MISSING:crucible_W_WR#answer-2""]",Broad Gate routing; authored signals: reliable protection | immediate duty,"[""social-behavior""]",LOW,LOW,HIGH,NO,LOW-MEDIUM,NOT-EXPLICIT,NOT-EXPLICIT,0.048,"[""protection-and-duty""]",protection-and-duty,"ABSENT: no explicit unknown, unsure, neutral, neither, mixed, or depends answer",HIGH,HIGH when the player is mixed/uncertain; no non-directional state exists,UNVALIDATED effect-count spread 0,UNVALIDATED: signal text is expanded by shared templates without per-claim entailment,No answer-level source or claim reference in the live model; editorial interpretation only,REPLACE,Do not carry into the first pilot without a new evidence-derived construct and representational-failure option.
crucible_W_WG,crucible,"Does safety begin with shared standards, or with a community that already knows how to hold each other?","[""MISSING:crucible_W_WG#answer-1"",""MISSING:crucible_W_WG#answer-2""]",Broad Gate routing; authored signals: standards before belonging | belonging before standards,"[""social-behavior"",""psychographic-or-motivational-inference-risk"",""aesthetic-or-narrative-preference""]",MEDIUM,MEDIUM-HIGH,LOW,YES,MEDIUM,NOT-EXPLICIT,PRESENT,0.056,"[""community-and-belonging""]",community-and-belonging,"ABSENT: no explicit unknown, unsure, neutral, neither, mixed, or depends answer",MEDIUM,HIGH when the player is mixed/uncertain; no non-directional state exists,UNVALIDATED effect-count spread 0,UNVALIDATED: signal text is expanded by shared templates without per-claim entailment,No answer-level source or claim reference in the live model; editorial interpretation only,RETUNE,"Separate constructs, normalize effects, add stable answer IDs/provenance, and retest neighboring identities."
crucible_U_WU,crucible,"Does trust begin with understanding the system, or with a rule no one can bend?","[""MISSING:crucible_U_WU#answer-1"",""MISSING:crucible_U_WU#answer-2""]",Broad Gate routing; authored signals: model before procedure | procedure before model,"[""social-behavior""]",LOW,LOW,HIGH,NO,MEDIUM,NOT-EXPLICIT,PRESENT,0.214,"[""procedure-and-order""]",procedure-and-order,"ABSENT: no explicit unknown, unsure, neutral, neither, mixed, or depends answer",HIGH,HIGH when the player is mixed/uncertain; no non-directional state exists,UNVALIDATED effect-count spread 0,UNVALIDATED: signal text is expanded by shared templates without per-claim entailment,No answer-level source or claim reference in the live model; editorial interpretation only,REPLACE,Do not carry into the first pilot without a new evidence-derived construct and representational-failure option.
crucible_U_UB,crucible,"Does information matter because it improves the future, or because no one knows you have it?","[""MISSING:crucible_U_UB#answer-1"",""MISSING:crucible_U_UB#answer-2""]",Broad Gate routing; authored signals: knowledge as possibility | knowledge as secrecy,"[""philosophical-preference""]",LOW,LOW,HIGH,YES,LOW-MEDIUM,NOT-EXPLICIT,NOT-EXPLICIT,0,"[""knowledge-and-deliberation""]",knowledge-and-deliberation,"ABSENT: no explicit unknown, unsure, neutral, neither, mixed, or depends answer",HIGH,HIGH when the player is mixed/uncertain; no non-directional state exists,UNVALIDATED effect-count spread 0,UNVALIDATED: signal text is expanded by shared templates without per-claim entailment,No answer-level source or claim reference in the live model; editorial interpretation only,REPLACE,Do not carry into the first pilot without a new evidence-derived construct and representational-failure option.
crucible_U_UR,crucible,"When the idea is promising but unstable, do you wait for the model or fire the prototype?","[""MISSING:crucible_U_UR#answer-1"",""MISSING:crucible_U_UR#answer-2""]",Broad Gate routing; authored signals: predictive patience | experimental spark,"[""social-behavior""]",HIGH,MEDIUM-HIGH,LOW,YES,LOW-MEDIUM,NOT-EXPLICIT,NOT-EXPLICIT,0.059,"[""uncontrolled-editorial-construct"",""experiment-and-invention""]",overlapping:uncontrolled-editorial-construct+experiment-and-invention,"ABSENT: no explicit unknown, unsure, neutral, neither, mixed, or depends answer",MEDIUM,HIGH when the player is mixed/uncertain; no non-directional state exists,UNVALIDATED effect-count spread 0,UNVALIDATED: signal text is expanded by shared templates without per-claim entailment,No answer-level source or claim reference in the live model; editorial interpretation only,RETUNE,"Separate constructs, normalize effects, add stable answer IDs/provenance, and retest neighboring identities."
crucible_U_UG,crucible,"Should the next change refine the model, or alter the living thing that must survive?","[""MISSING:crucible_U_UG#answer-1"",""MISSING:crucible_U_UG#answer-2""]",Broad Gate routing; authored signals: engineered possibility | living adaptation,"[""philosophical-preference""]",MEDIUM,MEDIUM-HIGH,LOW,NO,LOW-MEDIUM,NOT-EXPLICIT,NOT-EXPLICIT,0.053,"[""uncontrolled-editorial-construct"",""growth-and-nature""]",overlapping:uncontrolled-editorial-construct+growth-and-nature,"ABSENT: no explicit unknown, unsure, neutral, neither, mixed, or depends answer",MEDIUM,HIGH when the player is mixed/uncertain; no non-directional state exists,UNVALIDATED effect-count spread 0,UNVALIDATED: signal text is expanded by shared templates without per-claim entailment,No answer-level source or claim reference in the live model; editorial interpretation only,NEEDS-EVIDENCE,Establish evidence and falsification contracts before deciding whether to retain.
crucible_B_UB,crucible,"When power is available, do you pay the cost directly or wait until hidden information makes the move safer?","[""MISSING:crucible_B_UB#answer-1"",""MISSING:crucible_B_UB#answer-2""]",Broad Gate routing; authored signals: direct cost | hidden timing,"[""psychographic-or-motivational-inference-risk""]",MEDIUM,MEDIUM,LOW,YES,LOW-MEDIUM,NOT-EXPLICIT,NOT-EXPLICIT,0.105,"[""agency-and-leverage"",""uncontrolled-editorial-construct""]",overlapping:agency-and-leverage+uncontrolled-editorial-construct,"ABSENT: no explicit unknown, unsure, neutral, neither, mixed, or depends answer",MEDIUM,HIGH when the player is mixed/uncertain; no non-directional state exists,UNVALIDATED effect-count spread 0,UNVALIDATED: signal text is expanded by shared templates without per-claim entailment,No answer-level source or claim reference in the live model; editorial interpretation only,RETUNE,"Separate constructs, normalize effects, add stable answer IDs/provenance, and retest neighboring identities."
crucible_B_BR,crucible,"Is the cost worth paying because it keeps control, or because it finally releases restraint?","[""MISSING:crucible_B_BR#answer-1"",""MISSING:crucible_B_BR#answer-2""]",Broad Gate routing; authored signals: controlled cost | unrestrained release,"[""psychographic-or-motivational-inference-risk""]",LOW,LOW,HIGH,YES,MEDIUM,NOT-EXPLICIT,PRESENT,0.2,"[""agency-and-leverage"",""uncontrolled-editorial-construct""]",overlapping:agency-and-leverage+uncontrolled-editorial-construct,"ABSENT: no explicit unknown, unsure, neutral, neither, mixed, or depends answer",HIGH,HIGH when the player is mixed/uncertain; no non-directional state exists,UNVALIDATED effect-count spread 0,UNVALIDATED: signal text is expanded by shared templates without per-claim entailment,No answer-level source or claim reference in the live model; editorial interpretation only,REPLACE,Do not carry into the first pilot without a new evidence-derived construct and representational-failure option.
crucible_B_BG,crucible,"Does the graveyard matter because it belongs to your plan, or because decay feeds the next life?","[""MISSING:crucible_B_BG#answer-1"",""MISSING:crucible_B_BG#answer-2""]",Broad Gate routing; authored signals: graveyard leverage | predatory cycle,"[""gameplay-or-deck-behavior"",""social-behavior""]",HIGH,MEDIUM-HIGH,LOW,YES,LOW-MEDIUM,NOT-EXPLICIT,NOT-EXPLICIT,0.125,"[""agency-and-leverage"",""uncontrolled-editorial-construct""]",overlapping:agency-and-leverage+uncontrolled-editorial-construct,"ABSENT: no explicit unknown, unsure, neutral, neither, mixed, or depends answer",MEDIUM,HIGH when the player is mixed/uncertain; no non-directional state exists,UNVALIDATED effect-count spread 0,UNVALIDATED: signal text is expanded by shared templates without per-claim entailment,No answer-level source or claim reference in the live model; editorial interpretation only,RETUNE,"Separate constructs, normalize effects, add stable answer IDs/provenance, and retest neighboring identities."
crucible_B_WB,crucible,"Would you rather own the leverage privately, or bind it into an obligation no one can escape?","[""MISSING:crucible_B_WB#answer-1"",""MISSING:crucible_B_WB#answer-2""]",Broad Gate routing; authored signals: private sovereignty | binding obligation,"[""social-behavior"",""psychographic-or-motivational-inference-risk""]",LOW,LOW,HIGH,YES,LOW-MEDIUM,NOT-EXPLICIT,NOT-EXPLICIT,0.176,"[""uncontrolled-editorial-construct""]",uncontrolled-editorial-construct,"ABSENT: no explicit unknown, unsure, neutral, neither, mixed, or depends answer",HIGH,HIGH when the player is mixed/uncertain; no non-directional state exists,UNVALIDATED effect-count spread 0,UNVALIDATED: signal text is expanded by shared templates without per-claim entailment,No answer-level source or claim reference in the live model; editorial interpretation only,REPLACE,Do not carry into the first pilot without a new evidence-derived construct and representational-failure option.
crucible_R_WR,crucible,"Is the urgent action about freeing the honest impulse, or protecting someone from the next blow?","[""MISSING:crucible_R_WR#answer-1"",""MISSING:crucible_R_WR#answer-2""]",Broad Gate routing; authored signals: honest spark | protective intervention,"[""social-behavior"",""psychographic-or-motivational-inference-risk""]",LOW,LOW,HIGH,YES,MEDIUM,NOT-EXPLICIT,PRESENT,0.25,"[""uncontrolled-editorial-construct"",""protection-and-duty""]",overlapping:uncontrolled-editorial-construct+protection-and-duty,"ABSENT: no explicit unknown, unsure, neutral, neither, mixed, or depends answer",HIGH,HIGH when the player is mixed/uncertain; no non-directional state exists,UNVALIDATED effect-count spread 0,UNVALIDATED: signal text is expanded by shared templates without per-claim entailment,No answer-level source or claim reference in the live model; editorial interpretation only,REPLACE,Do not carry into the first pilot without a new evidence-derived construct and representational-failure option.
crucible_R_UR,crucible,"When the spark arrives, do you trust the feeling now or build the test that teaches what it can become?","[""MISSING:crucible_R_UR#answer-1"",""MISSING:crucible_R_UR#answer-2""]",Broad Gate routing; authored signals: present impulse | crafted experiment,"[""social-behavior"",""psychographic-or-motivational-inference-risk"",""philosophical-preference""]",LOW,LOW,HIGH,YES,MEDIUM,NOT-EXPLICIT,PRESENT,0.05,"[""speed-and-action"",""experiment-and-invention""]",overlapping:speed-and-action+experiment-and-invention,"ABSENT: no explicit unknown, unsure, neutral, neither, mixed, or depends answer",HIGH,HIGH when the player is mixed/uncertain; no non-directional state exists,UNVALIDATED effect-count spread 0,UNVALIDATED: signal text is expanded by shared templates without per-claim entailment,No answer-level source or claim reference in the live model; editorial interpretation only,REPLACE,Do not carry into the first pilot without a new evidence-derived construct and representational-failure option.
crucible_R_BR,crucible,"Does release matter because it lets you breathe, or because breaking restraint must unsettle the room?","[""MISSING:crucible_R_BR#answer-1"",""MISSING:crucible_R_BR#answer-2""]",Broad Gate routing; authored signals: freedom without cruelty | transgressive spectacle,"[""psychographic-or-motivational-inference-risk"",""aesthetic-or-narrative-preference"",""philosophical-preference""]",LOW,LOW,HIGH,YES,LOW-MEDIUM,NOT-EXPLICIT,NOT-EXPLICIT,0.095,"[""uncontrolled-editorial-construct"",""expression-and-performance""]",overlapping:uncontrolled-editorial-construct+expression-and-performance,"ABSENT: no explicit unknown, unsure, neutral, neither, mixed, or depends answer",HIGH,HIGH when the player is mixed/uncertain; no non-directional state exists,UNVALIDATED effect-count spread 0,UNVALIDATED: signal text is expanded by shared templates without per-claim entailment,No answer-level source or claim reference in the live model; editorial interpretation only,REPLACE,Do not carry into the first pilot without a new evidence-derived construct and representational-failure option.
crucible_R_RG,crucible,"Is the impulse true because you feel it now, or because the wild body already knows the path?","[""MISSING:crucible_R_RG#answer-1"",""MISSING:crucible_R_RG#answer-2""]",Broad Gate routing; authored signals: emotion as truth | wild instinct,"[""social-behavior"",""psychographic-or-motivational-inference-risk"",""philosophical-preference""]",LOW,LOW,HIGH,YES,MEDIUM,NOT-EXPLICIT,PRESENT,0.105,"[""expression-and-performance"",""growth-and-nature""]",overlapping:expression-and-performance+growth-and-nature,"ABSENT: no explicit unknown, unsure, neutral, neither, mixed, or depends answer",HIGH,HIGH when the player is mixed/uncertain; no non-directional state exists,UNVALIDATED effect-count spread 0,UNVALIDATED: signal text is expanded by shared templates without per-claim entailment,No answer-level source or claim reference in the live model; editorial interpretation only,REPLACE,Do not carry into the first pilot without a new evidence-derived construct and representational-failure option.
crucible_G_WG,crucible,"Does belonging begin with accepting natural place, or with a community choosing to hold together?","[""MISSING:crucible_G_WG#answer-1"",""MISSING:crucible_G_WG#answer-2""]",Broad Gate routing; authored signals: natural belonging | communal belonging,"[""social-behavior""]",LOW,LOW,HIGH,YES,LOW-MEDIUM,NOT-EXPLICIT,NOT-EXPLICIT,0.053,"[""community-and-belonging""]",community-and-belonging,"ABSENT: no explicit unknown, unsure, neutral, neither, mixed, or depends answer",HIGH,HIGH when the player is mixed/uncertain; no non-directional state exists,UNVALIDATED effect-count spread 0,UNVALIDATED: signal text is expanded by shared templates without per-claim entailment,No answer-level source or claim reference in the live model; editorial interpretation only,REPLACE,Do not carry into the first pilot without a new evidence-derived construct and representational-failure option.
crucible_G_UG,crucible,"Should growth unfold from inherent nature, or should the living form be deliberately adapted?","[""MISSING:crucible_G_UG#answer-1"",""MISSING:crucible_G_UG#answer-2""]",Broad Gate routing; authored signals: inherent growth | living adaptation,"[""philosophical-preference""]",LOW,LOW,HIGH,YES,LOW-MEDIUM,NOT-EXPLICIT,NOT-EXPLICIT,0.05,"[""growth-and-nature""]",growth-and-nature,"ABSENT: no explicit unknown, unsure, neutral, neither, mixed, or depends answer",HIGH,HIGH when the player is mixed/uncertain; no non-directional state exists,UNVALIDATED effect-count spread 0,UNVALIDATED: signal text is expanded by shared templates without per-claim entailment,No answer-level source or claim reference in the live model; editorial interpretation only,REPLACE,Do not carry into the first pilot without a new evidence-derived construct and representational-failure option.
crucible_G_BG,crucible,"Does the cycle matter because life grows in season, or because the discarded can be reclaimed?","[""MISSING:crucible_G_BG#answer-1"",""MISSING:crucible_G_BG#answer-2""]",Broad Gate routing; authored signals: life cycle without extraction | reclamation first,"[""gameplay-or-deck-behavior"",""social-behavior"",""aesthetic-or-narrative-preference""]",HIGH,MEDIUM-HIGH,LOW,YES,MEDIUM,NOT-EXPLICIT,PRESENT,0.048,"[""decay-and-renewal"",""uncontrolled-editorial-construct""]",overlapping:decay-and-renewal+uncontrolled-editorial-construct,"ABSENT: no explicit unknown, unsure, neutral, neither, mixed, or depends answer",MEDIUM,HIGH when the player is mixed/uncertain; no non-directional state exists,UNVALIDATED effect-count spread 0,UNVALIDATED: signal text is expanded by shared templates without per-claim entailment,No answer-level source or claim reference in the live model; editorial interpretation only,RETUNE,"Separate constructs, normalize effects, add stable answer IDs/provenance, and retest neighboring identities."
crucible_G_RG,crucible,"Does instinct ask for patient flourishing, or for wild refusal against the cage?","[""MISSING:crucible_G_RG#answer-1"",""MISSING:crucible_G_RG#answer-2""]",Broad Gate routing; authored signals: patient instinct | wild force,"[""abstract-scenario-preference""]",LOW,LOW,HIGH,NO,LOW-MEDIUM,NOT-EXPLICIT,NOT-EXPLICIT,0,"[""growth-and-nature"",""uncontrolled-editorial-construct""]",overlapping:growth-and-nature+uncontrolled-editorial-construct,"ABSENT: no explicit unknown, unsure, neutral, neither, mixed, or depends answer",HIGH,HIGH when the player is mixed/uncertain; no non-directional state exists,UNVALIDATED effect-count spread 0,UNVALIDATED: signal text is expanded by shared templates without per-claim entailment,No answer-level source or claim reference in the live model; editorial interpretation only,REPLACE,Do not carry into the first pilot without a new evidence-derived construct and representational-failure option.
crucible_WU_WG,crucible,"Does peace come first from a fair system everyone follows, or from a shared identity people willingly join?","[""MISSING:crucible_WU_WG#answer-1"",""MISSING:crucible_WU_WG#answer-2""]",Broad Gate routing; authored signals: law before belonging | belonging before law,"[""social-behavior"",""philosophical-preference""]",MEDIUM,MEDIUM,MEDIUM,YES,LOW-MEDIUM,NOT-EXPLICIT,NOT-EXPLICIT,0.182,"[""procedure-and-order""]",procedure-and-order,"ABSENT: no explicit unknown, unsure, neutral, neither, mixed, or depends answer",MEDIUM,HIGH when the player is mixed/uncertain; no non-directional state exists,UNVALIDATED effect-count spread 0,UNVALIDATED: signal text is expanded by shared templates without per-claim entailment,No answer-level source or claim reference in the live model; editorial interpretation only,RETUNE,"Separate constructs, normalize effects, add stable answer IDs/provenance, and retest neighboring identities."
crucible_WU_WR,crucible,"When process is too slow to prevent harm, is acting outside it a failure or a duty?","[""MISSING:crucible_WU_WR#answer-1"",""MISSING:crucible_WU_WR#answer-2""]",Broad Gate routing; authored signals: anti-exception process | urgent protection,"[""social-behavior""]",LOW,LOW,HIGH,NO,MEDIUM,NOT-EXPLICIT,PRESENT,0,"[""uncontrolled-editorial-construct"",""protection-and-duty""]",overlapping:uncontrolled-editorial-construct+protection-and-duty,"ABSENT: no explicit unknown, unsure, neutral, neither, mixed, or depends answer",HIGH,HIGH when the player is mixed/uncertain; no non-directional state exists,UNVALIDATED effect-count spread 0,UNVALIDATED: signal text is expanded by shared templates without per-claim entailment,No answer-level source or claim reference in the live model; editorial interpretation only,REPLACE,Do not carry into the first pilot without a new evidence-derived construct and representational-failure option.
crucible_WU_WB,crucible,"Is a contract sacred because it is fair, or because it creates power that can be collected?","[""MISSING:crucible_WU_WB#answer-1"",""MISSING:crucible_WU_WB#answer-2""]",Broad Gate routing; authored signals: impartial law | collectible obligation,"[""aesthetic-or-narrative-preference"",""philosophical-preference""]",MEDIUM,MEDIUM-HIGH,LOW,YES,LOW-MEDIUM,NOT-EXPLICIT,NOT-EXPLICIT,0.167,"[""procedure-and-order"",""uncontrolled-editorial-construct""]",overlapping:procedure-and-order+uncontrolled-editorial-construct,"ABSENT: no explicit unknown, unsure, neutral, neither, mixed, or depends answer",MEDIUM,HIGH when the player is mixed/uncertain; no non-directional state exists,UNVALIDATED effect-count spread 0,UNVALIDATED: signal text is expanded by shared templates without per-claim entailment,No answer-level source or claim reference in the live model; editorial interpretation only,RETUNE,"Separate constructs, normalize effects, add stable answer IDs/provenance, and retest neighboring identities."
crucible_UB_WB,crucible,"Would you rather hold hidden information no one knows you have, or visible obligation no one can escape?","[""MISSING:crucible_UB_WB#answer-1"",""MISSING:crucible_UB_WB#answer-2""]",Broad Gate routing; authored signals: secret power | ledger power,"[""social-behavior""]",LOW,LOW,HIGH,YES,LOW-MEDIUM,NOT-EXPLICIT,NOT-EXPLICIT,0,"[""agency-and-leverage""]",agency-and-leverage,"ABSENT: no explicit unknown, unsure, neutral, neither, mixed, or depends answer",HIGH,HIGH when the player is mixed/uncertain; no non-directional state exists,UNVALIDATED effect-count spread 0,UNVALIDATED: signal text is expanded by shared templates without per-claim entailment,No answer-level source or claim reference in the live model; editorial interpretation only,REPLACE,Do not carry into the first pilot without a new evidence-derived construct and representational-failure option.
crucible_UR_PRISMARI,crucible,"Does the lightning matter because you can explain how it works, or because it makes everyone feel the storm?","[""MISSING:crucible_UR_PRISMARI#answer-1"",""MISSING:crucible_UR_PRISMARI#answer-2""]",Broad Gate routing; authored signals: mechanism first | expression first,"[""psychographic-or-motivational-inference-risk""]",MEDIUM,MEDIUM,LOW,YES,MEDIUM,NOT-EXPLICIT,PRESENT,0.25,"[""experiment-and-invention"",""expression-and-performance""]",overlapping:experiment-and-invention+expression-and-performance,"ABSENT: no explicit unknown, unsure, neutral, neither, mixed, or depends answer",MEDIUM,HIGH when the player is mixed/uncertain; no non-directional state exists,UNVALIDATED effect-count spread 0,UNVALIDATED: signal text is expanded by shared templates without per-claim entailment,No answer-level source or claim reference in the live model; editorial interpretation only,RETUNE,"Separate constructs, normalize effects, add stable answer IDs/provenance, and retest neighboring identities."
crucible_UG_QUANDRIX,crucible,"Do you trust adaptation in the living body, or the abstract pattern beneath the body?","[""MISSING:crucible_UG_QUANDRIX#answer-1"",""MISSING:crucible_UG_QUANDRIX#answer-2""]",Broad Gate routing; authored signals: biology first | pattern first,"[""social-behavior""]",MEDIUM,MEDIUM-HIGH,LOW,NO,MEDIUM,NOT-EXPLICIT,PRESENT,0.071,"[""uncontrolled-editorial-construct""]",uncontrolled-editorial-construct,"ABSENT: no explicit unknown, unsure, neutral, neither, mixed, or depends answer",MEDIUM,HIGH when the player is mixed/uncertain; no non-directional state exists,UNVALIDATED effect-count spread 0,UNVALIDATED: signal text is expanded by shared templates without per-claim entailment,No answer-level source or claim reference in the live model; editorial interpretation only,KEEP-BUT-REWORD,Preserve only the bounded construct; simplify wording and add uncertainty handling before pilot.
crucible_BG_WITHERBLOOM,crucible,"Does decay matter most because it lets the discarded survive, or because it reveals how vitality works?","[""MISSING:crucible_BG_WITHERBLOOM#answer-1"",""MISSING:crucible_BG_WITHERBLOOM#answer-2""]",Broad Gate routing; authored signals: reclamation first | essence first,"[""gameplay-or-deck-behavior""]",HIGH,MEDIUM-HIGH,LOW,YES,LOW-MEDIUM,NOT-EXPLICIT,NOT-EXPLICIT,0.083,"[""uncontrolled-editorial-construct""]",uncontrolled-editorial-construct,"ABSENT: no explicit unknown, unsure, neutral, neither, mixed, or depends answer",MEDIUM,HIGH when the player is mixed/uncertain; no non-directional state exists,UNVALIDATED effect-count spread 0,UNVALIDATED: signal text is expanded by shared templates without per-claim entailment,No answer-level source or claim reference in the live model; editorial interpretation only,RETUNE,"Separate constructs, normalize effects, add stable answer IDs/provenance, and retest neighboring identities."
crucible_WR_LOREHOLD,crucible,"Do you charge to protect the present, or dig up the past before repeating its mistake?","[""MISSING:crucible_WR_LOREHOLD#answer-1"",""MISSING:crucible_WR_LOREHOLD#answer-2""]",Broad Gate routing; authored signals: present protection | past evidence,"[""social-behavior""]",MEDIUM,MEDIUM-HIGH,LOW,NO,LOW-MEDIUM,NOT-EXPLICIT,NOT-EXPLICIT,0.071,"[""protection-and-duty"",""history-and-memory""]",overlapping:protection-and-duty+history-and-memory,"ABSENT: no explicit unknown, unsure, neutral, neither, mixed, or depends answer",MEDIUM,HIGH when the player is mixed/uncertain; no non-directional state exists,UNVALIDATED effect-count spread 0,UNVALIDATED: signal text is expanded by shared templates without per-claim entailment,No answer-level source or claim reference in the live model; editorial interpretation only,NEEDS-EVIDENCE,Establish evidence and falsification contracts before deciding whether to retain.
crucible_WB_SILVERQUILL,crucible,"Does social power become real through binding obligation, or through words sharp enough to change perception?","[""MISSING:crucible_WB_SILVERQUILL#answer-1"",""MISSING:crucible_WB_SILVERQUILL#answer-2""]",Broad Gate routing; authored signals: ledger speech | rhetorical power,"[""social-behavior""]",LOW,LOW,HIGH,YES,LOW-MEDIUM,NOT-EXPLICIT,NOT-EXPLICIT,0.111,"[""uncontrolled-editorial-construct"",""agency-and-leverage""]",overlapping:uncontrolled-editorial-construct+agency-and-leverage,"ABSENT: no explicit unknown, unsure, neutral, neither, mixed, or depends answer",HIGH,HIGH when the player is mixed/uncertain; no non-directional state exists,UNVALIDATED effect-count spread 0,UNVALIDATED: signal text is expanded by shared templates without per-claim entailment,No answer-level source or claim reference in the live model; editorial interpretation only,REPLACE,Do not carry into the first pilot without a new evidence-derived construct and representational-failure option.
crucible_PRISMARI_QUANDRIX,crucible,"When a pattern is correct but lifeless, do you prove it more carefully or make it land as an experience?","[""MISSING:crucible_PRISMARI_QUANDRIX#answer-1"",""MISSING:crucible_PRISMARI_QUANDRIX#answer-2""]",Broad Gate routing; authored signals: expression as proof | model as proof,"[""social-behavior""]",HIGH,LOW,HIGH,YES,LOW-MEDIUM,NOT-EXPLICIT,NOT-EXPLICIT,0.214,"[""expression-and-performance"",""uncontrolled-editorial-construct""]",overlapping:expression-and-performance+uncontrolled-editorial-construct,"ABSENT: no explicit unknown, unsure, neutral, neither, mixed, or depends answer",HIGH,HIGH when the player is mixed/uncertain; no non-directional state exists,UNVALIDATED effect-count spread 0,UNVALIDATED: signal text is expanded by shared templates without per-claim entailment,No answer-level source or claim reference in the live model; editorial interpretation only,REPLACE,Do not carry into the first pilot without a new evidence-derived construct and representational-failure option.
crucible_PRISMARI_SILVERQUILL,crucible,"When language can move a room, should it become a precise argument, a public performance, or an elemental spectacle?","[""MISSING:crucible_PRISMARI_SILVERQUILL#answer-1"",""MISSING:crucible_PRISMARI_SILVERQUILL#answer-2""]",Broad Gate routing; authored signals: expressive performance | rhetorical influence,"[""social-behavior"",""aesthetic-or-narrative-preference""]",LOW,LOW,HIGH,YES,MEDIUM,NOT-EXPLICIT,PRESENT,0.222,"[""expression-and-performance"",""uncontrolled-editorial-construct""]",overlapping:expression-and-performance+uncontrolled-editorial-construct,"ABSENT: no explicit unknown, unsure, neutral, neither, mixed, or depends answer",HIGH,HIGH when the player is mixed/uncertain; no non-directional state exists,UNVALIDATED effect-count spread 0,UNVALIDATED: signal text is expanded by shared templates without per-claim entailment,No answer-level source or claim reference in the live model; editorial interpretation only,REPLACE,Do not carry into the first pilot without a new evidence-derived construct and representational-failure option.
crucible_LOREHOLD_QUANDRIX,crucible,"When a mystery has both an elegant theory and an old artifact record, which one leads your next move?","[""MISSING:crucible_LOREHOLD_QUANDRIX#answer-1"",""MISSING:crucible_LOREHOLD_QUANDRIX#answer-2""]",Broad Gate routing; authored signals: material history | abstract proof,"[""psychographic-or-motivational-inference-risk"",""aesthetic-or-narrative-preference"",""lore-or-setting-proxy""]",MEDIUM,MEDIUM-HIGH,MEDIUM,YES,LOW-MEDIUM,PRESENT,NOT-EXPLICIT,0.105,"[""history-and-memory"",""uncontrolled-editorial-construct""]",overlapping:history-and-memory+uncontrolled-editorial-construct,"ABSENT: no explicit unknown, unsure, neutral, neither, mixed, or depends answer",MEDIUM,HIGH when the player is mixed/uncertain; no non-directional state exists,UNVALIDATED effect-count spread 0,UNVALIDATED: signal text is expanded by shared templates without per-claim entailment,No answer-level source or claim reference in the live model; editorial interpretation only,REPLACE,Do not carry into the first pilot without a new evidence-derived construct and representational-failure option.
crucible_QUANDRIX_WITHERBLOOM,crucible,A living system behaves strangely. Do you trust the equation beneath it or the messy exchange of life and death?,"[""MISSING:crucible_QUANDRIX_WITHERBLOOM#answer-1"",""MISSING:crucible_QUANDRIX_WITHERBLOOM#answer-2""]",Broad Gate routing; authored signals: abstract pattern | embodied essence,"[""social-behavior""]",MEDIUM,MEDIUM,LOW,YES,MEDIUM,NOT-EXPLICIT,PRESENT,0.235,"[""uncontrolled-editorial-construct""]",uncontrolled-editorial-construct,"ABSENT: no explicit unknown, unsure, neutral, neither, mixed, or depends answer",MEDIUM,HIGH when the player is mixed/uncertain; no non-directional state exists,UNVALIDATED effect-count spread 0,UNVALIDATED: signal text is expanded by shared templates without per-claim entailment,No answer-level source or claim reference in the live model; editorial interpretation only,RETUNE,"Separate constructs, normalize effects, add stable answer IDs/provenance, and retest neighboring identities."
crucible_BR_RG,crucible,"Is the honest rupture a performance that exposes the lie, or a refusal to be domesticated at all?","[""MISSING:crucible_BR_RG#answer-1"",""MISSING:crucible_BR_RG#answer-2""]",Broad Gate routing; authored signals: transgressive theater | wild refusal,"[""psychographic-or-motivational-inference-risk""]",LOW,LOW,HIGH,YES,MEDIUM,NOT-EXPLICIT,PRESENT,0,"[""uncontrolled-editorial-construct""]",uncontrolled-editorial-construct,"ABSENT: no explicit unknown, unsure, neutral, neither, mixed, or depends answer",HIGH,HIGH when the player is mixed/uncertain; no non-directional state exists,UNVALIDATED effect-count spread 0,UNVALIDATED: signal text is expanded by shared templates without per-claim entailment,No answer-level source or claim reference in the live model; editorial interpretation only,REPLACE,Do not carry into the first pilot without a new evidence-derived construct and representational-failure option.
crucible_BANT_ESPER,crucible,"Should order protect a living community, or perfect a designed system?","[""MISSING:crucible_BANT_ESPER#answer-1"",""MISSING:crucible_BANT_ESPER#answer-2""]",Broad Gate routing; authored signals: living communal order | designed perfectibility,"[""social-behavior"",""philosophical-preference""]",MEDIUM,MEDIUM-HIGH,LOW,NO,LOW-MEDIUM,NOT-EXPLICIT,NOT-EXPLICIT,0.217,"[""procedure-and-order"",""uncontrolled-editorial-construct""]",overlapping:procedure-and-order+uncontrolled-editorial-construct,"ABSENT: no explicit unknown, unsure, neutral, neither, mixed, or depends answer",MEDIUM,HIGH when the player is mixed/uncertain; no non-directional state exists,UNVALIDATED effect-count spread 0,UNVALIDATED: signal text is expanded by shared templates without per-claim entailment,No answer-level source or claim reference in the live model; editorial interpretation only,NEEDS-EVIDENCE,Establish evidence and falsification contracts before deciding whether to retain.
crucible_ESPER_GRIXIS,crucible,"Does information matter most because it perfects the system, or because it reveals the weakness that lets you survive?","[""MISSING:crucible_ESPER_GRIXIS#answer-1"",""MISSING:crucible_ESPER_GRIXIS#answer-2""]",Broad Gate routing; authored signals: information as optimization | information as survival leverage,"[""abstract-scenario-preference""]",LOW,LOW,HIGH,YES,LOW-MEDIUM,NOT-EXPLICIT,NOT-EXPLICIT,0.176,"[""knowledge-and-deliberation""]",knowledge-and-deliberation,"ABSENT: no explicit unknown, unsure, neutral, neither, mixed, or depends answer",HIGH,HIGH when the player is mixed/uncertain; no non-directional state exists,UNVALIDATED effect-count spread 0,UNVALIDATED: signal text is expanded by shared templates without per-claim entailment,No answer-level source or claim reference in the live model; editorial interpretation only,REPLACE,Do not carry into the first pilot without a new evidence-derived construct and representational-failure option.
crucible_GRIXIS_JUND,crucible,"When pressure rises, do you calculate the survival leverage or follow the gut that refuses restraint?","[""MISSING:crucible_GRIXIS_JUND#answer-1"",""MISSING:crucible_GRIXIS_JUND#answer-2""]",Broad Gate routing; authored signals: calculated survival | gut-instinct appetite,"[""psychographic-or-motivational-inference-risk""]",LOW,LOW,HIGH,YES,MEDIUM,NOT-EXPLICIT,PRESENT,0.19,"[""uncontrolled-editorial-construct"",""growth-and-nature""]",overlapping:uncontrolled-editorial-construct+growth-and-nature,"ABSENT: no explicit unknown, unsure, neutral, neither, mixed, or depends answer",HIGH,HIGH when the player is mixed/uncertain; no non-directional state exists,UNVALIDATED effect-count spread 0,UNVALIDATED: signal text is expanded by shared templates without per-claim entailment,No answer-level source or claim reference in the live model; editorial interpretation only,REPLACE,Do not carry into the first pilot without a new evidence-derived construct and representational-failure option.
crucible_JUND_NAYA,crucible,"Is instinct true because appetite and consequence are real, or because the living whole already knows how to grow?","[""MISSING:crucible_JUND_NAYA#answer-1"",""MISSING:crucible_JUND_NAYA#answer-2""]",Broad Gate routing; authored signals: instinct as appetite | instinct as living abundance,"[""social-behavior"",""psychographic-or-motivational-inference-risk"",""philosophical-preference""]",MEDIUM,MEDIUM,LOW,YES,MEDIUM,NOT-EXPLICIT,PRESENT,0.158,"[""growth-and-nature""]",growth-and-nature,"ABSENT: no explicit unknown, unsure, neutral, neither, mixed, or depends answer",MEDIUM,HIGH when the player is mixed/uncertain; no non-directional state exists,UNVALIDATED effect-count spread 0,UNVALIDATED: signal text is expanded by shared templates without per-claim entailment,No answer-level source or claim reference in the live model; editorial interpretation only,RETUNE,"Separate constructs, normalize effects, add stable answer IDs/provenance, and retest neighboring identities."
crucible_NAYA_BANT,crucible,"Should the group follow the larger living world, or support one honorable line of action?","[""MISSING:crucible_NAYA_BANT#answer-1"",""MISSING:crucible_NAYA_BANT#answer-2""]",Broad Gate routing; authored signals: living-world abundance | supported champion,"[""social-behavior"",""philosophical-preference""]",MEDIUM,MEDIUM-HIGH,LOW,YES,LOW-MEDIUM,NOT-EXPLICIT,NOT-EXPLICIT,0.083,"[""uncontrolled-editorial-construct""]",uncontrolled-editorial-construct,"ABSENT: no explicit unknown, unsure, neutral, neither, mixed, or depends answer",MEDIUM,HIGH when the player is mixed/uncertain; no non-directional state exists,UNVALIDATED effect-count spread 0,UNVALIDATED: signal text is expanded by shared templates without per-claim entailment,No answer-level source or claim reference in the live model; editorial interpretation only,RETUNE,"Separate constructs, normalize effects, add stable answer IDs/provenance, and retest neighboring identities."
crucible_ABZAN_MARDU,crucible,"When the house is under pressure, do you outlast for the generations, or charge before the opening closes?","[""MISSING:crucible_ABZAN_MARDU#answer-1"",""MISSING:crucible_ABZAN_MARDU#answer-2""]",Broad Gate routing; authored signals: family endurance | war-bound speed,"[""lore-or-setting-proxy""]",MEDIUM,MEDIUM,LOW,YES,MEDIUM,PRESENT,PRESENT,0.087,"[""uncontrolled-editorial-construct"",""speed-and-action""]",overlapping:uncontrolled-editorial-construct+speed-and-action,"ABSENT: no explicit unknown, unsure, neutral, neither, mixed, or depends answer",MEDIUM,HIGH when the player is mixed/uncertain; no non-directional state exists,UNVALIDATED effect-count spread 0,UNVALIDATED: signal text is expanded by shared templates without per-claim entailment,No answer-level source or claim reference in the live model; editorial interpretation only,REPLACE,Do not carry into the first pilot without a new evidence-derived construct and representational-failure option.
crucible_ABZAN_SULTAI,crucible,"Do the dead bind you to preserve the house, or become material that can be converted into power?","[""MISSING:crucible_ABZAN_SULTAI#answer-1"",""MISSING:crucible_ABZAN_SULTAI#answer-2""]",Broad Gate routing; authored signals: ancestor continuity | ruthless conversion,"[""social-behavior"",""lore-or-setting-proxy""]",LOW,LOW,HIGH,YES,LOW-MEDIUM,PRESENT,NOT-EXPLICIT,0.091,"[""history-and-memory"",""uncontrolled-editorial-construct""]",overlapping:history-and-memory+uncontrolled-editorial-construct,"ABSENT: no explicit unknown, unsure, neutral, neither, mixed, or depends answer",HIGH,HIGH when the player is mixed/uncertain; no non-directional state exists,UNVALIDATED effect-count spread 0,UNVALIDATED: signal text is expanded by shared templates without per-claim entailment,No answer-level source or claim reference in the live model; editorial interpretation only,REPLACE,Do not carry into the first pilot without a new evidence-derived construct and representational-failure option.
crucible_TEMUR_SULTAI,crucible,"Does survival begin by listening to the wild signal, or by converting every available resource?","[""MISSING:crucible_TEMUR_SULTAI#answer-1"",""MISSING:crucible_TEMUR_SULTAI#answer-2""]",Broad Gate routing; authored signals: attuned survival | calculated conversion,"[""lore-or-setting-proxy""]",LOW,LOW,HIGH,YES,LOW-MEDIUM,PRESENT,NOT-EXPLICIT,0.083,"[""uncontrolled-editorial-construct""]",uncontrolled-editorial-construct,"ABSENT: no explicit unknown, unsure, neutral, neither, mixed, or depends answer",HIGH,HIGH when the player is mixed/uncertain; no non-directional state exists,UNVALIDATED effect-count spread 0,UNVALIDATED: signal text is expanded by shared templates without per-claim entailment,No answer-level source or claim reference in the live model; editorial interpretation only,REPLACE,Do not carry into the first pilot without a new evidence-derived construct and representational-failure option.
crucible_TEMUR_MARDU,crucible,"Do you wait for the wild signal, or move in formation before hesitation breaks the opening?","[""MISSING:crucible_TEMUR_MARDU#answer-1"",""MISSING:crucible_TEMUR_MARDU#answer-2""]",Broad Gate routing; authored signals: survival by listening | coordinated immediate action,"[""abstract-scenario-preference""]",MEDIUM,MEDIUM-HIGH,LOW,YES,LOW-MEDIUM,NOT-EXPLICIT,NOT-EXPLICIT,0.045,"[""uncontrolled-editorial-construct"",""speed-and-action""]",overlapping:uncontrolled-editorial-construct+speed-and-action,"ABSENT: no explicit unknown, unsure, neutral, neither, mixed, or depends answer",MEDIUM,HIGH when the player is mixed/uncertain; no non-directional state exists,UNVALIDATED effect-count spread 0,UNVALIDATED: signal text is expanded by shared templates without per-claim entailment,No answer-level source or claim reference in the live model; editorial interpretation only,RETUNE,"Separate constructs, normalize effects, add stable answer IDs/provenance, and retest neighboring identities."
crucible_JESKAI_MARDU,crucible,"Should the action wait for trained insight, or take the opening before thought slows the field?","[""MISSING:crucible_JESKAI_MARDU#answer-1"",""MISSING:crucible_JESKAI_MARDU#answer-2""]",Broad Gate routing; authored signals: disciplined action | immediate commitment,"[""philosophical-preference""]",MEDIUM,MEDIUM-HIGH,LOW,YES,LOW-MEDIUM,NOT-EXPLICIT,NOT-EXPLICIT,0.042,"[""speed-and-action""]",speed-and-action,"ABSENT: no explicit unknown, unsure, neutral, neither, mixed, or depends answer",MEDIUM,HIGH when the player is mixed/uncertain; no non-directional state exists,UNVALIDATED effect-count spread 0,UNVALIDATED: signal text is expanded by shared templates without per-claim entailment,No answer-level source or claim reference in the live model; editorial interpretation only,RETUNE,"Separate constructs, normalize effects, add stable answer IDs/provenance, and retest neighboring identities."
crucible_JESKAI_SULTAI,crucible,"Does insight become trained action, or private advantage converted from secrets and costs?","[""MISSING:crucible_JESKAI_SULTAI#answer-1"",""MISSING:crucible_JESKAI_SULTAI#answer-2""]",Broad Gate routing; authored signals: insight through discipline | insight as conversion,"[""social-behavior"",""philosophical-preference""]",LOW,LOW,HIGH,YES,LOW-MEDIUM,NOT-EXPLICIT,NOT-EXPLICIT,0.053,"[""uncontrolled-editorial-construct""]",uncontrolled-editorial-construct,"ABSENT: no explicit unknown, unsure, neutral, neither, mixed, or depends answer",HIGH,HIGH when the player is mixed/uncertain; no non-directional state exists,UNVALIDATED effect-count spread 0,UNVALIDATED: signal text is expanded by shared templates without per-claim entailment,No answer-level source or claim reference in the live model; editorial interpretation only,REPLACE,Do not carry into the first pilot without a new evidence-derived construct and representational-failure option.
crucible_JESKAI_TEMUR,crucible,"Is the truth found through disciplined practice, or through listening to land, body, and old memory?","[""MISSING:crucible_JESKAI_TEMUR#answer-1"",""MISSING:crucible_JESKAI_TEMUR#answer-2""]",Broad Gate routing; authored signals: monastic training | wild attunement,"[""philosophical-preference""]",LOW,LOW,HIGH,YES,LOW-MEDIUM,NOT-EXPLICIT,NOT-EXPLICIT,0.095,"[""uncontrolled-editorial-construct""]",uncontrolled-editorial-construct,"ABSENT: no explicit unknown, unsure, neutral, neither, mixed, or depends answer",HIGH,HIGH when the player is mixed/uncertain; no non-directional state exists,UNVALIDATED effect-count spread 0,UNVALIDATED: signal text is expanded by shared templates without per-claim entailment,No answer-level source or claim reference in the live model; editorial interpretation only,REPLACE,Do not carry into the first pilot without a new evidence-derived construct and representational-failure option.
crucible_YORE_GLINT,crucible,"Should the answer outbuild natural limits, or move through appetite, adaptation, and volatility without imposed order?","[""MISSING:crucible_YORE_GLINT#answer-1"",""MISSING:crucible_YORE_GLINT#answer-2""]",Broad Gate routing; authored signals: constructed agency | living volatility,"[""psychographic-or-motivational-inference-risk"",""aesthetic-or-narrative-preference"",""philosophical-preference""]",MEDIUM,MEDIUM,LOW,YES,LOW-MEDIUM,NOT-EXPLICIT,NOT-EXPLICIT,0.15,"[""agency-and-leverage"",""uncontrolled-editorial-construct""]",overlapping:agency-and-leverage+uncontrolled-editorial-construct,"ABSENT: no explicit unknown, unsure, neutral, neither, mixed, or depends answer",MEDIUM,HIGH when the player is mixed/uncertain; no non-directional state exists,UNVALIDATED effect-count spread 0,UNVALIDATED: signal text is expanded by shared templates without per-claim entailment,No answer-level source or claim reference in the live model; editorial interpretation only,RETUNE,"Separate constructs, normalize effects, add stable answer IDs/provenance, and retest neighboring identities."
crucible_GLINT_DUNE,crucible,"Does the answer become through living volatility, or take ground through immediate organized force?","[""MISSING:crucible_GLINT_DUNE#answer-1"",""MISSING:crucible_GLINT_DUNE#answer-2""]",Broad Gate routing; authored signals: adaptive volatility | territorial force,"[""psychographic-or-motivational-inference-risk""]",LOW,LOW,HIGH,YES,MEDIUM,NOT-EXPLICIT,PRESENT,0.04,"[""growth-and-nature"",""uncontrolled-editorial-construct""]",overlapping:growth-and-nature+uncontrolled-editorial-construct,"ABSENT: no explicit unknown, unsure, neutral, neither, mixed, or depends answer",HIGH,HIGH when the player is mixed/uncertain; no non-directional state exists,UNVALIDATED effect-count spread 0,UNVALIDATED: signal text is expanded by shared templates without per-claim entailment,No answer-level source or claim reference in the live model; editorial interpretation only,REPLACE,Do not carry into the first pilot without a new evidence-derived construct and representational-failure option.
crucible_DUNE_INK,crucible,"Is the answer trying to take and hold ground, or protect a shared good from private capture?","[""MISSING:crucible_DUNE_INK#answer-1"",""MISSING:crucible_DUNE_INK#answer-2""]",Broad Gate routing; authored signals: organized force | guarded commons,"[""social-behavior"",""philosophical-preference""]",LOW,LOW,HIGH,YES,MEDIUM,NOT-EXPLICIT,PRESENT,0.043,"[""uncontrolled-editorial-construct""]",uncontrolled-editorial-construct,"ABSENT: no explicit unknown, unsure, neutral, neither, mixed, or depends answer",HIGH,HIGH when the player is mixed/uncertain; no non-directional state exists,UNVALIDATED effect-count spread 0,UNVALIDATED: signal text is expanded by shared templates without per-claim entailment,No answer-level source or claim reference in the live model; editorial interpretation only,REPLACE,Do not carry into the first pilot without a new evidence-derived construct and representational-failure option.
crucible_INK_WITCH,crucible,"Should the answer keep the commons open, or cultivate a protected position until it becomes inevitable?","[""MISSING:crucible_INK_WITCH#answer-1"",""MISSING:crucible_INK_WITCH#answer-2""]",Broad Gate routing; authored signals: protected commons | patient accumulation,"[""social-behavior"",""psychographic-or-motivational-inference-risk"",""philosophical-preference""]",HIGH,LOW,HIGH,YES,LOW-MEDIUM,NOT-EXPLICIT,NOT-EXPLICIT,0.048,"[""protection-and-duty"",""uncontrolled-editorial-construct""]",overlapping:protection-and-duty+uncontrolled-editorial-construct,"ABSENT: no explicit unknown, unsure, neutral, neither, mixed, or depends answer",HIGH,HIGH when the player is mixed/uncertain; no non-directional state exists,UNVALIDATED effect-count spread 0,UNVALIDATED: signal text is expanded by shared templates without per-claim entailment,No answer-level source or claim reference in the live model; editorial interpretation only,REPLACE,Do not carry into the first pilot without a new evidence-derived construct and representational-failure option.
crucible_WITCH_YORE,crucible,"Does the answer grow a protected position into inevitability, or engineer a way past natural limits?","[""MISSING:crucible_WITCH_YORE#answer-1"",""MISSING:crucible_WITCH_YORE#answer-2""]",Broad Gate routing; authored signals: cultivated inevitability | engineered intervention,"[""social-behavior"",""aesthetic-or-narrative-preference""]",MEDIUM,MEDIUM-HIGH,LOW,YES,LOW-MEDIUM,NOT-EXPLICIT,NOT-EXPLICIT,0.087,"[""uncontrolled-editorial-construct""]",uncontrolled-editorial-construct,"ABSENT: no explicit unknown, unsure, neutral, neither, mixed, or depends answer",MEDIUM,HIGH when the player is mixed/uncertain; no non-directional state exists,UNVALIDATED effect-count spread 0,UNVALIDATED: signal text is expanded by shared templates without per-claim entailment,No answer-level source or claim reference in the live model; editorial interpretation only,RETUNE,"Separate constructs, normalize effects, add stable answer IDs/provenance, and retest neighboring identities."
