"ledger_id","identity_key","identity_name","surface","slot_order","card_name","current_tile_label","current_tile_text","current_visible_tags","current_modal_heading","current_modal_text","type_line","exact_printing_id","oracle_id","exact_set","exact_collector_number","relationship_id","relationship_class","routing_raw_claim_ids","routing_source_evidence_ledger_ids","underlying_card_source","underlying_card_fact","underlying_identity_evidence","underlying_gameplay_evidence","relevant_facet_ids","audit_specific_bridge","audit_classification","audit_limitation","routing_common_provenance_lineages","independent_underlying_corroboration_count","modal_bridge_chain","unsupported_assumption_status","accuracy_finding","authority_finding","bridge_finding","echo_finding","cross_card_repetition_finding","deletion_finding","swap_finding","modal_value_finding","facet_collapse_finding","overclaim_finding","human_language_finding","disposition","audit_notes"
"SOUND-W-1-cardvoice_w_ae61b2ef_2e60_499a_8708_e37b9bd5620e","W","White","SOUND","1","Aligned Heart","Exact card voice","When hearts and minds align, so too do actions.","","What this card's voice reveals about White","The line presents hearts and minds coordinating into shared action.","Enchantment","a235cbda-3dc3-4aed-a911-90f26c330157","ae61b2ef-2e60-499a-8708-e37b9bd5620e","tdc","12","cardvoice_w_ae61b2ef_2e60_499a_8708_e37b9bd5620e","CERTIFIED_SEMANTIC_ECHO","white_claim_0002; white_claim_0004; white_claim_0006","MONO-W-2015; MONO-W-2025","data/scryfall/raw/oracle-cards.json#id=a235cbda-3dc3-4aed-a911-90f26c330157","Enchantment | Flurry — Whenever you cast your second spell each turn, put a rally counter on this enchantment. Then create a 1/1 white Monk creature token with prowess for each rally counter on it. (Whenever you cast a noncreature spell, the token gets +1/+1 until end of turn.) | When hearts and minds align, so too do actions.","W-F01/white_claim_0002: White seeks peace and reduced suffering by asking individuals to prioritize the group and coordinate around shared needs. -> MONO-W-2015 docs/research/mono_upgrade/10_white.md @ docs/research/mono_upgrade/10_white.md#W2015-Q1;W2015-Q1b [FULL_LOCAL_SOURCE_READ]: The 2015 official White article frames White around peace, reduction of unnecessary suffering, meeting needs, and prioritizing the group over private desire. || MONO-W-2025 docs/research/mono_upgrade/10_white.md @ docs/research/mono_upgrade/10_white.md#W2025-a;W2025-b [FULL_LOCAL_SOURCE_READ]: The 2025 White voice restates the no-suffering goal and asks people to ask what the group needs rather than what the individual wants. || W-F02/white_claim_0004: White's thematic center includes community, honor, defense, cooperation, law, religion, government, military order, and charity; it treats selfishness and recklessness as chief threats. -> MONO-W-2015 docs/research/mono_upgrade/10_white.md @ docs/research/mono_upgrade/10_white.md#W2015-Q3;W2015-Q4 [FULL_LOCAL_SOURCE_READ]: The 2015 article lists White cares including community, law, government, military, defense, charity, and organization, and names selfishness and recklessness as threats. || MONO-W-2025 docs/research/mono_upgrade/10_white.md @ docs/research/mono_upgrade/10_white.md#W2025-e [FULL_LOCAL_SOURCE_READ]: The 2025 White voice focuses the threat boundary on selfishness and recklessness and ties responses to morality and public law. || W-F03/white_claim_0006: White's strength is organized, distributed, group-effective structure; its weakness is rigidity, over-prescription, and poor adaptation to the unexpected or individual edge case. -> MONO-W-2015 docs/research/mono_upgrade/10_white.md @ docs/research/mono_upgrade/10_white.md#W2015-Q6 [FULL_LOCAL_SOURCE_READ]: The 2015 article identifies White strength as organization, distributed power, and group effectiveness, with rigidity and disregard for individuals as weaknesses. || MONO-W-2025 docs/research/mono_upgrade/10_white.md @ docs/research/mono_upgrade/10_white.md#W2025-j [FULL_LOCAL_SOURCE_READ]: The 2025 White voice repeats order as strength and prescriptive poor adaptation as weakness, including restraint around killing and imprisonment.","NOT_APPLICABLE","W-F01; W-F02; W-F03","The exact printed flavor line is the card-side fact. It supports only the named facet IDs where the line itself, not card color/type/product membership, supplies the stated echo.","SUPPORTED_INTERPRETATION","Exact card text is verified, but Public use is limited to this validated voice relationship. Selesnya, Boros, Azorius, and Ink also coordinate groups; this is a broad mono-White community-and-organization echo, not proof of any institution.","MONO-W-2015: docs/research/mono_upgrade/10_white.md; MONO-W-2025: docs/research/mono_upgrade/10_white.md","2","When hearts and minds align, so too do actions. -> W-F01: White seeks peace and reduced suffering by asking individuals to prioritize the group and coordinate around shared needs. | W-F02: White's thematic center includes community, honor, defense, cooperation, law, religion, government, military order, and charity; it treats selfishness and recklessness as chief threats. | W-F03: White's strength is organized, distributed, group-effective structure; its weakness is rigidity, over-prescription, and poor adaptation to the unexpected or individual edge case. -> Aligned Heart's exact excerpt provides a bounded voice echo of hearts and minds coordinating into shared action.","NONE_IDENTIFIED","PASS_VERIFIED_CARD_AND_CURRENT_TEXT","PASS_ROUTED_UNDERLYING_EVIDENCE","PASS_BOUNDED_CARD_TO_FACET_BRIDGE","TILE_MODAL_PARAPHRASE_REPETITION","LEGITIMATE_SHARED_CONCEPT","NO_DELETION_INDICATED","NO_SWAP_INDICATED","LOW_ADDITIVE_VALUE","NO_MATERIAL_FACET_COLLAPSE","NO_MATERIAL_OVERCLAIM","STIFF_OR_REPETITIVE","REMEDIATION_LIKELY","The modal restates the same coordination image with little additional White-specific explanatory value."
"SOUND-W-2-cardvoice_vm558_w_4a782bf9_4051_4613_8852_33b0d85a0edd","W","White","SOUND","2","Ajani's Welcome","Exact card voice","""You cannot defend others if your own well-being is neglected.""","","What this card's voice reveals about White","The line frames self-care as a duty to the people one protects, joining individual well-being to durable service.","Enchantment","c9045fcb-b633-4c35-8058-6234311551ae","4a782bf9-4051-4613-8852-33b0d85a0edd","m19","6","cardvoice_vm558_w_4a782bf9_4051_4613_8852_33b0d85a0edd","CERTIFIED_SEMANTIC_ECHO","white_claim_0002; white_claim_0004; white_claim_0006","MONO-W-2015; MONO-W-2025","data/scryfall/raw/oracle-cards.json#id=c9045fcb-b633-4c35-8058-6234311551ae","Enchantment | Whenever a creature you control enters, you gain 1 life. | ""You cannot defend others if your own well-being is neglected.""","W-F01/white_claim_0002: White seeks peace and reduced suffering by asking individuals to prioritize the group and coordinate around shared needs. -> MONO-W-2015 docs/research/mono_upgrade/10_white.md @ docs/research/mono_upgrade/10_white.md#W2015-Q1;W2015-Q1b [FULL_LOCAL_SOURCE_READ]: The 2015 official White article frames White around peace, reduction of unnecessary suffering, meeting needs, and prioritizing the group over private desire. || MONO-W-2025 docs/research/mono_upgrade/10_white.md @ docs/research/mono_upgrade/10_white.md#W2025-a;W2025-b [FULL_LOCAL_SOURCE_READ]: The 2025 White voice restates the no-suffering goal and asks people to ask what the group needs rather than what the individual wants. || W-F02/white_claim_0004: White's thematic center includes community, honor, defense, cooperation, law, religion, government, military order, and charity; it treats selfishness and recklessness as chief threats. -> MONO-W-2015 docs/research/mono_upgrade/10_white.md @ docs/research/mono_upgrade/10_white.md#W2015-Q3;W2015-Q4 [FULL_LOCAL_SOURCE_READ]: The 2015 article lists White cares including community, law, government, military, defense, charity, and organization, and names selfishness and recklessness as threats. || MONO-W-2025 docs/research/mono_upgrade/10_white.md @ docs/research/mono_upgrade/10_white.md#W2025-e [FULL_LOCAL_SOURCE_READ]: The 2025 White voice focuses the threat boundary on selfishness and recklessness and ties responses to morality and public law. || W-F03/white_claim_0006: White's strength is organized, distributed, group-effective structure; its weakness is rigidity, over-prescription, and poor adaptation to the unexpected or individual edge case. -> MONO-W-2015 docs/research/mono_upgrade/10_white.md @ docs/research/mono_upgrade/10_white.md#W2015-Q6 [FULL_LOCAL_SOURCE_READ]: The 2015 article identifies White strength as organization, distributed power, and group effectiveness, with rigidity and disregard for individuals as weaknesses. || MONO-W-2025 docs/research/mono_upgrade/10_white.md @ docs/research/mono_upgrade/10_white.md#W2025-j [FULL_LOCAL_SOURCE_READ]: The 2025 White voice repeats order as strength and prescriptive poor adaptation as weakness, including restraint around killing and imprisonment.","NOT_APPLICABLE","W-F01; W-F02; W-F03","The exact printed flavor line is the card-side fact. It supports only the named facet IDs where the line itself, not card color/type/product membership, supplies the stated echo.","SUPPORTED_INTERPRETATION","Owner-approved complementary card voice. Public use remains limited to this exact printing and bounded identity relationship; it does not prove placement, play style, or identity from card color, mechanics, tags, or product membership.","MONO-W-2015: docs/research/mono_upgrade/10_white.md; MONO-W-2025: docs/research/mono_upgrade/10_white.md","2","""You cannot defend others if your own well-being is neglected."" -> W-F01: White seeks peace and reduced suffering by asking individuals to prioritize the group and coordinate around shared needs. | W-F02: White's thematic center includes community, honor, defense, cooperation, law, religion, government, military order, and charity; it treats selfishness and recklessness as chief threats. | W-F03: White's strength is organized, distributed, group-effective structure; its weakness is rigidity, over-prescription, and poor adaptation to the unexpected or individual edge case. -> Ajani's Welcome gives White a second voice of care sustaining responsibility to others.","NONE_IDENTIFIED","PASS_VERIFIED_CARD_AND_CURRENT_TEXT","PASS_ROUTED_UNDERLYING_EVIDENCE","PASS_BOUNDED_CARD_TO_FACET_BRIDGE","NO_MATERIAL_TILE_MODAL_ECHO","LEGITIMATE_SHARED_CONCEPT","NO_DELETION_INDICATED","NO_SWAP_INDICATED","ADDITIVE_IDENTITY_INTERPRETATION","NO_MATERIAL_FACET_COLLAPSE","NO_MATERIAL_OVERCLAIM","NATURAL_ENOUGH_AS_WRITTEN","NO_CHANGE_INDICATED",""
"PLAY-W-1-cardrel_auto_w_48e6d3d8_2f27_4017_acdd_40bce8cdbc02","W","White","PLAY","1","Giada, Font of Hope","Why it fits in play","Giada gives White's coordinated creature growth a direct example: she helps cast Angels, and each later Angel enters with counters for the Angels already assembled.","","Why Giada, Font of Hope helps explain White in play","At the table, Giada, Font of Hope carries that card action into this reading's larger plan: reliable protection, disciplined pressure, and structure that keeps returning to the board.","Legendary Creature — Angel","8ae6fc26-cfad-4da8-98d9-49c27c24d293","48e6d3d8-2f27-4017-acdd-40bce8cdbc02","fdn","141","cardrel_auto_w_48e6d3d8_2f27_4017_acdd_40bce8cdbc02","CERTIFIED_BEHAVIORAL_EXAMPLE","white_claim_0004; white_claim_0007","MONO-W-2015; MONO-W-2025; MECH-CP-2021; GOV-COC-2024","data/scryfall/raw/oracle-cards.json#id=8ae6fc26-cfad-4da8-98d9-49c27c24d293","Legendary Creature — Angel | Flying, vigilance
Each other Angel you control enters with an additional +1/+1 counter on it for each Angel you already control.
{T}: Add {W}. Spend this mana only to cast an Angel spell. | Now she is New Capenna's greatest hope.","W-F02/white_claim_0004: White's thematic center includes community, honor, defense, cooperation, law, religion, government, military order, and charity; it treats selfishness and recklessness as chief threats. -> MONO-W-2015 docs/research/mono_upgrade/10_white.md @ docs/research/mono_upgrade/10_white.md#W2015-Q3;W2015-Q4 [FULL_LOCAL_SOURCE_READ]: The 2015 article lists White cares including community, law, government, military, defense, charity, and organization, and names selfishness and recklessness as threats. || MONO-W-2025 docs/research/mono_upgrade/10_white.md @ docs/research/mono_upgrade/10_white.md#W2025-e [FULL_LOCAL_SOURCE_READ]: The 2025 White voice focuses the threat boundary on selfishness and recklessness and ties responses to morality and public law. || W-F04/white_claim_0007: White's mechanical texture includes rules-setting, taxing, protection, lifegain, small-creature/team play, exile or conditional creature answers, enchantment ties, and slow once-per-turn card draw as a modern Commander-aware adjustment. -> MECH-CP-2021 docs/research/mono_upgrade/20_mechanical_color_pie_2021.md @ docs/research/mono_upgrade/20_mechanical_color_pie_2021.md#MECH-carddraw;MECH-counters;MECH-removal [FULL_LOCAL_SOURCE_READ]: The mechanical color pie snapshot bounds White mechanics such as conditional answers, counters support, and tertiary once-per-turn card draw. || GOV-COC-2024 docs/research/mono_upgrade/22_council_of_colors.md @ docs/research/mono_upgrade/22_council_of_colors.md#COC-shift-commander [FULL_LOCAL_SOURCE_READ]: The Council of Colors digest explains Commander-driven color-pie shifts including White once-per-turn long-game draw build-arounds.","Flying, vigilance
Each other Angel you control enters with an additional +1/+1 counter on it for each Angel you already control.
{T}: Add {W}. Spend this mana only to cast an Angel spell.","W-F02; W-F04","The committed Oracle text is the gameplay-side fact. It supports only the named facet IDs where the visible rationale accurately describes that behavior and makes the identity connection explicit.","SUPPORTED_INTERPRETATION","A bounded card example validated against certified identity claims and canonical card text. It does not prove player motivation, placement, or identity from color, mechanic, tag, or product membership.","MONO-W-2015: docs/research/mono_upgrade/10_white.md; MONO-W-2025: docs/research/mono_upgrade/10_white.md; MECH-CP-2021: docs/research/mono_upgrade/20_mechanical_color_pie_2021.md; GOV-COC-2024: docs/research/mono_upgrade/22_council_of_colors.md","4","Flying, vigilance
Each other Angel you control enters with an additional +1/+1 counter on it for each Angel you already control.
{T}: Add {W}. Spend this mana only to cast an Angel spell. -> W-F02: White's thematic center includes community, honor, defense, cooperation, law, religion, government, military order, and charity; it treats selfishness and recklessness as chief threats. | W-F04: White's mechanical texture includes rules-setting, taxing, protection, lifegain, small-creature/team play, exile or conditional creature answers, enchantment ties, and slow once-per-turn card draw as a modern Commander-aware adjustment. -> Automatically approved only because the certified identity claims, canonical card observation, bounded bridge, false-positive analysis, and neighbor analysis all pass the shared validator.","TILE_CARD_FACT_PASS_MODAL_BRIDGE_PARTIAL","PASS_VERIFIED_CARD_AND_CURRENT_TEXT","PASS_ROUTED_UNDERLYING_EVIDENCE","TILE_CARD_FACT_PASS_MODAL_BRIDGE_PARTIAL","GENERIC_IDENTITY_LANGUAGE_WITHOUT_NEW_CARD_SPECIFIC_INSIGHT","NO_MATERIAL_CROSS_CARD_REPETITION","NO_DELETION_INDICATED","NO_SWAP_INDICATED","GENERIC_WHITE_PLAN_NOT_GIADA_SPECIFIC","NO_MATERIAL_FACET_COLLAPSE","NO_MATERIAL_OVERCLAIM","STIFF_SHARED_COMPOSER_FRAME","REMEDIATION_LIKELY","The tile is well grounded in Giada's rules. The modal moves to generic protection/pressure/recurrence without showing how Giada specifically supplies those facets."
"SOUND-U-1-cardvoice_u_0f8b97fe_3e5e_47c2_9a9d_7f77482aa159","U","Blue","SOUND","1","Azami, Lady of Scrolls","Exact card voice","""Choices belong to those with the luxuries of time and distance. We have neither. I recommend we proceed with the plan to destroy all shrines of the kami.""
—Lady Azami, letter to Sensei Hisoka","","What this card's voice reveals about Blue","The line presents a constrained decision answered with information, planning, and a deliberate course.","Legendary Creature — Human Wizard","fa727656-fb33-485b-9378-18b80cad42b9","0f8b97fe-3e5e-47c2-9a9d-7f77482aa159","cmm","74","cardvoice_u_0f8b97fe_3e5e_47c2_9a9d_7f77482aa159","CERTIFIED_SEMANTIC_ECHO","blue_claim_0002; blue_claim_0003; blue_claim_0006","MONO-U-2015; MONO-U-2025","data/scryfall/raw/oracle-cards.json#id=fa727656-fb33-485b-9378-18b80cad42b9","Legendary Creature — Human Wizard | Tap an untapped Wizard you control: Draw a card. | ""Choices belong to those with the luxuries of time and distance. We have neither. I recommend we proceed with the plan to destroy all shrines of the kami.""
—Lady Azami, letter to Sensei Hisoka","U-F01/blue_claim_0002: Blue seeks perfection through the belief that people can become more than they are by learning, choosing, improving, and using tools. -> MONO-U-2015 docs/research/mono_upgrade/11_blue.md @ docs/research/mono_upgrade/11_blue.md#U2015-Q1;U2015-Q1b [FULL_LOCAL_SOURCE_READ]: The 2015 official Blue article frames Blue around blank-slate potential, never-finished self-improvement, education, experience, tools, deliberate choice, and improving the world through technology. || MONO-U-2025 docs/research/mono_upgrade/11_blue.md @ docs/research/mono_upgrade/11_blue.md#U2025-a;U2025-e [FULL_LOCAL_SOURCE_READ]: The 2025 Blue voice restates the blank-slate belief, self-authored becoming, optimization beyond the individual, and preference for efficiency and intellect over expediency and emotion. || U-F02/blue_claim_0003: Blue's means are knowledge, information, education, experimentation, tools, technology, and deliberate decision-making. -> MONO-U-2015 docs/research/mono_upgrade/11_blue.md @ docs/research/mono_upgrade/11_blue.md#U2015-Q2 [FULL_LOCAL_SOURCE_READ]: The 2015 article identifies knowledge and information as Blue's ultimate tools for improvement, control, access, protection, and mastery through structured repositories and systems. || MONO-U-2025 docs/research/mono_upgrade/11_blue.md @ docs/research/mono_upgrade/11_blue.md#U2025-b;U2025-c;U2025-d [FULL_LOCAL_SOURCE_READ]: The 2025 Blue voice ties knowledge, education, careful decision-making, experience, tools, technology, and knowledge-sharing structures to better long-term outcomes. || U-F03/blue_claim_0006: Blue's strength is knowledge used for foresight, control, and flexible answers; its weakness is needing time, becoming passive/reactive, and being vulnerable to fast or indirect pressure. -> MONO-U-2015 docs/research/mono_upgrade/11_blue.md @ docs/research/mono_upgrade/11_blue.md#U2015-Q6 [FULL_LOCAL_SOURCE_READ]: The 2015 article identifies Blue's strength as knowledge, foresight, control, and carefulness, and its weakness as passivity, reactivity, slowness, and vulnerability to fast or indirect pressure. || MONO-U-2025 docs/research/mono_upgrade/11_blue.md @ docs/research/mono_upgrade/11_blue.md#U2025-j [FULL_LOCAL_SOURCE_READ]: The 2025 Blue voice repeats knowledge, systems, answers with enough time, and control as strengths while naming time-to-process and indirect attacks as weaknesses.","NOT_APPLICABLE","U-F01; U-F02; U-F03","The exact printed flavor line is the card-side fact. It supports only the named facet IDs where the line itself, not card color/type/product membership, supplies the stated echo.","SUPPORTED_INTERPRETATION","Exact card text is verified, but Public use is limited to this validated voice relationship. Azorius, Esper, Dimir, and Jeskai also plan; this is a mono-Blue knowledge-and-deliberation echo without secrecy, law, or faction doctrine.","MONO-U-2015: docs/research/mono_upgrade/11_blue.md; MONO-U-2025: docs/research/mono_upgrade/11_blue.md","2","""Choices belong to those with the luxuries of time and distance. We have neither. I recommend we proceed with the plan to destroy all shrines of the kami.""
—Lady Azami, letter to Sensei Hisoka -> U-F01: Blue seeks perfection through the belief that people can become more than they are by learning, choosing, improving, and using tools. | U-F02: Blue's means are knowledge, information, education, experimentation, tools, technology, and deliberate decision-making. | U-F03: Blue's strength is knowledge used for foresight, control, and flexible answers; its weakness is needing time, becoming passive/reactive, and being vulnerable to fast or indirect pressure. -> Azami, Lady of Scrolls's exact excerpt provides a bounded voice echo of a constrained decision answered with information, planning, and a deliberate course.","NONE_IDENTIFIED","PASS_VERIFIED_CARD_AND_CURRENT_TEXT","PASS_ROUTED_UNDERLYING_EVIDENCE","PASS_BOUNDED_CARD_TO_FACET_BRIDGE","NO_MATERIAL_TILE_MODAL_ECHO","LEGITIMATE_SHARED_CONCEPT","NO_DELETION_INDICATED","NO_SWAP_INDICATED","ADDITIVE_IDENTITY_INTERPRETATION","NO_MATERIAL_FACET_COLLAPSE","NO_MATERIAL_OVERCLAIM","FORMULAIC_BUT_READABLE","NO_CHANGE_INDICATED",""
"SOUND-U-2-cardvoice_vm558_u_4900c157_8d9f_4f92_aaca_5246b6e2832e","U","Blue","SOUND","2","April O'Neil, Live on the Scene","Exact card voice","""This is great! I must really be onto something hot if they're trying to kill me!""","","What this card's voice reveals about Blue","April reads the threat against her as confirmation that she has found something worth knowing, capturing Blue curiosity in motion.","Legendary Creature — Human Detective","7265ab42-5434-4127-acd6-8905ab63d62d","4900c157-8d9f-4f92-aaca-5246b6e2832e","tmc","9","cardvoice_vm558_u_4900c157_8d9f_4f92_aaca_5246b6e2832e","CERTIFIED_SEMANTIC_ECHO","blue_claim_0002; blue_claim_0003; blue_claim_0006","MONO-U-2015; MONO-U-2025","data/scryfall/raw/oracle-cards.json#id=7265ab42-5434-4127-acd6-8905ab63d62d","Legendary Creature — Human Detective | Whenever a Mutant, Ninja, or Turtle you control enters, investigate. (Create a Clue token. It's an artifact with ""{2}, Sacrifice this token: Draw a card."")
Partner—Character select | ""This is great! I must really be onto something hot if they're trying to kill me!""","U-F01/blue_claim_0002: Blue seeks perfection through the belief that people can become more than they are by learning, choosing, improving, and using tools. -> MONO-U-2015 docs/research/mono_upgrade/11_blue.md @ docs/research/mono_upgrade/11_blue.md#U2015-Q1;U2015-Q1b [FULL_LOCAL_SOURCE_READ]: The 2015 official Blue article frames Blue around blank-slate potential, never-finished self-improvement, education, experience, tools, deliberate choice, and improving the world through technology. || MONO-U-2025 docs/research/mono_upgrade/11_blue.md @ docs/research/mono_upgrade/11_blue.md#U2025-a;U2025-e [FULL_LOCAL_SOURCE_READ]: The 2025 Blue voice restates the blank-slate belief, self-authored becoming, optimization beyond the individual, and preference for efficiency and intellect over expediency and emotion. || U-F02/blue_claim_0003: Blue's means are knowledge, information, education, experimentation, tools, technology, and deliberate decision-making. -> MONO-U-2015 docs/research/mono_upgrade/11_blue.md @ docs/research/mono_upgrade/11_blue.md#U2015-Q2 [FULL_LOCAL_SOURCE_READ]: The 2015 article identifies knowledge and information as Blue's ultimate tools for improvement, control, access, protection, and mastery through structured repositories and systems. || MONO-U-2025 docs/research/mono_upgrade/11_blue.md @ docs/research/mono_upgrade/11_blue.md#U2025-b;U2025-c;U2025-d [FULL_LOCAL_SOURCE_READ]: The 2025 Blue voice ties knowledge, education, careful decision-making, experience, tools, technology, and knowledge-sharing structures to better long-term outcomes. || U-F03/blue_claim_0006: Blue's strength is knowledge used for foresight, control, and flexible answers; its weakness is needing time, becoming passive/reactive, and being vulnerable to fast or indirect pressure. -> MONO-U-2015 docs/research/mono_upgrade/11_blue.md @ docs/research/mono_upgrade/11_blue.md#U2015-Q6 [FULL_LOCAL_SOURCE_READ]: The 2015 article identifies Blue's strength as knowledge, foresight, control, and carefulness, and its weakness as passivity, reactivity, slowness, and vulnerability to fast or indirect pressure. || MONO-U-2025 docs/research/mono_upgrade/11_blue.md @ docs/research/mono_upgrade/11_blue.md#U2025-j [FULL_LOCAL_SOURCE_READ]: The 2025 Blue voice repeats knowledge, systems, answers with enough time, and control as strengths while naming time-to-process and indirect attacks as weaknesses.","NOT_APPLICABLE","U-F01; U-F02; U-F03","The exact printed flavor line is the card-side fact. It supports only the named facet IDs where the line itself, not card color/type/product membership, supplies the stated echo.","SUPPORTED_INTERPRETATION","Owner-approved complementary card voice. Public use remains limited to this exact printing and bounded identity relationship; it does not prove placement, play style, or identity from card color, mechanics, tags, or product membership.","MONO-U-2015: docs/research/mono_upgrade/11_blue.md; MONO-U-2025: docs/research/mono_upgrade/11_blue.md","2","""This is great! I must really be onto something hot if they're trying to kill me!"" -> U-F01: Blue seeks perfection through the belief that people can become more than they are by learning, choosing, improving, and using tools. | U-F02: Blue's means are knowledge, information, education, experimentation, tools, technology, and deliberate decision-making. | U-F03: Blue's strength is knowledge used for foresight, control, and flexible answers; its weakness is needing time, becoming passive/reactive, and being vulnerable to fast or indirect pressure. -> April O'Neil gives Blue a second voice of inquiry that becomes more determined as the evidence gets dangerous.","NONE_IDENTIFIED","PASS_VERIFIED_CARD_AND_CURRENT_TEXT","PASS_ROUTED_UNDERLYING_EVIDENCE","PASS_BOUNDED_CARD_TO_FACET_BRIDGE","NO_MATERIAL_TILE_MODAL_ECHO","LEGITIMATE_SHARED_CONCEPT","NO_DELETION_INDICATED","NO_SWAP_INDICATED","ADDITIVE_IDENTITY_INTERPRETATION","NO_MATERIAL_FACET_COLLAPSE","NO_MATERIAL_OVERCLAIM","NATURAL_ENOUGH_AS_WRITTEN","NO_CHANGE_INDICATED",""
"PLAY-U-1-cardrel_auto_u_ea1eb902_a23c_44ff_9169_19baf71de238","U","Blue","PLAY","1","Talrand, Sky Summoner","Why it fits in play","Talrand turns Blue's instant-and-sorcery plan into a visible board by creating a flying Drake whenever you cast one of those spells.","","Why Talrand, Sky Summoner helps explain Blue in play","At the table, Talrand, Sky Summoner carries that card action into this reading's larger plan: held mana, careful selection, flexible interaction, and turns shaped by timing rather than raw force.","Legendary Creature — Merfolk Wizard","1be3ed47-072e-481a-b3d9-dc232ac4b24f","ea1eb902-a23c-44ff-9169-19baf71de238","otc","116","cardrel_auto_u_ea1eb902_a23c_44ff_9169_19baf71de238","CERTIFIED_BEHAVIORAL_EXAMPLE","blue_claim_0006; blue_claim_0007","MONO-U-2015; MONO-U-2025; MECH-CP-2021; GOV-COC-2024","data/scryfall/raw/oracle-cards.json#id=1be3ed47-072e-481a-b3d9-dc232ac4b24f","Legendary Creature — Merfolk Wizard | Whenever you cast an instant or sorcery spell, create a 2/2 blue Drake creature token with flying. | ""The seas are vast, but the skies are even more so. Why be content with one kingdom when I can rule them both?""","U-F03/blue_claim_0006: Blue's strength is knowledge used for foresight, control, and flexible answers; its weakness is needing time, becoming passive/reactive, and being vulnerable to fast or indirect pressure. -> MONO-U-2015 docs/research/mono_upgrade/11_blue.md @ docs/research/mono_upgrade/11_blue.md#U2015-Q6 [FULL_LOCAL_SOURCE_READ]: The 2015 article identifies Blue's strength as knowledge, foresight, control, and carefulness, and its weakness as passivity, reactivity, slowness, and vulnerability to fast or indirect pressure. || MONO-U-2025 docs/research/mono_upgrade/11_blue.md @ docs/research/mono_upgrade/11_blue.md#U2025-j [FULL_LOCAL_SOURCE_READ]: The 2025 Blue voice repeats knowledge, systems, answers with enough time, and control as strengths while naming time-to-process and indirect attacks as weaknesses. || U-F04/blue_claim_0007: Blue's mechanical texture includes card draw and filtering, counterspells, copying, bounce, theft, flying, artifacts, instants and sorceries, and avoiding direct creature destruction. -> MECH-CP-2021 docs/research/mono_upgrade/20_mechanical_color_pie_2021.md @ docs/research/mono_upgrade/20_mechanical_color_pie_2021.md#MECH-carddraw;MECH-counters;MECH-flying;MECH-removal;MECH-artifact-friendly [FULL_LOCAL_SOURCE_READ]: The mechanical color pie digest bounds Blue's mechanical texture around unrestricted card draw, near-mono-blue counterspells, primary flying, artifact friendliness, and limits on direct creature destruction. || GOV-COC-2024 docs/research/mono_upgrade/22_council_of_colors.md @ docs/research/mono_upgrade/22_council_of_colors.md#COC-mandate [FULL_LOCAL_SOURCE_READ]: The Council of Colors digest establishes the review authority for color-pie mechanical boundaries and long-term color-pie health.","Whenever you cast an instant or sorcery spell, create a 2/2 blue Drake creature token with flying.","U-F03; U-F04","The committed Oracle text is the gameplay-side fact. It supports only the named facet IDs where the visible rationale accurately describes that behavior and makes the identity connection explicit.","SUPPORTED_INTERPRETATION","A bounded card example validated against certified identity claims and canonical card text. It does not prove player motivation, placement, or identity from color, mechanic, tag, or product membership.","MONO-U-2015: docs/research/mono_upgrade/11_blue.md; MONO-U-2025: docs/research/mono_upgrade/11_blue.md; MECH-CP-2021: docs/research/mono_upgrade/20_mechanical_color_pie_2021.md; GOV-COC-2024: docs/research/mono_upgrade/22_council_of_colors.md","4","Whenever you cast an instant or sorcery spell, create a 2/2 blue Drake creature token with flying. -> U-F03: Blue's strength is knowledge used for foresight, control, and flexible answers; its weakness is needing time, becoming passive/reactive, and being vulnerable to fast or indirect pressure. | U-F04: Blue's mechanical texture includes card draw and filtering, counterspells, copying, bounce, theft, flying, artifacts, instants and sorceries, and avoiding direct creature destruction. -> Automatically approved only because the certified identity claims, canonical card observation, bounded bridge, false-positive analysis, and neighbor analysis all pass the shared validator.","NONE_IDENTIFIED","PASS_VERIFIED_CARD_AND_CURRENT_TEXT","PASS_ROUTED_UNDERLYING_EVIDENCE","PASS_BOUNDED_CARD_TO_FACET_BRIDGE","GENERIC_IDENTITY_LANGUAGE_WITHOUT_NEW_CARD_SPECIFIC_INSIGHT","NO_MATERIAL_CROSS_CARD_REPETITION","NO_DELETION_INDICATED","NO_SWAP_INDICATED","MODAL_REDUNDANT","NO_MATERIAL_FACET_COLLAPSE","NO_MATERIAL_OVERCLAIM","SHARED_COMPOSER_FRAME","REMEDIATION_LIKELY","The modal adds a general identity plan but does not deepen why this particular card teaches that facet beyond the already-visible tile."
"SOUND-B-1-cardvoice_b_78725353_9274_420a_b722_add0f43c444e","B","Black","SOUND","1","Ancient Craving","Exact card voice","Knowledge demands sacrifice.","","What this card's voice reveals about Black","The line presents knowledge made available through an explicit sacrifice.","Sorcery","f9b3ad9c-ef51-4ba6-a126-ec25d8f25b78","78725353-9274-420a-b722-add0f43c444e","voc","117","cardvoice_b_78725353_9274_420a_b722_add0f43c444e","CERTIFIED_SEMANTIC_ECHO","black_claim_0003; black_claim_0004","MONO-B-2015; MONO-B-2025","data/scryfall/raw/oracle-cards.json#id=f9b3ad9c-ef51-4ba6-a126-ec25d8f25b78","Sorcery | You draw three cards and you lose 3 life. | Knowledge demands sacrifice.","B-F01/black_claim_0003: Black's means are opportunity-seizing, self-interest, calculated ruthlessness, and willingness to use tools other colors reject when the price is worth paying. -> MONO-B-2015 docs/research/mono_upgrade/12_black.md @ docs/research/mono_upgrade/12_black.md#B2015-Q2 [FULL_LOCAL_SOURCE_READ]: The 2015 article identifies Black's means as seeing opportunities, refusing outside restrictions and taboos, accepting costs, and putting itself first when pursuing success. || MONO-B-2025 docs/research/mono_upgrade/12_black.md @ docs/research/mono_upgrade/12_black.md#B2025-b;B2025-c;B2025-d [FULL_LOCAL_SOURCE_READ]: The 2025 Black voice defends self-interest, distinguishes selfishness from lack of care for loved ones, and bounds ruthlessness as calculated rather than reckless. || B-F02/black_claim_0004: Black's thematic center includes death, fear, pain, decay, disease, corruption, manipulation, sacrifice, individualism, and resource conversion; it distrusts self-denial for others' sake. -> MONO-B-2015 docs/research/mono_upgrade/12_black.md @ docs/research/mono_upgrade/12_black.md#B2015-Q3;B2015-Q4 [FULL_LOCAL_SOURCE_READ]: The 2015 article bounds Black's thematic material to death, fear, pain, decay, disease, corruption, darkness, manipulation, sacrifice, and individualism, while naming self-denial for others' sake as a core pressure point. || MONO-B-2025 docs/research/mono_upgrade/12_black.md @ docs/research/mono_upgrade/12_black.md#B2025-b;B2025-d [FULL_LOCAL_SOURCE_READ]: The 2025 Black voice bounds selfishness and ruthlessness around opportunity, merit, and calculated action, preventing high-heat theme words from becoming generic cruelty proof.","NOT_APPLICABLE","B-F01; B-F02","The exact printed flavor line is the card-side fact. It supports only the named facet IDs where the line itself, not card color/type/product membership, supplies the stated echo.","SUPPORTED_INTERPRETATION","Exact card text is verified, but Public use is limited to this validated voice relationship. Blue and Dimir also value knowledge, while Orzhov values payment; this echo belongs here only because the line makes sacrifice the price of access rather than secrecy or institutional debt.","MONO-B-2015: docs/research/mono_upgrade/12_black.md; MONO-B-2025: docs/research/mono_upgrade/12_black.md","2","Knowledge demands sacrifice. -> B-F01: Black's means are opportunity-seizing, self-interest, calculated ruthlessness, and willingness to use tools other colors reject when the price is worth paying. | B-F02: Black's thematic center includes death, fear, pain, decay, disease, corruption, manipulation, sacrifice, individualism, and resource conversion; it distrusts self-denial for others' sake. -> Ancient Craving's exact excerpt provides a bounded voice echo of knowledge made available through an explicit sacrifice.","NONE_IDENTIFIED","PASS_VERIFIED_CARD_AND_CURRENT_TEXT","PASS_ROUTED_UNDERLYING_EVIDENCE","PASS_BOUNDED_CARD_TO_FACET_BRIDGE","HIGH_TILE_MODAL_TOKEN_ECHO","LEGITIMATE_SHARED_CONCEPT","NO_DELETION_INDICATED","NO_SWAP_INDICATED","MODAL_REDUNDANT","NO_MATERIAL_FACET_COLLAPSE","NO_MATERIAL_OVERCLAIM","FORMULAIC_BUT_READABLE","REMEDIATION_LIKELY",""
"SOUND-B-2-cardvoice_vm558_b_388168b3_ec68_4af2_b88c_6a5ec88c15f6","B","Black","SOUND","2","Ayara, First of Locthwain","Exact card voice","Mourning shifts seamlessly to celebration as she chooses her next suitor.","","What this card's voice reveals about Black","The line moves seamlessly from mourning to celebration and a new suitor, making Black sound unsentimental, self-directed, and opportunity-seeking.","Legendary Creature — Elf Noble","ed0ace28-9a33-4f0d-b8c8-f5517f20ccf1","388168b3-ec68-4af2-b88c-6a5ec88c15f6","eld","75","cardvoice_vm558_b_388168b3_ec68_4af2_b88c_6a5ec88c15f6","CERTIFIED_SEMANTIC_ECHO","black_claim_0003; black_claim_0004","MONO-B-2015; MONO-B-2025","data/scryfall/raw/oracle-cards.json#id=ed0ace28-9a33-4f0d-b8c8-f5517f20ccf1","Legendary Creature — Elf Noble | Whenever Ayara or another black creature you control enters, each opponent loses 1 life and you gain 1 life.
{T}, Sacrifice another black creature: Draw a card. | Mourning shifts seamlessly to celebration as she chooses her next suitor.","B-F01/black_claim_0003: Black's means are opportunity-seizing, self-interest, calculated ruthlessness, and willingness to use tools other colors reject when the price is worth paying. -> MONO-B-2015 docs/research/mono_upgrade/12_black.md @ docs/research/mono_upgrade/12_black.md#B2015-Q2 [FULL_LOCAL_SOURCE_READ]: The 2015 article identifies Black's means as seeing opportunities, refusing outside restrictions and taboos, accepting costs, and putting itself first when pursuing success. || MONO-B-2025 docs/research/mono_upgrade/12_black.md @ docs/research/mono_upgrade/12_black.md#B2025-b;B2025-c;B2025-d [FULL_LOCAL_SOURCE_READ]: The 2025 Black voice defends self-interest, distinguishes selfishness from lack of care for loved ones, and bounds ruthlessness as calculated rather than reckless. || B-F02/black_claim_0004: Black's thematic center includes death, fear, pain, decay, disease, corruption, manipulation, sacrifice, individualism, and resource conversion; it distrusts self-denial for others' sake. -> MONO-B-2015 docs/research/mono_upgrade/12_black.md @ docs/research/mono_upgrade/12_black.md#B2015-Q3;B2015-Q4 [FULL_LOCAL_SOURCE_READ]: The 2015 article bounds Black's thematic material to death, fear, pain, decay, disease, corruption, darkness, manipulation, sacrifice, and individualism, while naming self-denial for others' sake as a core pressure point. || MONO-B-2025 docs/research/mono_upgrade/12_black.md @ docs/research/mono_upgrade/12_black.md#B2025-b;B2025-d [FULL_LOCAL_SOURCE_READ]: The 2025 Black voice bounds selfishness and ruthlessness around opportunity, merit, and calculated action, preventing high-heat theme words from becoming generic cruelty proof.","NOT_APPLICABLE","B-F01; B-F02","The exact printed flavor line is the card-side fact. It supports only the named facet IDs where the line itself, not card color/type/product membership, supplies the stated echo.","SUPPORTED_INTERPRETATION","Owner-approved complementary card voice. Public use remains limited to this exact printing and bounded identity relationship; it does not prove placement, play style, or identity from card color, mechanics, tags, or product membership.","MONO-B-2015: docs/research/mono_upgrade/12_black.md; MONO-B-2025: docs/research/mono_upgrade/12_black.md","2","Mourning shifts seamlessly to celebration as she chooses her next suitor. -> B-F01: Black's means are opportunity-seizing, self-interest, calculated ruthlessness, and willingness to use tools other colors reject when the price is worth paying. | B-F02: Black's thematic center includes death, fear, pain, decay, disease, corruption, manipulation, sacrifice, individualism, and resource conversion; it distrusts self-denial for others' sake. -> Ayara gives Black a second voice of ambition moving on as soon as an opening appears.","NONE_IDENTIFIED","PASS_VERIFIED_CARD_AND_CURRENT_TEXT","PASS_ROUTED_UNDERLYING_EVIDENCE","PASS_BOUNDED_CARD_TO_FACET_BRIDGE","NO_MATERIAL_TILE_MODAL_ECHO","LEGITIMATE_SHARED_CONCEPT","NO_DELETION_INDICATED","NO_SWAP_INDICATED","ADDITIVE_IDENTITY_INTERPRETATION","NO_MATERIAL_FACET_COLLAPSE","NO_MATERIAL_OVERCLAIM","NATURAL_ENOUGH_AS_WRITTEN","NO_CHANGE_INDICATED",""
"PLAY-B-1-cardrel_auto_b_cbe3a4e7_5dbe_4f58_8ee6_a1762b65acfd","B","Black","PLAY","1","K'rrik, Son of Yawgmoth","Why it fits in play","K'rrik makes Black's resource-conversion pattern literal by letting life pay for black mana symbols and rewarding additional black spells with +1/+1 counters.","","Why K'rrik, Son of Yawgmoth helps explain Black in play","At the table, K'rrik, Son of Yawgmoth carries that card action into this reading's larger plan: costs converted into options, lost pieces returned to use, and leverage preserved through difficult exchanges.","Legendary Creature — Phyrexian Horror Minion","4f087b1c-97e0-4379-a94d-beac53685314","cbe3a4e7-5dbe-4f58-8ee6-a1762b65acfd","mh3","274","cardrel_auto_b_cbe3a4e7_5dbe_4f58_8ee6_a1762b65acfd","CERTIFIED_BEHAVIORAL_EXAMPLE","black_claim_0004; black_claim_0007","MONO-B-2015; MONO-B-2025; MECH-CP-2021; MECH-CP-2021-CHG","data/scryfall/raw/oracle-cards.json#id=4f087b1c-97e0-4379-a94d-beac53685314","Legendary Creature — Phyrexian Horror Minion | ({B/P} can be paid with either {B} or 2 life.)
Lifelink
For each {B} in a cost, you may pay 2 life rather than pay that mana.
Whenever you cast a black spell, put a +1/+1 counter on K'rrik. | ","B-F02/black_claim_0004: Black's thematic center includes death, fear, pain, decay, disease, corruption, manipulation, sacrifice, individualism, and resource conversion; it distrusts self-denial for others' sake. -> MONO-B-2015 docs/research/mono_upgrade/12_black.md @ docs/research/mono_upgrade/12_black.md#B2015-Q3;B2015-Q4 [FULL_LOCAL_SOURCE_READ]: The 2015 article bounds Black's thematic material to death, fear, pain, decay, disease, corruption, darkness, manipulation, sacrifice, and individualism, while naming self-denial for others' sake as a core pressure point. || MONO-B-2025 docs/research/mono_upgrade/12_black.md @ docs/research/mono_upgrade/12_black.md#B2025-b;B2025-d [FULL_LOCAL_SOURCE_READ]: The 2025 Black voice bounds selfishness and ruthlessness around opportunity, merit, and calculated action, preventing high-heat theme words from becoming generic cruelty proof. || B-F03/black_claim_0007: Black's mechanical texture includes unconditional creature destruction, discard, sacrifice, reanimation, graveyard use, life as a cost, drain, deathtouch, menace, and card draw paid for with resources. -> MECH-CP-2021 docs/research/mono_upgrade/20_mechanical_color_pie_2021.md @ docs/research/mono_upgrade/20_mechanical_color_pie_2021.md#MECH-removal;MECH-carddraw;MECH-discard-effect [FULL_LOCAL_SOURCE_READ]: The mechanical color pie digest bounds Black's mechanical texture around primary creature removal, resource-paid card draw, discard, sacrifice, recursion, life payment, drain, deathtouch, menace, and related mechanical expressions. || MECH-CP-2021-CHG docs/research/mono_upgrade/21_mechanical_color_pie_2021_changes.md @ docs/research/mono_upgrade/21_mechanical_color_pie_2021_changes.md#CHG-cantblock;CHG-discard-cost [FULL_LOCAL_SOURCE_READ]: The change digest narrows dated mechanic updates such as cannot-block movement and discard-as-cost boundaries without turning mechanics into Black's whole philosophy.","({B/P} can be paid with either {B} or 2 life.)
Lifelink
For each {B} in a cost, you may pay 2 life rather than pay that mana.
Whenever you cast a black spell, put a +1/+1 counter on K'rrik.","B-F02; B-F03","The committed Oracle text is the gameplay-side fact. It supports only the named facet IDs where the visible rationale accurately describes that behavior and makes the identity connection explicit.","SUPPORTED_INTERPRETATION","A bounded card example validated against certified identity claims and canonical card text. It does not prove player motivation, placement, or identity from color, mechanic, tag, or product membership.","MONO-B-2015: docs/research/mono_upgrade/12_black.md; MONO-B-2025: docs/research/mono_upgrade/12_black.md; MECH-CP-2021: docs/research/mono_upgrade/20_mechanical_color_pie_2021.md; MECH-CP-2021-CHG: docs/research/mono_upgrade/21_mechanical_color_pie_2021_changes.md","4","({B/P} can be paid with either {B} or 2 life.)
Lifelink
For each {B} in a cost, you may pay 2 life rather than pay that mana.
Whenever you cast a black spell, put a +1/+1 counter on K'rrik. -> B-F02: Black's thematic center includes death, fear, pain, decay, disease, corruption, manipulation, sacrifice, individualism, and resource conversion; it distrusts self-denial for others' sake. | B-F03: Black's mechanical texture includes unconditional creature destruction, discard, sacrifice, reanimation, graveyard use, life as a cost, drain, deathtouch, menace, and card draw paid for with resources. -> Automatically approved only because the certified identity claims, canonical card observation, bounded bridge, false-positive analysis, and neighbor analysis all pass the shared validator.","NONE_IDENTIFIED","PASS_VERIFIED_CARD_AND_CURRENT_TEXT","PASS_ROUTED_UNDERLYING_EVIDENCE","PASS_BOUNDED_CARD_TO_FACET_BRIDGE","GENERIC_IDENTITY_LANGUAGE_WITHOUT_NEW_CARD_SPECIFIC_INSIGHT","NO_MATERIAL_CROSS_CARD_REPETITION","NO_DELETION_INDICATED","NO_SWAP_INDICATED","MODAL_REDUNDANT","NO_MATERIAL_FACET_COLLAPSE","NO_MATERIAL_OVERCLAIM","SHARED_COMPOSER_FRAME","REMEDIATION_LIKELY","The modal adds a general identity plan but does not deepen why this particular card teaches that facet beyond the already-visible tile."
"SOUND-R-1-cardvoice_r_c363f338_0777_45e6_b13c_f15ba026b63a","R","Red","SOUND","1","Built to Smash","Exact card voice","Free from Consulate regulations, renegade-built automatons push performance to the limit.","","What this card's voice reveals about Red","The line presents freedom from imposed regulation joined to immediate action and pushing performance to its limit.","Instant","6f054978-446c-4565-b51e-8f1f0e0f01e2","c363f338-0777-45e6-b13c-f15ba026b63a","kld","108","cardvoice_r_c363f338_0777_45e6_b13c_f15ba026b63a","CERTIFIED_SEMANTIC_ECHO","red_claim_0002; red_claim_0003; red_claim_0005","MONO-R-2015; MONO-R-2025","data/scryfall/raw/oracle-cards.json#id=6f054978-446c-4565-b51e-8f1f0e0f01e2","Instant | Target attacking creature gets +3/+3 until end of turn. If it's an artifact creature, it gains trample until end of turn. | Free from Consulate regulations, renegade-built automatons push performance to the limit.","R-F01/red_claim_0002: Red seeks freedom by listening to emotion, living fully in the moment, and acting on desire rather than suppressing it. -> MONO-R-2015 docs/research/mono_upgrade/13_red.md @ docs/research/mono_upgrade/13_red.md#R2015-Q1 [FULL_LOCAL_SOURCE_READ]: The 2015 official Red article frames Red's end goal as freedom through listening to emotion, acting from the heart, living in the moment, spontaneity, adventure, and close bonds such as passion, loyalty, and camaraderie. || MONO-R-2025 docs/research/mono_upgrade/13_red.md @ docs/research/mono_upgrade/13_red.md#R2025-a;R2025-b;R2025-c [FULL_LOCAL_SOURCE_READ]: The 2025 Red voice keeps finite life, felt bodily and emotional signals, and willingness to act on desire at the center while warning against inaction and suppression. || R-F02/red_claim_0003: Red's means are action, speed, emotional honesty, destruction when barriers must be broken, and a willingness to learn through doing. -> MONO-R-2015 docs/research/mono_upgrade/13_red.md @ docs/research/mono_upgrade/13_red.md#R2015-Q2 [FULL_LOCAL_SOURCE_READ]: The 2015 article identifies Red's means as action, emotional attunement, speed, destruction of barriers, emotional influence, mischief, and relentlessness in moving toward what it wants. || MONO-R-2025 docs/research/mono_upgrade/13_red.md @ docs/research/mono_upgrade/13_red.md#R2025-b;R2025-c;R2025-e [FULL_LOCAL_SOURCE_READ]: The 2025 Red voice supports listening to body and emotion, acting on those messages, learning through mistakes, and using lived feedback rather than waiting for perfect knowledge. || R-F03/red_claim_0005: Red is allied with Black through action, risk, destruction, and self-directed desire and with Green through instinct, wildness, and natural action; it opposes White's rules and Blue's overthinking. -> MONO-R-2015 docs/research/mono_upgrade/13_red.md @ docs/research/mono_upgrade/13_red.md#R2015-Q5;R2015-Q5b [FULL_LOCAL_SOURCE_READ]: The 2015 article defines Red's allied and enemy relationships through Black action/freedom/destruction, Green instinct/wildness, White rules as loss of freedom, and Blue's opposition to feeling and action. || MONO-R-2025 docs/research/mono_upgrade/13_red.md @ docs/research/mono_upgrade/13_red.md#R2025-d;R2025-e;R2025-f;R2025-h [FULL_LOCAL_SOURCE_READ]: The 2025 Red voice distinguishes Red from White rules, Blue overthinking, Black selfishness without loyalty, and Green's web-of-life spirituality while preserving Red's own desire, action, risk, destruction, and loyalty.","NOT_APPLICABLE","R-F01; R-F02; R-F03","The exact printed flavor line is the card-side fact. It supports only the named facet IDs where the line itself, not card color/type/product membership, supplies the stated echo.","SUPPORTED_INTERPRETATION","Exact card text is verified, but Public use is limited to this validated voice relationship. Gruul, Rakdos, and Kaladesh renegade themes can also reject regulation. This is a bounded mono-Red freedom-and-action echo, not identity proof from card color, artifact subject matter, or setting.","MONO-R-2015: docs/research/mono_upgrade/13_red.md; MONO-R-2025: docs/research/mono_upgrade/13_red.md","2","Free from Consulate regulations, renegade-built automatons push performance to the limit. -> R-F01: Red seeks freedom by listening to emotion, living fully in the moment, and acting on desire rather than suppressing it. | R-F02: Red's means are action, speed, emotional honesty, destruction when barriers must be broken, and a willingness to learn through doing. | R-F03: Red is allied with Black through action, risk, destruction, and self-directed desire and with Green through instinct, wildness, and natural action; it opposes White's rules and Blue's overthinking. -> Built to Smash's exact excerpt provides a bounded voice echo of freedom from imposed regulation joined to immediate action and pushing performance to its limit.","NONE_IDENTIFIED","PASS_VERIFIED_CARD_AND_CURRENT_TEXT","PASS_ROUTED_UNDERLYING_EVIDENCE","PASS_BOUNDED_CARD_TO_FACET_BRIDGE","NO_MATERIAL_TILE_MODAL_ECHO","LEGITIMATE_SHARED_CONCEPT","NO_DELETION_INDICATED","NO_SWAP_INDICATED","ADDITIVE_IDENTITY_INTERPRETATION","NO_MATERIAL_FACET_COLLAPSE","NO_MATERIAL_OVERCLAIM","FORMULAIC_BUT_READABLE","NO_CHANGE_INDICATED",""
"SOUND-R-2-cardvoice_vm558_r_104baa4e_a3f3_45dc_979d_4c58b659ba1a","R","Red","SOUND","2","Brambleguard Captain","Exact card voice","""We sought adventure and found calamity. Forward, so we may meet both with courage!""","","What this card's voice reveals about Red","The captain accepts that adventure and disaster arrive together and chooses forward motion with courage.","Creature — Mouse Soldier","e200b8bf-f2f3-4157-8e04-02baf07a963e","104baa4e-a3f3-45dc-979d-4c58b659ba1a","blb","127","cardvoice_vm558_r_104baa4e_a3f3_45dc_979d_4c58b659ba1a","CERTIFIED_SEMANTIC_ECHO","red_claim_0002; red_claim_0003; red_claim_0005","MONO-R-2015; MONO-R-2025","data/scryfall/raw/oracle-cards.json#id=e200b8bf-f2f3-4157-8e04-02baf07a963e","Creature — Mouse Soldier | At the beginning of combat on your turn, target creature you control gets +X/+0 until end of turn, where X is this creature's power. | ""We sought adventure and found calamity. Forward, so we may meet both with courage!""","R-F01/red_claim_0002: Red seeks freedom by listening to emotion, living fully in the moment, and acting on desire rather than suppressing it. -> MONO-R-2015 docs/research/mono_upgrade/13_red.md @ docs/research/mono_upgrade/13_red.md#R2015-Q1 [FULL_LOCAL_SOURCE_READ]: The 2015 official Red article frames Red's end goal as freedom through listening to emotion, acting from the heart, living in the moment, spontaneity, adventure, and close bonds such as passion, loyalty, and camaraderie. || MONO-R-2025 docs/research/mono_upgrade/13_red.md @ docs/research/mono_upgrade/13_red.md#R2025-a;R2025-b;R2025-c [FULL_LOCAL_SOURCE_READ]: The 2025 Red voice keeps finite life, felt bodily and emotional signals, and willingness to act on desire at the center while warning against inaction and suppression. || R-F02/red_claim_0003: Red's means are action, speed, emotional honesty, destruction when barriers must be broken, and a willingness to learn through doing. -> MONO-R-2015 docs/research/mono_upgrade/13_red.md @ docs/research/mono_upgrade/13_red.md#R2015-Q2 [FULL_LOCAL_SOURCE_READ]: The 2015 article identifies Red's means as action, emotional attunement, speed, destruction of barriers, emotional influence, mischief, and relentlessness in moving toward what it wants. || MONO-R-2025 docs/research/mono_upgrade/13_red.md @ docs/research/mono_upgrade/13_red.md#R2025-b;R2025-c;R2025-e [FULL_LOCAL_SOURCE_READ]: The 2025 Red voice supports listening to body and emotion, acting on those messages, learning through mistakes, and using lived feedback rather than waiting for perfect knowledge. || R-F03/red_claim_0005: Red is allied with Black through action, risk, destruction, and self-directed desire and with Green through instinct, wildness, and natural action; it opposes White's rules and Blue's overthinking. -> MONO-R-2015 docs/research/mono_upgrade/13_red.md @ docs/research/mono_upgrade/13_red.md#R2015-Q5;R2015-Q5b [FULL_LOCAL_SOURCE_READ]: The 2015 article defines Red's allied and enemy relationships through Black action/freedom/destruction, Green instinct/wildness, White rules as loss of freedom, and Blue's opposition to feeling and action. || MONO-R-2025 docs/research/mono_upgrade/13_red.md @ docs/research/mono_upgrade/13_red.md#R2025-d;R2025-e;R2025-f;R2025-h [FULL_LOCAL_SOURCE_READ]: The 2025 Red voice distinguishes Red from White rules, Blue overthinking, Black selfishness without loyalty, and Green's web-of-life spirituality while preserving Red's own desire, action, risk, destruction, and loyalty.","NOT_APPLICABLE","R-F01; R-F02; R-F03","The exact printed flavor line is the card-side fact. It supports only the named facet IDs where the line itself, not card color/type/product membership, supplies the stated echo.","SUPPORTED_INTERPRETATION","Owner-approved complementary card voice. Public use remains limited to this exact printing and bounded identity relationship; it does not prove placement, play style, or identity from card color, mechanics, tags, or product membership.","MONO-R-2015: docs/research/mono_upgrade/13_red.md; MONO-R-2025: docs/research/mono_upgrade/13_red.md","2","""We sought adventure and found calamity. Forward, so we may meet both with courage!"" -> R-F01: Red seeks freedom by listening to emotion, living fully in the moment, and acting on desire rather than suppressing it. | R-F02: Red's means are action, speed, emotional honesty, destruction when barriers must be broken, and a willingness to learn through doing. | R-F03: Red is allied with Black through action, risk, destruction, and self-directed desire and with Green through instinct, wildness, and natural action; it opposes White's rules and Blue's overthinking. -> Brambleguard Captain gives Red a second voice of vivid experience accepted through action.","NONE_IDENTIFIED","PASS_VERIFIED_CARD_AND_CURRENT_TEXT","PASS_ROUTED_UNDERLYING_EVIDENCE","PASS_BOUNDED_CARD_TO_FACET_BRIDGE","NO_MATERIAL_TILE_MODAL_ECHO","LEGITIMATE_SHARED_CONCEPT","NO_DELETION_INDICATED","NO_SWAP_INDICATED","ADDITIVE_IDENTITY_INTERPRETATION","NO_MATERIAL_FACET_COLLAPSE","NO_MATERIAL_OVERCLAIM","NATURAL_ENOUGH_AS_WRITTEN","NO_CHANGE_INDICATED",""
"PLAY-R-1-cardrel_auto_r_8c3495bf_02e7_4ad9_949d_92eb3d2b662a","R","Red","PLAY","1","Torbran, Thane of Red Fell","Why it fits in play","Torbran gives Red's direct-action pressure a clear example by increasing damage from red sources to opponents and their permanents.","","Why Torbran, Thane of Red Fell helps explain Red in play","At the table, Torbran, Thane of Red Fell carries that card action into this reading's larger plan: fast commitment, visible momentum, and turns that use the available opening before it closes.","Legendary Creature — Dwarf Noble","79f591cd-d277-4ba5-b1bf-1c09cac9cb8a","8c3495bf-02e7-4ad9-949d-92eb3d2b662a","eld","147","cardrel_auto_r_8c3495bf_02e7_4ad9_949d_92eb3d2b662a","CERTIFIED_BEHAVIORAL_EXAMPLE","red_claim_0003; red_claim_0007","MONO-R-2015; MONO-R-2025; MECH-CP-2021; GOV-COC-2024","data/scryfall/raw/oracle-cards.json#id=79f591cd-d277-4ba5-b1bf-1c09cac9cb8a","Legendary Creature — Dwarf Noble | If a red source you control would deal damage to an opponent or a permanent an opponent controls, it deals that much damage plus 2 instead. | A dwarf's grudge runs deeper than the mountains' roots.","R-F02/red_claim_0003: Red's means are action, speed, emotional honesty, destruction when barriers must be broken, and a willingness to learn through doing. -> MONO-R-2015 docs/research/mono_upgrade/13_red.md @ docs/research/mono_upgrade/13_red.md#R2015-Q2 [FULL_LOCAL_SOURCE_READ]: The 2015 article identifies Red's means as action, emotional attunement, speed, destruction of barriers, emotional influence, mischief, and relentlessness in moving toward what it wants. || MONO-R-2025 docs/research/mono_upgrade/13_red.md @ docs/research/mono_upgrade/13_red.md#R2025-b;R2025-c;R2025-e [FULL_LOCAL_SOURCE_READ]: The 2025 Red voice supports listening to body and emotion, acting on those messages, learning through mistakes, and using lived feedback rather than waiting for perfect knowledge. || R-F04/red_claim_0007: Red's mechanical texture includes direct damage, artifact destruction, haste, first strike, extra attacks, forced attacks, temporary mana, impulsive draw, rummaging, Treasure, copying spells, and temporary theft. -> MECH-CP-2021 docs/research/mono_upgrade/20_mechanical_color_pie_2021.md @ docs/research/mono_upgrade/20_mechanical_color_pie_2021.md#MECH-removal;MECH-carddraw;MECH-antiflying;MECH-artifact-friendly [FULL_LOCAL_SOURCE_READ]: The mechanical color pie digest bounds Red's mechanical texture around damage-based removal, impulsive card access, anti-flying damage, artifact interaction, temporary mana, haste, extra attacks, rummaging, spell copying, and Treasure-like temporary resources. || GOV-COC-2024 docs/research/mono_upgrade/22_council_of_colors.md @ docs/research/mono_upgrade/22_council_of_colors.md#COC-shift-commander;COC-gaps [FULL_LOCAL_SOURCE_READ]: The Council of Colors digest supports Red's Commander-context impulsive draw and ongoing search for new red mechanical space as color-pie process context, not broad philosophy proof.","If a red source you control would deal damage to an opponent or a permanent an opponent controls, it deals that much damage plus 2 instead.","R-F02; R-F04","The committed Oracle text is the gameplay-side fact. It supports only the named facet IDs where the visible rationale accurately describes that behavior and makes the identity connection explicit.","SUPPORTED_INTERPRETATION","A bounded card example validated against certified identity claims and canonical card text. It does not prove player motivation, placement, or identity from color, mechanic, tag, or product membership.","MONO-R-2015: docs/research/mono_upgrade/13_red.md; MONO-R-2025: docs/research/mono_upgrade/13_red.md; MECH-CP-2021: docs/research/mono_upgrade/20_mechanical_color_pie_2021.md; GOV-COC-2024: docs/research/mono_upgrade/22_council_of_colors.md","4","If a red source you control would deal damage to an opponent or a permanent an opponent controls, it deals that much damage plus 2 instead. -> R-F02: Red's means are action, speed, emotional honesty, destruction when barriers must be broken, and a willingness to learn through doing. | R-F04: Red's mechanical texture includes direct damage, artifact destruction, haste, first strike, extra attacks, forced attacks, temporary mana, impulsive draw, rummaging, Treasure, copying spells, and temporary theft. -> Automatically approved only because the certified identity claims, canonical card observation, bounded bridge, false-positive analysis, and neighbor analysis all pass the shared validator.","NONE_IDENTIFIED","PASS_VERIFIED_CARD_AND_CURRENT_TEXT","PASS_ROUTED_UNDERLYING_EVIDENCE","PASS_BOUNDED_CARD_TO_FACET_BRIDGE","GENERIC_IDENTITY_LANGUAGE_WITHOUT_NEW_CARD_SPECIFIC_INSIGHT","NO_MATERIAL_CROSS_CARD_REPETITION","NO_DELETION_INDICATED","NO_SWAP_INDICATED","MODAL_REDUNDANT","NO_MATERIAL_FACET_COLLAPSE","NO_MATERIAL_OVERCLAIM","SHARED_COMPOSER_FRAME","REMEDIATION_LIKELY","The modal adds a general identity plan but does not deepen why this particular card teaches that facet beyond the already-visible tile."
"SOUND-G-1-cardvoice_g_b0b6be0c_41cf_4757_9f0e_87227b6ba6b3","G","Green","SOUND","1","Ghalta, Primal Hunger","Exact card voice","The earth walks, strongest of all.","","What this card's voice reveals about Green","The line presents the earth itself embodied as primal strength.","Legendary Creature — Elder Dinosaur","6a9c39e4-a8cf-42dd-8d0e-45634b335546","b0b6be0c-41cf-4757-9f0e-87227b6ba6b3","fdn","222","cardvoice_g_b0b6be0c_41cf_4757_9f0e_87227b6ba6b3","CERTIFIED_SEMANTIC_ECHO","green_claim_0002; green_claim_0004; green_claim_0006","MONO-G-2015; MONO-G-2025","data/scryfall/raw/oracle-cards.json#id=6a9c39e4-a8cf-42dd-8d0e-45634b335546","Legendary Creature — Elder Dinosaur | This spell costs {X} less to cast, where X is the total power of creatures you control.
Trample (This creature can deal excess combat damage to the player or planeswalker it's attacking.) | The earth walks, strongest of all.","G-F01/green_claim_0002: Green seeks acceptance of what is: the natural order, the web of life, and the innate role each being is born to discover and fulfill. -> MONO-G-2015 docs/research/mono_upgrade/14_green.md @ docs/research/mono_upgrade/14_green.md#G2015-Q1;G2015-Q1b [FULL_LOCAL_SOURCE_READ]: The 2015 official Green article frames Green's end goal as acceptance of the natural order, recognizing the role one was born into, and learning how the self fits inside nature's interconnected web. || MONO-G-2025 docs/research/mono_upgrade/14_green.md @ docs/research/mono_upgrade/14_green.md#G2025-a;G2025-b [FULL_LOCAL_SOURCE_READ]: The 2025 Green voice centers accepting what is, treating nature as an elegant system, and understanding each being's role in the web of life. || G-F02/green_claim_0004: Green centers life, growth, nature, reality, community, interdependence, past wisdom, ancestry, tradition, instinct, animals, and plants; it resists unnatural change that creates what was not meant to exist or disrupts ecosystems, while allowing slow purposeful evolution. -> MONO-G-2015 docs/research/mono_upgrade/14_green.md @ docs/research/mono_upgrade/14_green.md#G2015-Q3;G2015-Q4 [FULL_LOCAL_SOURCE_READ]: The 2015 article bounds Green's cares around life, growth, nature, truth, community, interdependence, past wisdom, ancestry, tradition, instinct, animals, and plants, and bounds its hatred of change to unnatural creation and inorganic ecosystem disruption. || MONO-G-2025 docs/research/mono_upgrade/14_green.md @ docs/research/mono_upgrade/14_green.md#G2025-c [FULL_LOCAL_SOURCE_READ]: The 2025 Green voice explicitly says Green is not anti-change, but treats change as slow, purposeful evolution measured over lifetimes. || G-F03/green_claim_0006: Green's strength is certainty in the natural system, interconnection, primal power, mana, and efficient creatures; its weakness is over-reliance on what it cares about, especially when creatures or familiar natural systems are not the answer. -> MONO-G-2015 docs/research/mono_upgrade/14_green.md @ docs/research/mono_upgrade/14_green.md#G2015-Q6 [FULL_LOCAL_SOURCE_READ]: The 2015 article identifies Green's strength as unwavering belief in the natural system, primal power, and large creatures, and its weakness as over-reliance on that system, especially creatures. || MONO-G-2025 docs/research/mono_upgrade/14_green.md @ docs/research/mono_upgrade/14_green.md#G2025-i [FULL_LOCAL_SOURCE_READ]: The 2025 Green voice repeats certainty, focus, mana, and efficient creatures as strength while identifying over-reliance on cared-about tools, especially creatures, as weakness.","NOT_APPLICABLE","G-F01; G-F02; G-F03","The exact printed flavor line is the card-side fact. It supports only the named facet IDs where the line itself, not card color/type/product membership, supplies the stated echo.","SUPPORTED_INTERPRETATION","Exact card text is verified, but Public use is limited to this validated voice relationship. Gruul, Naya, and Temur also use primal nature; this is a mono-Green voice echo only, not proof from creature size or card color.","MONO-G-2015: docs/research/mono_upgrade/14_green.md; MONO-G-2025: docs/research/mono_upgrade/14_green.md","2","The earth walks, strongest of all. -> G-F01: Green seeks acceptance of what is: the natural order, the web of life, and the innate role each being is born to discover and fulfill. | G-F02: Green centers life, growth, nature, reality, community, interdependence, past wisdom, ancestry, tradition, instinct, animals, and plants; it resists unnatural change that creates what was not meant to exist or disrupts ecosystems, while allowing slow purposeful evolution. | G-F03: Green's strength is certainty in the natural system, interconnection, primal power, mana, and efficient creatures; its weakness is over-reliance on what it cares about, especially when creatures or familiar natural systems are not the answer. -> Ghalta, Primal Hunger's exact excerpt provides a bounded voice echo of the earth itself embodied as primal strength.","NONE_IDENTIFIED","PASS_VERIFIED_CARD_AND_CURRENT_TEXT","PASS_ROUTED_UNDERLYING_EVIDENCE","PASS_BOUNDED_CARD_TO_FACET_BRIDGE","NO_MATERIAL_TILE_MODAL_ECHO","LEGITIMATE_SHARED_CONCEPT","NO_DELETION_INDICATED","NO_SWAP_INDICATED","ADDITIVE_IDENTITY_INTERPRETATION","NO_MATERIAL_FACET_COLLAPSE","NO_MATERIAL_OVERCLAIM","FORMULAIC_BUT_READABLE","NO_CHANGE_INDICATED",""
"SOUND-G-2-cardvoice_vm558_g_f652c593_e8fa_42ff_a8b4_206556b273de","G","Green","SOUND","2","Attuned Hunter","Exact card voice","""Sokran is no mere bear. She is friend, family, and confidante—and more intelligent than some of my blood relatives.""","","What this card's voice reveals about Green","The line treats Sokran not as a tool but as family and confidante, making Green interdependence intimate and lived.","Creature — Human Ranger","d1a4f502-86a9-49fb-9cb9-7918d13c5313","f652c593-e8fa-42ff-a8b4-206556b273de","tdm","135","cardvoice_vm558_g_f652c593_e8fa_42ff_a8b4_206556b273de","CERTIFIED_SEMANTIC_ECHO","green_claim_0002; green_claim_0004; green_claim_0006","MONO-G-2015; MONO-G-2025","data/scryfall/raw/oracle-cards.json#id=d1a4f502-86a9-49fb-9cb9-7918d13c5313","Creature — Human Ranger | Trample
Whenever one or more cards leave your graveyard during your turn, put a +1/+1 counter on this creature. | ""Sokran is no mere bear. She is friend, family, and confidante—and more intelligent than some of my blood relatives.""","G-F01/green_claim_0002: Green seeks acceptance of what is: the natural order, the web of life, and the innate role each being is born to discover and fulfill. -> MONO-G-2015 docs/research/mono_upgrade/14_green.md @ docs/research/mono_upgrade/14_green.md#G2015-Q1;G2015-Q1b [FULL_LOCAL_SOURCE_READ]: The 2015 official Green article frames Green's end goal as acceptance of the natural order, recognizing the role one was born into, and learning how the self fits inside nature's interconnected web. || MONO-G-2025 docs/research/mono_upgrade/14_green.md @ docs/research/mono_upgrade/14_green.md#G2025-a;G2025-b [FULL_LOCAL_SOURCE_READ]: The 2025 Green voice centers accepting what is, treating nature as an elegant system, and understanding each being's role in the web of life. || G-F02/green_claim_0004: Green centers life, growth, nature, reality, community, interdependence, past wisdom, ancestry, tradition, instinct, animals, and plants; it resists unnatural change that creates what was not meant to exist or disrupts ecosystems, while allowing slow purposeful evolution. -> MONO-G-2015 docs/research/mono_upgrade/14_green.md @ docs/research/mono_upgrade/14_green.md#G2015-Q3;G2015-Q4 [FULL_LOCAL_SOURCE_READ]: The 2015 article bounds Green's cares around life, growth, nature, truth, community, interdependence, past wisdom, ancestry, tradition, instinct, animals, and plants, and bounds its hatred of change to unnatural creation and inorganic ecosystem disruption. || MONO-G-2025 docs/research/mono_upgrade/14_green.md @ docs/research/mono_upgrade/14_green.md#G2025-c [FULL_LOCAL_SOURCE_READ]: The 2025 Green voice explicitly says Green is not anti-change, but treats change as slow, purposeful evolution measured over lifetimes. || G-F03/green_claim_0006: Green's strength is certainty in the natural system, interconnection, primal power, mana, and efficient creatures; its weakness is over-reliance on what it cares about, especially when creatures or familiar natural systems are not the answer. -> MONO-G-2015 docs/research/mono_upgrade/14_green.md @ docs/research/mono_upgrade/14_green.md#G2015-Q6 [FULL_LOCAL_SOURCE_READ]: The 2015 article identifies Green's strength as unwavering belief in the natural system, primal power, and large creatures, and its weakness as over-reliance on that system, especially creatures. || MONO-G-2025 docs/research/mono_upgrade/14_green.md @ docs/research/mono_upgrade/14_green.md#G2025-i [FULL_LOCAL_SOURCE_READ]: The 2025 Green voice repeats certainty, focus, mana, and efficient creatures as strength while identifying over-reliance on cared-about tools, especially creatures, as weakness.","NOT_APPLICABLE","G-F01; G-F02; G-F03","The exact printed flavor line is the card-side fact. It supports only the named facet IDs where the line itself, not card color/type/product membership, supplies the stated echo.","SUPPORTED_INTERPRETATION","Owner-approved complementary card voice. Public use remains limited to this exact printing and bounded identity relationship; it does not prove placement, play style, or identity from card color, mechanics, tags, or product membership.","MONO-G-2015: docs/research/mono_upgrade/14_green.md; MONO-G-2025: docs/research/mono_upgrade/14_green.md","2","""Sokran is no mere bear. She is friend, family, and confidante—and more intelligent than some of my blood relatives."" -> G-F01: Green seeks acceptance of what is: the natural order, the web of life, and the innate role each being is born to discover and fulfill. | G-F02: Green centers life, growth, nature, reality, community, interdependence, past wisdom, ancestry, tradition, instinct, animals, and plants; it resists unnatural change that creates what was not meant to exist or disrupts ecosystems, while allowing slow purposeful evolution. | G-F03: Green's strength is certainty in the natural system, interconnection, primal power, mana, and efficient creatures; its weakness is over-reliance on what it cares about, especially when creatures or familiar natural systems are not the answer. -> Attuned Hunter gives Green a second voice of innate kinship within the living world.","NONE_IDENTIFIED","PASS_VERIFIED_CARD_AND_CURRENT_TEXT","PASS_ROUTED_UNDERLYING_EVIDENCE","PASS_BOUNDED_CARD_TO_FACET_BRIDGE","NO_MATERIAL_TILE_MODAL_ECHO","LEGITIMATE_SHARED_CONCEPT","NO_DELETION_INDICATED","NO_SWAP_INDICATED","ADDITIVE_IDENTITY_INTERPRETATION","NO_MATERIAL_FACET_COLLAPSE","NO_MATERIAL_OVERCLAIM","NATURAL_ENOUGH_AS_WRITTEN","NO_CHANGE_INDICATED",""
"PLAY-G-1-cardrel_auto_g_6c2c8bf3_9bf8_4a86_89d3_3bb36260dc51","G","Green","PLAY","1","Azusa, Lost but Seeking","Why it fits in play","Azusa gives Green's land-based growth a direct Commander example by allowing two additional land plays on each of your turns.","","Why Azusa, Lost but Seeking helps explain Green in play","At the table, Azusa, Lost but Seeking carries that card action into this reading's larger plan: land-fed development, creature-centered value, and patient growth becoming visible board strength.","Legendary Creature — Human Monk","2fe97fbe-a6d6-4e96-8c26-f81bcdf579a1","6c2c8bf3-9bf8-4a86-89d3-3bb36260dc51","cmm","274","cardrel_auto_g_6c2c8bf3_9bf8_4a86_89d3_3bb36260dc51","CERTIFIED_BEHAVIORAL_EXAMPLE","green_claim_0004; green_claim_0007","MONO-G-2015; MONO-G-2025; MECH-CP-2021; MECH-CP-2021-CHG","data/scryfall/raw/oracle-cards.json#id=2fe97fbe-a6d6-4e96-8c26-f81bcdf579a1","Legendary Creature — Human Monk | You may play two additional lands on each of your turns. | ""I do not miss Jukai Forest. It is not my home. My home is Kamigawa, its people my family. Wherever I set my pack and rest my head, I am home.""","G-F02/green_claim_0004: Green centers life, growth, nature, reality, community, interdependence, past wisdom, ancestry, tradition, instinct, animals, and plants; it resists unnatural change that creates what was not meant to exist or disrupts ecosystems, while allowing slow purposeful evolution. -> MONO-G-2015 docs/research/mono_upgrade/14_green.md @ docs/research/mono_upgrade/14_green.md#G2015-Q3;G2015-Q4 [FULL_LOCAL_SOURCE_READ]: The 2015 article bounds Green's cares around life, growth, nature, truth, community, interdependence, past wisdom, ancestry, tradition, instinct, animals, and plants, and bounds its hatred of change to unnatural creation and inorganic ecosystem disruption. || MONO-G-2025 docs/research/mono_upgrade/14_green.md @ docs/research/mono_upgrade/14_green.md#G2025-c [FULL_LOCAL_SOURCE_READ]: The 2025 Green voice explicitly says Green is not anti-change, but treats change as slow, purposeful evolution measured over lifetimes. || G-F04/green_claim_0007: Green's mechanical texture includes efficient creatures, +1/+1 counters, mana and lands, Fight/Bite, reach, trample, artifact and enchantment destruction, card draw or filtering tied to creatures and lands, and anti-flying tools. -> MECH-CP-2021 docs/research/mono_upgrade/20_mechanical_color_pie_2021.md @ docs/research/mono_upgrade/20_mechanical_color_pie_2021.md#MECH-removal;MECH-carddraw;MECH-antiflying [FULL_LOCAL_SOURCE_READ]: The mechanical color pie digest bounds Green's mechanical texture around creature-mediated removal such as Fight/Bite and anti-flying tools, creature-tied card draw/filtering, lands, mana, counters, trample, reach, and artifact/enchantment answers. || MECH-CP-2021-CHG docs/research/mono_upgrade/21_mechanical_color_pie_2021_changes.md @ docs/research/mono_upgrade/21_mechanical_color_pie_2021_changes.md#CHG-carddraw;CHG-cardfilter;CHG-counter-ability [FULL_LOCAL_SOURCE_READ]: The 2021 changes digest records Green card draw moving to creature-tied only, Green card filtering becoming primary for lands/creatures, and Green counter-ability access moving to tertiary mostly against artifacts.","You may play two additional lands on each of your turns.","G-F02; G-F04","The committed Oracle text is the gameplay-side fact. It supports only the named facet IDs where the visible rationale accurately describes that behavior and makes the identity connection explicit.","SUPPORTED_INTERPRETATION","A bounded card example validated against certified identity claims and canonical card text. It does not prove player motivation, placement, or identity from color, mechanic, tag, or product membership.","MONO-G-2015: docs/research/mono_upgrade/14_green.md; MONO-G-2025: docs/research/mono_upgrade/14_green.md; MECH-CP-2021: docs/research/mono_upgrade/20_mechanical_color_pie_2021.md; MECH-CP-2021-CHG: docs/research/mono_upgrade/21_mechanical_color_pie_2021_changes.md","4","You may play two additional lands on each of your turns. -> G-F02: Green centers life, growth, nature, reality, community, interdependence, past wisdom, ancestry, tradition, instinct, animals, and plants; it resists unnatural change that creates what was not meant to exist or disrupts ecosystems, while allowing slow purposeful evolution. | G-F04: Green's mechanical texture includes efficient creatures, +1/+1 counters, mana and lands, Fight/Bite, reach, trample, artifact and enchantment destruction, card draw or filtering tied to creatures and lands, and anti-flying tools. -> Automatically approved only because the certified identity claims, canonical card observation, bounded bridge, false-positive analysis, and neighbor analysis all pass the shared validator.","NONE_IDENTIFIED","PASS_VERIFIED_CARD_AND_CURRENT_TEXT","PASS_ROUTED_UNDERLYING_EVIDENCE","PASS_BOUNDED_CARD_TO_FACET_BRIDGE","NO_MATERIAL_TILE_MODAL_ECHO","NO_MATERIAL_CROSS_CARD_REPETITION","NO_DELETION_INDICATED","NO_SWAP_INDICATED","ADDITIVE_IDENTITY_PLAY_CONTEXT","NO_MATERIAL_FACET_COLLAPSE","NO_MATERIAL_OVERCLAIM","SHARED_COMPOSER_FRAME","NO_CHANGE_INDICATED",""
"SOUND-WU-1-cardvoice_wu_27e04c41_f42c_4d60_8a71_ec2d7c326f64","WU","Azorius Senate","SOUND","1","Azorius Cluestone","Exact card voice","Its three sides represent the Sova, judges and arbitrators; the Jelenn, scribes and elocutors; and the Lyev, lawmages and enforcers.","","What this card's voice reveals about Azorius Senate","The line presents Azorius through its judges, scribes, and lawmages.","Artifact","09eeb301-bc28-4515-ad69-0b1b5164a5bc","27e04c41-f42c-4d60-8a71-ec2d7c326f64","dgm","136","cardvoice_wu_27e04c41_f42c_4d60_8a71_ec2d7c326f64","EXPLICIT_IDENTITY_REFERENCE","azorius_senate_claim_001; azorius_senate_claim_002; azorius_senate_claim_003; azorius_senate_claim_007","src_wotc_flavorful_guide_ravnica_allegiance_2019; src_wotc_ravnica_allegiance_mechanics_2018; src_mark_rosewater_slow_and_steady_2006","data/scryfall/raw/oracle-cards.json#id=09eeb301-bc28-4515-ad69-0b1b5164a5bc","Artifact | {T}: Add {W} or {U}.
{W}{U}, {T}, Sacrifice this artifact: Draw a card. | Its three sides represent the Sova, judges and arbitrators; the Jelenn, scribes and elocutors; and the Lyev, lawmages and enforcers.","WU-F01/azorius_senate_claim_001: Azorius is the white-blue guild of Ravnica, associated with law, order, bureaucracy, legislation, enforcement, and procedure. -> src_wotc_flavorful_guide_ravnica_allegiance_2019 https://magic.wizards.com/en/news/feature/flavorful-guide-guilds-ravnica-allegiance-2019-02-07 @ A Flavorful Guide to the Guilds of Ravnica Allegiance - Azorius Senate section [INSPECTED_OFFICIAL_WEB]: The official Ravnica Allegiance guild guide identifies Azorius as the white-blue Ravnica guild associated with law, order, bureaucracy, legislation, enforcement, and procedure. || WU-F02/azorius_senate_claim_002: The official Ravnica Allegiance guide describes the Azorius Senate as responsible for making, enforcing, and interpreting Ravnica's laws. -> src_wotc_flavorful_guide_ravnica_allegiance_2019 https://magic.wizards.com/en/news/feature/flavorful-guide-guilds-ravnica-allegiance-2019-02-07 @ A Flavorful Guide to the Guilds of Ravnica Allegiance - Azorius Senate section [INSPECTED_OFFICIAL_WEB]: The official guide frames the Azorius Senate as the Ravnican institution that makes, enforces, and interprets laws. || WU-F03/azorius_senate_claim_003: The official guide describes Azorius as divided into three columns: the Sova Column, Jelenn Column, and Lyev Column. -> src_wotc_flavorful_guide_ravnica_allegiance_2019 https://magic.wizards.com/en/news/feature/flavorful-guide-guilds-ravnica-allegiance-2019-02-07 @ A Flavorful Guide to the Guilds of Ravnica Allegiance - Azorius Senate section [INSPECTED_OFFICIAL_WEB]: The official guide describes the Sova, Jelenn, and Lyev columns as Azorius institutional divisions. || WU-F04/azorius_senate_claim_007: Azorius placement should require explicit law, procedure, precedent, documentation, enforceable fairness, institutional restraint, or Addendum-like timing evidence rather than generic white-blue order alone. -> src_wotc_flavorful_guide_ravnica_allegiance_2019 https://magic.wizards.com/en/news/feature/flavorful-guide-guilds-ravnica-allegiance-2019-02-07 @ A Flavorful Guide to the Guilds of Ravnica Allegiance - Azorius Senate section [INSPECTED_OFFICIAL_WEB]: Official Azorius guild identity centers law, order, legislation, enforcement, and procedure. || src_wotc_ravnica_allegiance_mechanics_2018 https://magic.wizards.com/en/news/feature/ravnica-allegiance-mechanics @ Ravnica Allegiance Mechanics - Addendum section [INSPECTED_OFFICIAL_WEB]: Official Azorius Addendum mechanics support timing/procedural discipline as a mechanics-facing signal. || src_mark_rosewater_slow_and_steady_2006 docs/research/canon/mark_rosewater_official_two_color/azorius_Slow and Steady _ MAGIC_ THE GATHERING.md @ Slow and Steady - WHAT DOES THE GUILD CARE ABOUT? WHAT IS ITS END GOAL? WHAT MEANS DOES THE GUILD USE TO ACHIEVE THESE ENDS? [FULL_LOCAL_SOURCE_READ]: The White/Blue article frames Azorius/WU tools as law, information, intricate processes, and red tape.","NOT_APPLICABLE","WU-F01; WU-F02; WU-F03; WU-F04","The exact printed flavor line is the card-side fact. It supports only the named facet IDs where the line itself, not card color/type/product membership, supplies the stated echo.","DIRECT_FACT_PLUS_SUPPORTED_INTERPRETATION","Exact card text is verified, but Public use is limited to this validated voice relationship. White, Blue, and Esper also use systems and records; the explicit civic/legal institution makes this Azorius.","src_wotc_flavorful_guide_ravnica_allegiance_2019: https://magic.wizards.com/en/news/feature/flavorful-guide-guilds-ravnica-allegiance-2019-02-07; src_wotc_ravnica_allegiance_mechanics_2018: https://magic.wizards.com/en/news/feature/ravnica-allegiance-mechanics; src_mark_rosewater_slow_and_steady_2006: docs/research/canon/mark_rosewater_official_two_color/azorius_Slow and Steady _ MAGIC_ THE GATHERING.md","3","Its three sides represent the Sova, judges and arbitrators; the Jelenn, scribes and elocutors; and the Lyev, lawmages and enforcers. -> WU-F01: Azorius is the white-blue guild of Ravnica, associated with law, order, bureaucracy, legislation, enforcement, and procedure. | WU-F02: The official Ravnica Allegiance guide describes the Azorius Senate as responsible for making, enforcing, and interpreting Ravnica's laws. | WU-F03: The official guide describes Azorius as divided into three columns: the Sova Column, Jelenn Column, and Lyev Column. | WU-F04: Azorius placement should require explicit law, procedure, precedent, documentation, enforceable fairness, institutional restraint, or Addendum-like timing evidence rather than generic white-blue order alone. -> Azorius Cluestone's exact excerpt provides a bounded voice echo of Azorius named directly through its judges, scribes, and lawmages.","NONE_IDENTIFIED","PASS_VERIFIED_CARD_AND_CURRENT_TEXT","PASS_ROUTED_UNDERLYING_EVIDENCE","PASS_BOUNDED_CARD_TO_FACET_BRIDGE","NO_MATERIAL_TILE_MODAL_ECHO","LEGITIMATE_SHARED_CONCEPT","NO_DELETION_INDICATED","NO_SWAP_INDICATED","ADDITIVE_IDENTITY_INTERPRETATION","NO_MATERIAL_FACET_COLLAPSE","NO_MATERIAL_OVERCLAIM","FORMULAIC_BUT_READABLE","NO_CHANGE_INDICATED",""
"SOUND-WU-2-cardvoice_vm558_wu_12971527_aa8e_4517_9b00_71474caebfd0","WU","Azorius Senate","SOUND","2","Azorius Aethermage","Exact card voice","In her single metasphere are bound the records of every Ætheric transaction since the time of Azor.","","What this card's voice reveals about Azorius Senate","The line turns every aetheric transaction into a record kept since Azor, making Azorius sound procedural, documented, and institutionally continuous.","Creature — Human Wizard","6b640ff8-8baa-4069-b5a9-8a4fb22a056e","12971527-aa8e-4517-9b00-71474caebfd0","dis","104","cardvoice_vm558_wu_12971527_aa8e_4517_9b00_71474caebfd0","EXPLICIT_IDENTITY_REFERENCE","azorius_senate_claim_001; azorius_senate_claim_002; azorius_senate_claim_003; azorius_senate_claim_007","src_wotc_flavorful_guide_ravnica_allegiance_2019; src_wotc_ravnica_allegiance_mechanics_2018; src_mark_rosewater_slow_and_steady_2006","data/scryfall/raw/oracle-cards.json#id=6b640ff8-8baa-4069-b5a9-8a4fb22a056e","Creature — Human Wizard | Whenever a permanent is returned to your hand, you may pay {1}. If you do, draw a card. | In her single metasphere are bound the records of every Ætheric transaction since the time of Azor.","WU-F01/azorius_senate_claim_001: Azorius is the white-blue guild of Ravnica, associated with law, order, bureaucracy, legislation, enforcement, and procedure. -> src_wotc_flavorful_guide_ravnica_allegiance_2019 https://magic.wizards.com/en/news/feature/flavorful-guide-guilds-ravnica-allegiance-2019-02-07 @ A Flavorful Guide to the Guilds of Ravnica Allegiance - Azorius Senate section [INSPECTED_OFFICIAL_WEB]: The official Ravnica Allegiance guild guide identifies Azorius as the white-blue Ravnica guild associated with law, order, bureaucracy, legislation, enforcement, and procedure. || WU-F02/azorius_senate_claim_002: The official Ravnica Allegiance guide describes the Azorius Senate as responsible for making, enforcing, and interpreting Ravnica's laws. -> src_wotc_flavorful_guide_ravnica_allegiance_2019 https://magic.wizards.com/en/news/feature/flavorful-guide-guilds-ravnica-allegiance-2019-02-07 @ A Flavorful Guide to the Guilds of Ravnica Allegiance - Azorius Senate section [INSPECTED_OFFICIAL_WEB]: The official guide frames the Azorius Senate as the Ravnican institution that makes, enforces, and interprets laws. || WU-F03/azorius_senate_claim_003: The official guide describes Azorius as divided into three columns: the Sova Column, Jelenn Column, and Lyev Column. -> src_wotc_flavorful_guide_ravnica_allegiance_2019 https://magic.wizards.com/en/news/feature/flavorful-guide-guilds-ravnica-allegiance-2019-02-07 @ A Flavorful Guide to the Guilds of Ravnica Allegiance - Azorius Senate section [INSPECTED_OFFICIAL_WEB]: The official guide describes the Sova, Jelenn, and Lyev columns as Azorius institutional divisions. || WU-F04/azorius_senate_claim_007: Azorius placement should require explicit law, procedure, precedent, documentation, enforceable fairness, institutional restraint, or Addendum-like timing evidence rather than generic white-blue order alone. -> src_wotc_flavorful_guide_ravnica_allegiance_2019 https://magic.wizards.com/en/news/feature/flavorful-guide-guilds-ravnica-allegiance-2019-02-07 @ A Flavorful Guide to the Guilds of Ravnica Allegiance - Azorius Senate section [INSPECTED_OFFICIAL_WEB]: Official Azorius guild identity centers law, order, legislation, enforcement, and procedure. || src_wotc_ravnica_allegiance_mechanics_2018 https://magic.wizards.com/en/news/feature/ravnica-allegiance-mechanics @ Ravnica Allegiance Mechanics - Addendum section [INSPECTED_OFFICIAL_WEB]: Official Azorius Addendum mechanics support timing/procedural discipline as a mechanics-facing signal. || src_mark_rosewater_slow_and_steady_2006 docs/research/canon/mark_rosewater_official_two_color/azorius_Slow and Steady _ MAGIC_ THE GATHERING.md @ Slow and Steady - WHAT DOES THE GUILD CARE ABOUT? WHAT IS ITS END GOAL? WHAT MEANS DOES THE GUILD USE TO ACHIEVE THESE ENDS? [FULL_LOCAL_SOURCE_READ]: The White/Blue article frames Azorius/WU tools as law, information, intricate processes, and red tape.","NOT_APPLICABLE","WU-F01; WU-F02; WU-F03; WU-F04","The exact printed flavor line is the card-side fact. It supports only the named facet IDs where the line itself, not card color/type/product membership, supplies the stated echo.","DIRECT_FACT_PLUS_SUPPORTED_INTERPRETATION","Owner-approved complementary card voice. Public use remains limited to this exact printing and bounded identity relationship; it does not prove placement, play style, or identity from card color, mechanics, tags, or product membership.","src_wotc_flavorful_guide_ravnica_allegiance_2019: https://magic.wizards.com/en/news/feature/flavorful-guide-guilds-ravnica-allegiance-2019-02-07; src_wotc_ravnica_allegiance_mechanics_2018: https://magic.wizards.com/en/news/feature/ravnica-allegiance-mechanics; src_mark_rosewater_slow_and_steady_2006: docs/research/canon/mark_rosewater_official_two_color/azorius_Slow and Steady _ MAGIC_ THE GATHERING.md","3","In her single metasphere are bound the records of every Ætheric transaction since the time of Azor. -> WU-F01: Azorius is the white-blue guild of Ravnica, associated with law, order, bureaucracy, legislation, enforcement, and procedure. | WU-F02: The official Ravnica Allegiance guide describes the Azorius Senate as responsible for making, enforcing, and interpreting Ravnica's laws. | WU-F03: The official guide describes Azorius as divided into three columns: the Sova Column, Jelenn Column, and Lyev Column. | WU-F04: Azorius placement should require explicit law, procedure, precedent, documentation, enforceable fairness, institutional restraint, or Addendum-like timing evidence rather than generic white-blue order alone. -> Azorius Aethermage's record of every aetheric transaction gives Azorius a second voice of traceability and institutional memory.","NONE_IDENTIFIED","PASS_VERIFIED_CARD_AND_CURRENT_TEXT","PASS_ROUTED_UNDERLYING_EVIDENCE","PASS_BOUNDED_CARD_TO_FACET_BRIDGE","NO_MATERIAL_TILE_MODAL_ECHO","LEGITIMATE_SHARED_CONCEPT","NO_DELETION_INDICATED","NO_SWAP_INDICATED","ADDITIVE_IDENTITY_INTERPRETATION","NO_MATERIAL_FACET_COLLAPSE","NO_MATERIAL_OVERCLAIM","NATURAL_ENOUGH_AS_WRITTEN","NO_CHANGE_INDICATED",""
"PLAY-WU-3-cardrel_wu_1f8d4d5f","WU","Azorius Senate","PLAY","3","Grand Arbiter Augustin IV","Why it fits in play","The ultimate expression of Azorius tax-based gameplay; he slows the game down to a crawl.","Stax; Taxing; Control","Why Grand Arbiter Augustin IV helps explain Azorius Senate in play","Grand Arbiter makes Azorius rule-setting concrete by reducing the cost of your white and blue spells while increasing the cost of opponents' spells. At the table, this can mean restricted action, procedural pressure, and clean enforcement.","Legendary Creature — Human Advisor","f43748ea-1d65-4ee8-9c66-221412a284c0","1f8d4d5f-e82f-45f3-823e-1bb6b536eb18","2x2","221","cardrel_wu_1f8d4d5f","NATIVE_IDENTITY_ANCHOR","azorius_senate_claim_001; azorius_senate_claim_002; azorius_senate_claim_006; azorius_senate_claim_007","src_wotc_flavorful_guide_ravnica_allegiance_2019; src_wotc_ravnica_allegiance_mechanics_2018; src_mark_rosewater_slow_and_steady_2006","data/scryfall/raw/oracle-cards.json#id=f43748ea-1d65-4ee8-9c66-221412a284c0","Legendary Creature — Human Advisor | White spells you cast cost {1} less to cast.
Blue spells you cast cost {1} less to cast.
Spells your opponents cast cost {1} more to cast. | The Arbiter is a conduit of justice, a will so disciplined that it dispenses justice without ego or remorse.","WU-F01/azorius_senate_claim_001: Azorius is the white-blue guild of Ravnica, associated with law, order, bureaucracy, legislation, enforcement, and procedure. -> src_wotc_flavorful_guide_ravnica_allegiance_2019 https://magic.wizards.com/en/news/feature/flavorful-guide-guilds-ravnica-allegiance-2019-02-07 @ A Flavorful Guide to the Guilds of Ravnica Allegiance - Azorius Senate section [INSPECTED_OFFICIAL_WEB]: The official Ravnica Allegiance guild guide identifies Azorius as the white-blue Ravnica guild associated with law, order, bureaucracy, legislation, enforcement, and procedure. || WU-F02/azorius_senate_claim_002: The official Ravnica Allegiance guide describes the Azorius Senate as responsible for making, enforcing, and interpreting Ravnica's laws. -> src_wotc_flavorful_guide_ravnica_allegiance_2019 https://magic.wizards.com/en/news/feature/flavorful-guide-guilds-ravnica-allegiance-2019-02-07 @ A Flavorful Guide to the Guilds of Ravnica Allegiance - Azorius Senate section [INSPECTED_OFFICIAL_WEB]: The official guide frames the Azorius Senate as the Ravnican institution that makes, enforces, and interprets laws. || WU-F05/azorius_senate_claim_006: Addendum is the Ravnica Allegiance signature mechanic associated with Azorius. -> src_wotc_ravnica_allegiance_mechanics_2018 https://magic.wizards.com/en/news/feature/ravnica-allegiance-mechanics @ Ravnica Allegiance Mechanics - Addendum section [INSPECTED_OFFICIAL_WEB]: The official Ravnica Allegiance mechanics article presents Addendum as Azorius's signature set mechanic. || WU-F04/azorius_senate_claim_007: Azorius placement should require explicit law, procedure, precedent, documentation, enforceable fairness, institutional restraint, or Addendum-like timing evidence rather than generic white-blue order alone. -> src_wotc_flavorful_guide_ravnica_allegiance_2019 https://magic.wizards.com/en/news/feature/flavorful-guide-guilds-ravnica-allegiance-2019-02-07 @ A Flavorful Guide to the Guilds of Ravnica Allegiance - Azorius Senate section [INSPECTED_OFFICIAL_WEB]: Official Azorius guild identity centers law, order, legislation, enforcement, and procedure. || src_wotc_ravnica_allegiance_mechanics_2018 https://magic.wizards.com/en/news/feature/ravnica-allegiance-mechanics @ Ravnica Allegiance Mechanics - Addendum section [INSPECTED_OFFICIAL_WEB]: Official Azorius Addendum mechanics support timing/procedural discipline as a mechanics-facing signal. || src_mark_rosewater_slow_and_steady_2006 docs/research/canon/mark_rosewater_official_two_color/azorius_Slow and Steady _ MAGIC_ THE GATHERING.md @ Slow and Steady - WHAT DOES THE GUILD CARE ABOUT? WHAT IS ITS END GOAL? WHAT MEANS DOES THE GUILD USE TO ACHIEVE THESE ENDS? [FULL_LOCAL_SOURCE_READ]: The White/Blue article frames Azorius/WU tools as law, information, intricate processes, and red tape.","White spells you cast cost {1} less to cast.
Blue spells you cast cost {1} less to cast.
Spells your opponents cast cost {1} more to cast.","WU-F01; WU-F02; WU-F05; WU-F04","The committed Oracle text is the gameplay-side fact. It supports only the named facet IDs where the visible rationale accurately describes that behavior and makes the identity connection explicit.","DIRECT_FACT_PLUS_SUPPORTED_INTERPRETATION","High salt score on EDHREC. Use with caution. Your playgroup dislikes 'Stax' or games that take 3+ hours.","src_wotc_flavorful_guide_ravnica_allegiance_2019: https://magic.wizards.com/en/news/feature/flavorful-guide-guilds-ravnica-allegiance-2019-02-07; src_wotc_ravnica_allegiance_mechanics_2018: https://magic.wizards.com/en/news/feature/ravnica-allegiance-mechanics; src_mark_rosewater_slow_and_steady_2006: docs/research/canon/mark_rosewater_official_two_color/azorius_Slow and Steady _ MAGIC_ THE GATHERING.md","3","White spells you cast cost {1} less to cast.
Blue spells you cast cost {1} less to cast.
Spells your opponents cast cost {1} more to cast. -> WU-F01: Azorius is the white-blue guild of Ravnica, associated with law, order, bureaucracy, legislation, enforcement, and procedure. | WU-F02: The official Ravnica Allegiance guide describes the Azorius Senate as responsible for making, enforcing, and interpreting Ravnica's laws. | WU-F05: Addendum is the Ravnica Allegiance signature mechanic associated with Azorius. | WU-F04: Azorius placement should require explicit law, procedure, precedent, documentation, enforceable fairness, institutional restraint, or Addendum-like timing evidence rather than generic white-blue order alone. -> The preserved Commander guidance sentence is the direct relationship assertion. Certified claim IDs establish the identity-side boundary; the committed Scryfall index establishes only the named card facts. Owner review must confirm that the sentence does not overstate that bridge.","NONE_IDENTIFIED","CARD_RULES_PASS_TILE_USES_UNBOUNDED_EVALUATIVE_LANGUAGE","PASS_ROUTED_UNDERLYING_EVIDENCE","PASS_BOUNDED_CARD_TO_FACET_BRIDGE","NO_MATERIAL_TILE_MODAL_ECHO","NO_MATERIAL_CROSS_CARD_REPETITION","NO_DELETION_INDICATED","NO_SWAP_INDICATED","ADDITIVE_IDENTITY_PLAY_CONTEXT","NO_MATERIAL_FACET_COLLAPSE","ULTIMATE_EXPRESSION_AND_CRAWL_HYPERBOLE","HYPERBOLIC","REMEDIATION_LIKELY","The modal accurately describes the cost effects; the tile's 'ultimate' and 'crawl' claims are evaluative overstatement rather than sourced card facts."
"SOUND-UB-1-cardvoice_ub_c9edddb4_0d60_4d21_8887_51d943c6a31f","UB","House Dimir","SOUND","1","Consult the Necrosages","Exact card voice","Dimir rank and file never see nor hear their guildmaster. All orders are given through mysterious necrosages who appear from the shadows, tersely toss out a command, and then melt into the darkness.","","What this card's voice reveals about House Dimir","The line presents Dimir through unseen hierarchy and orders delivered by mysterious intermediaries.","Sorcery","6f51484b-3bad-4332-87f8-61924e153799","c9edddb4-0d60-4d21-8887-51d943c6a31f","rav","199","cardvoice_ub_c9edddb4_0d60_4d21_8887_51d943c6a31f","EXPLICIT_IDENTITY_REFERENCE","house_dimir_claim_0017; house_dimir_claim_0018; house_dimir_claim_0019","src_wotc_flavorful_guide_guilds_ravnica_2018; src_wotc_guilds_ravnica_mechanics_2018","data/scryfall/raw/oracle-cards.json#id=6f51484b-3bad-4332-87f8-61924e153799","Sorcery | Choose one —
• Target player draws two cards.
• Target player discards two cards. | Dimir rank and file never see nor hear their guildmaster. All orders are given through mysterious necrosages who appear from the shadows, tersely toss out a command, and then melt into the darkness.","UB-F01/house_dimir_claim_0017: A source-bounded Dimir reading requires House Dimir secrecy, deception, backroom dealing, spies or assassins, and information-filtering texture rather than generic blue-black control, mill, discard, theft, or evasive mechanics alone. -> src_wotc_flavorful_guide_guilds_ravnica_2018 https://magic.wizards.com/en/news/feature/flavorful-guide-guilds-ravnica-2018-10-03 @ A Flavorful Guide to the Guilds of Ravnica - House Dimir reviewed source record [INSPECTED_OFFICIAL_WEB]: Official Dimir overview identifies House Dimir as the blue-black Ravnican guild associated with deception, secrecy, spies, assassins, manipulation, secrets, backroom deals, founder Szadek, and Lazav as guildmaster in that era. || src_wotc_guilds_ravnica_mechanics_2018 https://magic.wizards.com/en/news/feature/guilds-ravnica-mechanics-2018-09-04 @ Guilds of Ravnica Mechanics - Dimir and surveil reviewed source record [INSPECTED_OFFICIAL_WEB]: Official mechanics article identifies surveil as the Dimir mechanic and frames it as looking at future cards, putting unwanted cards into the graveyard, and keeping others on top. || UB-F02/house_dimir_claim_0018: A mature Dimir reading uses privacy, delayed disclosure, observation, and selective information leverage as strategic risk management, not omniscience, mind control, or generic criminal violence. -> src_wotc_flavorful_guide_guilds_ravnica_2018 https://magic.wizards.com/en/news/feature/flavorful-guide-guilds-ravnica-2018-10-03 @ A Flavorful Guide to the Guilds of Ravnica - House Dimir reviewed source record [INSPECTED_OFFICIAL_WEB]: Official Dimir overview identifies House Dimir as the blue-black Ravnican guild associated with deception, secrecy, spies, assassins, manipulation, secrets, backroom deals, founder Szadek, and Lazav as guildmaster in that era. || src_wotc_guilds_ravnica_mechanics_2018 https://magic.wizards.com/en/news/feature/guilds-ravnica-mechanics-2018-09-04 @ Guilds of Ravnica Mechanics - Dimir and surveil reviewed source record [INSPECTED_OFFICIAL_WEB]: Official mechanics article identifies surveil as the Dimir mechanic and frames it as looking at future cards, putting unwanted cards into the graveyard, and keeping others on top. || UB-F03/house_dimir_claim_0019: Under pressure, Dimir should narrow to hidden information leverage, backroom positioning, and observation before action rather than public reputation, open force, or spectacle. -> src_wotc_flavorful_guide_guilds_ravnica_2018 https://magic.wizards.com/en/news/feature/flavorful-guide-guilds-ravnica-2018-10-03 @ A Flavorful Guide to the Guilds of Ravnica - House Dimir reviewed source record [INSPECTED_OFFICIAL_WEB]: Official Dimir overview identifies House Dimir as the blue-black Ravnican guild associated with deception, secrecy, spies, assassins, manipulation, secrets, backroom deals, founder Szadek, and Lazav as guildmaster in that era. || src_wotc_guilds_ravnica_mechanics_2018 https://magic.wizards.com/en/news/feature/guilds-ravnica-mechanics-2018-09-04 @ Guilds of Ravnica Mechanics - Dimir and surveil reviewed source record [INSPECTED_OFFICIAL_WEB]: Official mechanics article identifies surveil as the Dimir mechanic and frames it as looking at future cards, putting unwanted cards into the graveyard, and keeping others on top.","NOT_APPLICABLE","UB-F01; UB-F02; UB-F03","The exact printed flavor line is the card-side fact. It supports only the named facet IDs where the line itself, not card color/type/product membership, supplies the stated echo.","DIRECT_FACT_PLUS_SUPPORTED_INTERPRETATION","Exact card text is verified, but Public use is limited to this validated voice relationship. Azorius and Orzhov also use hierarchy, while Blue/Black use information; the hidden backroom delivery is the Dimir distinction.","src_wotc_flavorful_guide_guilds_ravnica_2018: https://magic.wizards.com/en/news/feature/flavorful-guide-guilds-ravnica-2018-10-03; src_wotc_guilds_ravnica_mechanics_2018: https://magic.wizards.com/en/news/feature/guilds-ravnica-mechanics-2018-09-04","2","Dimir rank and file never see nor hear their guildmaster. All orders are given through mysterious necrosages who appear from the shadows, tersely toss out a command, and then melt into the darkness. -> UB-F01: A source-bounded Dimir reading requires House Dimir secrecy, deception, backroom dealing, spies or assassins, and information-filtering texture rather than generic blue-black control, mill, discard, theft, or evasive mechanics alone. | UB-F02: A mature Dimir reading uses privacy, delayed disclosure, observation, and selective information leverage as strategic risk management, not omniscience, mind control, or generic criminal violence. | UB-F03: Under pressure, Dimir should narrow to hidden information leverage, backroom positioning, and observation before action rather than public reputation, open force, or spectacle. -> Consult the Necrosages's exact excerpt provides a bounded voice echo of Dimir named directly through unseen hierarchy and orders delivered by mysterious intermediaries.","NONE_IDENTIFIED","PASS_VERIFIED_CARD_AND_CURRENT_TEXT","PASS_ROUTED_UNDERLYING_EVIDENCE","PASS_BOUNDED_CARD_TO_FACET_BRIDGE","NO_MATERIAL_TILE_MODAL_ECHO","LEGITIMATE_SHARED_CONCEPT","NO_DELETION_INDICATED","NO_SWAP_INDICATED","ADDITIVE_IDENTITY_INTERPRETATION","NO_MATERIAL_FACET_COLLAPSE","NO_MATERIAL_OVERCLAIM","FORMULAIC_BUT_READABLE","NO_CHANGE_INDICATED",""
"SOUND-UB-2-cardvoice_vm558_ub_4f25b125_1ded_4a34_9ed1_e6ce087ec48d","UB","House Dimir","SOUND","2","Barrier of Bones","Exact card voice","The Dimir rarely make statements, but when they do, the message is clear.","","What this card's voice reveals about House Dimir","The line makes Dimir restraint communicative: when the guild finally speaks, the statement is deliberate and unmistakable.","Creature — Skeleton Wall","28129aaf-aaff-47f4-8dd2-8c576c55052c","4f25b125-1ded-4a34-9ed1-e6ce087ec48d","grn","61","cardvoice_vm558_ub_4f25b125_1ded_4a34_9ed1_e6ce087ec48d","EXPLICIT_IDENTITY_REFERENCE","house_dimir_claim_0017; house_dimir_claim_0018; house_dimir_claim_0019","src_wotc_flavorful_guide_guilds_ravnica_2018; src_wotc_guilds_ravnica_mechanics_2018","data/scryfall/raw/oracle-cards.json#id=28129aaf-aaff-47f4-8dd2-8c576c55052c","Creature — Skeleton Wall | Defender
When this creature enters, surveil 1. (Look at the top card of your library. You may put that card into your graveyard.) | The Dimir rarely make statements, but when they do, the message is clear.","UB-F01/house_dimir_claim_0017: A source-bounded Dimir reading requires House Dimir secrecy, deception, backroom dealing, spies or assassins, and information-filtering texture rather than generic blue-black control, mill, discard, theft, or evasive mechanics alone. -> src_wotc_flavorful_guide_guilds_ravnica_2018 https://magic.wizards.com/en/news/feature/flavorful-guide-guilds-ravnica-2018-10-03 @ A Flavorful Guide to the Guilds of Ravnica - House Dimir reviewed source record [INSPECTED_OFFICIAL_WEB]: Official Dimir overview identifies House Dimir as the blue-black Ravnican guild associated with deception, secrecy, spies, assassins, manipulation, secrets, backroom deals, founder Szadek, and Lazav as guildmaster in that era. || src_wotc_guilds_ravnica_mechanics_2018 https://magic.wizards.com/en/news/feature/guilds-ravnica-mechanics-2018-09-04 @ Guilds of Ravnica Mechanics - Dimir and surveil reviewed source record [INSPECTED_OFFICIAL_WEB]: Official mechanics article identifies surveil as the Dimir mechanic and frames it as looking at future cards, putting unwanted cards into the graveyard, and keeping others on top. || UB-F02/house_dimir_claim_0018: A mature Dimir reading uses privacy, delayed disclosure, observation, and selective information leverage as strategic risk management, not omniscience, mind control, or generic criminal violence. -> src_wotc_flavorful_guide_guilds_ravnica_2018 https://magic.wizards.com/en/news/feature/flavorful-guide-guilds-ravnica-2018-10-03 @ A Flavorful Guide to the Guilds of Ravnica - House Dimir reviewed source record [INSPECTED_OFFICIAL_WEB]: Official Dimir overview identifies House Dimir as the blue-black Ravnican guild associated with deception, secrecy, spies, assassins, manipulation, secrets, backroom deals, founder Szadek, and Lazav as guildmaster in that era. || src_wotc_guilds_ravnica_mechanics_2018 https://magic.wizards.com/en/news/feature/guilds-ravnica-mechanics-2018-09-04 @ Guilds of Ravnica Mechanics - Dimir and surveil reviewed source record [INSPECTED_OFFICIAL_WEB]: Official mechanics article identifies surveil as the Dimir mechanic and frames it as looking at future cards, putting unwanted cards into the graveyard, and keeping others on top. || UB-F03/house_dimir_claim_0019: Under pressure, Dimir should narrow to hidden information leverage, backroom positioning, and observation before action rather than public reputation, open force, or spectacle. -> src_wotc_flavorful_guide_guilds_ravnica_2018 https://magic.wizards.com/en/news/feature/flavorful-guide-guilds-ravnica-2018-10-03 @ A Flavorful Guide to the Guilds of Ravnica - House Dimir reviewed source record [INSPECTED_OFFICIAL_WEB]: Official Dimir overview identifies House Dimir as the blue-black Ravnican guild associated with deception, secrecy, spies, assassins, manipulation, secrets, backroom deals, founder Szadek, and Lazav as guildmaster in that era. || src_wotc_guilds_ravnica_mechanics_2018 https://magic.wizards.com/en/news/feature/guilds-ravnica-mechanics-2018-09-04 @ Guilds of Ravnica Mechanics - Dimir and surveil reviewed source record [INSPECTED_OFFICIAL_WEB]: Official mechanics article identifies surveil as the Dimir mechanic and frames it as looking at future cards, putting unwanted cards into the graveyard, and keeping others on top.","NOT_APPLICABLE","UB-F01; UB-F02; UB-F03","The exact printed flavor line is the card-side fact. It supports only the named facet IDs where the line itself, not card color/type/product membership, supplies the stated echo.","DIRECT_FACT_PLUS_SUPPORTED_INTERPRETATION","Owner-approved complementary card voice. Public use remains limited to this exact printing and bounded identity relationship; it does not prove placement, play style, or identity from card color, mechanics, tags, or product membership.","src_wotc_flavorful_guide_guilds_ravnica_2018: https://magic.wizards.com/en/news/feature/flavorful-guide-guilds-ravnica-2018-10-03; src_wotc_guilds_ravnica_mechanics_2018: https://magic.wizards.com/en/news/feature/guilds-ravnica-mechanics-2018-09-04","2","The Dimir rarely make statements, but when they do, the message is clear. -> UB-F01: A source-bounded Dimir reading requires House Dimir secrecy, deception, backroom dealing, spies or assassins, and information-filtering texture rather than generic blue-black control, mill, discard, theft, or evasive mechanics alone. | UB-F02: A mature Dimir reading uses privacy, delayed disclosure, observation, and selective information leverage as strategic risk management, not omniscience, mind control, or generic criminal violence. | UB-F03: Under pressure, Dimir should narrow to hidden information leverage, backroom positioning, and observation before action rather than public reputation, open force, or spectacle. -> Barrier of Bones gives Dimir a second voice of silence used as controlled communication.","NONE_IDENTIFIED","PASS_VERIFIED_CARD_AND_CURRENT_TEXT","PASS_ROUTED_UNDERLYING_EVIDENCE","PASS_BOUNDED_CARD_TO_FACET_BRIDGE","NO_MATERIAL_TILE_MODAL_ECHO","LEGITIMATE_SHARED_CONCEPT","NO_DELETION_INDICATED","NO_SWAP_INDICATED","ADDITIVE_IDENTITY_INTERPRETATION","NO_MATERIAL_FACET_COLLAPSE","NO_MATERIAL_OVERCLAIM","NATURAL_ENOUGH_AS_WRITTEN","NO_CHANGE_INDICATED",""
"PLAY-UB-1-cardrel_ub_8027a610","UB","House Dimir","PLAY","1","Lazav, Dimir Mastermind","Why it fits in play","Lazav appears because the certified House Dimir record identifies him as the guildmaster of the guild associated with secrecy, spies, assassins, and backroom deals.","Clones; Hidden information; Graveyard interaction","Why Lazav, Dimir Mastermind helps explain House Dimir in play","At the table, Lazav, Dimir Mastermind carries that card action into this reading's larger plan: hidden pressure, information advantage, and wins that arrive before the table understands them.","Legendary Creature — Shapeshifter","003dc436-a3af-4e65-b4f8-387155fbcb85","8027a610-613e-4640-9840-c8778694f312","znc","92","cardrel_ub_8027a610","NATIVE_IDENTITY_ANCHOR","house_dimir_claim_001; house_dimir_claim_002; house_dimir_claim_004; house_dimir_claim_0017","src_wotc_flavorful_guide_guilds_ravnica_2018; src_wotc_guilds_ravnica_prerelease_primer_2018; src_wotc_guilds_ravnica_mechanics_2018","data/scryfall/raw/oracle-cards.json#id=003dc436-a3af-4e65-b4f8-387155fbcb85","Legendary Creature — Shapeshifter | Hexproof
Whenever a creature card is put into an opponent's graveyard from anywhere, you may have Lazav become a copy of that card, except its name is Lazav, Dimir Mastermind, it's legendary in addition to its other types, and it has hexproof and this ability. | ","UB-F04/house_dimir_claim_001: House Dimir is the blue-black guild of Ravnica, associated with deception, secrecy, spies, assassins, and manipulation. -> src_wotc_flavorful_guide_guilds_ravnica_2018 https://magic.wizards.com/en/news/feature/flavorful-guide-guilds-ravnica-2018-10-03 @ A Flavorful Guide to the Guilds of Ravnica - House Dimir reviewed source record [INSPECTED_OFFICIAL_WEB]: Official Dimir overview identifies House Dimir as the blue-black Ravnican guild associated with deception, secrecy, spies, assassins, manipulation, secrets, backroom deals, founder Szadek, and Lazav as guildmaster in that era. || src_wotc_guilds_ravnica_prerelease_primer_2018 https://magic.wizards.com/en/news/feature/guilds-of-ravnica-prerelease-primer @ Guilds of Ravnica Prerelease Primer - House Dimir reviewed source record [INSPECTED_OFFICIAL_WEB]: Official prerelease primer lists Dimir among the Guilds of Ravnica identities and supports using House Dimir as the blue-black Ravnican guild entry. || UB-F05/house_dimir_claim_002: The official guide describes Dimir as built on secrets and backroom deals. -> src_wotc_flavorful_guide_guilds_ravnica_2018 https://magic.wizards.com/en/news/feature/flavorful-guide-guilds-ravnica-2018-10-03 @ A Flavorful Guide to the Guilds of Ravnica - House Dimir reviewed source record [INSPECTED_OFFICIAL_WEB]: Official Dimir overview identifies House Dimir as the blue-black Ravnican guild associated with deception, secrecy, spies, assassins, manipulation, secrets, backroom deals, founder Szadek, and Lazav as guildmaster in that era. || UB-F06/house_dimir_claim_004: The 2018 guide presents Lazav as the current guildmaster of House Dimir. -> src_wotc_flavorful_guide_guilds_ravnica_2018 https://magic.wizards.com/en/news/feature/flavorful-guide-guilds-ravnica-2018-10-03 @ A Flavorful Guide to the Guilds of Ravnica - House Dimir reviewed source record [INSPECTED_OFFICIAL_WEB]: Official Dimir overview identifies House Dimir as the blue-black Ravnican guild associated with deception, secrecy, spies, assassins, manipulation, secrets, backroom deals, founder Szadek, and Lazav as guildmaster in that era. || UB-F01/house_dimir_claim_0017: A source-bounded Dimir reading requires House Dimir secrecy, deception, backroom dealing, spies or assassins, and information-filtering texture rather than generic blue-black control, mill, discard, theft, or evasive mechanics alone. -> src_wotc_flavorful_guide_guilds_ravnica_2018 https://magic.wizards.com/en/news/feature/flavorful-guide-guilds-ravnica-2018-10-03 @ A Flavorful Guide to the Guilds of Ravnica - House Dimir reviewed source record [INSPECTED_OFFICIAL_WEB]: Official Dimir overview identifies House Dimir as the blue-black Ravnican guild associated with deception, secrecy, spies, assassins, manipulation, secrets, backroom deals, founder Szadek, and Lazav as guildmaster in that era. || src_wotc_guilds_ravnica_mechanics_2018 https://magic.wizards.com/en/news/feature/guilds-ravnica-mechanics-2018-09-04 @ Guilds of Ravnica Mechanics - Dimir and surveil reviewed source record [INSPECTED_OFFICIAL_WEB]: Official mechanics article identifies surveil as the Dimir mechanic and frames it as looking at future cards, putting unwanted cards into the graveyard, and keeping others on top.","Hexproof
Whenever a creature card is put into an opponent's graveyard from anywhere, you may have Lazav become a copy of that card, except its name is Lazav, Dimir Mastermind, it's legendary in addition to its other types, and it has hexproof and this ability.","UB-F04; UB-F05; UB-F06; UB-F01","The committed Oracle text is the gameplay-side fact. It supports only the named facet IDs where the visible rationale accurately describes that behavior and makes the identity connection explicit.","DIRECT_FACT_PLUS_SUPPORTED_INTERPRETATION","Commander/card/product material remains auxiliary and is not authoritative Dimir semantic proof. Skip if you want a transparent table plan or a commander whose appeal does not depend on opponents' graveyards.","src_wotc_flavorful_guide_guilds_ravnica_2018: https://magic.wizards.com/en/news/feature/flavorful-guide-guilds-ravnica-2018-10-03; src_wotc_guilds_ravnica_prerelease_primer_2018: https://magic.wizards.com/en/news/feature/guilds-of-ravnica-prerelease-primer; src_wotc_guilds_ravnica_mechanics_2018: https://magic.wizards.com/en/news/feature/guilds-ravnica-mechanics-2018-09-04","3","Hexproof
Whenever a creature card is put into an opponent's graveyard from anywhere, you may have Lazav become a copy of that card, except its name is Lazav, Dimir Mastermind, it's legendary in addition to its other types, and it has hexproof and this ability. -> UB-F04: House Dimir is the blue-black guild of Ravnica, associated with deception, secrecy, spies, assassins, and manipulation. | UB-F05: The official guide describes Dimir as built on secrets and backroom deals. | UB-F06: The 2018 guide presents Lazav as the current guildmaster of House Dimir. | UB-F01: A source-bounded Dimir reading requires House Dimir secrecy, deception, backroom dealing, spies or assassins, and information-filtering texture rather than generic blue-black control, mill, discard, theft, or evasive mechanics alone. -> The draft narrows the internal Commander guidance to the direct native figure relationship stated by the cited substantive claim. It deliberately makes no gameplay, player-motivation, or personality inference.","NONE_IDENTIFIED","PASS_VERIFIED_CARD_AND_CURRENT_TEXT","PASS_ROUTED_UNDERLYING_EVIDENCE","PASS_BOUNDED_CARD_TO_FACET_BRIDGE","GENERIC_IDENTITY_LANGUAGE_WITHOUT_NEW_CARD_SPECIFIC_INSIGHT","NO_MATERIAL_CROSS_CARD_REPETITION","NO_DELETION_INDICATED","NO_SWAP_INDICATED","MODAL_REDUNDANT","NO_MATERIAL_FACET_COLLAPSE","NO_MATERIAL_OVERCLAIM","INTERNAL_OR_AUDIT_LANGUAGE","REMEDIATION_LIKELY","The modal adds a general identity plan but does not deepen why this particular card teaches that facet beyond the already-visible tile."
"SOUND-BR-1-cardvoice_br_3f806353_592e_431c_a7dd_a4c64034f94d","BR","Cult of Rakdos","SOUND","1","Avatar of Discord","Exact card voice","Such is the power of Rakdos that even his shadow takes on a cruel life of its own.","","What this card's voice reveals about Cult of Rakdos","The line presents Rakdos through cruelty made vivid and performative.","Creature — Avatar","adf2a1fd-eb1e-46aa-b715-6e6fb5195e42","3f806353-592e-431c-a7dd-a4c64034f94d","arc","79","cardvoice_br_3f806353_592e_431c_a7dd_a4c64034f94d","EXPLICIT_IDENTITY_REFERENCE","cult_of_rakdos_claim_001; cult_of_rakdos_claim_002; cult_of_rakdos_claim_006","src_wotc_flavorful_guide_ravnica_allegiance_2019; src_wotc_ravnica_allegiance_mechanics_2018","data/scryfall/raw/oracle-cards.json#id=adf2a1fd-eb1e-46aa-b715-6e6fb5195e42","Creature — Avatar | ({B/R} can be paid with either {B} or {R}.)
Flying
When this creature enters, sacrifice it unless you discard two cards. | Such is the power of Rakdos that even his shadow takes on a cruel life of its own.","BR-F01/cult_of_rakdos_claim_001: Rakdos is the black-red guild of Ravnica, associated with performance, dangerous spectacle, anti-authoritarian provocation, and public transgression. -> src_wotc_flavorful_guide_ravnica_allegiance_2019 https://magic.wizards.com/en/news/feature/flavorful-guide-guilds-ravnica-allegiance-2019-02-07 @ A Flavorful Guide to the Guilds of Ravnica Allegiance - Rakdos reviewed source record [INSPECTED_OFFICIAL_WEB]: The official Rakdos overview is used only for guild identity, performance, dangerous entertainment, anti-authoritarian provocation, and black-red Ravnica context. || BR-F02/cult_of_rakdos_claim_002: The official guide describes the Cult of Rakdos as entertainers and hosts whose performances may be destructive or hedonistic. -> src_wotc_flavorful_guide_ravnica_allegiance_2019 https://magic.wizards.com/en/news/feature/flavorful-guide-guilds-ravnica-allegiance-2019-02-07 @ A Flavorful Guide to the Guilds of Ravnica Allegiance - Rakdos reviewed source record [INSPECTED_OFFICIAL_WEB]: The official Rakdos overview is used for the bounded role of entertainers and hosts whose performances can be destructive or hedonistic. || BR-F03/cult_of_rakdos_claim_006: Rakdos placement signals should require performance, spectacle, transgression, sensation, danger, or a visible audience/cost/consequence cluster rather than generic black-red aggression or random disruption. -> src_wotc_flavorful_guide_ravnica_allegiance_2019 https://magic.wizards.com/en/news/feature/flavorful-guide-guilds-ravnica-allegiance-2019-02-07 @ A Flavorful Guide to the Guilds of Ravnica Allegiance - Rakdos reviewed source record [INSPECTED_OFFICIAL_WEB]: The official Rakdos overview supports performance, dangerous entertainment, provocation, and transgression as Cult-specific identity signals. || src_wotc_ravnica_allegiance_mechanics_2018 https://magic.wizards.com/en/news/feature/ravnica-allegiance-mechanics @ Ravnica Allegiance Mechanics - Spectacle / Rakdos reviewed source record [INSPECTED_OFFICIAL_WEB]: The spectacle mechanic supports cost/consequence/audience-adjacent placement synthesis through action after an opponent loses life.","NOT_APPLICABLE","BR-F01; BR-F02; BR-F03","The exact printed flavor line is the card-side fact. It supports only the named facet IDs where the line itself, not card color/type/product membership, supplies the stated echo.","DIRECT_FACT_PLUS_SUPPORTED_INTERPRETATION","Exact card text is verified, but Public use is limited to this validated voice relationship. Mono-Red, Black, and Gruul can express danger or cruelty; only the explicit Rakdos spectacle/transgression frame supports this relationship.","src_wotc_flavorful_guide_ravnica_allegiance_2019: https://magic.wizards.com/en/news/feature/flavorful-guide-guilds-ravnica-allegiance-2019-02-07; src_wotc_ravnica_allegiance_mechanics_2018: https://magic.wizards.com/en/news/feature/ravnica-allegiance-mechanics","2","Such is the power of Rakdos that even his shadow takes on a cruel life of its own. -> BR-F01: Rakdos is the black-red guild of Ravnica, associated with performance, dangerous spectacle, anti-authoritarian provocation, and public transgression. | BR-F02: The official guide describes the Cult of Rakdos as entertainers and hosts whose performances may be destructive or hedonistic. | BR-F03: Rakdos placement signals should require performance, spectacle, transgression, sensation, danger, or a visible audience/cost/consequence cluster rather than generic black-red aggression or random disruption. -> Avatar of Discord's exact excerpt provides a bounded voice echo of Rakdos named directly through cruelty made vivid and performative.","NONE_IDENTIFIED","PASS_VERIFIED_CARD_AND_CURRENT_TEXT","PASS_ROUTED_UNDERLYING_EVIDENCE","PASS_BOUNDED_CARD_TO_FACET_BRIDGE","NO_MATERIAL_TILE_MODAL_ECHO","LEGITIMATE_SHARED_CONCEPT","NO_DELETION_INDICATED","NO_SWAP_INDICATED","ADDITIVE_IDENTITY_INTERPRETATION","NO_MATERIAL_FACET_COLLAPSE","NO_MATERIAL_OVERCLAIM","FORMULAIC_BUT_READABLE","NO_CHANGE_INDICATED",""
"SOUND-BR-2-cardvoice_vm558_br_c01516e0_eec3_4370_b935_7674982e8850","BR","Cult of Rakdos","SOUND","2","Judith, the Scourge Diva","Exact card voice","At the end of the show, she stands alone on a stage brilliant with blood.","","What this card's voice reveals about Cult of Rakdos","The line leaves Judith alone on a blood-bright stage, making Rakdos sound like spectacle whose danger and cost are part of the performance.","Legendary Creature — Human Shaman","d6fb929c-1b8d-4d1d-aa69-ac6189cd7ebf","c01516e0-eec3-4370-b935-7674982e8850","cmm","341","cardvoice_vm558_br_c01516e0_eec3_4370_b935_7674982e8850","NATIVE_FIGURE_OR_LOCATION","cult_of_rakdos_claim_001; cult_of_rakdos_claim_002; cult_of_rakdos_claim_006","src_wotc_flavorful_guide_ravnica_allegiance_2019; src_wotc_ravnica_allegiance_mechanics_2018","data/scryfall/raw/oracle-cards.json#id=d6fb929c-1b8d-4d1d-aa69-ac6189cd7ebf","Legendary Creature — Human Shaman | Other creatures you control get +1/+0.
Whenever a nontoken creature you control dies, Judith deals 1 damage to any target. | At the end of the show, she stands alone on a stage brilliant with blood.","BR-F01/cult_of_rakdos_claim_001: Rakdos is the black-red guild of Ravnica, associated with performance, dangerous spectacle, anti-authoritarian provocation, and public transgression. -> src_wotc_flavorful_guide_ravnica_allegiance_2019 https://magic.wizards.com/en/news/feature/flavorful-guide-guilds-ravnica-allegiance-2019-02-07 @ A Flavorful Guide to the Guilds of Ravnica Allegiance - Rakdos reviewed source record [INSPECTED_OFFICIAL_WEB]: The official Rakdos overview is used only for guild identity, performance, dangerous entertainment, anti-authoritarian provocation, and black-red Ravnica context. || BR-F02/cult_of_rakdos_claim_002: The official guide describes the Cult of Rakdos as entertainers and hosts whose performances may be destructive or hedonistic. -> src_wotc_flavorful_guide_ravnica_allegiance_2019 https://magic.wizards.com/en/news/feature/flavorful-guide-guilds-ravnica-allegiance-2019-02-07 @ A Flavorful Guide to the Guilds of Ravnica Allegiance - Rakdos reviewed source record [INSPECTED_OFFICIAL_WEB]: The official Rakdos overview is used for the bounded role of entertainers and hosts whose performances can be destructive or hedonistic. || BR-F03/cult_of_rakdos_claim_006: Rakdos placement signals should require performance, spectacle, transgression, sensation, danger, or a visible audience/cost/consequence cluster rather than generic black-red aggression or random disruption. -> src_wotc_flavorful_guide_ravnica_allegiance_2019 https://magic.wizards.com/en/news/feature/flavorful-guide-guilds-ravnica-allegiance-2019-02-07 @ A Flavorful Guide to the Guilds of Ravnica Allegiance - Rakdos reviewed source record [INSPECTED_OFFICIAL_WEB]: The official Rakdos overview supports performance, dangerous entertainment, provocation, and transgression as Cult-specific identity signals. || src_wotc_ravnica_allegiance_mechanics_2018 https://magic.wizards.com/en/news/feature/ravnica-allegiance-mechanics @ Ravnica Allegiance Mechanics - Spectacle / Rakdos reviewed source record [INSPECTED_OFFICIAL_WEB]: The spectacle mechanic supports cost/consequence/audience-adjacent placement synthesis through action after an opponent loses life.","NOT_APPLICABLE","BR-F01; BR-F02; BR-F03","The exact printed flavor line is the card-side fact. It supports only the named facet IDs where the line itself, not card color/type/product membership, supplies the stated echo.","DIRECT_FACT_PLUS_SUPPORTED_INTERPRETATION","Owner-approved complementary card voice. Public use remains limited to this exact printing and bounded identity relationship; it does not prove placement, play style, or identity from card color, mechanics, tags, or product membership.","src_wotc_flavorful_guide_ravnica_allegiance_2019: https://magic.wizards.com/en/news/feature/flavorful-guide-guilds-ravnica-allegiance-2019-02-07; src_wotc_ravnica_allegiance_mechanics_2018: https://magic.wizards.com/en/news/feature/ravnica-allegiance-mechanics","2","At the end of the show, she stands alone on a stage brilliant with blood. -> BR-F01: Rakdos is the black-red guild of Ravnica, associated with performance, dangerous spectacle, anti-authoritarian provocation, and public transgression. | BR-F02: The official guide describes the Cult of Rakdos as entertainers and hosts whose performances may be destructive or hedonistic. | BR-F03: Rakdos placement signals should require performance, spectacle, transgression, sensation, danger, or a visible audience/cost/consequence cluster rather than generic black-red aggression or random disruption. -> Judith's stage aftermath gives Rakdos a second voice of dangerous public performance.","NONE_IDENTIFIED","PASS_VERIFIED_CARD_AND_CURRENT_TEXT","PASS_ROUTED_UNDERLYING_EVIDENCE","PASS_BOUNDED_CARD_TO_FACET_BRIDGE","NO_MATERIAL_TILE_MODAL_ECHO","LEGITIMATE_SHARED_CONCEPT","NO_DELETION_INDICATED","NO_SWAP_INDICATED","ADDITIVE_IDENTITY_INTERPRETATION","NO_MATERIAL_FACET_COLLAPSE","NO_MATERIAL_OVERCLAIM","NATURAL_ENOUGH_AS_WRITTEN","NO_CHANGE_INDICATED",""
"PLAY-BR-1-cardrel_br_143a269a","BR","Cult of Rakdos","PLAY","1","Rakdos, Lord of Riots","Why it fits in play","Rakdos is the native demon-headliner choice: opponents must lose life before the show begins, then life-loss discounts enormous creatures.","Demons; Big Mana; Damage Gate","Why Rakdos, Lord of Riots helps explain Cult of Rakdos in play","At the table, Rakdos, Lord of Riots carries that card action into this reading's larger plan: volatile pressure, public risk, and turns that make the room react.","Legendary Creature — Demon","3d0d5a41-8251-437c-a4a0-3b712281ebb0","143a269a-b9ee-48ba-bd7b-4aa46eb36778","dsc","230","cardrel_br_143a269a","NATIVE_IDENTITY_ANCHOR","cult_of_rakdos_claim_001; cult_of_rakdos_claim_002; cult_of_rakdos_claim_003; cult_of_rakdos_claim_004; cult_of_rakdos_claim_005; cult_of_rakdos_claim_006","src_wotc_flavorful_guide_ravnica_allegiance_2019; src_wotc_ravnica_allegiance_mechanics_2018","data/scryfall/raw/oracle-cards.json#id=3d0d5a41-8251-437c-a4a0-3b712281ebb0","Legendary Creature — Demon | You can't cast Rakdos unless an opponent lost life this turn.
Flying, trample
Creature spells you cast cost {1} less to cast for each 1 life your opponents have lost this turn. | ","BR-F01/cult_of_rakdos_claim_001: Rakdos is the black-red guild of Ravnica, associated with performance, dangerous spectacle, anti-authoritarian provocation, and public transgression. -> src_wotc_flavorful_guide_ravnica_allegiance_2019 https://magic.wizards.com/en/news/feature/flavorful-guide-guilds-ravnica-allegiance-2019-02-07 @ A Flavorful Guide to the Guilds of Ravnica Allegiance - Rakdos reviewed source record [INSPECTED_OFFICIAL_WEB]: The official Rakdos overview is used only for guild identity, performance, dangerous entertainment, anti-authoritarian provocation, and black-red Ravnica context. || BR-F02/cult_of_rakdos_claim_002: The official guide describes the Cult of Rakdos as entertainers and hosts whose performances may be destructive or hedonistic. -> src_wotc_flavorful_guide_ravnica_allegiance_2019 https://magic.wizards.com/en/news/feature/flavorful-guide-guilds-ravnica-allegiance-2019-02-07 @ A Flavorful Guide to the Guilds of Ravnica Allegiance - Rakdos reviewed source record [INSPECTED_OFFICIAL_WEB]: The official Rakdos overview is used for the bounded role of entertainers and hosts whose performances can be destructive or hedonistic. || BR-F04/cult_of_rakdos_claim_003: The guide says Rakdos was loosely organized into Rings and later pushed toward travelling theater-troupe behavior. -> src_wotc_flavorful_guide_ravnica_allegiance_2019 https://magic.wizards.com/en/news/feature/flavorful-guide-guilds-ravnica-allegiance-2019-02-07 @ A Flavorful Guide to the Guilds of Ravnica Allegiance - Rakdos reviewed source record [INSPECTED_OFFICIAL_WEB]: The official Rakdos overview is used for loose organization into Rings and travelling theater-troupe behavior. || BR-F05/cult_of_rakdos_claim_004: The guide identifies the ancient demon Rakdos as founder, namesake, and object of cultic worship. -> src_wotc_flavorful_guide_ravnica_allegiance_2019 https://magic.wizards.com/en/news/feature/flavorful-guide-guilds-ravnica-allegiance-2019-02-07 @ A Flavorful Guide to the Guilds of Ravnica Allegiance - Rakdos reviewed source record [INSPECTED_OFFICIAL_WEB]: The official Rakdos overview is used for Rakdos as ancient demon, founder, namesake, and object of worship. || BR-F06/cult_of_rakdos_claim_005: Spectacle is the Ravnica Allegiance signature mechanic associated with Rakdos. -> src_wotc_ravnica_allegiance_mechanics_2018 https://magic.wizards.com/en/news/feature/ravnica-allegiance-mechanics @ Ravnica Allegiance Mechanics - Spectacle / Rakdos reviewed source record [INSPECTED_OFFICIAL_WEB]: The official mechanics article is used for spectacle as the Ravnica Allegiance Rakdos mechanic. || BR-F03/cult_of_rakdos_claim_006: Rakdos placement signals should require performance, spectacle, transgression, sensation, danger, or a visible audience/cost/consequence cluster rather than generic black-red aggression or random disruption. -> src_wotc_flavorful_guide_ravnica_allegiance_2019 https://magic.wizards.com/en/news/feature/flavorful-guide-guilds-ravnica-allegiance-2019-02-07 @ A Flavorful Guide to the Guilds of Ravnica Allegiance - Rakdos reviewed source record [INSPECTED_OFFICIAL_WEB]: The official Rakdos overview supports performance, dangerous entertainment, provocation, and transgression as Cult-specific identity signals. || src_wotc_ravnica_allegiance_mechanics_2018 https://magic.wizards.com/en/news/feature/ravnica-allegiance-mechanics @ Ravnica Allegiance Mechanics - Spectacle / Rakdos reviewed source record [INSPECTED_OFFICIAL_WEB]: The spectacle mechanic supports cost/consequence/audience-adjacent placement synthesis through action after an opponent loses life.","You can't cast Rakdos unless an opponent lost life this turn.
Flying, trample
Creature spells you cast cost {1} less to cast for each 1 life your opponents have lost this turn.","BR-F01; BR-F02; BR-F04; BR-F05; BR-F06; BR-F03","The committed Oracle text is the gameplay-side fact. It supports only the named facet IDs where the visible rationale accurately describes that behavior and makes the identity connection explicit.","DIRECT_FACT_PLUS_SUPPORTED_INTERPRETATION","Discovery-only story-corpus claim IDs removed from this auxiliary support chain. Commander/card/product material remains auxiliary and is not authoritative Rakdos semantic proof. Skip if you want consistent early casting, low variance, or a commander that avoids big threat perception.","src_wotc_flavorful_guide_ravnica_allegiance_2019: https://magic.wizards.com/en/news/feature/flavorful-guide-guilds-ravnica-allegiance-2019-02-07; src_wotc_ravnica_allegiance_mechanics_2018: https://magic.wizards.com/en/news/feature/ravnica-allegiance-mechanics","2","You can't cast Rakdos unless an opponent lost life this turn.
Flying, trample
Creature spells you cast cost {1} less to cast for each 1 life your opponents have lost this turn. -> BR-F01: Rakdos is the black-red guild of Ravnica, associated with performance, dangerous spectacle, anti-authoritarian provocation, and public transgression. | BR-F02: The official guide describes the Cult of Rakdos as entertainers and hosts whose performances may be destructive or hedonistic. | BR-F04: The guide says Rakdos was loosely organized into Rings and later pushed toward travelling theater-troupe behavior. | BR-F05: The guide identifies the ancient demon Rakdos as founder, namesake, and object of cultic worship. | BR-F06: Spectacle is the Ravnica Allegiance signature mechanic associated with Rakdos. | BR-F03: Rakdos placement signals should require performance, spectacle, transgression, sensation, danger, or a visible audience/cost/consequence cluster rather than generic black-red aggression or random disruption. -> The preserved Commander guidance sentence is the direct relationship assertion. Certified claim IDs establish the identity-side boundary; the committed Scryfall index establishes only the named card facts. Owner review must confirm that the sentence does not overstate that bridge.","NONE_IDENTIFIED","PASS_VERIFIED_CARD_AND_CURRENT_TEXT","PASS_ROUTED_UNDERLYING_EVIDENCE","PASS_BOUNDED_CARD_TO_FACET_BRIDGE","IDENTITY_LOCAL_MODAL_REPETITION","GENERIC_TEMPLATE_REUSE","NO_DELETION_INDICATED","NO_SWAP_INDICATED","MODAL_REDUNDANT","NO_MATERIAL_FACET_COLLAPSE","NO_MATERIAL_OVERCLAIM","TEMPLATE_REPETITION","REMEDIATION_LIKELY","Multiple Play cards for this identity receive the same modal takeaway after only the card name changes."
"PLAY-BR-6-cardrel_br_03a4b997","BR","Cult of Rakdos","PLAY","6","Rakdos, the Showstopper","Why it fits in play","This is a pure flavor-forward Rakdos performance: the demon arrives, the stage erupts, and survival becomes a coin-flip spectacle.","Demons; volatility; Board Wipe","Why Rakdos, the Showstopper helps explain Cult of Rakdos in play","At the table, Rakdos, the Showstopper carries that card action into this reading's larger plan: volatile pressure, public risk, and turns that make the room react.","Legendary Creature — Demon","210d07ab-7608-4fda-adb6-562cf194192f","03a4b997-4738-41a9-933f-e1f765e3a75a","clu","205","cardrel_br_03a4b997","NATIVE_IDENTITY_ANCHOR","cult_of_rakdos_claim_001; cult_of_rakdos_claim_002; cult_of_rakdos_claim_003; cult_of_rakdos_claim_004; cult_of_rakdos_claim_005; cult_of_rakdos_claim_006","src_wotc_flavorful_guide_ravnica_allegiance_2019; src_wotc_ravnica_allegiance_mechanics_2018","data/scryfall/raw/oracle-cards.json#id=210d07ab-7608-4fda-adb6-562cf194192f","Legendary Creature — Demon | Flying, trample
When Rakdos enters, flip a coin for each creature that isn't a Demon, Devil, or Imp. Destroy each creature whose coin comes up tails. | ""Entertain me.""","BR-F01/cult_of_rakdos_claim_001: Rakdos is the black-red guild of Ravnica, associated with performance, dangerous spectacle, anti-authoritarian provocation, and public transgression. -> src_wotc_flavorful_guide_ravnica_allegiance_2019 https://magic.wizards.com/en/news/feature/flavorful-guide-guilds-ravnica-allegiance-2019-02-07 @ A Flavorful Guide to the Guilds of Ravnica Allegiance - Rakdos reviewed source record [INSPECTED_OFFICIAL_WEB]: The official Rakdos overview is used only for guild identity, performance, dangerous entertainment, anti-authoritarian provocation, and black-red Ravnica context. || BR-F02/cult_of_rakdos_claim_002: The official guide describes the Cult of Rakdos as entertainers and hosts whose performances may be destructive or hedonistic. -> src_wotc_flavorful_guide_ravnica_allegiance_2019 https://magic.wizards.com/en/news/feature/flavorful-guide-guilds-ravnica-allegiance-2019-02-07 @ A Flavorful Guide to the Guilds of Ravnica Allegiance - Rakdos reviewed source record [INSPECTED_OFFICIAL_WEB]: The official Rakdos overview is used for the bounded role of entertainers and hosts whose performances can be destructive or hedonistic. || BR-F04/cult_of_rakdos_claim_003: The guide says Rakdos was loosely organized into Rings and later pushed toward travelling theater-troupe behavior. -> src_wotc_flavorful_guide_ravnica_allegiance_2019 https://magic.wizards.com/en/news/feature/flavorful-guide-guilds-ravnica-allegiance-2019-02-07 @ A Flavorful Guide to the Guilds of Ravnica Allegiance - Rakdos reviewed source record [INSPECTED_OFFICIAL_WEB]: The official Rakdos overview is used for loose organization into Rings and travelling theater-troupe behavior. || BR-F05/cult_of_rakdos_claim_004: The guide identifies the ancient demon Rakdos as founder, namesake, and object of cultic worship. -> src_wotc_flavorful_guide_ravnica_allegiance_2019 https://magic.wizards.com/en/news/feature/flavorful-guide-guilds-ravnica-allegiance-2019-02-07 @ A Flavorful Guide to the Guilds of Ravnica Allegiance - Rakdos reviewed source record [INSPECTED_OFFICIAL_WEB]: The official Rakdos overview is used for Rakdos as ancient demon, founder, namesake, and object of worship. || BR-F06/cult_of_rakdos_claim_005: Spectacle is the Ravnica Allegiance signature mechanic associated with Rakdos. -> src_wotc_ravnica_allegiance_mechanics_2018 https://magic.wizards.com/en/news/feature/ravnica-allegiance-mechanics @ Ravnica Allegiance Mechanics - Spectacle / Rakdos reviewed source record [INSPECTED_OFFICIAL_WEB]: The official mechanics article is used for spectacle as the Ravnica Allegiance Rakdos mechanic. || BR-F03/cult_of_rakdos_claim_006: Rakdos placement signals should require performance, spectacle, transgression, sensation, danger, or a visible audience/cost/consequence cluster rather than generic black-red aggression or random disruption. -> src_wotc_flavorful_guide_ravnica_allegiance_2019 https://magic.wizards.com/en/news/feature/flavorful-guide-guilds-ravnica-allegiance-2019-02-07 @ A Flavorful Guide to the Guilds of Ravnica Allegiance - Rakdos reviewed source record [INSPECTED_OFFICIAL_WEB]: The official Rakdos overview supports performance, dangerous entertainment, provocation, and transgression as Cult-specific identity signals. || src_wotc_ravnica_allegiance_mechanics_2018 https://magic.wizards.com/en/news/feature/ravnica-allegiance-mechanics @ Ravnica Allegiance Mechanics - Spectacle / Rakdos reviewed source record [INSPECTED_OFFICIAL_WEB]: The spectacle mechanic supports cost/consequence/audience-adjacent placement synthesis through action after an opponent loses life.","Flying, trample
When Rakdos enters, flip a coin for each creature that isn't a Demon, Devil, or Imp. Destroy each creature whose coin comes up tails.","BR-F01; BR-F02; BR-F04; BR-F05; BR-F06; BR-F03","The committed Oracle text is the gameplay-side fact. It supports only the named facet IDs where the visible rationale accurately describes that behavior and makes the identity connection explicit.","DIRECT_FACT_PLUS_SUPPORTED_INTERPRETATION","High-variance by design. Discovery-only story-corpus claim IDs removed from this auxiliary support chain. Commander/card/product material remains auxiliary and is not authoritative Rakdos semantic proof. Skip if you want reliability, low variance, or table-safe board states.","src_wotc_flavorful_guide_ravnica_allegiance_2019: https://magic.wizards.com/en/news/feature/flavorful-guide-guilds-ravnica-allegiance-2019-02-07; src_wotc_ravnica_allegiance_mechanics_2018: https://magic.wizards.com/en/news/feature/ravnica-allegiance-mechanics","2","Flying, trample
When Rakdos enters, flip a coin for each creature that isn't a Demon, Devil, or Imp. Destroy each creature whose coin comes up tails. -> BR-F01: Rakdos is the black-red guild of Ravnica, associated with performance, dangerous spectacle, anti-authoritarian provocation, and public transgression. | BR-F02: The official guide describes the Cult of Rakdos as entertainers and hosts whose performances may be destructive or hedonistic. | BR-F04: The guide says Rakdos was loosely organized into Rings and later pushed toward travelling theater-troupe behavior. | BR-F05: The guide identifies the ancient demon Rakdos as founder, namesake, and object of cultic worship. | BR-F06: Spectacle is the Ravnica Allegiance signature mechanic associated with Rakdos. | BR-F03: Rakdos placement signals should require performance, spectacle, transgression, sensation, danger, or a visible audience/cost/consequence cluster rather than generic black-red aggression or random disruption. -> The preserved Commander guidance sentence is the direct relationship assertion. Certified claim IDs establish the identity-side boundary; the committed Scryfall index establishes only the named card facts. Owner review must confirm that the sentence does not overstate that bridge.","NONE_IDENTIFIED","PASS_VERIFIED_CARD_AND_CURRENT_TEXT","PASS_ROUTED_UNDERLYING_EVIDENCE","PASS_BOUNDED_CARD_TO_FACET_BRIDGE","IDENTITY_LOCAL_MODAL_REPETITION","GENERIC_TEMPLATE_REUSE","NO_DELETION_INDICATED","NO_SWAP_INDICATED","MODAL_REDUNDANT","NO_MATERIAL_FACET_COLLAPSE","UNBOUNDED_EVALUATIVE_LANGUAGE","TEMPLATE_REPETITION","REMEDIATION_LIKELY","Multiple Play cards for this identity receive the same modal takeaway after only the card name changes."
"SOUND-RG-1-cardvoice_rg_327d9679_0049_4401_8dab_e0fb362306bd","RG","Gruul Clans","SOUND","1","Burning-Tree Emissary","Exact card voice","Those who regard the Gruul as savage simpletons underestimate the subtle power of their shamans.","","What this card's voice reveals about Gruul Clans","The line presents the Gruul while rejecting the assumption that their wildness lacks subtle power.","Creature — Human Shaman","ba327a5e-bd57-4e24-b4b4-062202df30e1","327d9679-0049-4401-8dab-e0fb362306bd","2x2","189","cardvoice_rg_327d9679_0049_4401_8dab_e0fb362306bd","EXPLICIT_IDENTITY_REFERENCE","claim_gruul_clans_core_identity_0002; claim_gruul_clans_philosophy_0004; claim_gruul_clans_placement_0001","src_gruul_clans_0001; src_gruul_clans_0002; src_gruul_clans_0003; src_gruul_clans_0004","data/scryfall/raw/oracle-cards.json#id=ba327a5e-bd57-4e24-b4b4-062202df30e1","Creature — Human Shaman | When this creature enters, add {R}{G}. | Those who regard the Gruul as savage simpletons underestimate the subtle power of their shamans.","RG-F01/claim_gruul_clans_core_identity_0002: The Gruul are identified as red-green on the official Ravnica plane page. -> src_gruul_clans_0001 https://magic.wizards.com/en/story/ravnica-plane @ reviewed source record src_gruul_clans_0001 [INSPECTED_OFFICIAL_WEB]: The Gruul are identified as red-green on the official Ravnica plane page. || RG-F02/claim_gruul_clans_philosophy_0004: The official Ravnica plane page describes Gruul as driven by base urges and instinct. -> src_gruul_clans_0001 https://magic.wizards.com/en/story/ravnica-plane @ reviewed source record src_gruul_clans_0001 [INSPECTED_OFFICIAL_WEB]: The official Ravnica plane page describes Gruul as driven by base urges and instinct. || RG-F03/claim_gruul_clans_placement_0001: A placement model can interpret Gruul as strongly anti-institutional and freedom-oriented because official sources repeatedly emphasize anti-civilization beliefs, clan looseness, rioting, and resistance to encroachment. -> src_gruul_clans_0002 https://magic.wizards.com/en/news/feature/planeswalkers-guide-to-gatecrash-part-2 @ reviewed source record src_gruul_clans_0002 [SOURCE_INTAKE_REQUIRED]: A placement model can interpret Gruul as strongly anti-institutional and freedom-oriented because official sources repeatedly emphasize anti-civilization beliefs, clan looseness, rioting, and resistance to encroachment. || src_gruul_clans_0003 https://magic.wizards.com/en/news/feature/flavorful-guide-guilds-ravnica-allegiance-2019-02-07 @ reviewed source record src_gruul_clans_0003 [INSPECTED_OFFICIAL_WEB]: A placement model can interpret Gruul as strongly anti-institutional and freedom-oriented because official sources repeatedly emphasize anti-civilization beliefs, clan looseness, rioting, and resistance to encroachment. || src_gruul_clans_0004 https://magic.wizards.com/en/news/feature/ravnica-allegiance-mechanics @ reviewed source record src_gruul_clans_0004 [INSPECTED_OFFICIAL_WEB]: A placement model can interpret Gruul as strongly anti-institutional and freedom-oriented because official sources repeatedly emphasize anti-civilization beliefs, clan looseness, rioting, and resistance to encroachment.","NOT_APPLICABLE","RG-F01; RG-F02; RG-F03","The exact printed flavor line is the card-side fact. It supports only the named facet IDs where the line itself, not card color/type/product membership, supplies the stated echo.","DIRECT_FACT_PLUS_SUPPORTED_INTERPRETATION","Exact card text is verified, but Public use is limited to this validated voice relationship. Red, Green, and Temur can sound instinctive or wild; the explicit Gruul anti-civilization and shaman context supplies the relationship.","src_gruul_clans_0001: https://magic.wizards.com/en/story/ravnica-plane; src_gruul_clans_0002: https://magic.wizards.com/en/news/feature/planeswalkers-guide-to-gatecrash-part-2; src_gruul_clans_0003: https://magic.wizards.com/en/news/feature/flavorful-guide-guilds-ravnica-allegiance-2019-02-07; src_gruul_clans_0004: https://magic.wizards.com/en/news/feature/ravnica-allegiance-mechanics","3","Those who regard the Gruul as savage simpletons underestimate the subtle power of their shamans. -> RG-F01: The Gruul are identified as red-green on the official Ravnica plane page. | RG-F02: The official Ravnica plane page describes Gruul as driven by base urges and instinct. | RG-F03: A placement model can interpret Gruul as strongly anti-institutional and freedom-oriented because official sources repeatedly emphasize anti-civilization beliefs, clan looseness, rioting, and resistance to encroachment. -> Burning-Tree Emissary's exact excerpt provides a bounded voice echo of the Gruul named directly while rejecting the assumption that their wildness lacks subtle power.","NONE_IDENTIFIED","PASS_VERIFIED_CARD_AND_CURRENT_TEXT","PASS_ROUTED_UNDERLYING_EVIDENCE","PASS_BOUNDED_CARD_TO_FACET_BRIDGE","NO_MATERIAL_TILE_MODAL_ECHO","LEGITIMATE_SHARED_CONCEPT","NO_DELETION_INDICATED","NO_SWAP_INDICATED","ADDITIVE_IDENTITY_INTERPRETATION","NO_MATERIAL_FACET_COLLAPSE","NO_MATERIAL_OVERCLAIM","FORMULAIC_BUT_READABLE","NO_CHANGE_INDICATED",""
"SOUND-RG-2-cardvoice_vm558_rg_a4e5693f_12a0_451e_818d_d6efc7b4ed25","RG","Gruul Clans","SOUND","2","Decimate","Exact card voice","Anarchy comes in many forms: social, individual, Gruul . . .","","What this card's voice reveals about Gruul Clans","The line names Gruul as one form of anarchy, giving the identity a blunt refusal of imposed civic order.","Sorcery","cf0e68bc-8de8-4ff8-a39a-8da95f71d843","a4e5693f-12a0-451e-818d-d6efc7b4ed25","otc","220","cardvoice_vm558_rg_a4e5693f_12a0_451e_818d_d6efc7b4ed25","EXPLICIT_IDENTITY_REFERENCE","claim_gruul_clans_core_identity_0002; claim_gruul_clans_philosophy_0004; claim_gruul_clans_placement_0001","src_gruul_clans_0001; src_gruul_clans_0002; src_gruul_clans_0003; src_gruul_clans_0004","data/scryfall/raw/oracle-cards.json#id=cf0e68bc-8de8-4ff8-a39a-8da95f71d843","Sorcery | Destroy target artifact, target creature, target enchantment, and target land. (You can't cast this spell unless you have legal choices for all its targets.) | Anarchy comes in many forms: social, individual, Gruul . . .","RG-F01/claim_gruul_clans_core_identity_0002: The Gruul are identified as red-green on the official Ravnica plane page. -> src_gruul_clans_0001 https://magic.wizards.com/en/story/ravnica-plane @ reviewed source record src_gruul_clans_0001 [INSPECTED_OFFICIAL_WEB]: The Gruul are identified as red-green on the official Ravnica plane page. || RG-F02/claim_gruul_clans_philosophy_0004: The official Ravnica plane page describes Gruul as driven by base urges and instinct. -> src_gruul_clans_0001 https://magic.wizards.com/en/story/ravnica-plane @ reviewed source record src_gruul_clans_0001 [INSPECTED_OFFICIAL_WEB]: The official Ravnica plane page describes Gruul as driven by base urges and instinct. || RG-F03/claim_gruul_clans_placement_0001: A placement model can interpret Gruul as strongly anti-institutional and freedom-oriented because official sources repeatedly emphasize anti-civilization beliefs, clan looseness, rioting, and resistance to encroachment. -> src_gruul_clans_0002 https://magic.wizards.com/en/news/feature/planeswalkers-guide-to-gatecrash-part-2 @ reviewed source record src_gruul_clans_0002 [SOURCE_INTAKE_REQUIRED]: A placement model can interpret Gruul as strongly anti-institutional and freedom-oriented because official sources repeatedly emphasize anti-civilization beliefs, clan looseness, rioting, and resistance to encroachment. || src_gruul_clans_0003 https://magic.wizards.com/en/news/feature/flavorful-guide-guilds-ravnica-allegiance-2019-02-07 @ reviewed source record src_gruul_clans_0003 [INSPECTED_OFFICIAL_WEB]: A placement model can interpret Gruul as strongly anti-institutional and freedom-oriented because official sources repeatedly emphasize anti-civilization beliefs, clan looseness, rioting, and resistance to encroachment. || src_gruul_clans_0004 https://magic.wizards.com/en/news/feature/ravnica-allegiance-mechanics @ reviewed source record src_gruul_clans_0004 [INSPECTED_OFFICIAL_WEB]: A placement model can interpret Gruul as strongly anti-institutional and freedom-oriented because official sources repeatedly emphasize anti-civilization beliefs, clan looseness, rioting, and resistance to encroachment.","NOT_APPLICABLE","RG-F01; RG-F02; RG-F03","The exact printed flavor line is the card-side fact. It supports only the named facet IDs where the line itself, not card color/type/product membership, supplies the stated echo.","DIRECT_FACT_PLUS_SUPPORTED_INTERPRETATION","Owner-approved complementary card voice. Public use remains limited to this exact printing and bounded identity relationship; it does not prove placement, play style, or identity from card color, mechanics, tags, or product membership.","src_gruul_clans_0001: https://magic.wizards.com/en/story/ravnica-plane; src_gruul_clans_0002: https://magic.wizards.com/en/news/feature/planeswalkers-guide-to-gatecrash-part-2; src_gruul_clans_0003: https://magic.wizards.com/en/news/feature/flavorful-guide-guilds-ravnica-allegiance-2019-02-07; src_gruul_clans_0004: https://magic.wizards.com/en/news/feature/ravnica-allegiance-mechanics","3","Anarchy comes in many forms: social, individual, Gruul . . . -> RG-F01: The Gruul are identified as red-green on the official Ravnica plane page. | RG-F02: The official Ravnica plane page describes Gruul as driven by base urges and instinct. | RG-F03: A placement model can interpret Gruul as strongly anti-institutional and freedom-oriented because official sources repeatedly emphasize anti-civilization beliefs, clan looseness, rioting, and resistance to encroachment. -> Decimate gives Gruul a second voice of explicit anarchic resistance.","NONE_IDENTIFIED","PASS_VERIFIED_CARD_AND_CURRENT_TEXT","PASS_ROUTED_UNDERLYING_EVIDENCE","PASS_BOUNDED_CARD_TO_FACET_BRIDGE","NO_MATERIAL_TILE_MODAL_ECHO","LEGITIMATE_SHARED_CONCEPT","NO_DELETION_INDICATED","NO_SWAP_INDICATED","ADDITIVE_IDENTITY_INTERPRETATION","NO_MATERIAL_FACET_COLLAPSE","NO_MATERIAL_OVERCLAIM","NATURAL_ENOUGH_AS_WRITTEN","NO_CHANGE_INDICATED",""
"PLAY-RG-1-cardrel_rg_b7505737","RG","Gruul Clans","PLAY","1","Borborygmos Enraged","Why it fits in play","Borborygmos appears because the certified Gruul record identifies him as the leader of the Burning-Tree clan.","Lands; Discard; Large-Creature Pressure","Why Borborygmos Enraged helps explain Gruul Clans in play","At the table, Borborygmos Enraged carries that card action into this reading's larger plan: immediate combat, land-fed force, and damage that refuses delay.","Legendary Creature — Cyclops","02df18c5-07b9-4e85-9c4b-58b63fa59437","b7505737-1fc8-4ee8-8b1d-5dde73b6a76d","rvr","167","cardrel_rg_b7505737","NATIVE_IDENTITY_ANCHOR","claim_gruul_clans_key_figure_0012; claim_gruul_clans_key_figure_0013; claim_gruul_clans_key_figure_0035; claim_gruul_clans_key_figure_0036; claim_gruul_clans_key_figure_0046","src_gruul_clans_0002; src_gruul_clans_0003; src_gruul_clans_0009","data/scryfall/raw/oracle-cards.json#id=02df18c5-07b9-4e85-9c4b-58b63fa59437","Legendary Creature — Cyclops | Trample
Whenever Borborygmos Enraged deals combat damage to a player, reveal the top three cards of your library. Put all land cards revealed this way into your hand and the rest into your graveyard.
Discard a land card: Borborygmos Enraged deals 3 damage to any target. | ","RG-F04/claim_gruul_clans_key_figure_0012: Borborygmos is an unusually massive cyclops and the savage leader of the Burning Tree clan in the Gatecrash-era official guide. -> src_gruul_clans_0002 https://magic.wizards.com/en/news/feature/planeswalkers-guide-to-gatecrash-part-2 @ reviewed source record src_gruul_clans_0002 [SOURCE_INTAKE_REQUIRED]: Borborygmos is an unusually massive cyclops and the savage leader of the Burning Tree clan in the Gatecrash-era official guide. || RG-F05/claim_gruul_clans_key_figure_0013: Borborygmos had defended his position as the Gruul's mightiest clan leader for several decades in the Gatecrash-era official guide. -> src_gruul_clans_0002 https://magic.wizards.com/en/news/feature/planeswalkers-guide-to-gatecrash-part-2 @ reviewed source record src_gruul_clans_0002 [SOURCE_INTAKE_REQUIRED]: Borborygmos had defended his position as the Gruul's mightiest clan leader for several decades in the Gatecrash-era official guide. || RG-F06/claim_gruul_clans_key_figure_0035: The Ravnica Allegiance flavor guide states that Borborygmos was considered the Gruul's de facto leader by most Ravnicans because Burning Tree was the largest and most powerful clan. -> src_gruul_clans_0003 https://magic.wizards.com/en/news/feature/flavorful-guide-guilds-ravnica-allegiance-2019-02-07 @ reviewed source record src_gruul_clans_0003 [INSPECTED_OFFICIAL_WEB]: The Ravnica Allegiance flavor guide states that Borborygmos was considered the Gruul's de facto leader by most Ravnicans because Burning Tree was the largest and most powerful clan. || RG-F07/claim_gruul_clans_key_figure_0036: The Ravnica Allegiance flavor guide states that Domri Rade bested Borborygmos in combat and became in charge of the Gruul Clans. -> src_gruul_clans_0003 https://magic.wizards.com/en/news/feature/flavorful-guide-guilds-ravnica-allegiance-2019-02-07 @ reviewed source record src_gruul_clans_0003 [INSPECTED_OFFICIAL_WEB]: The Ravnica Allegiance flavor guide states that Domri Rade bested Borborygmos in combat and became in charge of the Gruul Clans. || RG-F08/claim_gruul_clans_key_figure_0046: In War of the Spark, Domri Rade is described as having replaced Borborygmos as the Gruul's new guildmaster. -> src_gruul_clans_0009 https://magic.wizards.com/en/news/magic-story/war-spark-ravnica-path-opulent-2019-05-15 @ reviewed source record src_gruul_clans_0009 [INSPECTED_OFFICIAL_WEB]: In War of the Spark, Domri Rade is described as having replaced Borborygmos as the Gruul's new guildmaster.","Trample
Whenever Borborygmos Enraged deals combat damage to a player, reveal the top three cards of your library. Put all land cards revealed this way into your hand and the rest into your graveyard.
Discard a land card: Borborygmos Enraged deals 3 damage to any target.","RG-F04; RG-F05; RG-F06; RG-F07; RG-F08","The committed Oracle text is the gameplay-side fact. It supports only the named facet IDs where the visible rationale accurately describes that behavior and makes the identity connection explicit.","DIRECT_FACT_PLUS_SUPPORTED_INTERPRETATION","You don't want to play an 8-mana commander.","src_gruul_clans_0002: https://magic.wizards.com/en/news/feature/planeswalkers-guide-to-gatecrash-part-2; src_gruul_clans_0003: https://magic.wizards.com/en/news/feature/flavorful-guide-guilds-ravnica-allegiance-2019-02-07; src_gruul_clans_0009: https://magic.wizards.com/en/news/magic-story/war-spark-ravnica-path-opulent-2019-05-15","2","Trample
Whenever Borborygmos Enraged deals combat damage to a player, reveal the top three cards of your library. Put all land cards revealed this way into your hand and the rest into your graveyard.
Discard a land card: Borborygmos Enraged deals 3 damage to any target. -> RG-F04: Borborygmos is an unusually massive cyclops and the savage leader of the Burning Tree clan in the Gatecrash-era official guide. | RG-F05: Borborygmos had defended his position as the Gruul's mightiest clan leader for several decades in the Gatecrash-era official guide. | RG-F06: The Ravnica Allegiance flavor guide states that Borborygmos was considered the Gruul's de facto leader by most Ravnicans because Burning Tree was the largest and most powerful clan. | RG-F07: The Ravnica Allegiance flavor guide states that Domri Rade bested Borborygmos in combat and became in charge of the Gruul Clans. | RG-F08: In War of the Spark, Domri Rade is described as having replaced Borborygmos as the Gruul's new guildmaster. -> The draft narrows the internal Commander guidance to the direct native figure relationship stated by the cited substantive claim. It deliberately makes no gameplay, player-motivation, or personality inference.","NONE_IDENTIFIED","PASS_VERIFIED_CARD_AND_CURRENT_TEXT","PASS_ROUTED_UNDERLYING_EVIDENCE","PASS_BOUNDED_CARD_TO_FACET_BRIDGE","IDENTITY_LOCAL_MODAL_REPETITION","GENERIC_TEMPLATE_REUSE","NO_DELETION_INDICATED","NO_SWAP_INDICATED","MODAL_REDUNDANT","NO_MATERIAL_FACET_COLLAPSE","NO_MATERIAL_OVERCLAIM","INTERNAL_OR_AUDIT_LANGUAGE","REMEDIATION_LIKELY","Multiple Play cards for this identity receive the same modal takeaway after only the card name changes."
"PLAY-RG-3-cardrel_rg_ebf3fd80","RG","Gruul Clans","PLAY","3","Nikya of the Old Ways","Why it fits in play","She forces you to abandon 'civilized' noncreature spells in exchange for massive mana for monsters.","Creatures Only; Big Mana","Why Nikya of the Old Ways helps explain Gruul Clans in play","At the table, Nikya of the Old Ways carries that card action into this reading's larger plan: immediate combat, land-fed force, and damage that refuses delay.","Legendary Creature — Centaur Druid","0dcdad71-323e-41e0-a1b3-9fd5b753e71c","ebf3fd80-9574-489b-9428-f4251834bdc4","rna","193","cardrel_rg_ebf3fd80","NATIVE_IDENTITY_ANCHOR","claim_gruul_clans_key_figure_0023; claim_gruul_clans_structure_0021; claim_gruul_clans_philosophy_0022","src_gruul_clans_0002","data/scryfall/raw/oracle-cards.json#id=0dcdad71-323e-41e0-a1b3-9fd5b753e71c","Legendary Creature — Centaur Druid | You can't cast noncreature spells.
Whenever you tap a land for mana, add one mana of any type that land produced. | ""The hooves of the Raze-Boar will trample the weak—and their city—to dust!""","RG-F09/claim_gruul_clans_key_figure_0023: Nikya of the Old Ways is identified as the Zhur-Taa leader and a powerful shaman in the Gatecrash-era official guide. -> src_gruul_clans_0002 https://magic.wizards.com/en/news/feature/planeswalkers-guide-to-gatecrash-part-2 @ reviewed source record src_gruul_clans_0002 [SOURCE_INTAKE_REQUIRED]: Nikya of the Old Ways is identified as the Zhur-Taa leader and a powerful shaman in the Gatecrash-era official guide. || RG-F10/claim_gruul_clans_structure_0021: The Zhur-Taa clan claims to follow the old ways and is close to its beasts, with shamans adept at summoning and training beasts for war-companions and mounts. -> src_gruul_clans_0002 https://magic.wizards.com/en/news/feature/planeswalkers-guide-to-gatecrash-part-2 @ reviewed source record src_gruul_clans_0002 [SOURCE_INTAKE_REQUIRED]: The Zhur-Taa clan claims to follow the old ways and is close to its beasts, with shamans adept at summoning and training beasts for war-companions and mounts. || RG-F11/claim_gruul_clans_philosophy_0022: The Zhur-Taa worship the Utmungr, gods of the deep earth, and await an ancient boar god who will raze the over-civilized world. -> src_gruul_clans_0002 https://magic.wizards.com/en/news/feature/planeswalkers-guide-to-gatecrash-part-2 @ reviewed source record src_gruul_clans_0002 [SOURCE_INTAKE_REQUIRED]: The Zhur-Taa worship the Utmungr, gods of the deep earth, and await an ancient boar god who will raze the over-civilized world.","You can't cast noncreature spells.
Whenever you tap a land for mana, add one mana of any type that land produced.","RG-F09; RG-F10; RG-F11","The committed Oracle text is the gameplay-side fact. It supports only the named facet IDs where the visible rationale accurately describes that behavior and makes the identity connection explicit.","DIRECT_FACT_PLUS_SUPPORTED_INTERPRETATION","Requires a very specific deck composition. You like playing instants, sorceries, or artifacts.","src_gruul_clans_0002: https://magic.wizards.com/en/news/feature/planeswalkers-guide-to-gatecrash-part-2","0","You can't cast noncreature spells.
Whenever you tap a land for mana, add one mana of any type that land produced. -> RG-F09: Nikya of the Old Ways is identified as the Zhur-Taa leader and a powerful shaman in the Gatecrash-era official guide. | RG-F10: The Zhur-Taa clan claims to follow the old ways and is close to its beasts, with shamans adept at summoning and training beasts for war-companions and mounts. | RG-F11: The Zhur-Taa worship the Utmungr, gods of the deep earth, and await an ancient boar god who will raze the over-civilized world. -> The preserved Commander guidance sentence is the direct relationship assertion. Certified claim IDs establish the identity-side boundary; the committed Scryfall index establishes only the named card facts. Owner review must confirm that the sentence does not overstate that bridge.","NONE_IDENTIFIED","PASS_VERIFIED_CARD_AND_CURRENT_TEXT","PASS_ROUTED_UNDERLYING_EVIDENCE","PASS_BOUNDED_CARD_TO_FACET_BRIDGE","IDENTITY_LOCAL_MODAL_REPETITION","GENERIC_TEMPLATE_REUSE","NO_DELETION_INDICATED","NO_SWAP_INDICATED","MODAL_REDUNDANT","NO_MATERIAL_FACET_COLLAPSE","NO_MATERIAL_OVERCLAIM","TEMPLATE_REPETITION","REMEDIATION_LIKELY","Multiple Play cards for this identity receive the same modal takeaway after only the card name changes."
"PLAY-RG-4-cardrel_rg_6ed13a89","RG","Gruul Clans","PLAY","4","Ruric Thar, the Unbowed","Why it fits in play","A severe Gruul pressure piece against noncreature spell plans; creature-first tables punish players who try to solve everything with spells.","Hatebears; Punisher; Creature Pressure","Why Ruric Thar, the Unbowed helps explain Gruul Clans in play","At the table, Ruric Thar, the Unbowed carries that card action into this reading's larger plan: immediate combat, land-fed force, and damage that refuses delay.","Legendary Creature — Ogre Warrior","aa828bdc-221e-4e81-9e71-6f288690ddcd","6ed13a89-4284-4c01-8099-75e2d68c8c63","2x2","271","cardrel_rg_6ed13a89","NATIVE_IDENTITY_ANCHOR","claim_gruul_clans_key_figure_0016; claim_gruul_clans_structure_0017","src_gruul_clans_0002","data/scryfall/raw/oracle-cards.json#id=aa828bdc-221e-4e81-9e71-6f288690ddcd","Legendary Creature — Ogre Warrior | Vigilance, reach
Ruric Thar attacks each combat if able.
Whenever a player casts a noncreature spell, Ruric Thar deals 6 damage to that player. | ","RG-F12/claim_gruul_clans_key_figure_0016: Ruric Thar is identified as the leader of the Ghor clan in the Gatecrash-era official guide. -> src_gruul_clans_0002 https://magic.wizards.com/en/news/feature/planeswalkers-guide-to-gatecrash-part-2 @ reviewed source record src_gruul_clans_0002 [SOURCE_INTAKE_REQUIRED]: Ruric Thar is identified as the leader of the Ghor clan in the Gatecrash-era official guide. || RG-F13/claim_gruul_clans_structure_0017: The Ghor clan is described as executing the most frequent and savage assaults on Ravnican citizenry among the stable Gruul clans. -> src_gruul_clans_0002 https://magic.wizards.com/en/news/feature/planeswalkers-guide-to-gatecrash-part-2 @ reviewed source record src_gruul_clans_0002 [SOURCE_INTAKE_REQUIRED]: The Ghor clan is described as executing the most frequent and savage assaults on Ravnican citizenry among the stable Gruul clans.","Vigilance, reach
Ruric Thar attacks each combat if able.
Whenever a player casts a noncreature spell, Ruric Thar deals 6 damage to that player.","RG-F12; RG-F13","The committed Oracle text is the gameplay-side fact. It supports only the named facet IDs where the visible rationale accurately describes that behavior and makes the identity connection explicit.","DIRECT_FACT_PLUS_SUPPORTED_INTERPRETATION","You want to play a deck with more than 5-10 noncreature spells.","src_gruul_clans_0002: https://magic.wizards.com/en/news/feature/planeswalkers-guide-to-gatecrash-part-2","0","Vigilance, reach
Ruric Thar attacks each combat if able.
Whenever a player casts a noncreature spell, Ruric Thar deals 6 damage to that player. -> RG-F12: Ruric Thar is identified as the leader of the Ghor clan in the Gatecrash-era official guide. | RG-F13: The Ghor clan is described as executing the most frequent and savage assaults on Ravnican citizenry among the stable Gruul clans. -> The preserved Commander guidance sentence is the direct relationship assertion. Certified claim IDs establish the identity-side boundary; the committed Scryfall index establishes only the named card facts. Owner review must confirm that the sentence does not overstate that bridge.","BROKEN_GATECRASH_ROUTE_NECESSARY_FOR_ALL_ROUTED_FACETS","PASS_VERIFIED_CARD_AND_CURRENT_TEXT","SOURCE_INTAKE_REQUIRED_FOR_RURIC_GHOR_MEMBERSHIP","BROKEN_GATECRASH_ROUTE_NECESSARY_FOR_ALL_ROUTED_FACETS","IDENTITY_LOCAL_MODAL_REPETITION","GENERIC_TEMPLATE_REUSE","NO_DELETION_INDICATED","NO_SWAP_INDICATED","MODAL_REDUNDANT","NO_MATERIAL_FACET_COLLAPSE","NO_MATERIAL_OVERCLAIM","TEMPLATE_REPETITION","SOURCE_INTAKE_REQUIRED","Both routed facets—Ruric Thar as Ghor leader and the Ghor clan's assault pattern—depend on the unusable Gatecrash guide. Inspected broader Gruul sources support anti-civilization generally but do not establish these narrower Ruric/Ghor facts."
"SOUND-WG-1-cardvoice_wg_9aab386c_d48c_4611_b757_aa69b26cc1b1","WG","Selesnya Conclave","SOUND","1","Camaraderie","Exact card voice","""Within the song of Mat'Selesnya, one becomes all.""
—Heruj, Selesnya hierophant","","What this card's voice reveals about Selesnya Conclave","The line presents Mat'Selesnya through the individual becoming part of a communal voice.","Sorcery","ca18b625-6767-45b9-bc2c-765f1ba7bd44","9aab386c-d48c-4611-b757-aa69b26cc1b1","ncc","334","cardvoice_wg_9aab386c_d48c_4611_b757_aa69b26cc1b1","EXPLICIT_IDENTITY_REFERENCE","selesnya_conclave_claim_001; selesnya_conclave_claim_002; selesnya_conclave_claim_007","src_wotc_flavorful_guide_guilds_ravnica_2018; src_wotc_guilds_ravnica_prerelease_primer_2018; src_wotc_guilds_ravnica_mechanics_2018","data/scryfall/raw/oracle-cards.json#id=ca18b625-6767-45b9-bc2c-765f1ba7bd44","Sorcery | You gain X life and draw X cards, where X is the number of creatures you control. Creatures you control get +1/+1 until end of turn. | ""Within the song of Mat'Selesnya, one becomes all.""
—Heruj, Selesnya hierophant","WG-F01/selesnya_conclave_claim_001: Selesnya is the white-green guild of Ravnica, associated with collectivism, the natural world, unity, togetherness, and preservation. -> src_wotc_flavorful_guide_guilds_ravnica_2018 https://magic.wizards.com/en/news/feature/flavorful-guide-guilds-ravnica-2018-10-03 @ A Flavorful Guide to the Guilds of Ravnica - Selesnya reviewed source record [INSPECTED_OFFICIAL_WEB]: The official guild guide supports Selesnya as the white-green Ravnican guild and associates its identity with collectivism, nature, unity, togetherness, and preservation. || src_wotc_guilds_ravnica_prerelease_primer_2018 https://magic.wizards.com/en/news/feature/guilds-of-ravnica-prerelease-primer @ Guilds of Ravnica Prerelease Primer - Selesnya reviewed source record [INSPECTED_OFFICIAL_WEB]: The official set primer supports Selesnya as one of the Guilds of Ravnica identities and provides broad set-level support for its white-green guild identity. || WG-F02/selesnya_conclave_claim_002: The official guide says Selesnya supporters privilege the communal voice over the individual. -> src_wotc_flavorful_guide_guilds_ravnica_2018 https://magic.wizards.com/en/news/feature/flavorful-guide-guilds-ravnica-2018-10-03 @ A Flavorful Guide to the Guilds of Ravnica - Selesnya reviewed source record [INSPECTED_OFFICIAL_WEB]: The official guild guide is used for the bounded role claim that Selesnya privileges the communal voice over the individual. || WG-F03/selesnya_conclave_claim_007: Selesnya placement signals should require source-bounded belonging, caretaking, consensus, harmony, communal voice, or greater-good service rather than generic white-green creatures, tokens, ramp, counters, lifegain, populate, or go-wide gameplay alone. -> src_wotc_flavorful_guide_guilds_ravnica_2018 https://magic.wizards.com/en/news/feature/flavorful-guide-guilds-ravnica-2018-10-03 @ A Flavorful Guide to the Guilds of Ravnica - Selesnya reviewed source record [INSPECTED_OFFICIAL_WEB]: The official Selesnya overview supports the collectivism, nature, unity, togetherness, preservation, communal-voice, and non-pacifist army cluster used for placement synthesis. || src_wotc_guilds_ravnica_mechanics_2018 https://magic.wizards.com/en/news/feature/guilds-ravnica-mechanics-2018-09-04 @ Guilds of Ravnica Mechanics - Convoke / Selesnya reviewed source record [INSPECTED_OFFICIAL_WEB]: Convoke supports only bounded Selesnya mechanics texture; it does not make all creatures, tokens, ramp, counters, lifegain, populate, or go-wide gameplay authoritative Selesnya proof by itself.","NOT_APPLICABLE","WG-F01; WG-F02; WG-F03","The exact printed flavor line is the card-side fact. It supports only the named facet IDs where the line itself, not card color/type/product membership, supplies the stated echo.","DIRECT_FACT_PLUS_SUPPORTED_INTERPRETATION","Exact card text is verified, but Public use is limited to this validated voice relationship. White, Green, Bant, and Ink also value community; the explicit Worldsoul/conclave unity frame is the Selesnya bridge.","src_wotc_flavorful_guide_guilds_ravnica_2018: https://magic.wizards.com/en/news/feature/flavorful-guide-guilds-ravnica-2018-10-03; src_wotc_guilds_ravnica_prerelease_primer_2018: https://magic.wizards.com/en/news/feature/guilds-of-ravnica-prerelease-primer; src_wotc_guilds_ravnica_mechanics_2018: https://magic.wizards.com/en/news/feature/guilds-ravnica-mechanics-2018-09-04","3","""Within the song of Mat'Selesnya, one becomes all.""
—Heruj, Selesnya hierophant -> WG-F01: Selesnya is the white-green guild of Ravnica, associated with collectivism, the natural world, unity, togetherness, and preservation. | WG-F02: The official guide says Selesnya supporters privilege the communal voice over the individual. | WG-F03: Selesnya placement signals should require source-bounded belonging, caretaking, consensus, harmony, communal voice, or greater-good service rather than generic white-green creatures, tokens, ramp, counters, lifegain, populate, or go-wide gameplay alone. -> Camaraderie's exact excerpt provides a bounded voice echo of Mat'Selesnya named directly through the individual becoming part of a communal voice.","NONE_IDENTIFIED","PASS_VERIFIED_CARD_AND_CURRENT_TEXT","SUPPORTED_WITH_LIMITATIONS","PASS_BOUNDED_CARD_TO_FACET_BRIDGE","NO_MATERIAL_TILE_MODAL_ECHO","LEGITIMATE_SHARED_CONCEPT","NO_DELETION_INDICATED","NO_SWAP_INDICATED","ADDITIVE_IDENTITY_INTERPRETATION","NO_MATERIAL_FACET_COLLAPSE","NO_MATERIAL_OVERCLAIM","FORMULAIC_BUT_READABLE","NO_CHANGE_INDICATED",""
"SOUND-WG-2-cardvoice_vm558_wg_eb62aa4b_c11b_4195_ae85_cff8f78ce17b","WG","Selesnya Conclave","SOUND","2","Advent of the Wurm","Exact card voice","The consciousness of Mat'Selesnya does not always spread in peaceful ways.","","What this card's voice reveals about Selesnya Conclave","The line warns that Mat'Selesnya's shared consciousness is not merely pacifist, revealing communal preservation with real force behind it.","Instant","ba3b5e35-5448-4115-a9c5-6ac14013c904","eb62aa4b-c11b-4195-ae85-cff8f78ce17b","mm3","147","cardvoice_vm558_wg_eb62aa4b_c11b_4195_ae85_cff8f78ce17b","EXPLICIT_IDENTITY_REFERENCE","selesnya_conclave_claim_001; selesnya_conclave_claim_002; selesnya_conclave_claim_007","src_wotc_flavorful_guide_guilds_ravnica_2018; src_wotc_guilds_ravnica_prerelease_primer_2018; src_wotc_guilds_ravnica_mechanics_2018","data/scryfall/raw/oracle-cards.json#id=ba3b5e35-5448-4115-a9c5-6ac14013c904","Instant | Create a 5/5 green Wurm creature token with trample. | The consciousness of Mat'Selesnya does not always spread in peaceful ways.","WG-F01/selesnya_conclave_claim_001: Selesnya is the white-green guild of Ravnica, associated with collectivism, the natural world, unity, togetherness, and preservation. -> src_wotc_flavorful_guide_guilds_ravnica_2018 https://magic.wizards.com/en/news/feature/flavorful-guide-guilds-ravnica-2018-10-03 @ A Flavorful Guide to the Guilds of Ravnica - Selesnya reviewed source record [INSPECTED_OFFICIAL_WEB]: The official guild guide supports Selesnya as the white-green Ravnican guild and associates its identity with collectivism, nature, unity, togetherness, and preservation. || src_wotc_guilds_ravnica_prerelease_primer_2018 https://magic.wizards.com/en/news/feature/guilds-of-ravnica-prerelease-primer @ Guilds of Ravnica Prerelease Primer - Selesnya reviewed source record [INSPECTED_OFFICIAL_WEB]: The official set primer supports Selesnya as one of the Guilds of Ravnica identities and provides broad set-level support for its white-green guild identity. || WG-F02/selesnya_conclave_claim_002: The official guide says Selesnya supporters privilege the communal voice over the individual. -> src_wotc_flavorful_guide_guilds_ravnica_2018 https://magic.wizards.com/en/news/feature/flavorful-guide-guilds-ravnica-2018-10-03 @ A Flavorful Guide to the Guilds of Ravnica - Selesnya reviewed source record [INSPECTED_OFFICIAL_WEB]: The official guild guide is used for the bounded role claim that Selesnya privileges the communal voice over the individual. || WG-F03/selesnya_conclave_claim_007: Selesnya placement signals should require source-bounded belonging, caretaking, consensus, harmony, communal voice, or greater-good service rather than generic white-green creatures, tokens, ramp, counters, lifegain, populate, or go-wide gameplay alone. -> src_wotc_flavorful_guide_guilds_ravnica_2018 https://magic.wizards.com/en/news/feature/flavorful-guide-guilds-ravnica-2018-10-03 @ A Flavorful Guide to the Guilds of Ravnica - Selesnya reviewed source record [INSPECTED_OFFICIAL_WEB]: The official Selesnya overview supports the collectivism, nature, unity, togetherness, preservation, communal-voice, and non-pacifist army cluster used for placement synthesis. || src_wotc_guilds_ravnica_mechanics_2018 https://magic.wizards.com/en/news/feature/guilds-ravnica-mechanics-2018-09-04 @ Guilds of Ravnica Mechanics - Convoke / Selesnya reviewed source record [INSPECTED_OFFICIAL_WEB]: Convoke supports only bounded Selesnya mechanics texture; it does not make all creatures, tokens, ramp, counters, lifegain, populate, or go-wide gameplay authoritative Selesnya proof by itself.","NOT_APPLICABLE","WG-F01; WG-F02; WG-F03","The exact printed flavor line is the card-side fact. It supports only the named facet IDs where the line itself, not card color/type/product membership, supplies the stated echo.","DIRECT_FACT_PLUS_SUPPORTED_INTERPRETATION","Owner-approved complementary card voice. Public use remains limited to this exact printing and bounded identity relationship; it does not prove placement, play style, or identity from card color, mechanics, tags, or product membership.","src_wotc_flavorful_guide_guilds_ravnica_2018: https://magic.wizards.com/en/news/feature/flavorful-guide-guilds-ravnica-2018-10-03; src_wotc_guilds_ravnica_prerelease_primer_2018: https://magic.wizards.com/en/news/feature/guilds-of-ravnica-prerelease-primer; src_wotc_guilds_ravnica_mechanics_2018: https://magic.wizards.com/en/news/feature/guilds-ravnica-mechanics-2018-09-04","3","The consciousness of Mat'Selesnya does not always spread in peaceful ways. -> WG-F01: Selesnya is the white-green guild of Ravnica, associated with collectivism, the natural world, unity, togetherness, and preservation. | WG-F02: The official guide says Selesnya supporters privilege the communal voice over the individual. | WG-F03: Selesnya placement signals should require source-bounded belonging, caretaking, consensus, harmony, communal voice, or greater-good service rather than generic white-green creatures, tokens, ramp, counters, lifegain, populate, or go-wide gameplay alone. -> Advent of the Wurm gives Selesnya a second voice of unity willing to mobilize.","NONE_IDENTIFIED","PASS_VERIFIED_CARD_AND_CURRENT_TEXT","SUPPORTED_WITH_LIMITATIONS","PASS_BOUNDED_CARD_TO_FACET_BRIDGE","NO_MATERIAL_TILE_MODAL_ECHO","LEGITIMATE_SHARED_CONCEPT","NO_DELETION_INDICATED","NO_SWAP_INDICATED","ADDITIVE_IDENTITY_INTERPRETATION","NO_MATERIAL_FACET_COLLAPSE","NO_MATERIAL_OVERCLAIM","NATURAL_ENOUGH_AS_WRITTEN","NO_CHANGE_INDICATED",""
"PLAY-WG-1-cardrel_wg_e94ef397","WG","Selesnya Conclave","PLAY","1","Trostani, Selesnya's Voice","Why it fits in play","Trostani appears because the certified Selesnya record identifies the three dryads as Mat'Selesnya's speaker for Life, Order, and Harmony.","Tokens; Populate; Lifegain","Why Trostani, Selesnya's Voice helps explain Selesnya Conclave in play","At the table, Trostani, Selesnya's Voice carries that card action into this reading's larger plan: collective momentum, shared growth, and combat math that multiplies.","Legendary Creature — Dryad","34ea44f2-cb2f-4b86-83fc-fe507f05bb9d","e94ef397-f5c5-4b8d-ae27-528352fa1d1e","c19","204","cardrel_wg_e94ef397","NATIVE_IDENTITY_ANCHOR","selesnya_conclave_claim_005; selesnya_conclave_claim_006; selesnya_conclave_claim_007; selesnya_conclave_claim_0018; selesnya_conclave_claim_0020","src_wotc_flavorful_guide_guilds_ravnica_2018; src_wotc_guilds_ravnica_mechanics_2018","data/scryfall/raw/oracle-cards.json#id=34ea44f2-cb2f-4b86-83fc-fe507f05bb9d","Legendary Creature — Dryad | Whenever another creature you control enters, you gain life equal to that creature's toughness.
{1}{G}{W}, {T}: Populate. (Create a token that's a copy of a creature token you control.) | There are no soloists in the chorus of Selesnya.","WG-F04/selesnya_conclave_claim_005: The guide presents Trostani as Mat'Selesnya's speaker through three dryads representing Life, Order, and Harmony. -> src_wotc_flavorful_guide_guilds_ravnica_2018 https://magic.wizards.com/en/news/feature/flavorful-guide-guilds-ravnica-2018-10-03 @ A Flavorful Guide to the Guilds of Ravnica - Selesnya reviewed source record [INSPECTED_OFFICIAL_WEB]: The official guild guide is used for Trostani as Mat'Selesnya's speaker through three dryads representing Life, Order, and Harmony. || WG-F05/selesnya_conclave_claim_006: Convoke is the Guilds of Ravnica signature mechanic associated with Selesnya. -> src_wotc_guilds_ravnica_mechanics_2018 https://magic.wizards.com/en/news/feature/guilds-ravnica-mechanics-2018-09-04 @ Guilds of Ravnica Mechanics - Convoke / Selesnya reviewed source record [INSPECTED_OFFICIAL_WEB]: The official mechanics article is used only for Convoke as the Guilds of Ravnica Selesnya mechanic. || WG-F03/selesnya_conclave_claim_007: Selesnya placement signals should require source-bounded belonging, caretaking, consensus, harmony, communal voice, or greater-good service rather than generic white-green creatures, tokens, ramp, counters, lifegain, populate, or go-wide gameplay alone. -> src_wotc_flavorful_guide_guilds_ravnica_2018 https://magic.wizards.com/en/news/feature/flavorful-guide-guilds-ravnica-2018-10-03 @ A Flavorful Guide to the Guilds of Ravnica - Selesnya reviewed source record [INSPECTED_OFFICIAL_WEB]: The official Selesnya overview supports the collectivism, nature, unity, togetherness, preservation, communal-voice, and non-pacifist army cluster used for placement synthesis. || src_wotc_guilds_ravnica_mechanics_2018 https://magic.wizards.com/en/news/feature/guilds-ravnica-mechanics-2018-09-04 @ Guilds of Ravnica Mechanics - Convoke / Selesnya reviewed source record [INSPECTED_OFFICIAL_WEB]: Convoke supports only bounded Selesnya mechanics texture; it does not make all creatures, tokens, ramp, counters, lifegain, populate, or go-wide gameplay authoritative Selesnya proof by itself. || WG-F06/selesnya_conclave_claim_0018: Selesnya motivation is source-bounded as belonging to a greater living community where individual voice joins communal harmony, care, and shared purpose. -> src_wotc_flavorful_guide_guilds_ravnica_2018 https://magic.wizards.com/en/news/feature/flavorful-guide-guilds-ravnica-2018-10-03 @ A Flavorful Guide to the Guilds of Ravnica - Selesnya reviewed source record [INSPECTED_OFFICIAL_WEB]: The official Selesnya overview supplies collectivism, nature, unity, togetherness, preservation, and communal voice over individual as the placement-motivation cluster. || src_wotc_guilds_ravnica_mechanics_2018 https://magic.wizards.com/en/news/feature/guilds-ravnica-mechanics-2018-09-04 @ Guilds of Ravnica Mechanics - Convoke / Selesnya reviewed source record [INSPECTED_OFFICIAL_WEB]: Convoke supplies bounded mechanics texture for creatures contributing together; it is not used as standalone token or go-wide proof. || WG-F07/selesnya_conclave_claim_0020: Generic white-green creatures, tokens, counters, ramp, lifegain, board development, populate, go-wide gameplay, nature aesthetics, or perfect-harmony/brainwashing/cult caricature is not Selesnya proof unless source-bounded Selesnya collectivism, nature, unity, communal voice, preservation, Trostani/Mat'Selesnya context, or Convoke texture leads. -> src_wotc_flavorful_guide_guilds_ravnica_2018 https://magic.wizards.com/en/news/feature/flavorful-guide-guilds-ravnica-2018-10-03 @ A Flavorful Guide to the Guilds of Ravnica - Selesnya reviewed source record [INSPECTED_OFFICIAL_WEB]: The official Selesnya overview supplies the required Selesnya identity cluster; generic WG deck mechanics, nature aesthetics, and overheated caricature are only adjacent unless bounded by that cluster. || src_wotc_guilds_ravnica_mechanics_2018 https://magic.wizards.com/en/news/feature/guilds-ravnica-mechanics-2018-09-04 @ Guilds of Ravnica Mechanics - Convoke / Selesnya reviewed source record [INSPECTED_OFFICIAL_WEB]: Convoke supports only bounded Selesnya mechanics texture and does not authorize all token, populate, go-wide, or creature gameplay as Selesnya proof.","Whenever another creature you control enters, you gain life equal to that creature's toughness.
{1}{G}{W}, {T}: Populate. (Create a token that's a copy of a creature token you control.)","WG-F04; WG-F05; WG-F03; WG-F06; WG-F07","The committed Oracle text is the gameplay-side fact. It supports only the named facet IDs where the visible rationale accurately describes that behavior and makes the identity connection explicit.","DIRECT_FACT_PLUS_SUPPORTED_INTERPRETATION","Skip if you dislike token bookkeeping, longer board-development games, or populate needing good token targets.","src_wotc_flavorful_guide_guilds_ravnica_2018: https://magic.wizards.com/en/news/feature/flavorful-guide-guilds-ravnica-2018-10-03; src_wotc_guilds_ravnica_mechanics_2018: https://magic.wizards.com/en/news/feature/guilds-ravnica-mechanics-2018-09-04","2","Whenever another creature you control enters, you gain life equal to that creature's toughness.
{1}{G}{W}, {T}: Populate. (Create a token that's a copy of a creature token you control.) -> WG-F04: The guide presents Trostani as Mat'Selesnya's speaker through three dryads representing Life, Order, and Harmony. | WG-F05: Convoke is the Guilds of Ravnica signature mechanic associated with Selesnya. | WG-F03: Selesnya placement signals should require source-bounded belonging, caretaking, consensus, harmony, communal voice, or greater-good service rather than generic white-green creatures, tokens, ramp, counters, lifegain, populate, or go-wide gameplay alone. | WG-F06: Selesnya motivation is source-bounded as belonging to a greater living community where individual voice joins communal harmony, care, and shared purpose. | WG-F07: Generic white-green creatures, tokens, counters, ramp, lifegain, board development, populate, go-wide gameplay, nature aesthetics, or perfect-harmony/brainwashing/cult caricature is not Selesnya proof unless source-bounded Selesnya collectivism, nature, unity, communal voice, preservation, Trostani/Mat'Selesnya context, or Convoke texture leads. -> The draft narrows the internal Commander guidance to the direct native figure relationship stated by the cited substantive claim. It deliberately makes no gameplay, player-motivation, or personality inference.","IDENTITY_ROLE_FACT_WITHOUT_PLAY_PATTERN","PASS_VERIFIED_CARD_AND_CURRENT_TEXT","SUPPORTED_WITH_LIMITATIONS","IDENTITY_ROLE_FACT_WITHOUT_PLAY_PATTERN","GENERIC_IDENTITY_LANGUAGE_WITHOUT_NEW_CARD_SPECIFIC_INSIGHT","NO_MATERIAL_CROSS_CARD_REPETITION","NO_DELETION_INDICATED","NO_SWAP_INDICATED","PLAY_SECTION_TILE_DOES_NOT_EXPLAIN_CARD_PLAY","NO_MATERIAL_FACET_COLLAPSE","NO_MATERIAL_OVERCLAIM","INTERNAL_OR_AUDIT_LANGUAGE","REMEDIATION_LIKELY","The tile explains why Trostani belongs to Selesnya, not what her verified play pattern teaches in the Play section."
"SOUND-WB-1-cardvoice_wb_05501e88_d4c3_4474_92a9_c02ab15b107b","WB","Orzhov Syndicate","SOUND","1","Afterlife Insurance","Exact card voice","As far as the Orzhov Syndicate is concerned, it is the height of irresponsibility not to have a plan for your own ghost.","","What this card's voice reveals about Orzhov Syndicate","The line presents the Orzhov through a businesslike obligation extending beyond death.","Instant","2fa47810-ba83-4a6e-9940-7315ee7e44a5","05501e88-d4c3-4474-92a9-c02ab15b107b","clu","23","cardvoice_wb_05501e88_d4c3_4474_92a9_c02ab15b107b","EXPLICIT_IDENTITY_REFERENCE","orzhov_syndicate_claim_001; orzhov_syndicate_claim_002; orzhov_syndicate_claim_007; orzhov_syndicate_claim_0018","src_wotc_flavorful_guide_ravnica_allegiance_2019; src_wotc_ravnica_allegiance_mechanics_2018","data/scryfall/raw/oracle-cards.json#id=2fa47810-ba83-4a6e-9940-7315ee7e44a5","Instant | Creatures you control gain afterlife 1 until end of turn. Draw a card. (When a creature with afterlife 1 dies, create a 1/1 white and black Spirit creature token with flying.) | As far as the Orzhov Syndicate is concerned, it is the height of irresponsibility not to have a plan for your own ghost.","WB-F01/orzhov_syndicate_claim_001: Orzhov is the white-black guild of Ravnica, associated with religion, deals, hierarchy, debt, and organized crime. -> src_wotc_flavorful_guide_ravnica_allegiance_2019 https://magic.wizards.com/en/news/feature/flavorful-guide-guilds-ravnica-allegiance-2019-02-07 @ A Flavorful Guide to the Guilds of Ravnica Allegiance - Orzhov reviewed source record [INSPECTED_OFFICIAL_WEB]: The official Orzhov overview supports the white-black Ravnican guild identity and associates Orzhov with religion, deals, hierarchy, debt, and organized crime. || WB-F02/orzhov_syndicate_claim_002: The official Ravnica Allegiance guide says Orzhov began as a proper religious organization but emphasizes deals and business in its modern identity. -> src_wotc_flavorful_guide_ravnica_allegiance_2019 https://magic.wizards.com/en/news/feature/flavorful-guide-guilds-ravnica-allegiance-2019-02-07 @ A Flavorful Guide to the Guilds of Ravnica Allegiance - Orzhov reviewed source record [INSPECTED_OFFICIAL_WEB]: The official Orzhov overview is used for the bounded role of a religious organization whose modern identity emphasizes deals and business. || WB-F03/orzhov_syndicate_claim_007: Orzhov placement signals should require obligation, deal-making, debt, hierarchy, institutional leverage, or cartel/religious-business context rather than generic white-black control, lifegain, drain, sacrifice, taxes, stax, removal, aristocrats, recursion, or death-matters mechanics alone. -> src_wotc_flavorful_guide_ravnica_allegiance_2019 https://magic.wizards.com/en/news/feature/flavorful-guide-guilds-ravnica-allegiance-2019-02-07 @ A Flavorful Guide to the Guilds of Ravnica Allegiance - Orzhov reviewed source record [INSPECTED_OFFICIAL_WEB]: The official Orzhov overview supports religion, deals, business, debt, organized crime, cartel hierarchy, priests, and kingpins as the source-bounded Orzhov identity cluster used for placement synthesis. || src_wotc_ravnica_allegiance_mechanics_2018 https://magic.wizards.com/en/news/feature/ravnica-allegiance-mechanics @ Ravnica Allegiance Mechanics - Afterlife / Orzhov reviewed source record [INSPECTED_OFFICIAL_WEB]: Afterlife supports only a bounded Orzhov mechanics texture; it does not make all death, spirit, lifegain, drain, sacrifice, or recursion mechanics authoritative Orzhov proof by itself. || WB-F04/orzhov_syndicate_claim_0018: Orzhov motivation is source-bounded as making religion, deals, debt, business, and cartel hierarchy function as durable leverage and collectible obligation. -> src_wotc_flavorful_guide_ravnica_allegiance_2019 https://magic.wizards.com/en/news/feature/flavorful-guide-guilds-ravnica-allegiance-2019-02-07 @ A Flavorful Guide to the Guilds of Ravnica Allegiance - Orzhov reviewed source record [INSPECTED_OFFICIAL_WEB]: The official Orzhov overview supplies the religion, deals, business, debt, cartel, priest, and kingpin cluster used to read Orzhov as collectible obligation and durable institutional leverage. || src_wotc_ravnica_allegiance_mechanics_2018 https://magic.wizards.com/en/news/feature/ravnica-allegiance-mechanics @ Ravnica Allegiance Mechanics - Afterlife / Orzhov reviewed source record [INSPECTED_OFFICIAL_WEB]: Afterlife supplies only bounded mechanics texture for post-death value; it is not used as standalone death-matters proof.","NOT_APPLICABLE","WB-F01; WB-F02; WB-F03; WB-F04","The exact printed flavor line is the card-side fact. It supports only the named facet IDs where the line itself, not card color/type/product membership, supplies the stated echo.","DIRECT_FACT_PLUS_SUPPORTED_INTERPRETATION","Exact card text is verified, but Public use is limited to this validated voice relationship. White/Black, Golgari, and Witherbloom also use death; the insurance/debt/business frame makes the Orzhov relationship specific.","src_wotc_flavorful_guide_ravnica_allegiance_2019: https://magic.wizards.com/en/news/feature/flavorful-guide-guilds-ravnica-allegiance-2019-02-07; src_wotc_ravnica_allegiance_mechanics_2018: https://magic.wizards.com/en/news/feature/ravnica-allegiance-mechanics","2","As far as the Orzhov Syndicate is concerned, it is the height of irresponsibility not to have a plan for your own ghost. -> WB-F01: Orzhov is the white-black guild of Ravnica, associated with religion, deals, hierarchy, debt, and organized crime. | WB-F02: The official Ravnica Allegiance guide says Orzhov began as a proper religious organization but emphasizes deals and business in its modern identity. | WB-F03: Orzhov placement signals should require obligation, deal-making, debt, hierarchy, institutional leverage, or cartel/religious-business context rather than generic white-black control, lifegain, drain, sacrifice, taxes, stax, removal, aristocrats, recursion, or death-matters mechanics alone. | WB-F04: Orzhov motivation is source-bounded as making religion, deals, debt, business, and cartel hierarchy function as durable leverage and collectible obligation. -> Afterlife Insurance's exact excerpt provides a bounded voice echo of the Orzhov named directly through a businesslike obligation extending beyond death.","NONE_IDENTIFIED","PASS_VERIFIED_CARD_AND_CURRENT_TEXT","PASS_ROUTED_UNDERLYING_EVIDENCE","PASS_BOUNDED_CARD_TO_FACET_BRIDGE","NO_MATERIAL_TILE_MODAL_ECHO","LEGITIMATE_SHARED_CONCEPT","NO_DELETION_INDICATED","NO_SWAP_INDICATED","ADDITIVE_IDENTITY_INTERPRETATION","NO_MATERIAL_FACET_COLLAPSE","NO_MATERIAL_OVERCLAIM","FORMULAIC_BUT_READABLE","NO_CHANGE_INDICATED",""
"SOUND-WB-2-cardvoice_vm558_wb_dd69ef80_d30c_4b15_aec8_4154dc20cb25","WB","Orzhov Syndicate","SOUND","2","Covetous Elegy","Exact card voice","Wealthier than ever thanks to exorbitant interest on wartime loans, the Orzhov only grew hungrier for more.","","What this card's voice reveals about Orzhov Syndicate","The line shows Orzhov wealth compounding through wartime loans and immediately becoming appetite for still more.","Sorcery","f8f1f5e8-c1bf-405f-b8e3-655d5558e18d","dd69ef80-d30c-4b15-aec8-4154dc20cb25","clu","29","cardvoice_vm558_wb_dd69ef80_d30c_4b15_aec8_4154dc20cb25","EXPLICIT_IDENTITY_REFERENCE","orzhov_syndicate_claim_001; orzhov_syndicate_claim_002; orzhov_syndicate_claim_007; orzhov_syndicate_claim_0018","src_wotc_flavorful_guide_ravnica_allegiance_2019; src_wotc_ravnica_allegiance_mechanics_2018","data/scryfall/raw/oracle-cards.json#id=f8f1f5e8-c1bf-405f-b8e3-655d5558e18d","Sorcery | Each player chooses up to two creatures they control, then sacrifices the rest. Then you create a tapped Treasure token for each creature your opponents control. | Wealthier than ever thanks to exorbitant interest on wartime loans, the Orzhov only grew hungrier for more.","WB-F01/orzhov_syndicate_claim_001: Orzhov is the white-black guild of Ravnica, associated with religion, deals, hierarchy, debt, and organized crime. -> src_wotc_flavorful_guide_ravnica_allegiance_2019 https://magic.wizards.com/en/news/feature/flavorful-guide-guilds-ravnica-allegiance-2019-02-07 @ A Flavorful Guide to the Guilds of Ravnica Allegiance - Orzhov reviewed source record [INSPECTED_OFFICIAL_WEB]: The official Orzhov overview supports the white-black Ravnican guild identity and associates Orzhov with religion, deals, hierarchy, debt, and organized crime. || WB-F02/orzhov_syndicate_claim_002: The official Ravnica Allegiance guide says Orzhov began as a proper religious organization but emphasizes deals and business in its modern identity. -> src_wotc_flavorful_guide_ravnica_allegiance_2019 https://magic.wizards.com/en/news/feature/flavorful-guide-guilds-ravnica-allegiance-2019-02-07 @ A Flavorful Guide to the Guilds of Ravnica Allegiance - Orzhov reviewed source record [INSPECTED_OFFICIAL_WEB]: The official Orzhov overview is used for the bounded role of a religious organization whose modern identity emphasizes deals and business. || WB-F03/orzhov_syndicate_claim_007: Orzhov placement signals should require obligation, deal-making, debt, hierarchy, institutional leverage, or cartel/religious-business context rather than generic white-black control, lifegain, drain, sacrifice, taxes, stax, removal, aristocrats, recursion, or death-matters mechanics alone. -> src_wotc_flavorful_guide_ravnica_allegiance_2019 https://magic.wizards.com/en/news/feature/flavorful-guide-guilds-ravnica-allegiance-2019-02-07 @ A Flavorful Guide to the Guilds of Ravnica Allegiance - Orzhov reviewed source record [INSPECTED_OFFICIAL_WEB]: The official Orzhov overview supports religion, deals, business, debt, organized crime, cartel hierarchy, priests, and kingpins as the source-bounded Orzhov identity cluster used for placement synthesis. || src_wotc_ravnica_allegiance_mechanics_2018 https://magic.wizards.com/en/news/feature/ravnica-allegiance-mechanics @ Ravnica Allegiance Mechanics - Afterlife / Orzhov reviewed source record [INSPECTED_OFFICIAL_WEB]: Afterlife supports only a bounded Orzhov mechanics texture; it does not make all death, spirit, lifegain, drain, sacrifice, or recursion mechanics authoritative Orzhov proof by itself. || WB-F04/orzhov_syndicate_claim_0018: Orzhov motivation is source-bounded as making religion, deals, debt, business, and cartel hierarchy function as durable leverage and collectible obligation. -> src_wotc_flavorful_guide_ravnica_allegiance_2019 https://magic.wizards.com/en/news/feature/flavorful-guide-guilds-ravnica-allegiance-2019-02-07 @ A Flavorful Guide to the Guilds of Ravnica Allegiance - Orzhov reviewed source record [INSPECTED_OFFICIAL_WEB]: The official Orzhov overview supplies the religion, deals, business, debt, cartel, priest, and kingpin cluster used to read Orzhov as collectible obligation and durable institutional leverage. || src_wotc_ravnica_allegiance_mechanics_2018 https://magic.wizards.com/en/news/feature/ravnica-allegiance-mechanics @ Ravnica Allegiance Mechanics - Afterlife / Orzhov reviewed source record [INSPECTED_OFFICIAL_WEB]: Afterlife supplies only bounded mechanics texture for post-death value; it is not used as standalone death-matters proof.","NOT_APPLICABLE","WB-F01; WB-F02; WB-F03; WB-F04","The exact printed flavor line is the card-side fact. It supports only the named facet IDs where the line itself, not card color/type/product membership, supplies the stated echo.","DIRECT_FACT_PLUS_SUPPORTED_INTERPRETATION","Owner-approved complementary card voice. Public use remains limited to this exact printing and bounded identity relationship; it does not prove placement, play style, or identity from card color, mechanics, tags, or product membership.","src_wotc_flavorful_guide_ravnica_allegiance_2019: https://magic.wizards.com/en/news/feature/flavorful-guide-guilds-ravnica-allegiance-2019-02-07; src_wotc_ravnica_allegiance_mechanics_2018: https://magic.wizards.com/en/news/feature/ravnica-allegiance-mechanics","2","Wealthier than ever thanks to exorbitant interest on wartime loans, the Orzhov only grew hungrier for more. -> WB-F01: Orzhov is the white-black guild of Ravnica, associated with religion, deals, hierarchy, debt, and organized crime. | WB-F02: The official Ravnica Allegiance guide says Orzhov began as a proper religious organization but emphasizes deals and business in its modern identity. | WB-F03: Orzhov placement signals should require obligation, deal-making, debt, hierarchy, institutional leverage, or cartel/religious-business context rather than generic white-black control, lifegain, drain, sacrifice, taxes, stax, removal, aristocrats, recursion, or death-matters mechanics alone. | WB-F04: Orzhov motivation is source-bounded as making religion, deals, debt, business, and cartel hierarchy function as durable leverage and collectible obligation. -> Covetous Elegy gives Orzhov a second voice of institutional greed feeding on its own success.","NONE_IDENTIFIED","PASS_VERIFIED_CARD_AND_CURRENT_TEXT","PASS_ROUTED_UNDERLYING_EVIDENCE","PASS_BOUNDED_CARD_TO_FACET_BRIDGE","NO_MATERIAL_TILE_MODAL_ECHO","LEGITIMATE_SHARED_CONCEPT","NO_DELETION_INDICATED","NO_SWAP_INDICATED","ADDITIVE_IDENTITY_INTERPRETATION","NO_MATERIAL_FACET_COLLAPSE","NO_MATERIAL_OVERCLAIM","NATURAL_ENOUGH_AS_WRITTEN","NO_CHANGE_INDICATED",""
"PLAY-WB-1-cardrel_wb_644eeefd","WB","Orzhov Syndicate","PLAY","1","Teysa Karlov","Why it fits in play","Teysa is the clearest native Orzhov product fit: she doubles death-trigger value and turns token bodies into a more threatening spiritual workforce.","Aristocrats; Death Triggers; Tokens","Why Teysa Karlov helps explain Orzhov Syndicate in play","At the table, Teysa Karlov carries that card action into this reading's larger plan: transactional pressure, slow drain, and resource exchanges that stop being equal.","Legendary Creature — Human Advisor","cd14f1ce-7fcd-485c-b7ca-01c5b45fdc01","644eeefd-e684-4ca8-8aef-a892ca130c07","cmm","359","cardrel_wb_644eeefd","NATIVE_IDENTITY_ANCHOR","orzhov_syndicate_claim_005; orzhov_syndicate_claim_006; orzhov_syndicate_claim_007; orzhov_syndicate_claim_0018; orzhov_syndicate_claim_0020","src_wotc_flavorful_guide_ravnica_allegiance_2019; src_wotc_ravnica_allegiance_mechanics_2018","data/scryfall/raw/oracle-cards.json#id=cd14f1ce-7fcd-485c-b7ca-01c5b45fdc01","Legendary Creature — Human Advisor | If a creature dying causes a triggered ability of a permanent you control to trigger, that ability triggers an additional time.
Creature tokens you control have vigilance and lifelink. | While Kaya is guildmaster, Teysa waits patiently at the center of the Orzhov web of power.","WB-F05/orzhov_syndicate_claim_005: The 2019 guide presents Kaya as taking control of the Orzhov after destroying the Obzedat, with Teysa installed as her right hand. -> src_wotc_flavorful_guide_ravnica_allegiance_2019 https://magic.wizards.com/en/news/feature/flavorful-guide-guilds-ravnica-allegiance-2019-02-07 @ A Flavorful Guide to the Guilds of Ravnica Allegiance - Orzhov reviewed source record [INSPECTED_OFFICIAL_WEB]: The official Orzhov overview is used for Kaya taking control after destroying the Obzedat and Teysa being installed as her right hand. || WB-F06/orzhov_syndicate_claim_006: Afterlife is the Ravnica Allegiance signature mechanic associated with Orzhov. -> src_wotc_ravnica_allegiance_mechanics_2018 https://magic.wizards.com/en/news/feature/ravnica-allegiance-mechanics @ Ravnica Allegiance Mechanics - Afterlife / Orzhov reviewed source record [INSPECTED_OFFICIAL_WEB]: The official mechanics article is used only for afterlife as the Ravnica Allegiance Orzhov mechanic. || WB-F03/orzhov_syndicate_claim_007: Orzhov placement signals should require obligation, deal-making, debt, hierarchy, institutional leverage, or cartel/religious-business context rather than generic white-black control, lifegain, drain, sacrifice, taxes, stax, removal, aristocrats, recursion, or death-matters mechanics alone. -> src_wotc_flavorful_guide_ravnica_allegiance_2019 https://magic.wizards.com/en/news/feature/flavorful-guide-guilds-ravnica-allegiance-2019-02-07 @ A Flavorful Guide to the Guilds of Ravnica Allegiance - Orzhov reviewed source record [INSPECTED_OFFICIAL_WEB]: The official Orzhov overview supports religion, deals, business, debt, organized crime, cartel hierarchy, priests, and kingpins as the source-bounded Orzhov identity cluster used for placement synthesis. || src_wotc_ravnica_allegiance_mechanics_2018 https://magic.wizards.com/en/news/feature/ravnica-allegiance-mechanics @ Ravnica Allegiance Mechanics - Afterlife / Orzhov reviewed source record [INSPECTED_OFFICIAL_WEB]: Afterlife supports only a bounded Orzhov mechanics texture; it does not make all death, spirit, lifegain, drain, sacrifice, or recursion mechanics authoritative Orzhov proof by itself. || WB-F04/orzhov_syndicate_claim_0018: Orzhov motivation is source-bounded as making religion, deals, debt, business, and cartel hierarchy function as durable leverage and collectible obligation. -> src_wotc_flavorful_guide_ravnica_allegiance_2019 https://magic.wizards.com/en/news/feature/flavorful-guide-guilds-ravnica-allegiance-2019-02-07 @ A Flavorful Guide to the Guilds of Ravnica Allegiance - Orzhov reviewed source record [INSPECTED_OFFICIAL_WEB]: The official Orzhov overview supplies the religion, deals, business, debt, cartel, priest, and kingpin cluster used to read Orzhov as collectible obligation and durable institutional leverage. || src_wotc_ravnica_allegiance_mechanics_2018 https://magic.wizards.com/en/news/feature/ravnica-allegiance-mechanics @ Ravnica Allegiance Mechanics - Afterlife / Orzhov reviewed source record [INSPECTED_OFFICIAL_WEB]: Afterlife supplies only bounded mechanics texture for post-death value; it is not used as standalone death-matters proof. || WB-F07/orzhov_syndicate_claim_0020: Generic white-black control, midrange, attrition, taxes, stax, removal, lifegain, drain, aristocrats, sacrifice, tokens, recursion, extort, or death-trigger gameplay is not Orzhov proof unless source-bounded Orzhov religion, deals, debt, business, hierarchy, or cartel context leads. -> src_wotc_flavorful_guide_ravnica_allegiance_2019 https://magic.wizards.com/en/news/feature/flavorful-guide-guilds-ravnica-allegiance-2019-02-07 @ A Flavorful Guide to the Guilds of Ravnica Allegiance - Orzhov reviewed source record [INSPECTED_OFFICIAL_WEB]: The official Orzhov overview supplies the required Orzhov identity cluster; generic WB deck mechanics are only adjacent unless they are bounded by that cluster. || src_wotc_ravnica_allegiance_mechanics_2018 https://magic.wizards.com/en/news/feature/ravnica-allegiance-mechanics @ Ravnica Allegiance Mechanics - Afterlife / Orzhov reviewed source record [INSPECTED_OFFICIAL_WEB]: Afterlife supports Orzhov mechanics texture but does not authorize all death, spirit, token, lifegain, drain, sacrifice, or recursion gameplay as Orzhov identity proof.","If a creature dying causes a triggered ability of a permanent you control to trigger, that ability triggers an additional time.
Creature tokens you control have vigilance and lifelink.","WB-F05; WB-F06; WB-F03; WB-F04; WB-F07","The committed Oracle text is the gameplay-side fact. It supports only the named facet IDs where the visible rationale accurately describes that behavior and makes the identity connection explicit.","DIRECT_FACT_PLUS_SUPPORTED_INTERPRETATION","Discovery-only story-corpus claim IDs removed from this auxiliary support chain. Commander/card/product material remains auxiliary and is not authoritative Orzhov semantic proof. Skip if you dislike sacrifice loops, death-trigger stacks, or incremental value engines.","src_wotc_flavorful_guide_ravnica_allegiance_2019: https://magic.wizards.com/en/news/feature/flavorful-guide-guilds-ravnica-allegiance-2019-02-07; src_wotc_ravnica_allegiance_mechanics_2018: https://magic.wizards.com/en/news/feature/ravnica-allegiance-mechanics","2","If a creature dying causes a triggered ability of a permanent you control to trigger, that ability triggers an additional time.
Creature tokens you control have vigilance and lifelink. -> WB-F05: The 2019 guide presents Kaya as taking control of the Orzhov after destroying the Obzedat, with Teysa installed as her right hand. | WB-F06: Afterlife is the Ravnica Allegiance signature mechanic associated with Orzhov. | WB-F03: Orzhov placement signals should require obligation, deal-making, debt, hierarchy, institutional leverage, or cartel/religious-business context rather than generic white-black control, lifegain, drain, sacrifice, taxes, stax, removal, aristocrats, recursion, or death-matters mechanics alone. | WB-F04: Orzhov motivation is source-bounded as making religion, deals, debt, business, and cartel hierarchy function as durable leverage and collectible obligation. | WB-F07: Generic white-black control, midrange, attrition, taxes, stax, removal, lifegain, drain, aristocrats, sacrifice, tokens, recursion, extort, or death-trigger gameplay is not Orzhov proof unless source-bounded Orzhov religion, deals, debt, business, hierarchy, or cartel context leads. -> The preserved Commander guidance sentence is the direct relationship assertion. Certified claim IDs establish the identity-side boundary; the committed Scryfall index establishes only the named card facts. Owner review must confirm that the sentence does not overstate that bridge.","NONE_IDENTIFIED","PASS_VERIFIED_CARD_AND_CURRENT_TEXT","PASS_ROUTED_UNDERLYING_EVIDENCE","PASS_BOUNDED_CARD_TO_FACET_BRIDGE","IDENTITY_LOCAL_MODAL_REPETITION","GENERIC_TEMPLATE_REUSE","NO_DELETION_INDICATED","NO_SWAP_INDICATED","MODAL_REDUNDANT","NO_MATERIAL_FACET_COLLAPSE","NO_MATERIAL_OVERCLAIM","INTERNAL_OR_AUDIT_LANGUAGE","REMEDIATION_LIKELY","Multiple Play cards for this identity receive the same modal takeaway after only the card name changes."
"PLAY-WB-2-cardrel_wb_8191342b","WB","Orzhov Syndicate","PLAY","2","Teysa, Orzhov Scion","Why it fits in play","This version of Teysa strongly expresses Orzhov transaction logic: sacrifice, death, replacement bodies, and exile removal all feed the same contract engine.","Aristocrats; Tokens; Removal","Why Teysa, Orzhov Scion helps explain Orzhov Syndicate in play","At the table, Teysa, Orzhov Scion carries that card action into this reading's larger plan: transactional pressure, slow drain, and resource exchanges that stop being equal.","Legendary Creature — Human Advisor","b8ca900d-767d-4461-aba3-107dd17d8326","8191342b-b25e-4c4d-8f69-aee662148ff4","rvr","233","cardrel_wb_8191342b","NATIVE_IDENTITY_ANCHOR","orzhov_syndicate_claim_002; orzhov_syndicate_claim_003; orzhov_syndicate_claim_006; orzhov_syndicate_claim_007; orzhov_syndicate_claim_0018; orzhov_syndicate_claim_0020","src_wotc_flavorful_guide_ravnica_allegiance_2019; src_wotc_ravnica_allegiance_mechanics_2018","data/scryfall/raw/oracle-cards.json#id=b8ca900d-767d-4461-aba3-107dd17d8326","Legendary Creature — Human Advisor | Sacrifice three white creatures: Exile target creature.
Whenever another black creature you control dies, create a 1/1 white Spirit creature token with flying. | ","WB-F02/orzhov_syndicate_claim_002: The official Ravnica Allegiance guide says Orzhov began as a proper religious organization but emphasizes deals and business in its modern identity. -> src_wotc_flavorful_guide_ravnica_allegiance_2019 https://magic.wizards.com/en/news/feature/flavorful-guide-guilds-ravnica-allegiance-2019-02-07 @ A Flavorful Guide to the Guilds of Ravnica Allegiance - Orzhov reviewed source record [INSPECTED_OFFICIAL_WEB]: The official Orzhov overview is used for the bounded role of a religious organization whose modern identity emphasizes deals and business. || WB-F08/orzhov_syndicate_claim_003: The guide describes Orzhov as a loose affiliation of cartels led by priests or kingpins. -> src_wotc_flavorful_guide_ravnica_allegiance_2019 https://magic.wizards.com/en/news/feature/flavorful-guide-guilds-ravnica-allegiance-2019-02-07 @ A Flavorful Guide to the Guilds of Ravnica Allegiance - Orzhov reviewed source record [INSPECTED_OFFICIAL_WEB]: The official Orzhov overview is used for the bounded organizational claim that Orzhov is a loose affiliation of cartels led by priests or kingpins. || WB-F06/orzhov_syndicate_claim_006: Afterlife is the Ravnica Allegiance signature mechanic associated with Orzhov. -> src_wotc_ravnica_allegiance_mechanics_2018 https://magic.wizards.com/en/news/feature/ravnica-allegiance-mechanics @ Ravnica Allegiance Mechanics - Afterlife / Orzhov reviewed source record [INSPECTED_OFFICIAL_WEB]: The official mechanics article is used only for afterlife as the Ravnica Allegiance Orzhov mechanic. || WB-F03/orzhov_syndicate_claim_007: Orzhov placement signals should require obligation, deal-making, debt, hierarchy, institutional leverage, or cartel/religious-business context rather than generic white-black control, lifegain, drain, sacrifice, taxes, stax, removal, aristocrats, recursion, or death-matters mechanics alone. -> src_wotc_flavorful_guide_ravnica_allegiance_2019 https://magic.wizards.com/en/news/feature/flavorful-guide-guilds-ravnica-allegiance-2019-02-07 @ A Flavorful Guide to the Guilds of Ravnica Allegiance - Orzhov reviewed source record [INSPECTED_OFFICIAL_WEB]: The official Orzhov overview supports religion, deals, business, debt, organized crime, cartel hierarchy, priests, and kingpins as the source-bounded Orzhov identity cluster used for placement synthesis. || src_wotc_ravnica_allegiance_mechanics_2018 https://magic.wizards.com/en/news/feature/ravnica-allegiance-mechanics @ Ravnica Allegiance Mechanics - Afterlife / Orzhov reviewed source record [INSPECTED_OFFICIAL_WEB]: Afterlife supports only a bounded Orzhov mechanics texture; it does not make all death, spirit, lifegain, drain, sacrifice, or recursion mechanics authoritative Orzhov proof by itself. || WB-F04/orzhov_syndicate_claim_0018: Orzhov motivation is source-bounded as making religion, deals, debt, business, and cartel hierarchy function as durable leverage and collectible obligation. -> src_wotc_flavorful_guide_ravnica_allegiance_2019 https://magic.wizards.com/en/news/feature/flavorful-guide-guilds-ravnica-allegiance-2019-02-07 @ A Flavorful Guide to the Guilds of Ravnica Allegiance - Orzhov reviewed source record [INSPECTED_OFFICIAL_WEB]: The official Orzhov overview supplies the religion, deals, business, debt, cartel, priest, and kingpin cluster used to read Orzhov as collectible obligation and durable institutional leverage. || src_wotc_ravnica_allegiance_mechanics_2018 https://magic.wizards.com/en/news/feature/ravnica-allegiance-mechanics @ Ravnica Allegiance Mechanics - Afterlife / Orzhov reviewed source record [INSPECTED_OFFICIAL_WEB]: Afterlife supplies only bounded mechanics texture for post-death value; it is not used as standalone death-matters proof. || WB-F07/orzhov_syndicate_claim_0020: Generic white-black control, midrange, attrition, taxes, stax, removal, lifegain, drain, aristocrats, sacrifice, tokens, recursion, extort, or death-trigger gameplay is not Orzhov proof unless source-bounded Orzhov religion, deals, debt, business, hierarchy, or cartel context leads. -> src_wotc_flavorful_guide_ravnica_allegiance_2019 https://magic.wizards.com/en/news/feature/flavorful-guide-guilds-ravnica-allegiance-2019-02-07 @ A Flavorful Guide to the Guilds of Ravnica Allegiance - Orzhov reviewed source record [INSPECTED_OFFICIAL_WEB]: The official Orzhov overview supplies the required Orzhov identity cluster; generic WB deck mechanics are only adjacent unless they are bounded by that cluster. || src_wotc_ravnica_allegiance_mechanics_2018 https://magic.wizards.com/en/news/feature/ravnica-allegiance-mechanics @ Ravnica Allegiance Mechanics - Afterlife / Orzhov reviewed source record [INSPECTED_OFFICIAL_WEB]: Afterlife supports Orzhov mechanics texture but does not authorize all death, spirit, token, lifegain, drain, sacrifice, or recursion gameplay as Orzhov identity proof.","Sacrifice three white creatures: Exile target creature.
Whenever another black creature you control dies, create a 1/1 white Spirit creature token with flying.","WB-F02; WB-F08; WB-F06; WB-F03; WB-F04; WB-F07","The committed Oracle text is the gameplay-side fact. It supports only the named facet IDs where the visible rationale accurately describes that behavior and makes the identity connection explicit.","DIRECT_FACT_PLUS_SUPPORTED_INTERPRETATION","Discovery-only story-corpus claim IDs removed from this auxiliary support chain. Commander/card/product material remains auxiliary and is not authoritative Orzhov semantic proof. Skip if you want a simple precon-style gameplan or dislike combo-adjacent sacrifice engines.","src_wotc_flavorful_guide_ravnica_allegiance_2019: https://magic.wizards.com/en/news/feature/flavorful-guide-guilds-ravnica-allegiance-2019-02-07; src_wotc_ravnica_allegiance_mechanics_2018: https://magic.wizards.com/en/news/feature/ravnica-allegiance-mechanics","2","Sacrifice three white creatures: Exile target creature.
Whenever another black creature you control dies, create a 1/1 white Spirit creature token with flying. -> WB-F02: The official Ravnica Allegiance guide says Orzhov began as a proper religious organization but emphasizes deals and business in its modern identity. | WB-F08: The guide describes Orzhov as a loose affiliation of cartels led by priests or kingpins. | WB-F06: Afterlife is the Ravnica Allegiance signature mechanic associated with Orzhov. | WB-F03: Orzhov placement signals should require obligation, deal-making, debt, hierarchy, institutional leverage, or cartel/religious-business context rather than generic white-black control, lifegain, drain, sacrifice, taxes, stax, removal, aristocrats, recursion, or death-matters mechanics alone. | WB-F04: Orzhov motivation is source-bounded as making religion, deals, debt, business, and cartel hierarchy function as durable leverage and collectible obligation. | WB-F07: Generic white-black control, midrange, attrition, taxes, stax, removal, lifegain, drain, aristocrats, sacrifice, tokens, recursion, extort, or death-trigger gameplay is not Orzhov proof unless source-bounded Orzhov religion, deals, debt, business, hierarchy, or cartel context leads. -> The preserved Commander guidance sentence is the direct relationship assertion. Certified claim IDs establish the identity-side boundary; the committed Scryfall index establishes only the named card facts. Owner review must confirm that the sentence does not overstate that bridge.","NONE_IDENTIFIED","PASS_VERIFIED_CARD_AND_CURRENT_TEXT","PASS_ROUTED_UNDERLYING_EVIDENCE","PASS_BOUNDED_CARD_TO_FACET_BRIDGE","IDENTITY_LOCAL_MODAL_REPETITION","GENERIC_TEMPLATE_REUSE","NO_DELETION_INDICATED","NO_SWAP_INDICATED","MODAL_REDUNDANT","NO_MATERIAL_FACET_COLLAPSE","NO_MATERIAL_OVERCLAIM","TEMPLATE_REPETITION","REMEDIATION_LIKELY","Multiple Play cards for this identity receive the same modal takeaway after only the card name changes."
"PLAY-WB-5-cardrel_wb_647d7988","WB","Orzhov Syndicate","PLAY","5","Karlov of the Ghost Council","Why it fits in play","Karlov converts lifegain into visible authority: counters become removal, making every payment and tithe a future sentence.","Lifegain; Counters; Removal","Why Karlov of the Ghost Council helps explain Orzhov Syndicate in play","At the table, Karlov of the Ghost Council carries that card action into this reading's larger plan: transactional pressure, slow drain, and resource exchanges that stop being equal.","Legendary Creature — Spirit Advisor","f7c41011-a9eb-451c-a76d-67d2dcf47c52","647d7988-9a5d-4700-9238-938d0d5fae12","rvr","193","cardrel_wb_647d7988","NATIVE_IDENTITY_ANCHOR","orzhov_syndicate_claim_004; orzhov_syndicate_claim_006; orzhov_syndicate_claim_007; orzhov_syndicate_claim_0018; orzhov_syndicate_claim_0020","src_wotc_flavorful_guide_ravnica_allegiance_2019; src_wotc_ravnica_allegiance_mechanics_2018","data/scryfall/raw/oracle-cards.json#id=f7c41011-a9eb-451c-a76d-67d2dcf47c52","Legendary Creature — Spirit Advisor | Whenever you gain life, put two +1/+1 counters on Karlov.
{W}{B}, Remove six +1/+1 counters from Karlov: Exile target creature. | ""Does Teysa think me blind to her scheming? Ambition runs in our family.""","WB-F09/orzhov_syndicate_claim_004: The guide describes the Obzedat as the Ghost Council of Orzhova and historic leaders of the Syndicate. -> src_wotc_flavorful_guide_ravnica_allegiance_2019 https://magic.wizards.com/en/news/feature/flavorful-guide-guilds-ravnica-allegiance-2019-02-07 @ A Flavorful Guide to the Guilds of Ravnica Allegiance - Orzhov reviewed source record [INSPECTED_OFFICIAL_WEB]: The official Orzhov overview is used for Obzedat as the Ghost Council of Orzhova and historic Syndicate leaders. || WB-F06/orzhov_syndicate_claim_006: Afterlife is the Ravnica Allegiance signature mechanic associated with Orzhov. -> src_wotc_ravnica_allegiance_mechanics_2018 https://magic.wizards.com/en/news/feature/ravnica-allegiance-mechanics @ Ravnica Allegiance Mechanics - Afterlife / Orzhov reviewed source record [INSPECTED_OFFICIAL_WEB]: The official mechanics article is used only for afterlife as the Ravnica Allegiance Orzhov mechanic. || WB-F03/orzhov_syndicate_claim_007: Orzhov placement signals should require obligation, deal-making, debt, hierarchy, institutional leverage, or cartel/religious-business context rather than generic white-black control, lifegain, drain, sacrifice, taxes, stax, removal, aristocrats, recursion, or death-matters mechanics alone. -> src_wotc_flavorful_guide_ravnica_allegiance_2019 https://magic.wizards.com/en/news/feature/flavorful-guide-guilds-ravnica-allegiance-2019-02-07 @ A Flavorful Guide to the Guilds of Ravnica Allegiance - Orzhov reviewed source record [INSPECTED_OFFICIAL_WEB]: The official Orzhov overview supports religion, deals, business, debt, organized crime, cartel hierarchy, priests, and kingpins as the source-bounded Orzhov identity cluster used for placement synthesis. || src_wotc_ravnica_allegiance_mechanics_2018 https://magic.wizards.com/en/news/feature/ravnica-allegiance-mechanics @ Ravnica Allegiance Mechanics - Afterlife / Orzhov reviewed source record [INSPECTED_OFFICIAL_WEB]: Afterlife supports only a bounded Orzhov mechanics texture; it does not make all death, spirit, lifegain, drain, sacrifice, or recursion mechanics authoritative Orzhov proof by itself. || WB-F04/orzhov_syndicate_claim_0018: Orzhov motivation is source-bounded as making religion, deals, debt, business, and cartel hierarchy function as durable leverage and collectible obligation. -> src_wotc_flavorful_guide_ravnica_allegiance_2019 https://magic.wizards.com/en/news/feature/flavorful-guide-guilds-ravnica-allegiance-2019-02-07 @ A Flavorful Guide to the Guilds of Ravnica Allegiance - Orzhov reviewed source record [INSPECTED_OFFICIAL_WEB]: The official Orzhov overview supplies the religion, deals, business, debt, cartel, priest, and kingpin cluster used to read Orzhov as collectible obligation and durable institutional leverage. || src_wotc_ravnica_allegiance_mechanics_2018 https://magic.wizards.com/en/news/feature/ravnica-allegiance-mechanics @ Ravnica Allegiance Mechanics - Afterlife / Orzhov reviewed source record [INSPECTED_OFFICIAL_WEB]: Afterlife supplies only bounded mechanics texture for post-death value; it is not used as standalone death-matters proof. || WB-F07/orzhov_syndicate_claim_0020: Generic white-black control, midrange, attrition, taxes, stax, removal, lifegain, drain, aristocrats, sacrifice, tokens, recursion, extort, or death-trigger gameplay is not Orzhov proof unless source-bounded Orzhov religion, deals, debt, business, hierarchy, or cartel context leads. -> src_wotc_flavorful_guide_ravnica_allegiance_2019 https://magic.wizards.com/en/news/feature/flavorful-guide-guilds-ravnica-allegiance-2019-02-07 @ A Flavorful Guide to the Guilds of Ravnica Allegiance - Orzhov reviewed source record [INSPECTED_OFFICIAL_WEB]: The official Orzhov overview supplies the required Orzhov identity cluster; generic WB deck mechanics are only adjacent unless they are bounded by that cluster. || src_wotc_ravnica_allegiance_mechanics_2018 https://magic.wizards.com/en/news/feature/ravnica-allegiance-mechanics @ Ravnica Allegiance Mechanics - Afterlife / Orzhov reviewed source record [INSPECTED_OFFICIAL_WEB]: Afterlife supports Orzhov mechanics texture but does not authorize all death, spirit, token, lifegain, drain, sacrifice, or recursion gameplay as Orzhov identity proof.","Whenever you gain life, put two +1/+1 counters on Karlov.
{W}{B}, Remove six +1/+1 counters from Karlov: Exile target creature.","WB-F09; WB-F06; WB-F03; WB-F04; WB-F07","The committed Oracle text is the gameplay-side fact. It supports only the named facet IDs where the visible rationale accurately describes that behavior and makes the identity connection explicit.","DIRECT_FACT_PLUS_SUPPORTED_INTERPRETATION","Can become removal-heavy and commander-centric. Discovery-only story-corpus claim IDs removed from this auxiliary support chain. Commander/card/product material remains auxiliary and is not authoritative Orzhov semantic proof. Skip if you want a token-sacrifice deck or dislike commander-damage pressure backed by cheap lifegain triggers.","src_wotc_flavorful_guide_ravnica_allegiance_2019: https://magic.wizards.com/en/news/feature/flavorful-guide-guilds-ravnica-allegiance-2019-02-07; src_wotc_ravnica_allegiance_mechanics_2018: https://magic.wizards.com/en/news/feature/ravnica-allegiance-mechanics","2","Whenever you gain life, put two +1/+1 counters on Karlov.
{W}{B}, Remove six +1/+1 counters from Karlov: Exile target creature. -> WB-F09: The guide describes the Obzedat as the Ghost Council of Orzhova and historic leaders of the Syndicate. | WB-F06: Afterlife is the Ravnica Allegiance signature mechanic associated with Orzhov. | WB-F03: Orzhov placement signals should require obligation, deal-making, debt, hierarchy, institutional leverage, or cartel/religious-business context rather than generic white-black control, lifegain, drain, sacrifice, taxes, stax, removal, aristocrats, recursion, or death-matters mechanics alone. | WB-F04: Orzhov motivation is source-bounded as making religion, deals, debt, business, and cartel hierarchy function as durable leverage and collectible obligation. | WB-F07: Generic white-black control, midrange, attrition, taxes, stax, removal, lifegain, drain, aristocrats, sacrifice, tokens, recursion, extort, or death-trigger gameplay is not Orzhov proof unless source-bounded Orzhov religion, deals, debt, business, hierarchy, or cartel context leads. -> The preserved Commander guidance sentence is the direct relationship assertion. Certified claim IDs establish the identity-side boundary; the committed Scryfall index establishes only the named card facts. Owner review must confirm that the sentence does not overstate that bridge.","NONE_IDENTIFIED","PASS_VERIFIED_CARD_AND_CURRENT_TEXT","PASS_ROUTED_UNDERLYING_EVIDENCE","PASS_BOUNDED_CARD_TO_FACET_BRIDGE","IDENTITY_LOCAL_MODAL_REPETITION","GENERIC_TEMPLATE_REUSE","NO_DELETION_INDICATED","NO_SWAP_INDICATED","MODAL_REDUNDANT","NO_MATERIAL_FACET_COLLAPSE","NO_MATERIAL_OVERCLAIM","TEMPLATE_REPETITION","REMEDIATION_LIKELY","Multiple Play cards for this identity receive the same modal takeaway after only the card name changes."
"SOUND-UR-1-cardvoice_ur_fa09e18c_e7cf_4f08_9cc4_324e36594063","UR","Izzet League","SOUND","1","Beamsplitter Mage","Exact card voice","The Izzet love replicating results.","","What this card's voice reveals about Izzet League","The line presents the Izzet through delight in replicating experimental results.","Creature — Vedalken Wizard","8f1801f2-ea6e-4196-858e-2afc456cf6a0","fa09e18c-e7cf-4f08-9cc4-324e36594063","grn","155","cardvoice_ur_fa09e18c_e7cf_4f08_9cc4_324e36594063","EXPLICIT_IDENTITY_REFERENCE","claim_izzet_league_0001; claim_izzet_league_0003; claim_izzet_league_0004; claim_izzet_league_0006","src_izzet_league_0001; src_izzet_league_0005; src_izzet_league_0007; src_izzet_league_0002","data/scryfall/raw/oracle-cards.json#id=8f1801f2-ea6e-4196-858e-2afc456cf6a0","Creature — Vedalken Wizard | Whenever you cast an instant or sorcery spell that targets only this creature, if you control one or more other creatures that spell could target, choose one of those creatures. Copy that spell. The copy targets the chosen creature. | The Izzet love replicating results.","UR-F01/claim_izzet_league_0001: The Izzet League is the blue-red guild of Ravnica. -> src_izzet_league_0001 https://magic.wizards.com/en/story/ravnica-plane @ Ravnica — reviewed source record src_izzet_league_0001 [INSPECTED_OFFICIAL_WEB]: The Izzet League is the blue-red guild of Ravnica. Local source review summary: Official plane overview stating that Ravnica has ten two-color guilds and that the dragon-led blue-red Izzet fuse elemental magic and technology as masters of innovation. || src_izzet_league_0005 https://magic.wizards.com/en/news/feature/return-to-ravnica-mechanics @ Return to Ravnica Mechanics — reviewed source record src_izzet_league_0005 [INSPECTED_OFFICIAL_WEB]: The Izzet League is the blue-red guild of Ravnica. Local source review summary: Official mechanics article describing Return to Ravnica guilds, calling Izzet blue-red experimenters, and explaining overload as the Izzet League mechanic. || src_izzet_league_0007 https://magic.wizards.com/en/news/feature/commanding-guilds-ravnica-2018-10-18 @ Commanding the Guilds of Ravnica — reviewed source record src_izzet_league_0007 [INSPECTED_OFFICIAL_WEB]: The Izzet League is the blue-red guild of Ravnica. Local source review summary: Official Commander-focused article describing Izzet as blue-red, tied to public works, infrastructure, experimentation, instants, sorceries, combinations, and mana mastery. || UR-F02/claim_izzet_league_0003: The dragon-led Izzet fuse elemental magic and technology. -> src_izzet_league_0001 https://magic.wizards.com/en/story/ravnica-plane @ Ravnica — reviewed source record src_izzet_league_0001 [INSPECTED_OFFICIAL_WEB]: The dragon-led Izzet fuse elemental magic and technology. Local source review summary: Official plane overview stating that Ravnica has ten two-color guilds and that the dragon-led blue-red Izzet fuse elemental magic and technology as masters of innovation. || UR-F03/claim_izzet_league_0004: The Izzet are described as masters of innovation on Ravnica. -> src_izzet_league_0001 https://magic.wizards.com/en/story/ravnica-plane @ Ravnica — reviewed source record src_izzet_league_0001 [INSPECTED_OFFICIAL_WEB]: The Izzet are described as masters of innovation on Ravnica. Local source review summary: Official plane overview stating that Ravnica has ten two-color guilds and that the dragon-led blue-red Izzet fuse elemental magic and technology as masters of innovation. || UR-F04/claim_izzet_league_0006: Izzet experiments often produce dangerous or uncontrolled phenomena such as mana geysers, spatial rifts, or arcane portals. -> src_izzet_league_0002 https://magic.wizards.com/en/news/feature/planeswalkers-guide-to-return-to-ravnica-part-2 @ Planeswalker's Guide to Return to Ravnica: Part 2 — reviewed source record src_izzet_league_0002 [INSPECTED_OFFICIAL_WEB]: Izzet experiments often produce dangerous or uncontrolled phenomena such as mana geysers, spatial rifts, or arcane portals. Local source review summary: Primary official worldbuilding source for Izzet identity, mandate, Niv-Mizzet, internal court, key locations, roles, weirds, Interlocus, and attitudes toward other guilds.","NOT_APPLICABLE","UR-F01; UR-F02; UR-F03; UR-F04","The exact printed flavor line is the card-side fact. It supports only the named facet IDs where the line itself, not card color/type/product membership, supplies the stated echo.","DIRECT_FACT_PLUS_SUPPORTED_INTERPRETATION","Exact card text is verified, but Public use is limited to this validated voice relationship. Prismari and Quandrix also experiment; Izzet requires invention, technical outcomes, or infrastructure rather than art or proof as the purpose.","src_izzet_league_0001: https://magic.wizards.com/en/story/ravnica-plane; src_izzet_league_0005: https://magic.wizards.com/en/news/feature/return-to-ravnica-mechanics; src_izzet_league_0007: https://magic.wizards.com/en/news/feature/commanding-guilds-ravnica-2018-10-18; src_izzet_league_0002: https://magic.wizards.com/en/news/feature/planeswalkers-guide-to-return-to-ravnica-part-2","4","The Izzet love replicating results. -> UR-F01: The Izzet League is the blue-red guild of Ravnica. | UR-F02: The dragon-led Izzet fuse elemental magic and technology. | UR-F03: The Izzet are described as masters of innovation on Ravnica. | UR-F04: Izzet experiments often produce dangerous or uncontrolled phenomena such as mana geysers, spatial rifts, or arcane portals. -> Beamsplitter Mage's exact excerpt provides a bounded voice echo of the Izzet named directly through delight in replicating experimental results.","NONE_IDENTIFIED","PASS_VERIFIED_CARD_AND_CURRENT_TEXT","PASS_ROUTED_UNDERLYING_EVIDENCE","PASS_BOUNDED_CARD_TO_FACET_BRIDGE","HIGH_TILE_MODAL_TOKEN_ECHO","LEGITIMATE_SHARED_CONCEPT","NO_DELETION_INDICATED","NO_SWAP_INDICATED","MODAL_REDUNDANT","NO_MATERIAL_FACET_COLLAPSE","NO_MATERIAL_OVERCLAIM","FORMULAIC_BUT_READABLE","REMEDIATION_LIKELY",""
"SOUND-UR-2-cardvoice_vm558_ur_2dfad8c3_1973_4fc8_971d_f66cacd88070","UR","Izzet League","SOUND","2","Blustersquall","Exact card voice","Weather is more predictable than the Izzet.","","What this card's voice reveals about Izzet League","The joke that weather is more predictable than the Izzet makes their inventive process sound brilliant, restless, and difficult to contain.","Instant","1736aaf7-b61d-426e-af5e-f70272e7b07e","2dfad8c3-1973-4fc8-971d-f66cacd88070","c15","89","cardvoice_vm558_ur_2dfad8c3_1973_4fc8_971d_f66cacd88070","EXPLICIT_IDENTITY_REFERENCE","claim_izzet_league_0001; claim_izzet_league_0003; claim_izzet_league_0004; claim_izzet_league_0006","src_izzet_league_0001; src_izzet_league_0005; src_izzet_league_0007; src_izzet_league_0002","data/scryfall/raw/oracle-cards.json#id=1736aaf7-b61d-426e-af5e-f70272e7b07e","Instant | Tap target creature you don't control.
Overload {3}{U} (You may cast this spell for its overload cost. If you do, change ""target"" in its text to ""each."") | Weather is more predictable than the Izzet.","UR-F01/claim_izzet_league_0001: The Izzet League is the blue-red guild of Ravnica. -> src_izzet_league_0001 https://magic.wizards.com/en/story/ravnica-plane @ Ravnica — reviewed source record src_izzet_league_0001 [INSPECTED_OFFICIAL_WEB]: The Izzet League is the blue-red guild of Ravnica. Local source review summary: Official plane overview stating that Ravnica has ten two-color guilds and that the dragon-led blue-red Izzet fuse elemental magic and technology as masters of innovation. || src_izzet_league_0005 https://magic.wizards.com/en/news/feature/return-to-ravnica-mechanics @ Return to Ravnica Mechanics — reviewed source record src_izzet_league_0005 [INSPECTED_OFFICIAL_WEB]: The Izzet League is the blue-red guild of Ravnica. Local source review summary: Official mechanics article describing Return to Ravnica guilds, calling Izzet blue-red experimenters, and explaining overload as the Izzet League mechanic. || src_izzet_league_0007 https://magic.wizards.com/en/news/feature/commanding-guilds-ravnica-2018-10-18 @ Commanding the Guilds of Ravnica — reviewed source record src_izzet_league_0007 [INSPECTED_OFFICIAL_WEB]: The Izzet League is the blue-red guild of Ravnica. Local source review summary: Official Commander-focused article describing Izzet as blue-red, tied to public works, infrastructure, experimentation, instants, sorceries, combinations, and mana mastery. || UR-F02/claim_izzet_league_0003: The dragon-led Izzet fuse elemental magic and technology. -> src_izzet_league_0001 https://magic.wizards.com/en/story/ravnica-plane @ Ravnica — reviewed source record src_izzet_league_0001 [INSPECTED_OFFICIAL_WEB]: The dragon-led Izzet fuse elemental magic and technology. Local source review summary: Official plane overview stating that Ravnica has ten two-color guilds and that the dragon-led blue-red Izzet fuse elemental magic and technology as masters of innovation. || UR-F03/claim_izzet_league_0004: The Izzet are described as masters of innovation on Ravnica. -> src_izzet_league_0001 https://magic.wizards.com/en/story/ravnica-plane @ Ravnica — reviewed source record src_izzet_league_0001 [INSPECTED_OFFICIAL_WEB]: The Izzet are described as masters of innovation on Ravnica. Local source review summary: Official plane overview stating that Ravnica has ten two-color guilds and that the dragon-led blue-red Izzet fuse elemental magic and technology as masters of innovation. || UR-F04/claim_izzet_league_0006: Izzet experiments often produce dangerous or uncontrolled phenomena such as mana geysers, spatial rifts, or arcane portals. -> src_izzet_league_0002 https://magic.wizards.com/en/news/feature/planeswalkers-guide-to-return-to-ravnica-part-2 @ Planeswalker's Guide to Return to Ravnica: Part 2 — reviewed source record src_izzet_league_0002 [INSPECTED_OFFICIAL_WEB]: Izzet experiments often produce dangerous or uncontrolled phenomena such as mana geysers, spatial rifts, or arcane portals. Local source review summary: Primary official worldbuilding source for Izzet identity, mandate, Niv-Mizzet, internal court, key locations, roles, weirds, Interlocus, and attitudes toward other guilds.","NOT_APPLICABLE","UR-F01; UR-F02; UR-F03; UR-F04","The exact printed flavor line is the card-side fact. It supports only the named facet IDs where the line itself, not card color/type/product membership, supplies the stated echo.","DIRECT_FACT_PLUS_SUPPORTED_INTERPRETATION","Owner-approved complementary card voice. Public use remains limited to this exact printing and bounded identity relationship; it does not prove placement, play style, or identity from card color, mechanics, tags, or product membership.","src_izzet_league_0001: https://magic.wizards.com/en/story/ravnica-plane; src_izzet_league_0005: https://magic.wizards.com/en/news/feature/return-to-ravnica-mechanics; src_izzet_league_0007: https://magic.wizards.com/en/news/feature/commanding-guilds-ravnica-2018-10-18; src_izzet_league_0002: https://magic.wizards.com/en/news/feature/planeswalkers-guide-to-return-to-ravnica-part-2","4","Weather is more predictable than the Izzet. -> UR-F01: The Izzet League is the blue-red guild of Ravnica. | UR-F02: The dragon-led Izzet fuse elemental magic and technology. | UR-F03: The Izzet are described as masters of innovation on Ravnica. | UR-F04: Izzet experiments often produce dangerous or uncontrolled phenomena such as mana geysers, spatial rifts, or arcane portals. -> Blustersquall gives Izzet a second voice of technical energy outrunning predictability.","NONE_IDENTIFIED","PASS_VERIFIED_CARD_AND_CURRENT_TEXT","PASS_ROUTED_UNDERLYING_EVIDENCE","PASS_BOUNDED_CARD_TO_FACET_BRIDGE","HIGH_TILE_MODAL_TOKEN_ECHO","LEGITIMATE_SHARED_CONCEPT","NO_DELETION_INDICATED","NO_SWAP_INDICATED","MODAL_REDUNDANT","NO_MATERIAL_FACET_COLLAPSE","NO_MATERIAL_OVERCLAIM","NATURAL_ENOUGH_AS_WRITTEN","REMEDIATION_LIKELY",""
"PLAY-UR-1-cardrel_ur_33666a98","UR","Izzet League","PLAY","1","Niv-Mizzet, Parun","Why it fits in play","He is the cleanest native Izzet bridge: a Ravnican Izzet leader whose gameplay rewards instant/sorcery exchanges with cards and turns card draw into precise damage.","Spellslinger; Draw-Burn; Control","Why Niv-Mizzet, Parun helps explain Izzet League in play","At the table, Niv-Mizzet, Parun carries that card action into this reading's larger plan: spell velocity, explosive pivots, and the sense that the device is running while it is built.","Legendary Creature — Dragon Wizard","86c5c337-d25f-4c3e-9762-09ed0c2d36d7","33666a98-812f-4892-9f8d-33e0cbecc340","otc","235","cardrel_ur_33666a98","NATIVE_IDENTITY_ANCHOR","claim_izzet_league_0008; claim_izzet_league_0009; claim_izzet_league_0025; claim_izzet_league_0036; claim_izzet_league_0037; claim_izzet_league_0039; claim_izzet_league_0045","src_izzet_league_0002; src_izzet_league_0003; src_izzet_league_0012; src_izzet_league_0010; src_izzet_league_0011","data/scryfall/raw/oracle-cards.json#id=86c5c337-d25f-4c3e-9762-09ed0c2d36d7","Legendary Creature — Dragon Wizard | This spell can't be countered.
Flying
Whenever you draw a card, Niv-Mizzet deals 1 damage to any target.
Whenever a player casts an instant or sorcery spell, you draw a card. | ","UR-F05/claim_izzet_league_0008: Niv-Mizzet, the Firemind, is the original parun of the Izzet League. -> src_izzet_league_0002 https://magic.wizards.com/en/news/feature/planeswalkers-guide-to-return-to-ravnica-part-2 @ Planeswalker's Guide to Return to Ravnica: Part 2 — reviewed source record src_izzet_league_0002 [INSPECTED_OFFICIAL_WEB]: Niv-Mizzet, the Firemind, is the original parun of the Izzet League. Local source review summary: Primary official worldbuilding source for Izzet identity, mandate, Niv-Mizzet, internal court, key locations, roles, weirds, Interlocus, and attitudes toward other guilds. || src_izzet_league_0003 https://magic.wizards.com/en/news/feature/flavorful-guide-guilds-ravnica-2018-10-03 @ A Flavorful Guide to the Guilds of Ravnica — reviewed source record src_izzet_league_0003 [INSPECTED_OFFICIAL_WEB]: Niv-Mizzet, the Firemind, is the original parun of the Izzet League. Local source review summary: Official Guilds of Ravnica feature summarizing Izzet values, invention, civic engineering, Niv-Mizzet's leadership, Ral Zarek's day-to-day role, and Ral's hidden Bolas allegiance at that story point. || UR-F06/claim_izzet_league_0009: Niv-Mizzet rarely concerns himself with the day-to-day running of the Izzet guild. -> src_izzet_league_0002 https://magic.wizards.com/en/news/feature/planeswalkers-guide-to-return-to-ravnica-part-2 @ Planeswalker's Guide to Return to Ravnica: Part 2 — reviewed source record src_izzet_league_0002 [INSPECTED_OFFICIAL_WEB]: Niv-Mizzet rarely concerns himself with the day-to-day running of the Izzet guild. Local source review summary: Primary official worldbuilding source for Izzet identity, mandate, Niv-Mizzet, internal court, key locations, roles, weirds, Interlocus, and attitudes toward other guilds. || src_izzet_league_0003 https://magic.wizards.com/en/news/feature/flavorful-guide-guilds-ravnica-2018-10-03 @ A Flavorful Guide to the Guilds of Ravnica — reviewed source record src_izzet_league_0003 [INSPECTED_OFFICIAL_WEB]: Niv-Mizzet rarely concerns himself with the day-to-day running of the Izzet guild. Local source review summary: Official Guilds of Ravnica feature summarizing Izzet values, invention, civic engineering, Niv-Mizzet's leadership, Ral Zarek's day-to-day role, and Ral's hidden Bolas allegiance at that story point. || UR-F07/claim_izzet_league_0025: Niv-Mizzet compartmentalizes information among the members of his guild. -> src_izzet_league_0002 https://magic.wizards.com/en/news/feature/planeswalkers-guide-to-return-to-ravnica-part-2 @ Planeswalker's Guide to Return to Ravnica: Part 2 — reviewed source record src_izzet_league_0002 [INSPECTED_OFFICIAL_WEB]: Niv-Mizzet compartmentalizes information among the members of his guild. Local source review summary: Primary official worldbuilding source for Izzet identity, mandate, Niv-Mizzet, internal court, key locations, roles, weirds, Interlocus, and attitudes toward other guilds. || UR-F08/claim_izzet_league_0036: Operation Desperation sought to resurrect Niv-Mizzet as the new Living Guildpact. -> src_izzet_league_0012 https://magic.wizards.com/en/news/magic-story/war-spark-ravnica-operation-desperation-2019-06-05 @ War of the Spark: Ravnica—Operation Desperation — reviewed source record src_izzet_league_0012 [INSPECTED_OFFICIAL_WEB]: Operation Desperation sought to resurrect Niv-Mizzet as the new Living Guildpact. Local source review summary: Official story source for Operation Desperation: Ral explains the plan to resurrect Niv-Mizzet as the new Living Guildpact and for Niv-Mizzet to step down as Izzet guildmaster. || UR-F09/claim_izzet_league_0037: Under the terms described by Ral Zarek during Operation Desperation, Niv-Mizzet would step down as guildmaster of the Izzet if resurrected as Living Guildpact. -> src_izzet_league_0012 https://magic.wizards.com/en/news/magic-story/war-spark-ravnica-operation-desperation-2019-06-05 @ War of the Spark: Ravnica—Operation Desperation — reviewed source record src_izzet_league_0012 [INSPECTED_OFFICIAL_WEB]: Under the terms described by Ral Zarek during Operation Desperation, Niv-Mizzet would step down as guildmaster of the Izzet if resurrected as Living Guildpact. Local source review summary: Official story source for Operation Desperation: Ral explains the plan to resurrect Niv-Mizzet as the new Living Guildpact and for Niv-Mizzet to step down as Izzet guildmaster. || UR-F10/claim_izzet_league_0039: Niv-Mizzet is the current embodiment of the Living Guildpact after taking over during War of the Spark. -> src_izzet_league_0010 https://magic.wizards.com/en/news/feature/planeswalkers-guide-to-murders-at-karlov-manor @ Planeswalker's Guide to Murders at Karlov Manor — reviewed source record src_izzet_league_0010 [INSPECTED_OFFICIAL_WEB]: Niv-Mizzet is the current embodiment of the Living Guildpact after taking over during War of the Spark. Local source review summary: Official current-status Ravnica guide describing the post-Phyrexian invasion state of the guilds, Niv-Mizzet as current Living Guildpact, Izzet reconstruction work, and some Izzet/Simic being drawn to Phyrexian opportunities. || src_izzet_league_0011 https://magic.wizards.com/en/news/feature/the-legends-and-characters-of-murders-at-karlov-manor @ The Legends (and Characters) of Murders at Karlov Manor — reviewed source record src_izzet_league_0011 [INSPECTED_OFFICIAL_WEB]: Niv-Mizzet is the current embodiment of the Living Guildpact after taking over during War of the Spark. Local source review summary: Official character feature identifying Niv-Mizzet, Guildpact as the current embodiment of the Living Guildpact and the most intelligent being on Ravnica. || UR-F11/claim_izzet_league_0045: Niv-Mizzet is described in Murders at Karlov Manor character guidance as the most intelligent being on Ravnica. -> src_izzet_league_0011 https://magic.wizards.com/en/news/feature/the-legends-and-characters-of-murders-at-karlov-manor @ The Legends (and Characters) of Murders at Karlov Manor — reviewed source record src_izzet_league_0011 [INSPECTED_OFFICIAL_WEB]: Niv-Mizzet is described in Murders at Karlov Manor character guidance as the most intelligent being on Ravnica. Local source review summary: Official character feature identifying Niv-Mizzet, Guildpact as the current embodiment of the Living Guildpact and the most intelligent being on Ravnica.","This spell can't be countered.
Flying
Whenever you draw a card, Niv-Mizzet deals 1 damage to any target.
Whenever a player casts an instant or sorcery spell, you draw a card.","UR-F05; UR-F06; UR-F07; UR-F08; UR-F09; UR-F10; UR-F11","The committed Oracle text is the gameplay-side fact. It supports only the named facet IDs where the visible rationale accurately describes that behavior and makes the identity connection explicit.","DIRECT_FACT_PLUS_SUPPORTED_INTERPRETATION","Skip if your table dislikes compact draw-damage combos, repeated triggers, or commanders that become the whole deck plan.","src_izzet_league_0002: https://magic.wizards.com/en/news/feature/planeswalkers-guide-to-return-to-ravnica-part-2; src_izzet_league_0003: https://magic.wizards.com/en/news/feature/flavorful-guide-guilds-ravnica-2018-10-03; src_izzet_league_0012: https://magic.wizards.com/en/news/magic-story/war-spark-ravnica-operation-desperation-2019-06-05; src_izzet_league_0010: https://magic.wizards.com/en/news/feature/planeswalkers-guide-to-murders-at-karlov-manor; src_izzet_league_0011: https://magic.wizards.com/en/news/feature/the-legends-and-characters-of-murders-at-karlov-manor","5","This spell can't be countered.
Flying
Whenever you draw a card, Niv-Mizzet deals 1 damage to any target.
Whenever a player casts an instant or sorcery spell, you draw a card. -> UR-F05: Niv-Mizzet, the Firemind, is the original parun of the Izzet League. | UR-F06: Niv-Mizzet rarely concerns himself with the day-to-day running of the Izzet guild. | UR-F07: Niv-Mizzet compartmentalizes information among the members of his guild. | UR-F08: Operation Desperation sought to resurrect Niv-Mizzet as the new Living Guildpact. | UR-F09: Under the terms described by Ral Zarek during Operation Desperation, Niv-Mizzet would step down as guildmaster of the Izzet if resurrected as Living Guildpact. | UR-F10: Niv-Mizzet is the current embodiment of the Living Guildpact after taking over during War of the Spark. | UR-F11: Niv-Mizzet is described in Murders at Karlov Manor character guidance as the most intelligent being on Ravnica. -> The preserved Commander guidance sentence is the direct relationship assertion. Certified claim IDs establish the identity-side boundary; the committed Scryfall index establishes only the named card facts. Owner review must confirm that the sentence does not overstate that bridge.","NONE_IDENTIFIED","PASS_VERIFIED_CARD_AND_CURRENT_TEXT","PASS_ROUTED_UNDERLYING_EVIDENCE","PASS_BOUNDED_CARD_TO_FACET_BRIDGE","IDENTITY_LOCAL_MODAL_REPETITION","GENERIC_TEMPLATE_REUSE","NO_DELETION_INDICATED","NO_SWAP_INDICATED","MODAL_REDUNDANT","NO_MATERIAL_FACET_COLLAPSE","NO_MATERIAL_OVERCLAIM","TEMPLATE_REPETITION","REMEDIATION_LIKELY","Multiple Play cards for this identity receive the same modal takeaway after only the card name changes."
"PLAY-UR-2-cardrel_ur_095d9719","UR","Izzet League","PLAY","2","Melek, Izzet Paragon","Why it fits in play","Melek preserves the lab-experiment feel without defaulting to the dragon. Revealing the top card and copying spells feels like an unstable experiment becoming repeatable technique.","Spellslinger; Spell Copy; Topdeck","Why Melek, Izzet Paragon helps explain Izzet League in play","At the table, Melek, Izzet Paragon carries that card action into this reading's larger plan: spell velocity, explosive pivots, and the sense that the device is running while it is built.","Legendary Creature — Weird Wizard","66011fe8-8c5d-4990-a324-5839515dcacb","095d9719-0db6-43de-8e4f-a0035a4c65ed","cmm","345","cardrel_ur_095d9719","NATIVE_IDENTITY_ANCHOR","claim_izzet_league_0101","src_izzet_league_0014","data/scryfall/raw/oracle-cards.json#id=66011fe8-8c5d-4990-a324-5839515dcacb","Legendary Creature — Weird Wizard | Play with the top card of your library revealed.
You may cast instant and sorcery spells from the top of your library.
Whenever you cast an instant or sorcery spell from your library, copy it. You may choose new targets for the copy. | ","UR-F12/claim_izzet_league_0101: Project Lightning Bug states that Chamberlain Maree impressed Niv-Mizzet with her work on Melek. -> src_izzet_league_0014 https://magic.wizards.com/en/news/magic-story/project-lightning-bug-2015-05-27 @ Project Lightning Bug — reviewed source record src_izzet_league_0014 [INSPECTED_OFFICIAL_WEB]: Project Lightning Bug states that Chamberlain Maree impressed Niv-Mizzet with her work on Melek. Local source review summary: Official story source identifying Ral Zarek as an Izzet guildmage and secret Planeswalker, and showing Jace Beleren as Living Guildpact at that story point.","Play with the top card of your library revealed.
You may cast instant and sorcery spells from the top of your library.
Whenever you cast an instant or sorcery spell from your library, copy it. You may choose new targets for the copy.","UR-F12","The committed Oracle text is the gameplay-side fact. It supports only the named facet IDs where the visible rationale accurately describes that behavior and makes the identity connection explicit.","DIRECT_FACT_PLUS_SUPPORTED_INTERPRETATION","Skip if you want a low-curve commander or dislike playing with the top of your library revealed.","src_izzet_league_0014: https://magic.wizards.com/en/news/magic-story/project-lightning-bug-2015-05-27","1","Play with the top card of your library revealed.
You may cast instant and sorcery spells from the top of your library.
Whenever you cast an instant or sorcery spell from your library, copy it. You may choose new targets for the copy. -> UR-F12: Project Lightning Bug states that Chamberlain Maree impressed Niv-Mizzet with her work on Melek. -> The preserved Commander guidance sentence is the direct relationship assertion. Certified claim IDs establish the identity-side boundary; the committed Scryfall index establishes only the named card facts. Owner review must confirm that the sentence does not overstate that bridge.","NONE_IDENTIFIED","PASS_VERIFIED_CARD_AND_CURRENT_TEXT","PASS_ROUTED_UNDERLYING_EVIDENCE","PASS_BOUNDED_CARD_TO_FACET_BRIDGE","IDENTITY_LOCAL_MODAL_REPETITION","GENERIC_TEMPLATE_REUSE","NO_DELETION_INDICATED","NO_SWAP_INDICATED","MODAL_REDUNDANT","NO_MATERIAL_FACET_COLLAPSE","NO_MATERIAL_OVERCLAIM","TEMPLATE_REPETITION","REMEDIATION_LIKELY","Multiple Play cards for this identity receive the same modal takeaway after only the card name changes."
"SOUND-BG-1-cardvoice_bg_fc17d8dd_887f_405e_a195_777aa3da36f5","BG","Golgari Swarm","SOUND","1","Bloodbond March","Exact card voice","The Golgari support a vast army because death never ends its soldiers' service.","","What this card's voice reveals about Golgari Swarm","The line presents the Golgari through death continuing as useful service.","Enchantment","fb977f5b-2202-43c1-a8c0-7fba8c093fa2","fc17d8dd-887f-405e-a195-777aa3da36f5","rav","192","cardvoice_bg_fc17d8dd_887f_405e_a195_777aa3da36f5","EXPLICIT_IDENTITY_REFERENCE","golgari_swarm_claim_001; golgari_swarm_claim_007; golgari_swarm_claim_0018","src_wotc_flavorful_guide_guilds_ravnica_2018; src_wotc_guilds_ravnica_prerelease_primer_2018; src_wotc_guilds_ravnica_mechanics_2018","data/scryfall/raw/oracle-cards.json#id=fb977f5b-2202-43c1-a8c0-7fba8c093fa2","Enchantment | Whenever a player casts a creature spell, each player returns all cards with the same name as that spell from their graveyard to the battlefield. | The Golgari support a vast army because death never ends its soldiers' service.","BG-F01/golgari_swarm_claim_001: Golgari is the black-green guild of Ravnica, associated with life, death, decay, reanimation, and survival. -> src_wotc_flavorful_guide_guilds_ravnica_2018 https://magic.wizards.com/en/news/feature/flavorful-guide-guilds-ravnica-2018-10-03 @ A Flavorful Guide to the Guilds of Ravnica - Golgari reviewed source record [INSPECTED_OFFICIAL_WEB]: Official Golgari overview identifies the guild through black-green Ravnica identity, underground unwanted places, farming and food production, founder Svogthir, and Vraska/Jarad leadership context. || src_wotc_guilds_ravnica_prerelease_primer_2018 https://magic.wizards.com/en/news/feature/guilds-of-ravnica-prerelease-primer @ Guilds of Ravnica Prerelease Primer - Golgari reviewed source record [INSPECTED_OFFICIAL_WEB]: Official prerelease primer summarizes Golgari as the black-green Guilds of Ravnica guild and supports broad identity placement. || BG-F02/golgari_swarm_claim_007: Golgari placement signals should require a source-bounded death-to-life, decay, reclamation, undercity, food-production, or graveyard-resource frame rather than generic black-green resilience or nature language. -> src_wotc_flavorful_guide_guilds_ravnica_2018 https://magic.wizards.com/en/news/feature/flavorful-guide-guilds-ravnica-2018-10-03 @ A Flavorful Guide to the Guilds of Ravnica - Golgari reviewed source record [INSPECTED_OFFICIAL_WEB]: Official Golgari overview identifies the guild through black-green Ravnica identity, underground unwanted places, farming and food production, founder Svogthir, and Vraska/Jarad leadership context. || src_wotc_guilds_ravnica_mechanics_2018 https://magic.wizards.com/en/news/feature/guilds-ravnica-mechanics-2018-09-04 @ Guilds of Ravnica Mechanics - Golgari and undergrowth reviewed source record [INSPECTED_OFFICIAL_WEB]: Official mechanics article identifies undergrowth as Golgari and frames graveyard contents as present mechanical resource. || BG-F03/golgari_swarm_claim_0018: Golgari motivation is best bounded as reclaiming what is dead, discarded, buried, or unwanted so it can feed survival, infrastructure, or the next cycle. -> src_wotc_flavorful_guide_guilds_ravnica_2018 https://magic.wizards.com/en/news/feature/flavorful-guide-guilds-ravnica-2018-10-03 @ A Flavorful Guide to the Guilds of Ravnica - Golgari reviewed source record [INSPECTED_OFFICIAL_WEB]: Official Golgari overview identifies the guild through black-green Ravnica identity, underground unwanted places, farming and food production, founder Svogthir, and Vraska/Jarad leadership context. || src_wotc_guilds_ravnica_mechanics_2018 https://magic.wizards.com/en/news/feature/guilds-ravnica-mechanics-2018-09-04 @ Guilds of Ravnica Mechanics - Golgari and undergrowth reviewed source record [INSPECTED_OFFICIAL_WEB]: Official mechanics article identifies undergrowth as Golgari and frames graveyard contents as present mechanical resource.","NOT_APPLICABLE","BG-F01; BG-F02; BG-F03","The exact printed flavor line is the card-side fact. It supports only the named facet IDs where the line itself, not card color/type/product membership, supplies the stated echo.","DIRECT_FACT_PLUS_SUPPORTED_INTERPRETATION","Exact card text is verified, but Public use is limited to this validated voice relationship. Witherbloom and generic graveyard decks also join life and death; the explicit Golgari reclamation-and-service frame is required.","src_wotc_flavorful_guide_guilds_ravnica_2018: https://magic.wizards.com/en/news/feature/flavorful-guide-guilds-ravnica-2018-10-03; src_wotc_guilds_ravnica_prerelease_primer_2018: https://magic.wizards.com/en/news/feature/guilds-of-ravnica-prerelease-primer; src_wotc_guilds_ravnica_mechanics_2018: https://magic.wizards.com/en/news/feature/guilds-ravnica-mechanics-2018-09-04","3","The Golgari support a vast army because death never ends its soldiers' service. -> BG-F01: Golgari is the black-green guild of Ravnica, associated with life, death, decay, reanimation, and survival. | BG-F02: Golgari placement signals should require a source-bounded death-to-life, decay, reclamation, undercity, food-production, or graveyard-resource frame rather than generic black-green resilience or nature language. | BG-F03: Golgari motivation is best bounded as reclaiming what is dead, discarded, buried, or unwanted so it can feed survival, infrastructure, or the next cycle. -> Bloodbond March's exact excerpt provides a bounded voice echo of the Golgari named directly through death continuing as useful service.","NONE_IDENTIFIED","PASS_VERIFIED_CARD_AND_CURRENT_TEXT","PASS_ROUTED_UNDERLYING_EVIDENCE","PASS_BOUNDED_CARD_TO_FACET_BRIDGE","NO_MATERIAL_TILE_MODAL_ECHO","LEGITIMATE_SHARED_CONCEPT","NO_DELETION_INDICATED","NO_SWAP_INDICATED","ADDITIVE_IDENTITY_INTERPRETATION","NO_MATERIAL_FACET_COLLAPSE","NO_MATERIAL_OVERCLAIM","FORMULAIC_BUT_READABLE","NO_CHANGE_INDICATED",""
"SOUND-BG-2-cardvoice_vm558_bg_55e04860_f4f5_445b_81f2_b500fa9b456a","BG","Golgari Swarm","SOUND","2","Contaminated Ground","Exact card voice","""No one cares about pollution until they can see it."" —Gurras, Golgari rot farmer","","What this card's voice reveals about Golgari Swarm","The line sounds like a Golgari worker who notices the material cycle everyone else avoids until decay becomes visible.","Enchantment — Aura","c2384356-0a62-499a-8b28-085974331368","55e04860-f4f5-445b-81f2-b500fa9b456a","gtc","59","cardvoice_vm558_bg_55e04860_f4f5_445b_81f2_b500fa9b456a","EXPLICIT_IDENTITY_REFERENCE","golgari_swarm_claim_001; golgari_swarm_claim_007; golgari_swarm_claim_0018","src_wotc_flavorful_guide_guilds_ravnica_2018; src_wotc_guilds_ravnica_prerelease_primer_2018; src_wotc_guilds_ravnica_mechanics_2018","data/scryfall/raw/oracle-cards.json#id=c2384356-0a62-499a-8b28-085974331368","Enchantment — Aura | Enchant land
Enchanted land is a Swamp.
Whenever enchanted land becomes tapped, its controller loses 2 life. | ""No one cares about pollution until they can see it.""
—Gurras, Golgari rot farmer","BG-F01/golgari_swarm_claim_001: Golgari is the black-green guild of Ravnica, associated with life, death, decay, reanimation, and survival. -> src_wotc_flavorful_guide_guilds_ravnica_2018 https://magic.wizards.com/en/news/feature/flavorful-guide-guilds-ravnica-2018-10-03 @ A Flavorful Guide to the Guilds of Ravnica - Golgari reviewed source record [INSPECTED_OFFICIAL_WEB]: Official Golgari overview identifies the guild through black-green Ravnica identity, underground unwanted places, farming and food production, founder Svogthir, and Vraska/Jarad leadership context. || src_wotc_guilds_ravnica_prerelease_primer_2018 https://magic.wizards.com/en/news/feature/guilds-of-ravnica-prerelease-primer @ Guilds of Ravnica Prerelease Primer - Golgari reviewed source record [INSPECTED_OFFICIAL_WEB]: Official prerelease primer summarizes Golgari as the black-green Guilds of Ravnica guild and supports broad identity placement. || BG-F02/golgari_swarm_claim_007: Golgari placement signals should require a source-bounded death-to-life, decay, reclamation, undercity, food-production, or graveyard-resource frame rather than generic black-green resilience or nature language. -> src_wotc_flavorful_guide_guilds_ravnica_2018 https://magic.wizards.com/en/news/feature/flavorful-guide-guilds-ravnica-2018-10-03 @ A Flavorful Guide to the Guilds of Ravnica - Golgari reviewed source record [INSPECTED_OFFICIAL_WEB]: Official Golgari overview identifies the guild through black-green Ravnica identity, underground unwanted places, farming and food production, founder Svogthir, and Vraska/Jarad leadership context. || src_wotc_guilds_ravnica_mechanics_2018 https://magic.wizards.com/en/news/feature/guilds-ravnica-mechanics-2018-09-04 @ Guilds of Ravnica Mechanics - Golgari and undergrowth reviewed source record [INSPECTED_OFFICIAL_WEB]: Official mechanics article identifies undergrowth as Golgari and frames graveyard contents as present mechanical resource. || BG-F03/golgari_swarm_claim_0018: Golgari motivation is best bounded as reclaiming what is dead, discarded, buried, or unwanted so it can feed survival, infrastructure, or the next cycle. -> src_wotc_flavorful_guide_guilds_ravnica_2018 https://magic.wizards.com/en/news/feature/flavorful-guide-guilds-ravnica-2018-10-03 @ A Flavorful Guide to the Guilds of Ravnica - Golgari reviewed source record [INSPECTED_OFFICIAL_WEB]: Official Golgari overview identifies the guild through black-green Ravnica identity, underground unwanted places, farming and food production, founder Svogthir, and Vraska/Jarad leadership context. || src_wotc_guilds_ravnica_mechanics_2018 https://magic.wizards.com/en/news/feature/guilds-ravnica-mechanics-2018-09-04 @ Guilds of Ravnica Mechanics - Golgari and undergrowth reviewed source record [INSPECTED_OFFICIAL_WEB]: Official mechanics article identifies undergrowth as Golgari and frames graveyard contents as present mechanical resource.","NOT_APPLICABLE","BG-F01; BG-F02; BG-F03","The exact printed flavor line is the card-side fact. It supports only the named facet IDs where the line itself, not card color/type/product membership, supplies the stated echo.","DIRECT_FACT_PLUS_SUPPORTED_INTERPRETATION","Owner-approved complementary card voice. Public use remains limited to this exact printing and bounded identity relationship; it does not prove placement, play style, or identity from card color, mechanics, tags, or product membership.","src_wotc_flavorful_guide_guilds_ravnica_2018: https://magic.wizards.com/en/news/feature/flavorful-guide-guilds-ravnica-2018-10-03; src_wotc_guilds_ravnica_prerelease_primer_2018: https://magic.wizards.com/en/news/feature/guilds-of-ravnica-prerelease-primer; src_wotc_guilds_ravnica_mechanics_2018: https://magic.wizards.com/en/news/feature/guilds-ravnica-mechanics-2018-09-04","3","""No one cares about pollution until they can see it."" —Gurras, Golgari rot farmer -> BG-F01: Golgari is the black-green guild of Ravnica, associated with life, death, decay, reanimation, and survival. | BG-F02: Golgari placement signals should require a source-bounded death-to-life, decay, reclamation, undercity, food-production, or graveyard-resource frame rather than generic black-green resilience or nature language. | BG-F03: Golgari motivation is best bounded as reclaiming what is dead, discarded, buried, or unwanted so it can feed survival, infrastructure, or the next cycle. -> Contaminated Ground gives Golgari a second voice of rot labor and visible ecological consequence.","NONE_IDENTIFIED","PASS_VERIFIED_CARD_AND_CURRENT_TEXT","PASS_ROUTED_UNDERLYING_EVIDENCE","PASS_BOUNDED_CARD_TO_FACET_BRIDGE","NO_MATERIAL_TILE_MODAL_ECHO","LEGITIMATE_SHARED_CONCEPT","NO_DELETION_INDICATED","NO_SWAP_INDICATED","ADDITIVE_IDENTITY_INTERPRETATION","NO_MATERIAL_FACET_COLLAPSE","NO_MATERIAL_OVERCLAIM","NATURAL_ENOUGH_AS_WRITTEN","NO_CHANGE_INDICATED",""
"PLAY-BG-1-cardrel_bg_87e65e36","BG","Golgari Swarm","PLAY","1","Jarad, Golgari Lich Lord","Why it fits in play","A classic Golgari leader who scales with the size of your graveyard and allows you to 'recycle' creatures into direct damage.","Sacrifice; Graveyard Matters","Why Jarad, Golgari Lich Lord helps explain Golgari Swarm in play","At the table, Jarad, Golgari Lich Lord carries that card action into this reading's larger plan: loss converted into future pressure and a board that keeps returning.","Legendary Creature — Zombie Elf","6870b355-e53d-4fa2-887b-0f0445bcd9c5","87e65e36-9483-49fe-b644-2caca092107f","tdc","293","cardrel_bg_87e65e36","NATIVE_IDENTITY_ANCHOR","golgari_swarm_claim_001; golgari_swarm_claim_002; golgari_swarm_claim_003; golgari_swarm_claim_006; golgari_swarm_claim_0018","src_wotc_flavorful_guide_guilds_ravnica_2018; src_wotc_guilds_ravnica_prerelease_primer_2018; src_wotc_guilds_ravnica_mechanics_2018","data/scryfall/raw/oracle-cards.json#id=6870b355-e53d-4fa2-887b-0f0445bcd9c5","Legendary Creature — Zombie Elf | Jarad gets +1/+1 for each creature card in your graveyard.
{1}{B}{G}, Sacrifice another creature: Each opponent loses life equal to the sacrificed creature's power.
Sacrifice a Swamp and a Forest: Return this card from your graveyard to your hand. | ","BG-F01/golgari_swarm_claim_001: Golgari is the black-green guild of Ravnica, associated with life, death, decay, reanimation, and survival. -> src_wotc_flavorful_guide_guilds_ravnica_2018 https://magic.wizards.com/en/news/feature/flavorful-guide-guilds-ravnica-2018-10-03 @ A Flavorful Guide to the Guilds of Ravnica - Golgari reviewed source record [INSPECTED_OFFICIAL_WEB]: Official Golgari overview identifies the guild through black-green Ravnica identity, underground unwanted places, farming and food production, founder Svogthir, and Vraska/Jarad leadership context. || src_wotc_guilds_ravnica_prerelease_primer_2018 https://magic.wizards.com/en/news/feature/guilds-of-ravnica-prerelease-primer @ Guilds of Ravnica Prerelease Primer - Golgari reviewed source record [INSPECTED_OFFICIAL_WEB]: Official prerelease primer summarizes Golgari as the black-green Guilds of Ravnica guild and supports broad identity placement. || BG-F04/golgari_swarm_claim_002: The official guide describes Golgari members as living mostly underground in forgotten and unwanted places. -> src_wotc_flavorful_guide_guilds_ravnica_2018 https://magic.wizards.com/en/news/feature/flavorful-guide-guilds-ravnica-2018-10-03 @ A Flavorful Guide to the Guilds of Ravnica - Golgari reviewed source record [INSPECTED_OFFICIAL_WEB]: Official Golgari overview identifies the guild through black-green Ravnica identity, underground unwanted places, farming and food production, founder Svogthir, and Vraska/Jarad leadership context. || BG-F05/golgari_swarm_claim_003: The guide states that Golgari are talented farmers and provide much of Ravnica's food production. -> src_wotc_flavorful_guide_guilds_ravnica_2018 https://magic.wizards.com/en/news/feature/flavorful-guide-guilds-ravnica-2018-10-03 @ A Flavorful Guide to the Guilds of Ravnica - Golgari reviewed source record [INSPECTED_OFFICIAL_WEB]: Official Golgari overview identifies the guild through black-green Ravnica identity, underground unwanted places, farming and food production, founder Svogthir, and Vraska/Jarad leadership context. || BG-F06/golgari_swarm_claim_006: Undergrowth is the Guilds of Ravnica signature mechanic associated with Golgari. -> src_wotc_guilds_ravnica_mechanics_2018 https://magic.wizards.com/en/news/feature/guilds-ravnica-mechanics-2018-09-04 @ Guilds of Ravnica Mechanics - Golgari and undergrowth reviewed source record [INSPECTED_OFFICIAL_WEB]: Official mechanics article identifies undergrowth as Golgari and frames graveyard contents as present mechanical resource. || BG-F03/golgari_swarm_claim_0018: Golgari motivation is best bounded as reclaiming what is dead, discarded, buried, or unwanted so it can feed survival, infrastructure, or the next cycle. -> src_wotc_flavorful_guide_guilds_ravnica_2018 https://magic.wizards.com/en/news/feature/flavorful-guide-guilds-ravnica-2018-10-03 @ A Flavorful Guide to the Guilds of Ravnica - Golgari reviewed source record [INSPECTED_OFFICIAL_WEB]: Official Golgari overview identifies the guild through black-green Ravnica identity, underground unwanted places, farming and food production, founder Svogthir, and Vraska/Jarad leadership context. || src_wotc_guilds_ravnica_mechanics_2018 https://magic.wizards.com/en/news/feature/guilds-ravnica-mechanics-2018-09-04 @ Guilds of Ravnica Mechanics - Golgari and undergrowth reviewed source record [INSPECTED_OFFICIAL_WEB]: Official mechanics article identifies undergrowth as Golgari and frames graveyard contents as present mechanical resource.","Jarad gets +1/+1 for each creature card in your graveyard.
{1}{B}{G}, Sacrifice another creature: Each opponent loses life equal to the sacrificed creature's power.
Sacrifice a Swamp and a Forest: Return this card from your graveyard to your hand.","BG-F01; BG-F04; BG-F05; BG-F06; BG-F03","The committed Oracle text is the gameplay-side fact. It supports only the named facet IDs where the visible rationale accurately describes that behavior and makes the identity connection explicit.","DIRECT_FACT_PLUS_SUPPORTED_INTERPRETATION","Discovery-only story-corpus claim IDs removed from this auxiliary support chain. Commander/card/product material remains auxiliary and is not authoritative Golgari semantic proof. You don't like 'glass cannon' combos or graveyard hate.","src_wotc_flavorful_guide_guilds_ravnica_2018: https://magic.wizards.com/en/news/feature/flavorful-guide-guilds-ravnica-2018-10-03; src_wotc_guilds_ravnica_prerelease_primer_2018: https://magic.wizards.com/en/news/feature/guilds-of-ravnica-prerelease-primer; src_wotc_guilds_ravnica_mechanics_2018: https://magic.wizards.com/en/news/feature/guilds-ravnica-mechanics-2018-09-04","3","Jarad gets +1/+1 for each creature card in your graveyard.
{1}{B}{G}, Sacrifice another creature: Each opponent loses life equal to the sacrificed creature's power.
Sacrifice a Swamp and a Forest: Return this card from your graveyard to your hand. -> BG-F01: Golgari is the black-green guild of Ravnica, associated with life, death, decay, reanimation, and survival. | BG-F04: The official guide describes Golgari members as living mostly underground in forgotten and unwanted places. | BG-F05: The guide states that Golgari are talented farmers and provide much of Ravnica's food production. | BG-F06: Undergrowth is the Guilds of Ravnica signature mechanic associated with Golgari. | BG-F03: Golgari motivation is best bounded as reclaiming what is dead, discarded, buried, or unwanted so it can feed survival, infrastructure, or the next cycle. -> The preserved Commander guidance sentence is the direct relationship assertion. Certified claim IDs establish the identity-side boundary; the committed Scryfall index establishes only the named card facts. Owner review must confirm that the sentence does not overstate that bridge.","NONE_IDENTIFIED","PASS_VERIFIED_CARD_AND_CURRENT_TEXT","PASS_ROUTED_UNDERLYING_EVIDENCE","PASS_BOUNDED_CARD_TO_FACET_BRIDGE","GENERIC_IDENTITY_LANGUAGE_WITHOUT_NEW_CARD_SPECIFIC_INSIGHT","NO_MATERIAL_CROSS_CARD_REPETITION","NO_DELETION_INDICATED","NO_SWAP_INDICATED","MODAL_REDUNDANT","NO_MATERIAL_FACET_COLLAPSE","NO_MATERIAL_OVERCLAIM","SHARED_COMPOSER_FRAME","REMEDIATION_LIKELY","The modal adds a general identity plan but does not deepen why this particular card teaches that facet beyond the already-visible tile."
"SOUND-WR-1-cardvoice_wr_30b20932_0d9a_447f_b934_1daa8c44a678","WR","Boros Legion","SOUND","1","Boros Strike-Captain","Exact card voice","""Keep up with me, comrades, or I cannot guarantee you a fair share of the fracas.""","","What this card's voice reveals about Boros Legion","The line presents a Boros commander explicitly addressing comrades through coordinated front-line action.","Creature — Minotaur Soldier","11fab2c1-250a-44f7-a187-ee0352b81569","30b20932-0d9a-447f-b934-1daa8c44a678","clu","25","cardvoice_wr_30b20932_0d9a_447f_b934_1daa8c44a678","EXPLICIT_IDENTITY_REFERENCE","boros_legion_claim_001; boros_legion_claim_004; boros_legion_claim_007; boros_legion_claim_012","src_wotc_flavorful_guide_guilds_ravnica_2018; src_wotc_guilds_ravnica_mechanics_2018; src_wotc_gatecrash_boros_lore_2013","data/scryfall/raw/oracle-cards.json#id=11fab2c1-250a-44f7-a187-ee0352b81569","Creature — Minotaur Soldier | Battalion — Whenever this creature and at least two other creatures attack, exile the top card of your library. During any turn you attacked with three or more creatures, you may play that card. | ""Keep up with me, comrades, or I cannot guarantee you a fair share of the fracas.""","WR-F01/boros_legion_claim_001: Boros is the white-red guild of Ravnica, framed around martial justice, honor, and peacekeeping. -> src_wotc_flavorful_guide_guilds_ravnica_2018 https://magic.wizards.com/en/news/feature/flavorful-guide-guilds-ravnica-2018-10-03 @ A Flavorful Guide to the Guilds of Ravnica - Boros Legion reviewed source record [INSPECTED_OFFICIAL_WEB]: The reviewed official guide source record identifies Boros as the white-red Ravnica guild and frames the guild around martial justice, honor, and peacekeeping. || WR-F02/boros_legion_claim_004: The 2018 guide presents Aurelia as guildmaster and describes her preference for fighting alongside Boros troops. -> src_wotc_flavorful_guide_guilds_ravnica_2018 https://magic.wizards.com/en/news/feature/flavorful-guide-guilds-ravnica-2018-10-03 @ A Flavorful Guide to the Guilds of Ravnica - Boros Legion reviewed source record [INSPECTED_OFFICIAL_WEB]: The reviewed official guide source record presents Aurelia as guildmaster and as a leader who fights alongside Boros troops. || WR-F03/boros_legion_claim_007: Boros placement support should require protection, public duty, teamwork, and accountable action rather than generic white-red aggression. -> src_wotc_flavorful_guide_guilds_ravnica_2018 https://magic.wizards.com/en/news/feature/flavorful-guide-guilds-ravnica-2018-10-03 @ A Flavorful Guide to the Guilds of Ravnica - Boros Legion reviewed source record [INSPECTED_OFFICIAL_WEB]: Boros peacekeeping, law enforcement, and military organization support protection and public duty as placement requirements. || src_wotc_guilds_ravnica_mechanics_2018 https://magic.wizards.com/en/news/feature/guilds-ravnica-mechanics-2018-09-04 @ Guilds of Ravnica Mechanics - Mentor / Boros reviewed source record [INSPECTED_OFFICIAL_WEB]: Mentor supplies mechanic-specific support for team-based Boros expression, not generic solitary aggression. || WR-F04/boros_legion_claim_012: Battalion is Boros-side mechanics evidence for coordinated group attack and unit cohesion. -> src_wotc_gatecrash_boros_lore_2013 https://magic.wizards.com/en/news/feature/boros-legion @ The Boros Legion - reviewed source record [SOURCE_INTAKE_REQUIRED]: The reviewed Gatecrash Boros source record defines Battalion as Boros mechanics evidence; unsupported Radiance language is not retained.","NOT_APPLICABLE","WR-F01; WR-F02; WR-F03; WR-F04","The exact printed flavor line is the card-side fact. It supports only the named facet IDs where the line itself, not card color/type/product membership, supplies the stated echo.","DIRECT_FACT_PLUS_SUPPORTED_INTERPRETATION","Exact card text is verified, but Public use is limited to this validated voice relationship. Mardu and mono-Red also coordinate attacks; Boros requires public duty, teamwork, and accountable martial action.","src_wotc_flavorful_guide_guilds_ravnica_2018: https://magic.wizards.com/en/news/feature/flavorful-guide-guilds-ravnica-2018-10-03; src_wotc_guilds_ravnica_mechanics_2018: https://magic.wizards.com/en/news/feature/guilds-ravnica-mechanics-2018-09-04; src_wotc_gatecrash_boros_lore_2013: https://magic.wizards.com/en/news/feature/boros-legion","2","""Keep up with me, comrades, or I cannot guarantee you a fair share of the fracas."" -> WR-F01: Boros is the white-red guild of Ravnica, framed around martial justice, honor, and peacekeeping. | WR-F02: The 2018 guide presents Aurelia as guildmaster and describes her preference for fighting alongside Boros troops. | WR-F03: Boros placement support should require protection, public duty, teamwork, and accountable action rather than generic white-red aggression. | WR-F04: Battalion is Boros-side mechanics evidence for coordinated group attack and unit cohesion. -> Boros Strike-Captain's exact excerpt provides a bounded voice echo of a Boros commander explicitly addressing comrades through coordinated front-line action.","NONE_IDENTIFIED","PASS_VERIFIED_CARD_AND_CURRENT_TEXT","PASS_ROUTED_UNDERLYING_EVIDENCE","PASS_BOUNDED_CARD_TO_FACET_BRIDGE","NO_MATERIAL_TILE_MODAL_ECHO","LEGITIMATE_SHARED_CONCEPT","NO_DELETION_INDICATED","NO_SWAP_INDICATED","ADDITIVE_IDENTITY_INTERPRETATION","NO_MATERIAL_FACET_COLLAPSE","NO_MATERIAL_OVERCLAIM","FORMULAIC_BUT_READABLE","NO_CHANGE_INDICATED",""
"SOUND-WR-2-cardvoice_vm558_wr_cf5bf1ef_e40b_4fb5_8148_d4ca7a307501","WR","Boros Legion","SOUND","2","Boros Battleshaper","Exact card voice","Leaders shape the minds of their allies. It takes a master to shape the minds of enemies.","","What this card's voice reveals about Boros Legion","The line distinguishes ordinary leadership from mastery that shapes both allied resolve and enemy action.","Creature — Minotaur Soldier","6c43e449-acf2-4e94-b7cf-8c84d70191da","cf5bf1ef-e40b-4fb5-8148-d4ca7a307501","dgm","58","cardvoice_vm558_wr_cf5bf1ef_e40b_4fb5_8148_d4ca7a307501","NATIVE_FIGURE_OR_LOCATION","boros_legion_claim_001; boros_legion_claim_004; boros_legion_claim_007; boros_legion_claim_012","src_wotc_flavorful_guide_guilds_ravnica_2018; src_wotc_guilds_ravnica_mechanics_2018; src_wotc_gatecrash_boros_lore_2013","data/scryfall/raw/oracle-cards.json#id=6c43e449-acf2-4e94-b7cf-8c84d70191da","Creature — Minotaur Soldier | At the beginning of each combat, up to one target creature attacks or blocks this combat if able and up to one target creature can't attack or block this combat. | Leaders shape the minds of their allies. It takes a master to shape the minds of enemies.","WR-F01/boros_legion_claim_001: Boros is the white-red guild of Ravnica, framed around martial justice, honor, and peacekeeping. -> src_wotc_flavorful_guide_guilds_ravnica_2018 https://magic.wizards.com/en/news/feature/flavorful-guide-guilds-ravnica-2018-10-03 @ A Flavorful Guide to the Guilds of Ravnica - Boros Legion reviewed source record [INSPECTED_OFFICIAL_WEB]: The reviewed official guide source record identifies Boros as the white-red Ravnica guild and frames the guild around martial justice, honor, and peacekeeping. || WR-F02/boros_legion_claim_004: The 2018 guide presents Aurelia as guildmaster and describes her preference for fighting alongside Boros troops. -> src_wotc_flavorful_guide_guilds_ravnica_2018 https://magic.wizards.com/en/news/feature/flavorful-guide-guilds-ravnica-2018-10-03 @ A Flavorful Guide to the Guilds of Ravnica - Boros Legion reviewed source record [INSPECTED_OFFICIAL_WEB]: The reviewed official guide source record presents Aurelia as guildmaster and as a leader who fights alongside Boros troops. || WR-F03/boros_legion_claim_007: Boros placement support should require protection, public duty, teamwork, and accountable action rather than generic white-red aggression. -> src_wotc_flavorful_guide_guilds_ravnica_2018 https://magic.wizards.com/en/news/feature/flavorful-guide-guilds-ravnica-2018-10-03 @ A Flavorful Guide to the Guilds of Ravnica - Boros Legion reviewed source record [INSPECTED_OFFICIAL_WEB]: Boros peacekeeping, law enforcement, and military organization support protection and public duty as placement requirements. || src_wotc_guilds_ravnica_mechanics_2018 https://magic.wizards.com/en/news/feature/guilds-ravnica-mechanics-2018-09-04 @ Guilds of Ravnica Mechanics - Mentor / Boros reviewed source record [INSPECTED_OFFICIAL_WEB]: Mentor supplies mechanic-specific support for team-based Boros expression, not generic solitary aggression. || WR-F04/boros_legion_claim_012: Battalion is Boros-side mechanics evidence for coordinated group attack and unit cohesion. -> src_wotc_gatecrash_boros_lore_2013 https://magic.wizards.com/en/news/feature/boros-legion @ The Boros Legion - reviewed source record [SOURCE_INTAKE_REQUIRED]: The reviewed Gatecrash Boros source record defines Battalion as Boros mechanics evidence; unsupported Radiance language is not retained.","NOT_APPLICABLE","WR-F01; WR-F02; WR-F03; WR-F04","The exact printed flavor line is the card-side fact. It supports only the named facet IDs where the line itself, not card color/type/product membership, supplies the stated echo.","DIRECT_FACT_PLUS_SUPPORTED_INTERPRETATION","Owner-approved complementary card voice. Public use remains limited to this exact printing and bounded identity relationship; it does not prove placement, play style, or identity from card color, mechanics, tags, or product membership.","src_wotc_flavorful_guide_guilds_ravnica_2018: https://magic.wizards.com/en/news/feature/flavorful-guide-guilds-ravnica-2018-10-03; src_wotc_guilds_ravnica_mechanics_2018: https://magic.wizards.com/en/news/feature/guilds-ravnica-mechanics-2018-09-04; src_wotc_gatecrash_boros_lore_2013: https://magic.wizards.com/en/news/feature/boros-legion","2","Leaders shape the minds of their allies. It takes a master to shape the minds of enemies. -> WR-F01: Boros is the white-red guild of Ravnica, framed around martial justice, honor, and peacekeeping. | WR-F02: The 2018 guide presents Aurelia as guildmaster and describes her preference for fighting alongside Boros troops. | WR-F03: Boros placement support should require protection, public duty, teamwork, and accountable action rather than generic white-red aggression. | WR-F04: Battalion is Boros-side mechanics evidence for coordinated group attack and unit cohesion. -> Boros Battleshaper gives Boros a second voice of accountable martial command.","NONE_IDENTIFIED","PASS_VERIFIED_CARD_AND_CURRENT_TEXT","PASS_ROUTED_UNDERLYING_EVIDENCE","PASS_BOUNDED_CARD_TO_FACET_BRIDGE","NO_MATERIAL_TILE_MODAL_ECHO","LEGITIMATE_SHARED_CONCEPT","NO_DELETION_INDICATED","NO_SWAP_INDICATED","ADDITIVE_IDENTITY_INTERPRETATION","NO_MATERIAL_FACET_COLLAPSE","NO_MATERIAL_OVERCLAIM","NATURAL_ENOUGH_AS_WRITTEN","NO_CHANGE_INDICATED",""
"PLAY-WR-1-cardrel_wr_0f5a3a09","WR","Boros Legion","PLAY","1","Aurelia, the Warleader","Why it fits in play","She is the definitive Boros Guildmaster, focused on overwhelming the opponent through sheer military force.","Extra Combats; Aggro","Why Aurelia, the Warleader helps explain Boros Legion in play","At the table, Aurelia, the Warleader carries that card action into this reading's larger plan: coordinated pressure, righteous retaliation, and visible action.","Legendary Creature — Angel","bc6ffc1c-575b-4116-83c9-d13b29886c35","0f5a3a09-2f07-4774-9e0f-e99d9a444166","fdn","651","cardrel_wr_0f5a3a09","NATIVE_IDENTITY_ANCHOR","boros_legion_claim_004; boros_legion_claim_009; boros_legion_claim_026","src_wotc_flavorful_guide_guilds_ravnica_2018; src_ravnica_novel_2005; src_wotc_gatecrash_boros_lore_2013; src_wotc_guilds_ravnica_mechanics_2018","data/scryfall/raw/oracle-cards.json#id=bc6ffc1c-575b-4116-83c9-d13b29886c35","Legendary Creature — Angel | Flying, vigilance, haste
Whenever Aurelia attacks for the first time each turn, untap all creatures you control. After this phase, there is an additional combat phase. | Where Razia was aloof and untouchable, Aurelia is on the frontlines, calling for war.","WR-F02/boros_legion_claim_004: The 2018 guide presents Aurelia as guildmaster and describes her preference for fighting alongside Boros troops. -> src_wotc_flavorful_guide_guilds_ravnica_2018 https://magic.wizards.com/en/news/feature/flavorful-guide-guilds-ravnica-2018-10-03 @ A Flavorful Guide to the Guilds of Ravnica - Boros Legion reviewed source record [INSPECTED_OFFICIAL_WEB]: The reviewed official guide source record presents Aurelia as guildmaster and as a leader who fights alongside Boros troops. || WR-F05/boros_legion_claim_009: Leadership transitioned from Razia to the angel Feather (Pierakor), and later to Aurelia. -> src_ravnica_novel_2005 Ravnica: City of Guilds - reviewed source record @ Ravnica: City of Guilds - reviewed source record [UNINSPECTED_SOURCE_RECORD]: The reviewed novel source record supports early Boros leadership-transition context around Razia and Feather/Pierakor. || src_wotc_gatecrash_boros_lore_2013 https://magic.wizards.com/en/news/feature/boros-legion @ The Boros Legion - reviewed source record [SOURCE_INTAKE_REQUIRED]: The reviewed Gatecrash Boros source record supports the later transition context leading to Aurelia. || WR-F06/boros_legion_claim_026: Mature Boros expression is disciplined, accountable protection carried with a public team rather than solitary heroics or generic aggression. -> src_wotc_flavorful_guide_guilds_ravnica_2018 https://magic.wizards.com/en/news/feature/flavorful-guide-guilds-ravnica-2018-10-03 @ A Flavorful Guide to the Guilds of Ravnica - Boros Legion reviewed source record [INSPECTED_OFFICIAL_WEB]: Boros-side support: Mature Boros expression is disciplined, accountable protection carried with a public team rather than solitary heroics or generic aggression. || src_wotc_guilds_ravnica_mechanics_2018 https://magic.wizards.com/en/news/feature/guilds-ravnica-mechanics-2018-09-04 @ Guilds of Ravnica Mechanics - Mentor / Boros reviewed source record [INSPECTED_OFFICIAL_WEB]: Boros-side support: Mature Boros expression is disciplined, accountable protection carried with a public team rather than solitary heroics or generic aggression. || src_wotc_gatecrash_boros_lore_2013 https://magic.wizards.com/en/news/feature/boros-legion @ The Boros Legion - reviewed source record [SOURCE_INTAKE_REQUIRED]: Boros-side support: Mature Boros expression is disciplined, accountable protection carried with a public team rather than solitary heroics or generic aggression.","Flying, vigilance, haste
Whenever Aurelia attacks for the first time each turn, untap all creatures you control. After this phase, there is an additional combat phase.","WR-F02; WR-F05; WR-F06","The committed Oracle text is the gameplay-side fact. It supports only the named facet IDs where the visible rationale accurately describes that behavior and makes the identity connection explicit.","DIRECT_FACT_PLUS_SUPPORTED_INTERPRETATION","Discovery-only story-corpus claims removed from this support chain during Gate 3. Commander/card/product material remains auxiliary and is not authoritative Boros semantic proof. You prefer a slow, reactive deck or don't enjoy the combat phase.","src_wotc_flavorful_guide_guilds_ravnica_2018: https://magic.wizards.com/en/news/feature/flavorful-guide-guilds-ravnica-2018-10-03; src_ravnica_novel_2005: Ravnica: City of Guilds - reviewed source record; src_wotc_gatecrash_boros_lore_2013: https://magic.wizards.com/en/news/feature/boros-legion; src_wotc_guilds_ravnica_mechanics_2018: https://magic.wizards.com/en/news/feature/guilds-ravnica-mechanics-2018-09-04","2","Flying, vigilance, haste
Whenever Aurelia attacks for the first time each turn, untap all creatures you control. After this phase, there is an additional combat phase. -> WR-F02: The 2018 guide presents Aurelia as guildmaster and describes her preference for fighting alongside Boros troops. | WR-F05: Leadership transitioned from Razia to the angel Feather (Pierakor), and later to Aurelia. | WR-F06: Mature Boros expression is disciplined, accountable protection carried with a public team rather than solitary heroics or generic aggression. -> The preserved Commander guidance sentence is the direct relationship assertion. Certified claim IDs establish the identity-side boundary; the committed Scryfall index establishes only the named card facts. Owner review must confirm that the sentence does not overstate that bridge.","NONE_IDENTIFIED","PASS_VERIFIED_CARD_AND_CURRENT_TEXT","PASS_ROUTED_UNDERLYING_EVIDENCE","PASS_BOUNDED_CARD_TO_FACET_BRIDGE","IDENTITY_LOCAL_MODAL_REPETITION","GENERIC_TEMPLATE_REUSE","NO_DELETION_INDICATED","NO_SWAP_INDICATED","MODAL_REDUNDANT","NO_MATERIAL_FACET_COLLAPSE","UNBOUNDED_EVALUATIVE_LANGUAGE","TEMPLATE_REPETITION","REMEDIATION_LIKELY","Multiple Play cards for this identity receive the same modal takeaway after only the card name changes."
"PLAY-WR-3-cardrel_wr_ae6f21a2","WR","Boros Legion","PLAY","3","Tajic, Legion's Edge","Why it fits in play","A low-cost commander that protects your team from damage and encourages offensive growth.","Aggro; Protection; Mentor","Why Tajic, Legion's Edge helps explain Boros Legion in play","At the table, Tajic, Legion's Edge carries that card action into this reading's larger plan: coordinated pressure, righteous retaliation, and visible action.","Legendary Creature — Human Soldier","45c4c3b3-be18-4d74-99d8-f137498673d7","ae6f21a2-e6b6-4793-8343-e27310c0bea1","rvr","231","cardrel_wr_ae6f21a2","NATIVE_IDENTITY_ANCHOR","boros_legion_claim_006; boros_legion_claim_026","src_wotc_guilds_ravnica_mechanics_2018; src_wotc_flavorful_guide_guilds_ravnica_2018; src_wotc_gatecrash_boros_lore_2013","data/scryfall/raw/oracle-cards.json#id=45c4c3b3-be18-4d74-99d8-f137498673d7","Legendary Creature — Human Soldier | Haste
Mentor (Whenever this creature attacks, put a +1/+1 counter on target attacking creature with lesser power.)
Prevent all noncombat damage that would be dealt to other creatures you control.
{R}{W}: Tajic gains first strike until end of turn. | ","WR-F07/boros_legion_claim_006: Mentor is the Guilds of Ravnica signature mechanic associated with Boros. -> src_wotc_guilds_ravnica_mechanics_2018 https://magic.wizards.com/en/news/feature/guilds-ravnica-mechanics-2018-09-04 @ Guilds of Ravnica Mechanics - Mentor / Boros reviewed source record [INSPECTED_OFFICIAL_WEB]: The reviewed official mechanics source record identifies Mentor as the Guilds of Ravnica mechanic associated with Boros. || WR-F06/boros_legion_claim_026: Mature Boros expression is disciplined, accountable protection carried with a public team rather than solitary heroics or generic aggression. -> src_wotc_flavorful_guide_guilds_ravnica_2018 https://magic.wizards.com/en/news/feature/flavorful-guide-guilds-ravnica-2018-10-03 @ A Flavorful Guide to the Guilds of Ravnica - Boros Legion reviewed source record [INSPECTED_OFFICIAL_WEB]: Boros-side support: Mature Boros expression is disciplined, accountable protection carried with a public team rather than solitary heroics or generic aggression. || src_wotc_guilds_ravnica_mechanics_2018 https://magic.wizards.com/en/news/feature/guilds-ravnica-mechanics-2018-09-04 @ Guilds of Ravnica Mechanics - Mentor / Boros reviewed source record [INSPECTED_OFFICIAL_WEB]: Boros-side support: Mature Boros expression is disciplined, accountable protection carried with a public team rather than solitary heroics or generic aggression. || src_wotc_gatecrash_boros_lore_2013 https://magic.wizards.com/en/news/feature/boros-legion @ The Boros Legion - reviewed source record [SOURCE_INTAKE_REQUIRED]: Boros-side support: Mature Boros expression is disciplined, accountable protection carried with a public team rather than solitary heroics or generic aggression.","Haste
Mentor (Whenever this creature attacks, put a +1/+1 counter on target attacking creature with lesser power.)
Prevent all noncombat damage that would be dealt to other creatures you control.
{R}{W}: Tajic gains first strike until end of turn.","WR-F07; WR-F06","The committed Oracle text is the gameplay-side fact. It supports only the named facet IDs where the visible rationale accurately describes that behavior and makes the identity connection explicit.","DIRECT_FACT_PLUS_SUPPORTED_INTERPRETATION","Tajic is retained only as auxiliary Commander/card support, not as authoritative key-figure proof. Commander/card/product material remains auxiliary and is not authoritative Boros semantic proof. You are playing against decks with lots of targeted 'destroy' effects rather than 'damage' effects.","src_wotc_guilds_ravnica_mechanics_2018: https://magic.wizards.com/en/news/feature/guilds-ravnica-mechanics-2018-09-04; src_wotc_flavorful_guide_guilds_ravnica_2018: https://magic.wizards.com/en/news/feature/flavorful-guide-guilds-ravnica-2018-10-03; src_wotc_gatecrash_boros_lore_2013: https://magic.wizards.com/en/news/feature/boros-legion","2","Haste
Mentor (Whenever this creature attacks, put a +1/+1 counter on target attacking creature with lesser power.)
Prevent all noncombat damage that would be dealt to other creatures you control.
{R}{W}: Tajic gains first strike until end of turn. -> WR-F07: Mentor is the Guilds of Ravnica signature mechanic associated with Boros. | WR-F06: Mature Boros expression is disciplined, accountable protection carried with a public team rather than solitary heroics or generic aggression. -> The preserved Commander guidance sentence is the direct relationship assertion. Certified claim IDs establish the identity-side boundary; the committed Scryfall index establishes only the named card facts. Owner review must confirm that the sentence does not overstate that bridge.","NONE_IDENTIFIED","PASS_VERIFIED_CARD_AND_CURRENT_TEXT","PASS_ROUTED_UNDERLYING_EVIDENCE","PASS_BOUNDED_CARD_TO_FACET_BRIDGE","IDENTITY_LOCAL_MODAL_REPETITION","GENERIC_TEMPLATE_REUSE","NO_DELETION_INDICATED","NO_SWAP_INDICATED","MODAL_REDUNDANT","NO_MATERIAL_FACET_COLLAPSE","NO_MATERIAL_OVERCLAIM","TEMPLATE_REPETITION","REMEDIATION_LIKELY","Multiple Play cards for this identity receive the same modal takeaway after only the card name changes."
"PLAY-WR-4-cardrel_wr_aa219936","WR","Boros Legion","PLAY","4","Feather, the Redeemed","Why it fits in play","A unique Boros 'spellslinger' engine that turns single-target buffs into recurring value.","Spellslinger; Voltron","Why Feather, the Redeemed helps explain Boros Legion in play","At the table, Feather, the Redeemed carries that card action into this reading's larger plan: coordinated pressure, righteous retaliation, and visible action.","Legendary Creature — Angel","e4a2d2c6-8eaa-4760-b620-921b807baa2e","aa219936-661b-4ccb-8741-78b70cff2b1a","war","197","cardrel_wr_aa219936","NATIVE_IDENTITY_ANCHOR","boros_legion_claim_009","src_ravnica_novel_2005; src_wotc_gatecrash_boros_lore_2013","data/scryfall/raw/oracle-cards.json#id=e4a2d2c6-8eaa-4760-b620-921b807baa2e","Legendary Creature — Angel | Flying
Whenever you cast an instant or sorcery spell that targets a creature you control, exile that card instead of putting it into your graveyard as it resolves. If you do, return it to your hand at the beginning of the next end step. | ","WR-F05/boros_legion_claim_009: Leadership transitioned from Razia to the angel Feather (Pierakor), and later to Aurelia. -> src_ravnica_novel_2005 Ravnica: City of Guilds - reviewed source record @ Ravnica: City of Guilds - reviewed source record [UNINSPECTED_SOURCE_RECORD]: The reviewed novel source record supports early Boros leadership-transition context around Razia and Feather/Pierakor. || src_wotc_gatecrash_boros_lore_2013 https://magic.wizards.com/en/news/feature/boros-legion @ The Boros Legion - reviewed source record [SOURCE_INTAKE_REQUIRED]: The reviewed Gatecrash Boros source record supports the later transition context leading to Aurelia.","Flying
Whenever you cast an instant or sorcery spell that targets a creature you control, exile that card instead of putting it into your graveyard as it resolves. If you do, return it to your hand at the beginning of the next end step.","WR-F05","The committed Oracle text is the gameplay-side fact. It supports only the named facet IDs where the visible rationale accurately describes that behavior and makes the identity connection explicit.","DIRECT_FACT_PLUS_SUPPORTED_INTERPRETATION","Feather is retained only through bounded leadership-transition support; story-corpus claims removed. Commander/card/product material remains auxiliary and is not authoritative Boros semantic proof. You dislike tracking many triggers per turn.","src_ravnica_novel_2005: Ravnica: City of Guilds - reviewed source record; src_wotc_gatecrash_boros_lore_2013: https://magic.wizards.com/en/news/feature/boros-legion","0","Flying
Whenever you cast an instant or sorcery spell that targets a creature you control, exile that card instead of putting it into your graveyard as it resolves. If you do, return it to your hand at the beginning of the next end step. -> WR-F05: Leadership transitioned from Razia to the angel Feather (Pierakor), and later to Aurelia. -> The preserved Commander guidance sentence is the direct relationship assertion. Certified claim IDs establish the identity-side boundary; the committed Scryfall index establishes only the named card facts. Owner review must confirm that the sentence does not overstate that bridge.","BROKEN_BOROS_ROUTE_NECESSARY_FOR_ONLY_ROUTED_FACET","PASS_VERIFIED_CARD_AND_CURRENT_TEXT","SOURCE_INTAKE_REQUIRED_FOR_FEATHER_BOROS_LINEAGE","BROKEN_BOROS_ROUTE_NECESSARY_FOR_ONLY_ROUTED_FACET","IDENTITY_LOCAL_MODAL_REPETITION","GENERIC_TEMPLATE_REUSE","NO_DELETION_INDICATED","NO_SWAP_INDICATED","MODAL_REDUNDANT","NO_MATERIAL_FACET_COLLAPSE","NO_MATERIAL_OVERCLAIM","TEMPLATE_REPETITION","SOURCE_INTAKE_REQUIRED","The only routed facet for this row is the Razia–Feather–Aurelia leadership transition. The inspected 2018 Boros guide independently establishes Razia and Aurelia but does not establish Feather; the unavailable Boros Legion route is therefore necessary for this card-specific identity bridge."
"SOUND-UG-1-cardvoice_ug_69fd4ddf_9ed8_4c56_bef3_9944daf05e4f","UG","Simic Combine","SOUND","1","Coiling Oracle","Exact card voice","Snaking remnants of nature directed by a body of thought and progress, the oracles embody all that is Simic.","","What this card's voice reveals about Simic Combine","The line presents Simic as nature directed by thought and progress.","Creature — Snake Elf Druid","559ff1b1-018c-4e08-9531-8af20af47d05","69fd4ddf-9ed8-4c56-bef3-9944daf05e4f","rvr","172","cardvoice_ug_69fd4ddf_9ed8_4c56_bef3_9944daf05e4f","EXPLICIT_IDENTITY_REFERENCE","simic_combine_claim_001; simic_combine_claim_002; simic_combine_claim_007","src_wotc_flavorful_guide_ravnica_allegiance_2019; src_wotc_ravnica_allegiance_mechanics_2018","data/scryfall/raw/oracle-cards.json#id=559ff1b1-018c-4e08-9531-8af20af47d05","Creature — Snake Elf Druid | When this creature enters, reveal the top card of your library. If it's a land card, put it onto the battlefield. Otherwise, put that card into your hand. | Snaking remnants of nature directed by a body of thought and progress, the oracles embody all that is Simic.","UG-F01/simic_combine_claim_001: Simic is the green-blue guild of Ravnica, associated with biological research, adaptation, medicine, and experimental improvement. -> src_wotc_flavorful_guide_ravnica_allegiance_2019 https://magic.wizards.com/en/news/feature/flavorful-guide-guilds-ravnica-allegiance-2019-02-07 @ A Flavorful Guide to the Guilds of Ravnica Allegiance - Simic section, reviewed source lines 132-140 [INSPECTED_OFFICIAL_WEB]: The official Simic overview supports the green-blue Ravnican guild identity and ties Simic to biological research, adaptation, medicine, and improvement of nature. || UG-F02/simic_combine_claim_002: The guide frames Simic philosophy through the Holdfast and the Upwelling: rooted natural connection and constant improvement. -> src_wotc_flavorful_guide_ravnica_allegiance_2019 https://magic.wizards.com/en/news/feature/flavorful-guide-guilds-ravnica-allegiance-2019-02-07 @ A Flavorful Guide to the Guilds of Ravnica Allegiance - Simic section, reviewed source lines 132-140 [INSPECTED_OFFICIAL_WEB]: The official Simic overview describes the Holdfast as connection to nature and the Upwelling as continual improvement and renewal. || UG-F03/simic_combine_claim_007: Simic placement signals should require living-system adaptation, biological improvement, public-health or clade research, or managed biological experimentation rather than generic UG value, ramp, card draw, counters, tempo, midrange, or mechanics alone. -> src_wotc_flavorful_guide_ravnica_allegiance_2019 https://magic.wizards.com/en/news/feature/flavorful-guide-guilds-ravnica-allegiance-2019-02-07 @ A Flavorful Guide to the Guilds of Ravnica Allegiance - Simic section, reviewed source lines 132-140 [INSPECTED_OFFICIAL_WEB]: The official Simic overview supplies the biology, adaptation, medicine, clade research, and improvement cluster used for placement synthesis. || src_wotc_ravnica_allegiance_mechanics_2018 https://magic.wizards.com/en/news/feature/ravnica-allegiance-mechanics @ Ravnica Allegiance Mechanics - Adapt / Simic section, reviewed source lines 120-128 [INSPECTED_OFFICIAL_WEB]: Adapt supports only bounded Simic mechanics texture; it does not make all counters, ramp, card draw, tempo, or UG value authoritative Simic proof by itself.","NOT_APPLICABLE","UG-F01; UG-F02; UG-F03","The exact printed flavor line is the card-side fact. It supports only the named facet IDs where the line itself, not card color/type/product membership, supplies the stated echo.","DIRECT_FACT_PLUS_SUPPORTED_INTERPRETATION","Exact card text is verified, but Public use is limited to this validated voice relationship. Quandrix and generic Blue-Green also join nature and intellect; the explicit Simic biological-improvement context supplies the bridge.","src_wotc_flavorful_guide_ravnica_allegiance_2019: https://magic.wizards.com/en/news/feature/flavorful-guide-guilds-ravnica-allegiance-2019-02-07; src_wotc_ravnica_allegiance_mechanics_2018: https://magic.wizards.com/en/news/feature/ravnica-allegiance-mechanics","2","Snaking remnants of nature directed by a body of thought and progress, the oracles embody all that is Simic. -> UG-F01: Simic is the green-blue guild of Ravnica, associated with biological research, adaptation, medicine, and experimental improvement. | UG-F02: The guide frames Simic philosophy through the Holdfast and the Upwelling: rooted natural connection and constant improvement. | UG-F03: Simic placement signals should require living-system adaptation, biological improvement, public-health or clade research, or managed biological experimentation rather than generic UG value, ramp, card draw, counters, tempo, midrange, or mechanics alone. -> Coiling Oracle's exact excerpt provides a bounded voice echo of Simic named directly as nature directed by thought and progress.","NONE_IDENTIFIED","PASS_VERIFIED_CARD_AND_CURRENT_TEXT","PASS_ROUTED_UNDERLYING_EVIDENCE","PASS_BOUNDED_CARD_TO_FACET_BRIDGE","HIGH_TILE_MODAL_TOKEN_ECHO","LEGITIMATE_SHARED_CONCEPT","NO_DELETION_INDICATED","NO_SWAP_INDICATED","MODAL_REDUNDANT","NO_MATERIAL_FACET_COLLAPSE","NO_MATERIAL_OVERCLAIM","FORMULAIC_BUT_READABLE","REMEDIATION_LIKELY",""
"SOUND-UG-2-cardvoice_vm558_ug_3da604fc_68e9_4749_98f9_6fbcebcab9b6","UG","Simic Combine","SOUND","2","Bioshift","Exact card voice","""It's all right if you change your mind. There's always a chance we can rearrange parts later."" —Zija, Simic mutationist","","What this card's voice reveals about Simic Combine","The mutationist treats body design as revisable work, capturing Simic adaptation as an ongoing experiment rather than a finished ideal.","Instant","6e18f7a9-2af6-467a-8f62-5f7da83a3c92","3da604fc-68e9-4749-98f9-6fbcebcab9b6","gtc","214","cardvoice_vm558_ug_3da604fc_68e9_4749_98f9_6fbcebcab9b6","CERTIFIED_SEMANTIC_ECHO","simic_combine_claim_001; simic_combine_claim_002; simic_combine_claim_007","src_wotc_flavorful_guide_ravnica_allegiance_2019; src_wotc_ravnica_allegiance_mechanics_2018","data/scryfall/raw/oracle-cards.json#id=6e18f7a9-2af6-467a-8f62-5f7da83a3c92","Instant | Move any number of +1/+1 counters from target creature onto another target creature with the same controller. | ""It's all right if you change your mind. There's always a chance we can rearrange parts later.""
—Zija, Simic mutationist","UG-F01/simic_combine_claim_001: Simic is the green-blue guild of Ravnica, associated with biological research, adaptation, medicine, and experimental improvement. -> src_wotc_flavorful_guide_ravnica_allegiance_2019 https://magic.wizards.com/en/news/feature/flavorful-guide-guilds-ravnica-allegiance-2019-02-07 @ A Flavorful Guide to the Guilds of Ravnica Allegiance - Simic section, reviewed source lines 132-140 [INSPECTED_OFFICIAL_WEB]: The official Simic overview supports the green-blue Ravnican guild identity and ties Simic to biological research, adaptation, medicine, and improvement of nature. || UG-F02/simic_combine_claim_002: The guide frames Simic philosophy through the Holdfast and the Upwelling: rooted natural connection and constant improvement. -> src_wotc_flavorful_guide_ravnica_allegiance_2019 https://magic.wizards.com/en/news/feature/flavorful-guide-guilds-ravnica-allegiance-2019-02-07 @ A Flavorful Guide to the Guilds of Ravnica Allegiance - Simic section, reviewed source lines 132-140 [INSPECTED_OFFICIAL_WEB]: The official Simic overview describes the Holdfast as connection to nature and the Upwelling as continual improvement and renewal. || UG-F03/simic_combine_claim_007: Simic placement signals should require living-system adaptation, biological improvement, public-health or clade research, or managed biological experimentation rather than generic UG value, ramp, card draw, counters, tempo, midrange, or mechanics alone. -> src_wotc_flavorful_guide_ravnica_allegiance_2019 https://magic.wizards.com/en/news/feature/flavorful-guide-guilds-ravnica-allegiance-2019-02-07 @ A Flavorful Guide to the Guilds of Ravnica Allegiance - Simic section, reviewed source lines 132-140 [INSPECTED_OFFICIAL_WEB]: The official Simic overview supplies the biology, adaptation, medicine, clade research, and improvement cluster used for placement synthesis. || src_wotc_ravnica_allegiance_mechanics_2018 https://magic.wizards.com/en/news/feature/ravnica-allegiance-mechanics @ Ravnica Allegiance Mechanics - Adapt / Simic section, reviewed source lines 120-128 [INSPECTED_OFFICIAL_WEB]: Adapt supports only bounded Simic mechanics texture; it does not make all counters, ramp, card draw, tempo, or UG value authoritative Simic proof by itself.","NOT_APPLICABLE","UG-F01; UG-F02; UG-F03","The exact printed flavor line is the card-side fact. It supports only the named facet IDs where the line itself, not card color/type/product membership, supplies the stated echo.","SUPPORTED_INTERPRETATION","Owner-approved complementary card voice. Public use remains limited to this exact printing and bounded identity relationship; it does not prove placement, play style, or identity from card color, mechanics, tags, or product membership.","src_wotc_flavorful_guide_ravnica_allegiance_2019: https://magic.wizards.com/en/news/feature/flavorful-guide-guilds-ravnica-allegiance-2019-02-07; src_wotc_ravnica_allegiance_mechanics_2018: https://magic.wizards.com/en/news/feature/ravnica-allegiance-mechanics","2","""It's all right if you change your mind. There's always a chance we can rearrange parts later."" —Zija, Simic mutationist -> UG-F01: Simic is the green-blue guild of Ravnica, associated with biological research, adaptation, medicine, and experimental improvement. | UG-F02: The guide frames Simic philosophy through the Holdfast and the Upwelling: rooted natural connection and constant improvement. | UG-F03: Simic placement signals should require living-system adaptation, biological improvement, public-health or clade research, or managed biological experimentation rather than generic UG value, ramp, card draw, counters, tempo, midrange, or mechanics alone. -> Bioshift gives Simic a second voice of iterative biological optimization.","NONE_IDENTIFIED","PASS_VERIFIED_CARD_AND_CURRENT_TEXT","PASS_ROUTED_UNDERLYING_EVIDENCE","PASS_BOUNDED_CARD_TO_FACET_BRIDGE","NO_MATERIAL_TILE_MODAL_ECHO","LEGITIMATE_SHARED_CONCEPT","NO_DELETION_INDICATED","NO_SWAP_INDICATED","ADDITIVE_IDENTITY_INTERPRETATION","NO_MATERIAL_FACET_COLLAPSE","NO_MATERIAL_OVERCLAIM","NATURAL_ENOUGH_AS_WRITTEN","NO_CHANGE_INDICATED",""
"PLAY-UG-1-cardrel_ug_311e9368","UG","Simic Combine","PLAY","1","Prime Speaker Zegana","Why it fits in play","Prime Speaker Zegana appears because the certified Simic record identifies her as the former Prime Speaker associated with Utopian incremental change.","Big Creatures; Card Draw; Counters","Why Prime Speaker Zegana helps explain Simic Combine in play","At the table, Prime Speaker Zegana carries that card action into this reading's larger plan: incremental growth, biological scaling, and threats that outgrow old answers.","Legendary Creature — Merfolk Wizard","d2f007b0-b578-44f8-be65-cd9e2ac56e09","311e9368-696a-47e7-aa2f-3ef1b1a92e2b","fdn","664","cardrel_ug_311e9368","NATIVE_IDENTITY_ANCHOR","simic_combine_claim_005; simic_combine_claim_006; simic_combine_claim_0018","src_wotc_flavorful_guide_ravnica_allegiance_2019; src_wotc_ravnica_allegiance_mechanics_2018","data/scryfall/raw/oracle-cards.json#id=d2f007b0-b578-44f8-be65-cd9e2ac56e09","Legendary Creature — Merfolk Wizard | Prime Speaker Zegana enters with X +1/+1 counters on it, where X is the greatest power among other creatures you control.
When Prime Speaker Zegana enters, draw cards equal to its power. | ","UG-F04/simic_combine_claim_005: The 2019 guide presents Prime Speaker Vannifar as current Prime Speaker after Zegana and contrasts Zegana's Utopian incrementalism with Vannifar's Adaptionist radical change. -> src_wotc_flavorful_guide_ravnica_allegiance_2019 https://magic.wizards.com/en/news/feature/flavorful-guide-guilds-ravnica-allegiance-2019-02-07 @ A Flavorful Guide to the Guilds of Ravnica Allegiance - Simic section, reviewed source lines 132-140 [INSPECTED_OFFICIAL_WEB]: The official Simic overview is used for Vannifar as current Prime Speaker after Zegana and for the bounded Utopian/Adaptionist leadership contrast. || UG-F05/simic_combine_claim_006: Adapt is the Ravnica Allegiance signature mechanic associated with Simic. -> src_wotc_ravnica_allegiance_mechanics_2018 https://magic.wizards.com/en/news/feature/ravnica-allegiance-mechanics @ Ravnica Allegiance Mechanics - Adapt / Simic section, reviewed source lines 120-128 [INSPECTED_OFFICIAL_WEB]: The official mechanics article is used only for Adapt as the Ravnica Allegiance Simic mechanic and for its +1/+1 counter execution. || UG-F06/simic_combine_claim_0018: Simic motivation is source-bounded as improving living systems through study, medicine, adaptation, and iterative biological change while still starting from a connection to nature. -> src_wotc_flavorful_guide_ravnica_allegiance_2019 https://magic.wizards.com/en/news/feature/flavorful-guide-guilds-ravnica-allegiance-2019-02-07 @ A Flavorful Guide to the Guilds of Ravnica Allegiance - Simic section, reviewed source lines 132-140 [INSPECTED_OFFICIAL_WEB]: The official Simic overview supplies connection to nature, medicine, public health, biological research, clades, and continual improvement as the placement-motivation cluster. || src_wotc_ravnica_allegiance_mechanics_2018 https://magic.wizards.com/en/news/feature/ravnica-allegiance-mechanics @ Ravnica Allegiance Mechanics - Adapt / Simic section, reviewed source lines 120-128 [INSPECTED_OFFICIAL_WEB]: The official Adapt article supports improvement through bounded creature adaptation and is used only as mechanics texture for living-system change.","Prime Speaker Zegana enters with X +1/+1 counters on it, where X is the greatest power among other creatures you control.
When Prime Speaker Zegana enters, draw cards equal to its power.","UG-F04; UG-F05; UG-F06","The committed Oracle text is the gameplay-side fact. It supports only the named facet IDs where the visible rationale accurately describes that behavior and makes the identity connection explicit.","DIRECT_FACT_PLUS_SUPPORTED_INTERPRETATION","Skip if you want a low-curve commander or a deck that does not rely on having another large creature first.","src_wotc_flavorful_guide_ravnica_allegiance_2019: https://magic.wizards.com/en/news/feature/flavorful-guide-guilds-ravnica-allegiance-2019-02-07; src_wotc_ravnica_allegiance_mechanics_2018: https://magic.wizards.com/en/news/feature/ravnica-allegiance-mechanics","2","Prime Speaker Zegana enters with X +1/+1 counters on it, where X is the greatest power among other creatures you control.
When Prime Speaker Zegana enters, draw cards equal to its power. -> UG-F04: The 2019 guide presents Prime Speaker Vannifar as current Prime Speaker after Zegana and contrasts Zegana's Utopian incrementalism with Vannifar's Adaptionist radical change. | UG-F05: Adapt is the Ravnica Allegiance signature mechanic associated with Simic. | UG-F06: Simic motivation is source-bounded as improving living systems through study, medicine, adaptation, and iterative biological change while still starting from a connection to nature. -> The draft narrows the internal Commander guidance to the direct native figure relationship stated by the cited substantive claim. It deliberately makes no gameplay, player-motivation, or personality inference.","IDENTITY_ROLE_FACT_WITHOUT_PLAY_PATTERN","PASS_VERIFIED_CARD_AND_CURRENT_TEXT","PASS_ROUTED_UNDERLYING_EVIDENCE","IDENTITY_ROLE_FACT_WITHOUT_PLAY_PATTERN","NO_MATERIAL_TILE_MODAL_ECHO","NO_MATERIAL_CROSS_CARD_REPETITION","NO_DELETION_INDICATED","NO_SWAP_INDICATED","PLAY_SECTION_TILE_DOES_NOT_EXPLAIN_CARD_PLAY","NO_MATERIAL_FACET_COLLAPSE","NO_MATERIAL_OVERCLAIM","INTERNAL_OR_AUDIT_LANGUAGE","REMEDIATION_LIKELY","The tile establishes Zegana's Simic office and philosophy but omits the card behavior promised by the Play section."
"SOUND-SILVERQUILL-1-cardvoice_silverquill_f88eeb04_4b8e_4c76_a8c6_90887b94d518","SILVERQUILL","Silverquill College","SOUND","1","Beaming Defiance","Exact card voice","""I've lived too long in my father's shadow. It's time to find my own light.""
—Killian, Silverquill mage-student","","What this card's voice reveals about Silverquill College","The line presents a Silverquill student using language of shadow, light, self-definition, and visible presence.","Instant","7e22411c-11c1-4770-8491-7952dd406e01","f88eeb04-4b8e-4c76-a8c6-90887b94d518","stx","9","cardvoice_silverquill_f88eeb04_4b8e_4c76_a8c6_90887b94d518","EXPLICIT_IDENTITY_REFERENCE","silverquill_claim_0019; silverquill_claim_0020; silverquill_claim_0021","src_wotc_planeswalkers_guide_strixhaven_2021; src_wotc_planeswalkers_guide_secrets_strixhaven_2026","data/scryfall/raw/oracle-cards.json#id=7e22411c-11c1-4770-8491-7952dd406e01","Instant | Target creature you control gets +2/+2 and gains hexproof until end of turn. (It can't be the target of spells or abilities your opponents control.) | ""I've lived too long in my father's shadow. It's time to find my own light.""
—Killian, Silverquill mage-student","SILVERQUILL-F01/silverquill_claim_0019: Silverquill positive placement evidence may treat language as action when an answer centers spoken, written, signed, or ink-and-light expression as the tool that changes a social situation. -> src_wotc_planeswalkers_guide_strixhaven_2021 https://magic.wizards.com/en/articles/archive/feature/planeswalkers-guide-strixhaven-2021-04-01 @ Planeswalker's Guide to Strixhaven ? Silverquill college overview [INSPECTED_OFFICIAL_WEB]: The 2021 and 2026 official Silverquill overviews establish word magic and spoken/written/signed expression as the college method; Vox Mana uses that as placement evidence when language is the active tool. || src_wotc_planeswalkers_guide_secrets_strixhaven_2026 https://magic.wizards.com/en/news/magic-story/planeswalkers-guide-to-secrets-of-strixhaven @ Planeswalker's Guide to Secrets of Strixhaven ? Silverquill college overview [INSPECTED_OFFICIAL_WEB]: The 2021 and 2026 official Silverquill overviews establish word magic and spoken/written/signed expression as the college method; Vox Mana uses that as placement evidence when language is the active tool. || SILVERQUILL-F02/silverquill_claim_0020: Silverquill?s bounded internal placement tension is whether eloquence functions as responsible leadership and uplift or as intimidation, competition, and status pressure. -> src_wotc_planeswalkers_guide_strixhaven_2021 https://magic.wizards.com/en/articles/archive/feature/planeswalkers-guide-strixhaven-2021-04-01 @ Planeswalker's Guide to Strixhaven ? Silverquill college overview [INSPECTED_OFFICIAL_WEB]: Official Silverquill evidence combines word magic and leadership with intimidation, drive, and competition; Vox Mana constrains this into an uplift-versus-pressure placement tension. || src_wotc_planeswalkers_guide_secrets_strixhaven_2026 https://magic.wizards.com/en/news/magic-story/planeswalkers-guide-to-secrets-of-strixhaven @ Planeswalker's Guide to Secrets of Strixhaven ? Silverquill college overview [INSPECTED_OFFICIAL_WEB]: Official Silverquill evidence combines word magic and leadership with intimidation, drive, and competition; Vox Mana constrains this into an uplift-versus-pressure placement tension. || SILVERQUILL-F03/silverquill_claim_0021: Mature Silverquill expression uses precise language, leadership presence, and awareness of power relationships to clarify, persuade, or lead without reducing the college to generic manipulation. -> src_wotc_planeswalkers_guide_strixhaven_2021 https://magic.wizards.com/en/articles/archive/feature/planeswalkers-guide-strixhaven-2021-04-01 @ Planeswalker's Guide to Strixhaven ? Silverquill college overview [INSPECTED_OFFICIAL_WEB]: Official Silverquill evidence supports word magic, leadership presence, and language-related social disciplines; Vox Mana treats precise, aware influence as mature placement expression. || src_wotc_planeswalkers_guide_secrets_strixhaven_2026 https://magic.wizards.com/en/news/magic-story/planeswalkers-guide-to-secrets-of-strixhaven @ Planeswalker's Guide to Secrets of Strixhaven ? Silverquill college overview [INSPECTED_OFFICIAL_WEB]: Official Silverquill evidence supports word magic, leadership presence, and language-related social disciplines; Vox Mana treats precise, aware influence as mature placement expression.","NOT_APPLICABLE","SILVERQUILL-F01; SILVERQUILL-F02; SILVERQUILL-F03","The exact printed flavor line is the card-side fact. It supports only the named facet IDs where the line itself, not card color/type/product membership, supplies the stated echo.","DIRECT_FACT_PLUS_SUPPORTED_INTERPRETATION","Exact card text is verified, but Public use is limited to this validated voice relationship. Prismari and mono-White can also value expression or confidence; Silverquill requires word/social influence and power-awareness rather than art alone.","src_wotc_planeswalkers_guide_strixhaven_2021: https://magic.wizards.com/en/articles/archive/feature/planeswalkers-guide-strixhaven-2021-04-01; src_wotc_planeswalkers_guide_secrets_strixhaven_2026: https://magic.wizards.com/en/news/magic-story/planeswalkers-guide-to-secrets-of-strixhaven","2","""I've lived too long in my father's shadow. It's time to find my own light.""
—Killian, Silverquill mage-student -> SILVERQUILL-F01: Silverquill positive placement evidence may treat language as action when an answer centers spoken, written, signed, or ink-and-light expression as the tool that changes a social situation. | SILVERQUILL-F02: Silverquill?s bounded internal placement tension is whether eloquence functions as responsible leadership and uplift or as intimidation, competition, and status pressure. | SILVERQUILL-F03: Mature Silverquill expression uses precise language, leadership presence, and awareness of power relationships to clarify, persuade, or lead without reducing the college to generic manipulation. -> Beaming Defiance's exact excerpt provides a bounded voice echo of a Silverquill student using language of shadow, light, self-definition, and visible presence.","NONE_IDENTIFIED","PASS_VERIFIED_CARD_AND_CURRENT_TEXT","PASS_ROUTED_UNDERLYING_EVIDENCE","PASS_BOUNDED_CARD_TO_FACET_BRIDGE","NO_MATERIAL_TILE_MODAL_ECHO","LEGITIMATE_SHARED_CONCEPT","NO_DELETION_INDICATED","NO_SWAP_INDICATED","ADDITIVE_IDENTITY_INTERPRETATION","NO_MATERIAL_FACET_COLLAPSE","NO_MATERIAL_OVERCLAIM","FORMULAIC_BUT_READABLE","NO_CHANGE_INDICATED",""
"SOUND-SILVERQUILL-2-cardvoice_vm558_silverquill_901eb916_f318_4a30_a43e_8e7f9eef358b","SILVERQUILL","Silverquill College","SOUND","2","Clever Lumimancer","Exact card voice","""You're too dim to realize it, but you've already lost.""","","What this card's voice reveals about Silverquill College","The insult declares the contest over before the opponent recognizes it, making Silverquill language feel like visible social force.","Creature — Human Wizard","69957656-cfdf-4001-8e84-0ef29e4a468d","901eb916-f318-4a30-a43e-8e7f9eef358b","stx","10","cardvoice_vm558_silverquill_901eb916_f318_4a30_a43e_8e7f9eef358b","CERTIFIED_SEMANTIC_ECHO","silverquill_claim_0019; silverquill_claim_0020; silverquill_claim_0021","src_wotc_planeswalkers_guide_strixhaven_2021; src_wotc_planeswalkers_guide_secrets_strixhaven_2026","data/scryfall/raw/oracle-cards.json#id=69957656-cfdf-4001-8e84-0ef29e4a468d","Creature — Human Wizard | Magecraft — Whenever you cast or copy an instant or sorcery spell, this creature gets +2/+2 until end of turn. | ""You're too dim to realize it, but you've already lost.""","SILVERQUILL-F01/silverquill_claim_0019: Silverquill positive placement evidence may treat language as action when an answer centers spoken, written, signed, or ink-and-light expression as the tool that changes a social situation. -> src_wotc_planeswalkers_guide_strixhaven_2021 https://magic.wizards.com/en/articles/archive/feature/planeswalkers-guide-strixhaven-2021-04-01 @ Planeswalker's Guide to Strixhaven ? Silverquill college overview [INSPECTED_OFFICIAL_WEB]: The 2021 and 2026 official Silverquill overviews establish word magic and spoken/written/signed expression as the college method; Vox Mana uses that as placement evidence when language is the active tool. || src_wotc_planeswalkers_guide_secrets_strixhaven_2026 https://magic.wizards.com/en/news/magic-story/planeswalkers-guide-to-secrets-of-strixhaven @ Planeswalker's Guide to Secrets of Strixhaven ? Silverquill college overview [INSPECTED_OFFICIAL_WEB]: The 2021 and 2026 official Silverquill overviews establish word magic and spoken/written/signed expression as the college method; Vox Mana uses that as placement evidence when language is the active tool. || SILVERQUILL-F02/silverquill_claim_0020: Silverquill?s bounded internal placement tension is whether eloquence functions as responsible leadership and uplift or as intimidation, competition, and status pressure. -> src_wotc_planeswalkers_guide_strixhaven_2021 https://magic.wizards.com/en/articles/archive/feature/planeswalkers-guide-strixhaven-2021-04-01 @ Planeswalker's Guide to Strixhaven ? Silverquill college overview [INSPECTED_OFFICIAL_WEB]: Official Silverquill evidence combines word magic and leadership with intimidation, drive, and competition; Vox Mana constrains this into an uplift-versus-pressure placement tension. || src_wotc_planeswalkers_guide_secrets_strixhaven_2026 https://magic.wizards.com/en/news/magic-story/planeswalkers-guide-to-secrets-of-strixhaven @ Planeswalker's Guide to Secrets of Strixhaven ? Silverquill college overview [INSPECTED_OFFICIAL_WEB]: Official Silverquill evidence combines word magic and leadership with intimidation, drive, and competition; Vox Mana constrains this into an uplift-versus-pressure placement tension. || SILVERQUILL-F03/silverquill_claim_0021: Mature Silverquill expression uses precise language, leadership presence, and awareness of power relationships to clarify, persuade, or lead without reducing the college to generic manipulation. -> src_wotc_planeswalkers_guide_strixhaven_2021 https://magic.wizards.com/en/articles/archive/feature/planeswalkers-guide-strixhaven-2021-04-01 @ Planeswalker's Guide to Strixhaven ? Silverquill college overview [INSPECTED_OFFICIAL_WEB]: Official Silverquill evidence supports word magic, leadership presence, and language-related social disciplines; Vox Mana treats precise, aware influence as mature placement expression. || src_wotc_planeswalkers_guide_secrets_strixhaven_2026 https://magic.wizards.com/en/news/magic-story/planeswalkers-guide-to-secrets-of-strixhaven @ Planeswalker's Guide to Secrets of Strixhaven ? Silverquill college overview [INSPECTED_OFFICIAL_WEB]: Official Silverquill evidence supports word magic, leadership presence, and language-related social disciplines; Vox Mana treats precise, aware influence as mature placement expression.","NOT_APPLICABLE","SILVERQUILL-F01; SILVERQUILL-F02; SILVERQUILL-F03","The exact printed flavor line is the card-side fact. It supports only the named facet IDs where the line itself, not card color/type/product membership, supplies the stated echo.","SUPPORTED_INTERPRETATION","Owner-approved complementary card voice. Public use remains limited to this exact printing and bounded identity relationship; it does not prove placement, play style, or identity from card color, mechanics, tags, or product membership.","src_wotc_planeswalkers_guide_strixhaven_2021: https://magic.wizards.com/en/articles/archive/feature/planeswalkers-guide-strixhaven-2021-04-01; src_wotc_planeswalkers_guide_secrets_strixhaven_2026: https://magic.wizards.com/en/news/magic-story/planeswalkers-guide-to-secrets-of-strixhaven","2","""You're too dim to realize it, but you've already lost."" -> SILVERQUILL-F01: Silverquill positive placement evidence may treat language as action when an answer centers spoken, written, signed, or ink-and-light expression as the tool that changes a social situation. | SILVERQUILL-F02: Silverquill?s bounded internal placement tension is whether eloquence functions as responsible leadership and uplift or as intimidation, competition, and status pressure. | SILVERQUILL-F03: Mature Silverquill expression uses precise language, leadership presence, and awareness of power relationships to clarify, persuade, or lead without reducing the college to generic manipulation. -> Clever Lumimancer gives Silverquill a second voice of rhetoric used to intimidate and win status.","NONE_IDENTIFIED","PASS_VERIFIED_CARD_AND_CURRENT_TEXT","PASS_ROUTED_UNDERLYING_EVIDENCE","PASS_BOUNDED_CARD_TO_FACET_BRIDGE","NO_MATERIAL_TILE_MODAL_ECHO","LEGITIMATE_SHARED_CONCEPT","NO_DELETION_INDICATED","NO_SWAP_INDICATED","ADDITIVE_IDENTITY_INTERPRETATION","NO_MATERIAL_FACET_COLLAPSE","NO_MATERIAL_OVERCLAIM","NATURAL_ENOUGH_AS_WRITTEN","NO_CHANGE_INDICATED",""
"PLAY-SILVERQUILL-1-cardrel_auto_silverquill_d11e627b_8a48_411d_a261_2c9a02a758ba","SILVERQUILL","Silverquill College","PLAY","1","Breena, the Demagogue","Why it fits in play","Breena makes social influence change combat: attacks against a leading opponent can reward the attacker with a card while making Breena larger.","","Why Breena, the Demagogue helps explain Silverquill College in play","At the table, Breena, the Demagogue carries that card action into this reading's larger plan: public pressure, sharpened alliances, and words that become damage.","Legendary Creature — Bird Warlock","599f87c8-643e-4224-93a5-853c0bd4e497","d11e627b-8a48-411d-a261-2c9a02a758ba","soc","298","cardrel_auto_silverquill_d11e627b_8a48_411d_a261_2c9a02a758ba","CERTIFIED_BEHAVIORAL_EXAMPLE","silverquill_claim_001; silverquill_claim_006; silverquill_claim_0019","src_wotc_planeswalkers_guide_strixhaven_2021; src_wotc_strixhaven_product_page_2021; src_wotc_planeswalkers_guide_secrets_strixhaven_2026","data/scryfall/raw/oracle-cards.json#id=599f87c8-643e-4224-93a5-853c0bd4e497","Legendary Creature — Bird Warlock | Flying
Whenever a player attacks one of your opponents, if that opponent has more life than another of your opponents, that attacking player draws a card and you put two +1/+1 counters on a creature you control. | ","SILVERQUILL-F04/silverquill_claim_001: Silverquill is Strixhaven's white-black College of Eloquence. -> src_wotc_planeswalkers_guide_strixhaven_2021 https://magic.wizards.com/en/articles/archive/feature/planeswalkers-guide-strixhaven-2021-04-01 @ Planeswalker's Guide to Strixhaven ? Silverquill college overview [INSPECTED_OFFICIAL_WEB]: Official Strixhaven sources identify Silverquill as the white-black College of Eloquence. || src_wotc_strixhaven_product_page_2021 https://magic.wizards.com/en/products/strixhaven @ Strixhaven: School of Mages ? college product overview [INSPECTED_OFFICIAL_WEB]: Official Strixhaven sources identify Silverquill as the white-black College of Eloquence. || SILVERQUILL-F05/silverquill_claim_006: Silverquill placement signals should weight rhetorical precision, leadership presence, reputation, influence, and awareness that words change power relationships. -> src_wotc_planeswalkers_guide_strixhaven_2021 https://magic.wizards.com/en/articles/archive/feature/planeswalkers-guide-strixhaven-2021-04-01 @ Planeswalker's Guide to Strixhaven ? Silverquill college overview [INSPECTED_OFFICIAL_WEB]: Official Silverquill identity, word-magic method, leadership/intimidation framing, and study-area evidence support Vox Mana placement weighting toward rhetorical precision, influence, reputation, and words changing power relationships. || src_wotc_planeswalkers_guide_secrets_strixhaven_2026 https://magic.wizards.com/en/news/magic-story/planeswalkers-guide-to-secrets-of-strixhaven @ Planeswalker's Guide to Secrets of Strixhaven ? Silverquill college overview [INSPECTED_OFFICIAL_WEB]: Official Silverquill identity, word-magic method, leadership/intimidation framing, and study-area evidence support Vox Mana placement weighting toward rhetorical precision, influence, reputation, and words changing power relationships. || SILVERQUILL-F01/silverquill_claim_0019: Silverquill positive placement evidence may treat language as action when an answer centers spoken, written, signed, or ink-and-light expression as the tool that changes a social situation. -> src_wotc_planeswalkers_guide_strixhaven_2021 https://magic.wizards.com/en/articles/archive/feature/planeswalkers-guide-strixhaven-2021-04-01 @ Planeswalker's Guide to Strixhaven ? Silverquill college overview [INSPECTED_OFFICIAL_WEB]: The 2021 and 2026 official Silverquill overviews establish word magic and spoken/written/signed expression as the college method; Vox Mana uses that as placement evidence when language is the active tool. || src_wotc_planeswalkers_guide_secrets_strixhaven_2026 https://magic.wizards.com/en/news/magic-story/planeswalkers-guide-to-secrets-of-strixhaven @ Planeswalker's Guide to Secrets of Strixhaven ? Silverquill college overview [INSPECTED_OFFICIAL_WEB]: The 2021 and 2026 official Silverquill overviews establish word magic and spoken/written/signed expression as the college method; Vox Mana uses that as placement evidence when language is the active tool.","Flying
Whenever a player attacks one of your opponents, if that opponent has more life than another of your opponents, that attacking player draws a card and you put two +1/+1 counters on a creature you control.","SILVERQUILL-F04; SILVERQUILL-F05; SILVERQUILL-F01","The committed Oracle text is the gameplay-side fact. It supports only the named facet IDs where the visible rationale accurately describes that behavior and makes the identity connection explicit.","SUPPORTED_INTERPRETATION","A bounded card example validated against certified identity claims and canonical card text. It does not prove player motivation, placement, or identity from color, mechanic, tag, or product membership.","src_wotc_planeswalkers_guide_strixhaven_2021: https://magic.wizards.com/en/articles/archive/feature/planeswalkers-guide-strixhaven-2021-04-01; src_wotc_strixhaven_product_page_2021: https://magic.wizards.com/en/products/strixhaven; src_wotc_planeswalkers_guide_secrets_strixhaven_2026: https://magic.wizards.com/en/news/magic-story/planeswalkers-guide-to-secrets-of-strixhaven","3","Flying
Whenever a player attacks one of your opponents, if that opponent has more life than another of your opponents, that attacking player draws a card and you put two +1/+1 counters on a creature you control. -> SILVERQUILL-F04: Silverquill is Strixhaven's white-black College of Eloquence. | SILVERQUILL-F05: Silverquill placement signals should weight rhetorical precision, leadership presence, reputation, influence, and awareness that words change power relationships. | SILVERQUILL-F01: Silverquill positive placement evidence may treat language as action when an answer centers spoken, written, signed, or ink-and-light expression as the tool that changes a social situation. -> Automatically approved only because the certified identity claims, canonical card observation, bounded bridge, false-positive analysis, and neighbor analysis all pass the shared validator.","NONE_IDENTIFIED","PASS_VERIFIED_CARD_AND_CURRENT_TEXT","PASS_ROUTED_UNDERLYING_EVIDENCE","PASS_BOUNDED_CARD_TO_FACET_BRIDGE","GENERIC_IDENTITY_LANGUAGE_WITHOUT_NEW_CARD_SPECIFIC_INSIGHT","NO_MATERIAL_CROSS_CARD_REPETITION","NO_DELETION_INDICATED","NO_SWAP_INDICATED","MODAL_REDUNDANT","NO_MATERIAL_FACET_COLLAPSE","NO_MATERIAL_OVERCLAIM","SHARED_COMPOSER_FRAME","REMEDIATION_LIKELY","The modal adds a general identity plan but does not deepen why this particular card teaches that facet beyond the already-visible tile."
"SOUND-PRISMARI-1-cardvoice_prismari_47ee6837_2e2f_4344_ab9f_6b8887874f77","PRISMARI","Prismari College","SOUND","1","Colorstorm Stallion","Exact card voice","Prismari students are never afraid to let their imaginations run wild.","","What this card's voice reveals about Prismari College","The line presents Prismari students through imagination allowed to run wild.","Creature — Elemental Horse","f5b54d46-2caf-4d1b-8be1-dbd9e9dce058","47ee6837-2e2f-4344-ab9f-6b8887874f77","sos","180","cardvoice_prismari_47ee6837_2e2f_4344_ab9f_6b8887874f77","EXPLICIT_IDENTITY_REFERENCE","prismari_claim_002; prismari_claim_004; prismari_claim_006","src_wotc_planeswalkers_guide_strixhaven_2021; src_wotc_planeswalkers_guide_secrets_strixhaven_2026","data/scryfall/raw/oracle-cards.json#id=f5b54d46-2caf-4d1b-8be1-dbd9e9dce058","Creature — Elemental Horse | Ward {1}, haste
Opus — Whenever you cast an instant or sorcery spell, this creature gets +1/+1 until end of turn. If five or more mana was spent to cast that spell, create a token that's a copy of this creature. | Prismari students are never afraid to let their imaginations run wild.","PRISMARI-F01/prismari_claim_002: The 2021 guide says Prismari mages see no difference between magic and art. -> src_wotc_planeswalkers_guide_strixhaven_2021 https://magic.wizards.com/en/articles/archive/feature/planeswalkers-guide-strixhaven-2021-04-01 @ Prismari College [INSPECTED_OFFICIAL_WEB]: The guide states that Prismari mages see magic and art as inseparable. || PRISMARI-F02/prismari_claim_004: The 2021 guide frames Prismari's blue side around training, study, visualization, technique, and artistic theory, while its red side emphasizes passion and expression. -> src_wotc_planeswalkers_guide_strixhaven_2021 https://magic.wizards.com/en/articles/archive/feature/planeswalkers-guide-strixhaven-2021-04-01 @ The Dichotomy of Prismari - Blue and Red [INSPECTED_OFFICIAL_WEB]: The guide contrasts blue training, study, visualization, technique, and theory with red passion and expression. || PRISMARI-F03/prismari_claim_006: Prismari placement signals should weight expression, dramatic transformation, technique under emotion, and the need to make an answer felt. -> src_wotc_planeswalkers_guide_strixhaven_2021 https://magic.wizards.com/en/articles/archive/feature/planeswalkers-guide-strixhaven-2021-04-01 @ Prismari College and Dichotomy of Prismari [INSPECTED_OFFICIAL_WEB]: Official identity evidence joins art, elemental expression, technique, and passion. || src_wotc_planeswalkers_guide_secrets_strixhaven_2026 https://magic.wizards.com/en/news/magic-story/planeswalkers-guide-to-secrets-of-strixhaven @ Prismari - The College of Elemental Arts [INSPECTED_OFFICIAL_WEB]: Official study-area evidence grounds art, performance, elemental theory, and psychology as placement-relevant dimensions.","NOT_APPLICABLE","PRISMARI-F01; PRISMARI-F02; PRISMARI-F03","The exact printed flavor line is the card-side fact. It supports only the named facet IDs where the line itself, not card color/type/product membership, supplies the stated echo.","DIRECT_FACT_PLUS_SUPPORTED_INTERPRETATION","Exact card text is verified, but Public use is limited to this validated voice relationship. Izzet, Quandrix, and Red can also value imagination or experimentation; the explicit Prismari student reference and art-as-magic authority provide the bounded relationship.","src_wotc_planeswalkers_guide_strixhaven_2021: https://magic.wizards.com/en/articles/archive/feature/planeswalkers-guide-strixhaven-2021-04-01; src_wotc_planeswalkers_guide_secrets_strixhaven_2026: https://magic.wizards.com/en/news/magic-story/planeswalkers-guide-to-secrets-of-strixhaven","2","Prismari students are never afraid to let their imaginations run wild. -> PRISMARI-F01: The 2021 guide says Prismari mages see no difference between magic and art. | PRISMARI-F02: The 2021 guide frames Prismari's blue side around training, study, visualization, technique, and artistic theory, while its red side emphasizes passion and expression. | PRISMARI-F03: Prismari placement signals should weight expression, dramatic transformation, technique under emotion, and the need to make an answer felt. -> Colorstorm Stallion's exact excerpt provides a bounded voice echo of Prismari students named directly through imagination allowed to run wild.","NONE_IDENTIFIED","PASS_VERIFIED_CARD_AND_CURRENT_TEXT","PASS_ROUTED_UNDERLYING_EVIDENCE","PASS_BOUNDED_CARD_TO_FACET_BRIDGE","NO_MATERIAL_TILE_MODAL_ECHO","LEGITIMATE_SHARED_CONCEPT","NO_DELETION_INDICATED","NO_SWAP_INDICATED","ADDITIVE_IDENTITY_INTERPRETATION","NO_MATERIAL_FACET_COLLAPSE","NO_MATERIAL_OVERCLAIM","FORMULAIC_BUT_READABLE","NO_CHANGE_INDICATED",""
"SOUND-PRISMARI-2-cardvoice_vm558_prismari_d4e124af_d335_4c42_b60a_fe578f69f7ed","PRISMARI","Prismari College","SOUND","2","Culmination of Studies","Exact card voice","Will's quick thinking meshed with Rowan's raw power to bring down the Blood Avatar.","","What this card's voice reveals about Prismari College","The line brings Will's quick thinking and Rowan's raw power together, making Prismari sound like technique and passion becoming one performance.","Sorcery","2483060e-9d3f-48ae-80ea-0119bf6b4d67","d4e124af-d335-4c42-b60a-fe578f69f7ed","stx","173","cardvoice_vm558_prismari_d4e124af_d335_4c42_b60a_fe578f69f7ed","CERTIFIED_SEMANTIC_ECHO","prismari_claim_002; prismari_claim_004; prismari_claim_006","src_wotc_planeswalkers_guide_strixhaven_2021; src_wotc_planeswalkers_guide_secrets_strixhaven_2026","data/scryfall/raw/oracle-cards.json#id=2483060e-9d3f-48ae-80ea-0119bf6b4d67","Sorcery | Exile the top X cards of your library. For each land card exiled this way, create a Treasure token. For each blue card exiled this way, draw a card. For each red card exiled this way, Culmination of Studies deals 1 damage to each opponent. | Will's quick thinking meshed with Rowan's raw power to bring down the Blood Avatar.","PRISMARI-F01/prismari_claim_002: The 2021 guide says Prismari mages see no difference between magic and art. -> src_wotc_planeswalkers_guide_strixhaven_2021 https://magic.wizards.com/en/articles/archive/feature/planeswalkers-guide-strixhaven-2021-04-01 @ Prismari College [INSPECTED_OFFICIAL_WEB]: The guide states that Prismari mages see magic and art as inseparable. || PRISMARI-F02/prismari_claim_004: The 2021 guide frames Prismari's blue side around training, study, visualization, technique, and artistic theory, while its red side emphasizes passion and expression. -> src_wotc_planeswalkers_guide_strixhaven_2021 https://magic.wizards.com/en/articles/archive/feature/planeswalkers-guide-strixhaven-2021-04-01 @ The Dichotomy of Prismari - Blue and Red [INSPECTED_OFFICIAL_WEB]: The guide contrasts blue training, study, visualization, technique, and theory with red passion and expression. || PRISMARI-F03/prismari_claim_006: Prismari placement signals should weight expression, dramatic transformation, technique under emotion, and the need to make an answer felt. -> src_wotc_planeswalkers_guide_strixhaven_2021 https://magic.wizards.com/en/articles/archive/feature/planeswalkers-guide-strixhaven-2021-04-01 @ Prismari College and Dichotomy of Prismari [INSPECTED_OFFICIAL_WEB]: Official identity evidence joins art, elemental expression, technique, and passion. || src_wotc_planeswalkers_guide_secrets_strixhaven_2026 https://magic.wizards.com/en/news/magic-story/planeswalkers-guide-to-secrets-of-strixhaven @ Prismari - The College of Elemental Arts [INSPECTED_OFFICIAL_WEB]: Official study-area evidence grounds art, performance, elemental theory, and psychology as placement-relevant dimensions.","NOT_APPLICABLE","PRISMARI-F01; PRISMARI-F02; PRISMARI-F03","The exact printed flavor line is the card-side fact. It supports only the named facet IDs where the line itself, not card color/type/product membership, supplies the stated echo.","SUPPORTED_INTERPRETATION","Owner-approved complementary card voice. Public use remains limited to this exact printing and bounded identity relationship; it does not prove placement, play style, or identity from card color, mechanics, tags, or product membership.","src_wotc_planeswalkers_guide_strixhaven_2021: https://magic.wizards.com/en/articles/archive/feature/planeswalkers-guide-strixhaven-2021-04-01; src_wotc_planeswalkers_guide_secrets_strixhaven_2026: https://magic.wizards.com/en/news/magic-story/planeswalkers-guide-to-secrets-of-strixhaven","2","Will's quick thinking meshed with Rowan's raw power to bring down the Blood Avatar. -> PRISMARI-F01: The 2021 guide says Prismari mages see no difference between magic and art. | PRISMARI-F02: The 2021 guide frames Prismari's blue side around training, study, visualization, technique, and artistic theory, while its red side emphasizes passion and expression. | PRISMARI-F03: Prismari placement signals should weight expression, dramatic transformation, technique under emotion, and the need to make an answer felt. -> Culmination of Studies gives Prismari a second voice of disciplined craft carrying expressive force.","NONE_IDENTIFIED","PASS_VERIFIED_CARD_AND_CURRENT_TEXT","PASS_ROUTED_UNDERLYING_EVIDENCE","PASS_BOUNDED_CARD_TO_FACET_BRIDGE","NO_MATERIAL_TILE_MODAL_ECHO","LEGITIMATE_SHARED_CONCEPT","NO_DELETION_INDICATED","NO_SWAP_INDICATED","ADDITIVE_IDENTITY_INTERPRETATION","NO_MATERIAL_FACET_COLLAPSE","NO_MATERIAL_OVERCLAIM","NATURAL_ENOUGH_AS_WRITTEN","NO_CHANGE_INDICATED",""
"PLAY-PRISMARI-1-cardrel_auto_prismari_348c67ef_9ccc_4651_9038_efdf1ad1b36a","PRISMARI","Prismari College","PLAY","1","Rootha, Mastering the Moment","Why it fits in play","Rootha turns an instant or sorcery into a visible elemental performance by creating a flying, hasty Elemental whose size follows that spell's mana value.","","Why Rootha, Mastering the Moment helps explain Prismari College in play","At the table, Rootha, Mastering the Moment carries that card action into this reading's larger plan: performance pressure, elemental swing turns, and spells that announce themselves.","Legendary Creature — Orc Sorcerer","a5b3dbb2-c090-4118-9e47-56c16202572c","348c67ef-9ccc-4651-9038-efdf1ad1b36a","soc","8","cardrel_auto_prismari_348c67ef_9ccc_4651_9038_efdf1ad1b36a","CERTIFIED_BEHAVIORAL_EXAMPLE","prismari_claim_002; prismari_claim_003; prismari_claim_006; prismari_claim_0017","src_wotc_planeswalkers_guide_strixhaven_2021; src_wotc_planeswalkers_guide_secrets_strixhaven_2026; src_wotc_secrets_strixhaven_commander_decklists_20260401","data/scryfall/raw/oracle-cards.json#id=a5b3dbb2-c090-4118-9e47-56c16202572c","Legendary Creature — Orc Sorcerer | At the beginning of combat on your turn, if you've cast an instant or sorcery spell this turn, create an X/X blue and red Elemental creature token with flying and haste, where X is the greatest mana value among instant and sorcery spells you've cast this turn. | ""The great thrill of perfection is that we'll always be chasing it.""","PRISMARI-F01/prismari_claim_002: The 2021 guide says Prismari mages see no difference between magic and art. -> src_wotc_planeswalkers_guide_strixhaven_2021 https://magic.wizards.com/en/articles/archive/feature/planeswalkers-guide-strixhaven-2021-04-01 @ Prismari College [INSPECTED_OFFICIAL_WEB]: The guide states that Prismari mages see magic and art as inseparable. || PRISMARI-F04/prismari_claim_003: The 2021 guide describes Prismari spells as spectacles of raw creativity using elemental forces such as fire, ice, water, wind, stone, lightning, heat, cold, and more. -> src_wotc_planeswalkers_guide_strixhaven_2021 https://magic.wizards.com/en/articles/archive/feature/planeswalkers-guide-strixhaven-2021-04-01 @ Prismari College [INSPECTED_OFFICIAL_WEB]: The guide describes Prismari spells as raw creative spectacles using multiple elemental forces. || PRISMARI-F03/prismari_claim_006: Prismari placement signals should weight expression, dramatic transformation, technique under emotion, and the need to make an answer felt. -> src_wotc_planeswalkers_guide_strixhaven_2021 https://magic.wizards.com/en/articles/archive/feature/planeswalkers-guide-strixhaven-2021-04-01 @ Prismari College and Dichotomy of Prismari [INSPECTED_OFFICIAL_WEB]: Official identity evidence joins art, elemental expression, technique, and passion. || src_wotc_planeswalkers_guide_secrets_strixhaven_2026 https://magic.wizards.com/en/news/magic-story/planeswalkers-guide-to-secrets-of-strixhaven @ Prismari - The College of Elemental Arts [INSPECTED_OFFICIAL_WEB]: Official study-area evidence grounds art, performance, elemental theory, and psychology as placement-relevant dimensions. || PRISMARI-F05/prismari_claim_0017: The official Secrets of Strixhaven Commander Decklists page verifies Prismari Artistry as a Blue-Red Commander deck with Rootha, Mastering the Moment as face commander and Muddle, the Ever-Changing as featured commander. -> src_wotc_secrets_strixhaven_commander_decklists_20260401 https://magic.wizards.com/en/news/announcements/secrets-of-strixhaven-commander-decklists @ ANCHOR_NOT_RECORDED [INSPECTED_OFFICIAL_WEB]: The official Secrets of Strixhaven Commander Decklists page verifies Prismari Artistry as a Blue-Red Commander deck with Rootha, Mastering the Moment as face commander and Muddle, the Ever-Changing as featured commander.","At the beginning of combat on your turn, if you've cast an instant or sorcery spell this turn, create an X/X blue and red Elemental creature token with flying and haste, where X is the greatest mana value among instant and sorcery spells you've cast this turn.","PRISMARI-F01; PRISMARI-F04; PRISMARI-F03; PRISMARI-F05","The committed Oracle text is the gameplay-side fact. It supports only the named facet IDs where the visible rationale accurately describes that behavior and makes the identity connection explicit.","SUPPORTED_INTERPRETATION","A bounded card example validated against certified identity claims and canonical card text. It does not prove player motivation, placement, or identity from color, mechanic, tag, or product membership.","src_wotc_planeswalkers_guide_strixhaven_2021: https://magic.wizards.com/en/articles/archive/feature/planeswalkers-guide-strixhaven-2021-04-01; src_wotc_planeswalkers_guide_secrets_strixhaven_2026: https://magic.wizards.com/en/news/magic-story/planeswalkers-guide-to-secrets-of-strixhaven; src_wotc_secrets_strixhaven_commander_decklists_20260401: https://magic.wizards.com/en/news/announcements/secrets-of-strixhaven-commander-decklists","3","At the beginning of combat on your turn, if you've cast an instant or sorcery spell this turn, create an X/X blue and red Elemental creature token with flying and haste, where X is the greatest mana value among instant and sorcery spells you've cast this turn. -> PRISMARI-F01: The 2021 guide says Prismari mages see no difference between magic and art. | PRISMARI-F04: The 2021 guide describes Prismari spells as spectacles of raw creativity using elemental forces such as fire, ice, water, wind, stone, lightning, heat, cold, and more. | PRISMARI-F03: Prismari placement signals should weight expression, dramatic transformation, technique under emotion, and the need to make an answer felt. | PRISMARI-F05: The official Secrets of Strixhaven Commander Decklists page verifies Prismari Artistry as a Blue-Red Commander deck with Rootha, Mastering the Moment as face commander and Muddle, the Ever-Changing as featured commander. -> Automatically approved only because the certified identity claims, canonical card observation, bounded bridge, false-positive analysis, and neighbor analysis all pass the shared validator.","NONE_IDENTIFIED","PASS_VERIFIED_CARD_AND_CURRENT_TEXT","PASS_ROUTED_UNDERLYING_EVIDENCE","PASS_BOUNDED_CARD_TO_FACET_BRIDGE","NO_MATERIAL_TILE_MODAL_ECHO","NO_MATERIAL_CROSS_CARD_REPETITION","NO_DELETION_INDICATED","NO_SWAP_INDICATED","ADDITIVE_IDENTITY_PLAY_CONTEXT","NO_MATERIAL_FACET_COLLAPSE","NO_MATERIAL_OVERCLAIM","SHARED_COMPOSER_FRAME","NO_CHANGE_INDICATED",""
"SOUND-WITHERBLOOM-1-cardvoice_witherbloom_30f3c3be_0fe9_463d_a245_e44701aec7f2","WITHERBLOOM","Witherbloom College","SOUND","1","Blossoming Bogbeast","Exact card voice","As subtle as a bogbeast
—Witherbloom expression meaning ""crude and clumsy""","","What this card's voice reveals about Witherbloom College","This earthy proverb turns a bog creature into everyday Witherbloom shorthand for clumsiness. It reflects a culture whose language is rooted in bodies, living essence, and natural components.","Creature — Beast","764054f1-e848-4cee-b623-4861ce15c370","30f3c3be-0fe9-463d-a245-e44701aec7f2","soc","264","cardvoice_witherbloom_30f3c3be_0fe9_463d_a245_e44701aec7f2","EXPLICIT_IDENTITY_REFERENCE","witherbloom_claim_0018; witherbloom_claim_0019","src_scryfall_oracle_cards_local_strixhaven_20260613; src_wotc_planeswalkers_guide_strixhaven_2021; src_wotc_planeswalkers_guide_secrets_strixhaven_2026","data/scryfall/raw/oracle-cards.json#id=764054f1-e848-4cee-b623-4861ce15c370","Creature — Beast | Whenever this creature attacks, you gain 2 life. Then creatures you control gain trample and get +X/+X until end of turn, where X is the amount of life you gained this turn. | As subtle as a bogbeast
—Witherbloom expression meaning ""crude and clumsy""","WITHERBLOOM-F01/witherbloom_claim_0018: Local Scryfall card data verifies the selected WITHERBLOOM per-card flavor anchors by card name, set, collector number, and Scryfall URI. -> src_scryfall_oracle_cards_local_strixhaven_20260613 data/scryfall/raw/oracle-cards.json @ ANCHOR_NOT_RECORDED [FULL_LOCAL_SOURCE_READ]: Local Scryfall card data verifies the selected WITHERBLOOM per-card flavor anchors by card name, set, collector number, and Scryfall URI. || WITHERBLOOM-F02/witherbloom_claim_0019: Witherbloom identity is practical life/death craft: living essence, natural components, healing, harm, medicine, toxicology, mortuary practice, and other embodied studies matter when they show life and death as usable forces rather than abstract mood. -> src_wotc_planeswalkers_guide_strixhaven_2021 https://magic.wizards.com/en/articles/archive/feature/planeswalkers-guide-strixhaven-2021-04-01 @ Planeswalker's Guide to Strixhaven - Witherbloom college overview [INSPECTED_OFFICIAL_WEB]: Official 2021 evidence supports living essence, natural components, healing, harm, and death-facing magic as Witherbloom methods. || src_wotc_planeswalkers_guide_secrets_strixhaven_2026 https://magic.wizards.com/en/news/magic-story/planeswalkers-guide-to-secrets-of-strixhaven @ Planeswalker's Guide to Secrets of Strixhaven - Witherbloom college overview and study areas [INSPECTED_OFFICIAL_WEB]: Official 2026 evidence supports medicine, biomancy, pathology, toxicology, mortuary science, and necromancy as Witherbloom study areas.","NOT_APPLICABLE","WITHERBLOOM-F01; WITHERBLOOM-F02","The exact printed flavor line is the card-side fact. It supports only the named facet IDs where the line itself, not card color/type/product membership, supplies the stated echo.","DIRECT_FACT_PLUS_SUPPORTED_INTERPRETATION","Public use is limited to this exact Witherbloom-attributed expression. The line is a cultural voice sample, not a complete summary of Witherbloom's life-and-death studies.","src_scryfall_oracle_cards_local_strixhaven_20260613: data/scryfall/raw/oracle-cards.json; src_wotc_planeswalkers_guide_strixhaven_2021: https://magic.wizards.com/en/articles/archive/feature/planeswalkers-guide-strixhaven-2021-04-01; src_wotc_planeswalkers_guide_secrets_strixhaven_2026: https://magic.wizards.com/en/news/magic-story/planeswalkers-guide-to-secrets-of-strixhaven","3","As subtle as a bogbeast
—Witherbloom expression meaning ""crude and clumsy"" -> WITHERBLOOM-F01: Local Scryfall card data verifies the selected WITHERBLOOM per-card flavor anchors by card name, set, collector number, and Scryfall URI. | WITHERBLOOM-F02: Witherbloom identity is practical life/death craft: living essence, natural components, healing, harm, medicine, toxicology, mortuary practice, and other embodied studies matter when they show life and death as usable forces rather than abstract mood. -> The exact creature flavor presents a proverb and explicitly identifies it as a Witherbloom expression.","NONE_IDENTIFIED","PASS_VERIFIED_CARD_AND_CURRENT_TEXT","PASS_ROUTED_UNDERLYING_EVIDENCE","PASS_BOUNDED_CARD_TO_FACET_BRIDGE","NO_MATERIAL_TILE_MODAL_ECHO","LEGITIMATE_SHARED_CONCEPT","NO_DELETION_INDICATED","NO_SWAP_INDICATED","ADDITIVE_IDENTITY_INTERPRETATION","NO_MATERIAL_FACET_COLLAPSE","NO_MATERIAL_OVERCLAIM","NATURAL_ENOUGH_AS_WRITTEN","NO_CHANGE_INDICATED",""
"SOUND-WITHERBLOOM-2-cardvoice_vm558_witherbloom_b831d3f8_07ce_4172_ba29_213cac414c9a","WITHERBLOOM","Witherbloom College","SOUND","2","Deadly Brew","Exact card voice","No one ever asked what was in Dina's concoctions, so long as they worked.","","What this card's voice reveals about Witherbloom College","The line presents Dina's concoctions as practical craft: nobody asks what is in them so long as bodies prove the result.","Sorcery","3e5493c3-0be2-467c-82f0-3ee1ca909d0c","b831d3f8-07ce-4172-ba29-213cac414c9a","soc","303","cardvoice_vm558_witherbloom_b831d3f8_07ce_4172_ba29_213cac414c9a","NATIVE_FIGURE_OR_LOCATION","witherbloom_claim_0018; witherbloom_claim_0019","src_scryfall_oracle_cards_local_strixhaven_20260613; src_wotc_planeswalkers_guide_strixhaven_2021; src_wotc_planeswalkers_guide_secrets_strixhaven_2026","data/scryfall/raw/oracle-cards.json#id=3e5493c3-0be2-467c-82f0-3ee1ca909d0c","Sorcery | Each player sacrifices a creature or planeswalker of their choice. If you sacrificed a permanent this way, you may return another permanent card from your graveyard to your hand. | No one ever asked what was in Dina's concoctions, so long as they worked.","WITHERBLOOM-F01/witherbloom_claim_0018: Local Scryfall card data verifies the selected WITHERBLOOM per-card flavor anchors by card name, set, collector number, and Scryfall URI. -> src_scryfall_oracle_cards_local_strixhaven_20260613 data/scryfall/raw/oracle-cards.json @ ANCHOR_NOT_RECORDED [FULL_LOCAL_SOURCE_READ]: Local Scryfall card data verifies the selected WITHERBLOOM per-card flavor anchors by card name, set, collector number, and Scryfall URI. || WITHERBLOOM-F02/witherbloom_claim_0019: Witherbloom identity is practical life/death craft: living essence, natural components, healing, harm, medicine, toxicology, mortuary practice, and other embodied studies matter when they show life and death as usable forces rather than abstract mood. -> src_wotc_planeswalkers_guide_strixhaven_2021 https://magic.wizards.com/en/articles/archive/feature/planeswalkers-guide-strixhaven-2021-04-01 @ Planeswalker's Guide to Strixhaven - Witherbloom college overview [INSPECTED_OFFICIAL_WEB]: Official 2021 evidence supports living essence, natural components, healing, harm, and death-facing magic as Witherbloom methods. || src_wotc_planeswalkers_guide_secrets_strixhaven_2026 https://magic.wizards.com/en/news/magic-story/planeswalkers-guide-to-secrets-of-strixhaven @ Planeswalker's Guide to Secrets of Strixhaven - Witherbloom college overview and study areas [INSPECTED_OFFICIAL_WEB]: Official 2026 evidence supports medicine, biomancy, pathology, toxicology, mortuary science, and necromancy as Witherbloom study areas.","NOT_APPLICABLE","WITHERBLOOM-F01; WITHERBLOOM-F02","The exact printed flavor line is the card-side fact. It supports only the named facet IDs where the line itself, not card color/type/product membership, supplies the stated echo.","DIRECT_FACT_PLUS_SUPPORTED_INTERPRETATION","Owner-approved complementary card voice. Public use remains limited to this exact printing and bounded identity relationship; it does not prove placement, play style, or identity from card color, mechanics, tags, or product membership.","src_scryfall_oracle_cards_local_strixhaven_20260613: data/scryfall/raw/oracle-cards.json; src_wotc_planeswalkers_guide_strixhaven_2021: https://magic.wizards.com/en/articles/archive/feature/planeswalkers-guide-strixhaven-2021-04-01; src_wotc_planeswalkers_guide_secrets_strixhaven_2026: https://magic.wizards.com/en/news/magic-story/planeswalkers-guide-to-secrets-of-strixhaven","3","No one ever asked what was in Dina's concoctions, so long as they worked. -> WITHERBLOOM-F01: Local Scryfall card data verifies the selected WITHERBLOOM per-card flavor anchors by card name, set, collector number, and Scryfall URI. | WITHERBLOOM-F02: Witherbloom identity is practical life/death craft: living essence, natural components, healing, harm, medicine, toxicology, mortuary practice, and other embodied studies matter when they show life and death as usable forces rather than abstract mood. -> Deadly Brew gives Witherbloom a second voice of applied life-and-death craft.","NONE_IDENTIFIED","PASS_VERIFIED_CARD_AND_CURRENT_TEXT","PASS_ROUTED_UNDERLYING_EVIDENCE","PASS_BOUNDED_CARD_TO_FACET_BRIDGE","NO_MATERIAL_TILE_MODAL_ECHO","LEGITIMATE_SHARED_CONCEPT","NO_DELETION_INDICATED","NO_SWAP_INDICATED","ADDITIVE_IDENTITY_INTERPRETATION","NO_MATERIAL_FACET_COLLAPSE","NO_MATERIAL_OVERCLAIM","FORMULAIC_BUT_READABLE","NO_CHANGE_INDICATED",""
"PLAY-WITHERBLOOM-1-cardrel_auto_witherbloom_f61c1dc4_2f09_4b50_957f_ee656c659072","WITHERBLOOM","Witherbloom College","PLAY","1","Dina, Essence Brewer","Why it fits in play","Dina makes Witherbloom's practical life-and-death exchange visible by turning a sacrificed creature into a card, life, and +1/+1 counters.","","Why Dina, Essence Brewer helps explain Witherbloom College in play","Dina turns a sacrificed creature into a card, life, and growth through +1/+1 counters. That concrete exchange shows Witherbloom treating life and death as usable forces in play. At the table, this can mean metabolic pressure where every gain, loss, and small body feeds the engine.","Legendary Creature — Dryad Druid","9fe237b8-c02c-41ea-9fc4-b771b91d2157","f61c1dc4-2f09-4b50-957f-ee656c659072","soc","1","cardrel_auto_witherbloom_f61c1dc4_2f09_4b50_957f_ee656c659072","CERTIFIED_BEHAVIORAL_EXAMPLE","witherbloom_claim_0019; witherbloom_claim_0022","src_wotc_planeswalkers_guide_strixhaven_2021; src_wotc_planeswalkers_guide_secrets_strixhaven_2026","data/scryfall/raw/oracle-cards.json#id=9fe237b8-c02c-41ea-9fc4-b771b91d2157","Legendary Creature — Dryad Druid | Whenever you sacrifice a creature, draw a card. This ability triggers only once each turn.
{2}, {T}, Sacrifice another creature: You gain X life and put X +1/+1 counters on target creature you control, where X is the sacrificed creature's power. | ","WITHERBLOOM-F02/witherbloom_claim_0019: Witherbloom identity is practical life/death craft: living essence, natural components, healing, harm, medicine, toxicology, mortuary practice, and other embodied studies matter when they show life and death as usable forces rather than abstract mood. -> src_wotc_planeswalkers_guide_strixhaven_2021 https://magic.wizards.com/en/articles/archive/feature/planeswalkers-guide-strixhaven-2021-04-01 @ Planeswalker's Guide to Strixhaven - Witherbloom college overview [INSPECTED_OFFICIAL_WEB]: Official 2021 evidence supports living essence, natural components, healing, harm, and death-facing magic as Witherbloom methods. || src_wotc_planeswalkers_guide_secrets_strixhaven_2026 https://magic.wizards.com/en/news/magic-story/planeswalkers-guide-to-secrets-of-strixhaven @ Planeswalker's Guide to Secrets of Strixhaven - Witherbloom college overview and study areas [INSPECTED_OFFICIAL_WEB]: Official 2026 evidence supports medicine, biomancy, pathology, toxicology, mortuary science, and necromancy as Witherbloom study areas. || WITHERBLOOM-F03/witherbloom_claim_0022: Witherbloom mechanics-facing identity may use life gain, life loss, Pests, sacrifice, healing, harm, and death triggers when those mechanics express biological exchange, living essence, or practical life/death craft. -> src_wotc_planeswalkers_guide_strixhaven_2021 https://magic.wizards.com/en/articles/archive/feature/planeswalkers-guide-strixhaven-2021-04-01 @ Planeswalker's Guide to Strixhaven - Witherbloom college overview [INSPECTED_OFFICIAL_WEB]: Official 2021 evidence supports life/death power, natural components, living essence, healing, harm, and death-facing magic. || src_wotc_planeswalkers_guide_secrets_strixhaven_2026 https://magic.wizards.com/en/news/magic-story/planeswalkers-guide-to-secrets-of-strixhaven @ Planeswalker's Guide to Secrets of Strixhaven - Witherbloom college overview and study areas [INSPECTED_OFFICIAL_WEB]: Official 2026 evidence supports applied life/death study areas that justify mechanics-facing interpretation when tied to biology or essence exchange.","Whenever you sacrifice a creature, draw a card. This ability triggers only once each turn.
{2}, {T}, Sacrifice another creature: You gain X life and put X +1/+1 counters on target creature you control, where X is the sacrificed creature's power.","WITHERBLOOM-F02; WITHERBLOOM-F03","The committed Oracle text is the gameplay-side fact. It supports only the named facet IDs where the visible rationale accurately describes that behavior and makes the identity connection explicit.","SUPPORTED_INTERPRETATION","A bounded card example validated against certified identity claims and canonical card text. It does not prove player motivation, placement, or identity from color, mechanic, tag, or product membership.","src_wotc_planeswalkers_guide_strixhaven_2021: https://magic.wizards.com/en/articles/archive/feature/planeswalkers-guide-strixhaven-2021-04-01; src_wotc_planeswalkers_guide_secrets_strixhaven_2026: https://magic.wizards.com/en/news/magic-story/planeswalkers-guide-to-secrets-of-strixhaven","2","Whenever you sacrifice a creature, draw a card. This ability triggers only once each turn.
{2}, {T}, Sacrifice another creature: You gain X life and put X +1/+1 counters on target creature you control, where X is the sacrificed creature's power. -> WITHERBLOOM-F02: Witherbloom identity is practical life/death craft: living essence, natural components, healing, harm, medicine, toxicology, mortuary practice, and other embodied studies matter when they show life and death as usable forces rather than abstract mood. | WITHERBLOOM-F03: Witherbloom mechanics-facing identity may use life gain, life loss, Pests, sacrifice, healing, harm, and death triggers when those mechanics express biological exchange, living essence, or practical life/death craft. -> Automatically approved only because the certified identity claims, canonical card observation, bounded bridge, false-positive analysis, and neighbor analysis all pass the shared validator.","NONE_IDENTIFIED","PASS_VERIFIED_CARD_AND_CURRENT_TEXT","PASS_ROUTED_UNDERLYING_EVIDENCE","PASS_BOUNDED_CARD_TO_FACET_BRIDGE","NO_MATERIAL_TILE_MODAL_ECHO","NO_MATERIAL_CROSS_CARD_REPETITION","NO_DELETION_INDICATED","NO_SWAP_INDICATED","ADDITIVE_IDENTITY_PLAY_CONTEXT","NO_MATERIAL_FACET_COLLAPSE","NO_MATERIAL_OVERCLAIM","SHARED_COMPOSER_FRAME","NO_CHANGE_INDICATED",""
"SOUND-LOREHOLD-1-cardvoice_lorehold_d34a3b58_a905_4e90_b35c_9f5c21149b04","LOREHOLD","Lorehold College","SOUND","1","Campus Renovation","Exact card voice","Reconstructing the past is Lorehold's specialty.","","What this card's voice reveals about Lorehold College","The line presents Lorehold through reconstructing and actively using the past.","Sorcery","6d925d13-fcd6-417b-b2b2-bbdd114aae78","d34a3b58-a905-4e90-b35c-9f5c21149b04","mat","27","cardvoice_lorehold_d34a3b58_a905_4e90_b35c_9f5c21149b04","EXPLICIT_IDENTITY_REFERENCE","claim_lorehold_placement_0001; claim_lorehold_placement_0002; claim_lorehold_placement_0009","src_lorehold_0002; src_lorehold_0008; src_lorehold_0009; src_lorehold_0010; src_lorehold_0014","data/scryfall/raw/oracle-cards.json#id=6d925d13-fcd6-417b-b2b2-bbdd114aae78","Sorcery | Return up to one target artifact or enchantment card from your graveyard to the battlefield. Exile the top two cards of your library. Until the end of your next turn, you may play those cards. | Reconstructing the past is Lorehold's specialty.","LOREHOLD-F01/claim_lorehold_placement_0001: Lorehold is a strong placement match for people who treat the past as an active tool for discovery, ethical learning, and present-day action. -> src_lorehold_0002 https://magic.wizards.com/en/news/feature/planeswalkers-guide-strixhaven-2021-04-01 @ Planeswalker's Guide to Strixhaven [INSPECTED_OFFICIAL_WEB]: Lorehold is a strong placement match for people who treat the past as an active tool for discovery, ethical learning, and present-day action. || src_lorehold_0008 https://magic.wizards.com/en/news/magic-story/planeswalkers-guide-to-secrets-of-strixhaven @ Planeswalker's Guide to Secrets of Strixhaven [INSPECTED_OFFICIAL_WEB]: Lorehold is a strong placement match for people who treat the past as an active tool for discovery, ethical learning, and present-day action. || src_lorehold_0009 https://magic.wizards.com/en/news/magic-story/the-legends-of-secrets-of-strixhaven @ The Legends of Secrets of Strixhaven [INSPECTED_OFFICIAL_WEB]: Lorehold is a strong placement match for people who treat the past as an active tool for discovery, ethical learning, and present-day action. || LOREHOLD-F02/claim_lorehold_placement_0002: Lorehold placement should balance archival/preservation instincts with action-oriented fieldwork rather than scoring only bookishness. -> src_lorehold_0002 https://magic.wizards.com/en/news/feature/planeswalkers-guide-strixhaven-2021-04-01 @ Planeswalker's Guide to Strixhaven [INSPECTED_OFFICIAL_WEB]: Lorehold placement should balance archival/preservation instincts with action-oriented fieldwork rather than scoring only bookishness. || src_lorehold_0008 https://magic.wizards.com/en/news/magic-story/planeswalkers-guide-to-secrets-of-strixhaven @ Planeswalker's Guide to Secrets of Strixhaven [INSPECTED_OFFICIAL_WEB]: Lorehold placement should balance archival/preservation instincts with action-oriented fieldwork rather than scoring only bookishness. || LOREHOLD-F03/claim_lorehold_placement_0009: Lorehold placement is strengthened by answers that protect artifacts as belonging to history rather than treating them as unowned loot. -> src_lorehold_0010 https://magic.wizards.com/en/news/magic-story/secrets-of-strixhaven-field-studies-in-a-future-tense @ Secrets of Strixhaven | Field Studies in a Future Tense [INSPECTED_OFFICIAL_WEB]: Lorehold placement is strengthened by answers that protect artifacts as belonging to history rather than treating them as unowned loot. || src_lorehold_0014 https://magic.wizards.com/en/news/magic-story/secrets-of-strixhaven-field-studies-in-a-future-tense @ Field Studies in a Future Tense (MTG-Stories repository archive) [INSPECTED_OFFICIAL_WEB]: Lorehold placement is strengthened by answers that protect artifacts as belonging to history rather than treating them as unowned loot.","NOT_APPLICABLE","LOREHOLD-F01; LOREHOLD-F02; LOREHOLD-F03","The exact printed flavor line is the card-side fact. It supports only the named facet IDs where the line itself, not card color/type/product membership, supplies the stated echo.","DIRECT_FACT_PLUS_SUPPORTED_INTERPRETATION","Exact card text is verified, but Public use is limited to this validated voice relationship. White, Red, and generic artifact recursion can preserve objects; the explicit Lorehold historical-reconstruction purpose is required.","src_lorehold_0002: https://magic.wizards.com/en/news/feature/planeswalkers-guide-strixhaven-2021-04-01; src_lorehold_0008: https://magic.wizards.com/en/news/magic-story/planeswalkers-guide-to-secrets-of-strixhaven; src_lorehold_0009: https://magic.wizards.com/en/news/magic-story/the-legends-of-secrets-of-strixhaven; src_lorehold_0010: https://magic.wizards.com/en/news/magic-story/secrets-of-strixhaven-field-studies-in-a-future-tense; src_lorehold_0014: https://magic.wizards.com/en/news/magic-story/secrets-of-strixhaven-field-studies-in-a-future-tense","5","Reconstructing the past is Lorehold's specialty. -> LOREHOLD-F01: Lorehold is a strong placement match for people who treat the past as an active tool for discovery, ethical learning, and present-day action. | LOREHOLD-F02: Lorehold placement should balance archival/preservation instincts with action-oriented fieldwork rather than scoring only bookishness. | LOREHOLD-F03: Lorehold placement is strengthened by answers that protect artifacts as belonging to history rather than treating them as unowned loot. -> Campus Renovation's exact excerpt provides a bounded voice echo of Lorehold named directly through reconstructing and actively using the past.","NONE_IDENTIFIED","PASS_VERIFIED_CARD_AND_CURRENT_TEXT","PASS_ROUTED_UNDERLYING_EVIDENCE","PASS_BOUNDED_CARD_TO_FACET_BRIDGE","HIGH_TILE_MODAL_TOKEN_ECHO","LEGITIMATE_SHARED_CONCEPT","NO_DELETION_INDICATED","NO_SWAP_INDICATED","MODAL_REDUNDANT","NO_MATERIAL_FACET_COLLAPSE","NO_MATERIAL_OVERCLAIM","FORMULAIC_BUT_READABLE","REMEDIATION_LIKELY",""
"SOUND-LOREHOLD-2-cardvoice_vm558_lorehold_e0828e8d_f01f_4088_9123_6d923ddb3242","LOREHOLD","Lorehold College","SOUND","2","Ancestral Anger","Exact card voice","An incautious Lorehold student may learn more about the unbound rage of the Blood Age than they wanted to.","","What this card's voice reveals about Lorehold College","The line makes history active and risky: studying the Blood Age can release an ancestral rage that refuses to stay academic.","Sorcery","6c5a93d6-d4ab-4062-bb3c-1b5330bf15ad","e0828e8d-f01f-4088-9123-6d923ddb3242","sos","106","cardvoice_vm558_lorehold_e0828e8d_f01f_4088_9123_6d923ddb3242","EXPLICIT_IDENTITY_REFERENCE","claim_lorehold_placement_0001; claim_lorehold_placement_0002; claim_lorehold_placement_0009","src_lorehold_0002; src_lorehold_0008; src_lorehold_0009; src_lorehold_0010; src_lorehold_0014","data/scryfall/raw/oracle-cards.json#id=6c5a93d6-d4ab-4062-bb3c-1b5330bf15ad","Sorcery | Target creature gains trample and gets +X/+0 until end of turn, where X is 1 plus the number of cards named Ancestral Anger in your graveyard.
Draw a card. | An incautious Lorehold student may learn more about the unbound rage of the Blood Age than they wanted to.","LOREHOLD-F01/claim_lorehold_placement_0001: Lorehold is a strong placement match for people who treat the past as an active tool for discovery, ethical learning, and present-day action. -> src_lorehold_0002 https://magic.wizards.com/en/news/feature/planeswalkers-guide-strixhaven-2021-04-01 @ Planeswalker's Guide to Strixhaven [INSPECTED_OFFICIAL_WEB]: Lorehold is a strong placement match for people who treat the past as an active tool for discovery, ethical learning, and present-day action. || src_lorehold_0008 https://magic.wizards.com/en/news/magic-story/planeswalkers-guide-to-secrets-of-strixhaven @ Planeswalker's Guide to Secrets of Strixhaven [INSPECTED_OFFICIAL_WEB]: Lorehold is a strong placement match for people who treat the past as an active tool for discovery, ethical learning, and present-day action. || src_lorehold_0009 https://magic.wizards.com/en/news/magic-story/the-legends-of-secrets-of-strixhaven @ The Legends of Secrets of Strixhaven [INSPECTED_OFFICIAL_WEB]: Lorehold is a strong placement match for people who treat the past as an active tool for discovery, ethical learning, and present-day action. || LOREHOLD-F02/claim_lorehold_placement_0002: Lorehold placement should balance archival/preservation instincts with action-oriented fieldwork rather than scoring only bookishness. -> src_lorehold_0002 https://magic.wizards.com/en/news/feature/planeswalkers-guide-strixhaven-2021-04-01 @ Planeswalker's Guide to Strixhaven [INSPECTED_OFFICIAL_WEB]: Lorehold placement should balance archival/preservation instincts with action-oriented fieldwork rather than scoring only bookishness. || src_lorehold_0008 https://magic.wizards.com/en/news/magic-story/planeswalkers-guide-to-secrets-of-strixhaven @ Planeswalker's Guide to Secrets of Strixhaven [INSPECTED_OFFICIAL_WEB]: Lorehold placement should balance archival/preservation instincts with action-oriented fieldwork rather than scoring only bookishness. || LOREHOLD-F03/claim_lorehold_placement_0009: Lorehold placement is strengthened by answers that protect artifacts as belonging to history rather than treating them as unowned loot. -> src_lorehold_0010 https://magic.wizards.com/en/news/magic-story/secrets-of-strixhaven-field-studies-in-a-future-tense @ Secrets of Strixhaven | Field Studies in a Future Tense [INSPECTED_OFFICIAL_WEB]: Lorehold placement is strengthened by answers that protect artifacts as belonging to history rather than treating them as unowned loot. || src_lorehold_0014 https://magic.wizards.com/en/news/magic-story/secrets-of-strixhaven-field-studies-in-a-future-tense @ Field Studies in a Future Tense (MTG-Stories repository archive) [INSPECTED_OFFICIAL_WEB]: Lorehold placement is strengthened by answers that protect artifacts as belonging to history rather than treating them as unowned loot.","NOT_APPLICABLE","LOREHOLD-F01; LOREHOLD-F02; LOREHOLD-F03","The exact printed flavor line is the card-side fact. It supports only the named facet IDs where the line itself, not card color/type/product membership, supplies the stated echo.","DIRECT_FACT_PLUS_SUPPORTED_INTERPRETATION","Owner-approved complementary card voice. Public use remains limited to this exact printing and bounded identity relationship; it does not prove placement, play style, or identity from card color, mechanics, tags, or product membership.","src_lorehold_0002: https://magic.wizards.com/en/news/feature/planeswalkers-guide-strixhaven-2021-04-01; src_lorehold_0008: https://magic.wizards.com/en/news/magic-story/planeswalkers-guide-to-secrets-of-strixhaven; src_lorehold_0009: https://magic.wizards.com/en/news/magic-story/the-legends-of-secrets-of-strixhaven; src_lorehold_0010: https://magic.wizards.com/en/news/magic-story/secrets-of-strixhaven-field-studies-in-a-future-tense; src_lorehold_0014: https://magic.wizards.com/en/news/magic-story/secrets-of-strixhaven-field-studies-in-a-future-tense","5","An incautious Lorehold student may learn more about the unbound rage of the Blood Age than they wanted to. -> LOREHOLD-F01: Lorehold is a strong placement match for people who treat the past as an active tool for discovery, ethical learning, and present-day action. | LOREHOLD-F02: Lorehold placement should balance archival/preservation instincts with action-oriented fieldwork rather than scoring only bookishness. | LOREHOLD-F03: Lorehold placement is strengthened by answers that protect artifacts as belonging to history rather than treating them as unowned loot. -> Ancestral Anger gives Lorehold a second voice of the past becoming present and dangerous.","NONE_IDENTIFIED","PASS_VERIFIED_CARD_AND_CURRENT_TEXT","PASS_ROUTED_UNDERLYING_EVIDENCE","PASS_BOUNDED_CARD_TO_FACET_BRIDGE","NO_MATERIAL_TILE_MODAL_ECHO","LEGITIMATE_SHARED_CONCEPT","NO_DELETION_INDICATED","NO_SWAP_INDICATED","ADDITIVE_IDENTITY_INTERPRETATION","NO_MATERIAL_FACET_COLLAPSE","NO_MATERIAL_OVERCLAIM","NATURAL_ENOUGH_AS_WRITTEN","NO_CHANGE_INDICATED",""
"PLAY-LOREHOLD-1-cardrel_lorehold_61a41cf1","LOREHOLD","Lorehold College","PLAY","1","Lorehold, the Historian","Why it fits in play","Directly embodies the 'Eureka' moment of discovery by granting Miracle to all instants and sorceries in hand.","Miracle; Spellslinger; Card Draw","Why Lorehold, the Historian helps explain Lorehold College in play","At the table, Lorehold, the Historian carries that card action into this reading's larger plan: history fighting back and old resources becoming live pressure.","Legendary Creature — Elder Dragon","71a6701f-40f1-43ef-bff5-a5907fd67cd6","61a41cf1-60cc-45ba-aa98-493c14e87d9d","sos","201","cardrel_lorehold_61a41cf1","NATIVE_IDENTITY_ANCHOR","claim_lorehold_figure_0001; claim_lorehold_figure_0002; claim_lorehold_figure_0003; claim_lorehold_figure_0004; claim_lorehold_mechanic_0011; claim_lorehold_mechanic_0012","src_lorehold_0009; src_lorehold_0002; src_lorehold_0005","data/scryfall/raw/oracle-cards.json#id=71a6701f-40f1-43ef-bff5-a5907fd67cd6","Legendary Creature — Elder Dragon | Flying, haste
Each instant and sorcery card in your hand has miracle {2}. (You may cast a card for its miracle cost when you draw it if it's the first card you drew this turn.)
At the beginning of each opponent's upkeep, you may discard a card. If you do, draw a card. | ","LOREHOLD-F04/claim_lorehold_figure_0001: Velomachus Lorehold is one of the five elder dragon founders of Strixhaven University. -> src_lorehold_0009 https://magic.wizards.com/en/news/magic-story/the-legends-of-secrets-of-strixhaven @ The Legends of Secrets of Strixhaven [INSPECTED_OFFICIAL_WEB]: Velomachus Lorehold is one of the five elder dragon founders of Strixhaven University. || src_lorehold_0002 https://magic.wizards.com/en/news/feature/planeswalkers-guide-strixhaven-2021-04-01 @ Planeswalker's Guide to Strixhaven [INSPECTED_OFFICIAL_WEB]: Velomachus Lorehold is one of the five elder dragon founders of Strixhaven University. || LOREHOLD-F05/claim_lorehold_figure_0002: Velomachus Lorehold is observant and standoffish, and considers it her responsibility to watch and document history without interference unless necessary. -> src_lorehold_0009 https://magic.wizards.com/en/news/magic-story/the-legends-of-secrets-of-strixhaven @ The Legends of Secrets of Strixhaven [INSPECTED_OFFICIAL_WEB]: Velomachus Lorehold is observant and standoffish, and considers it her responsibility to watch and document history without interference unless necessary. || LOREHOLD-F06/claim_lorehold_figure_0003: Velomachus Lorehold expects people to learn from the past and work toward a better future. -> src_lorehold_0009 https://magic.wizards.com/en/news/magic-story/the-legends-of-secrets-of-strixhaven @ The Legends of Secrets of Strixhaven [INSPECTED_OFFICIAL_WEB]: Velomachus Lorehold expects people to learn from the past and work toward a better future. || LOREHOLD-F07/claim_lorehold_figure_0004: Velomachus Lorehold has a fondness for collecting artifacts and trinkets. -> src_lorehold_0009 https://magic.wizards.com/en/news/magic-story/the-legends-of-secrets-of-strixhaven @ The Legends of Secrets of Strixhaven [INSPECTED_OFFICIAL_WEB]: Velomachus Lorehold has a fondness for collecting artifacts and trinkets. || LOREHOLD-F08/claim_lorehold_mechanic_0011: Velomachus Lorehold is a red-white legendary Elder Dragon card with flying, vigilance, and haste. -> src_lorehold_0005 https://magic.wizards.com/en/news/feature/strixhaven-school-mages-and-commander-2021-edition-release-notes-2021-04-16 @ Strixhaven: School of Mages and Commander (2021 Edition) Release Notes [INSPECTED_OFFICIAL_WEB]: Velomachus Lorehold is a red-white legendary Elder Dragon card with flying, vigilance, and haste. || LOREHOLD-F09/claim_lorehold_mechanic_0012: Velomachus Lorehold's attack trigger can cast an instant or sorcery from the top seven cards of its controller's library if the spell's mana value is less than or equal to Velomachus's power. -> src_lorehold_0005 https://magic.wizards.com/en/news/feature/strixhaven-school-mages-and-commander-2021-edition-release-notes-2021-04-16 @ Strixhaven: School of Mages and Commander (2021 Edition) Release Notes [INSPECTED_OFFICIAL_WEB]: Velomachus Lorehold's attack trigger can cast an instant or sorcery from the top seven cards of its controller's library if the spell's mana value is less than or equal to Velomachus's power.","Flying, haste
Each instant and sorcery card in your hand has miracle {2}. (You may cast a card for its miracle cost when you draw it if it's the first card you drew this turn.)
At the beginning of each opponent's upkeep, you may discard a card. If you do, draw a card.","LOREHOLD-F04; LOREHOLD-F05; LOREHOLD-F06; LOREHOLD-F07; LOREHOLD-F08; LOREHOLD-F09","The committed Oracle text is the gameplay-side fact. It supports only the named facet IDs where the visible rationale accurately describes that behavior and makes the identity connection explicit.","DIRECT_FACT_PLUS_SUPPORTED_INTERPRETATION","Requires specific top-deck manipulation (Scroll Rack, Sensei's Divining Top) to maximize Miracle. Your deck is primarily permanent-based (artifacts/creatures) rather than instants and sorceries.","src_lorehold_0009: https://magic.wizards.com/en/news/magic-story/the-legends-of-secrets-of-strixhaven; src_lorehold_0002: https://magic.wizards.com/en/news/feature/planeswalkers-guide-strixhaven-2021-04-01; src_lorehold_0005: https://magic.wizards.com/en/news/feature/strixhaven-school-mages-and-commander-2021-edition-release-notes-2021-04-16","3","Flying, haste
Each instant and sorcery card in your hand has miracle {2}. (You may cast a card for its miracle cost when you draw it if it's the first card you drew this turn.)
At the beginning of each opponent's upkeep, you may discard a card. If you do, draw a card. -> LOREHOLD-F04: Velomachus Lorehold is one of the five elder dragon founders of Strixhaven University. | LOREHOLD-F05: Velomachus Lorehold is observant and standoffish, and considers it her responsibility to watch and document history without interference unless necessary. | LOREHOLD-F06: Velomachus Lorehold expects people to learn from the past and work toward a better future. | LOREHOLD-F07: Velomachus Lorehold has a fondness for collecting artifacts and trinkets. | LOREHOLD-F08: Velomachus Lorehold is a red-white legendary Elder Dragon card with flying, vigilance, and haste. | LOREHOLD-F09: Velomachus Lorehold's attack trigger can cast an instant or sorcery from the top seven cards of its controller's library if the spell's mana value is less than or equal to Velomachus's power. -> The preserved Commander guidance sentence is the direct relationship assertion. Certified claim IDs establish the identity-side boundary; the committed Scryfall index establishes only the named card facts. Owner review must confirm that the sentence does not overstate that bridge.","NONE_IDENTIFIED","PASS_VERIFIED_CARD_AND_CURRENT_TEXT","PASS_ROUTED_UNDERLYING_EVIDENCE","PASS_BOUNDED_CARD_TO_FACET_BRIDGE","IDENTITY_LOCAL_MODAL_REPETITION","GENERIC_TEMPLATE_REUSE","NO_DELETION_INDICATED","NO_SWAP_INDICATED","MODAL_REDUNDANT","NO_MATERIAL_FACET_COLLAPSE","NO_MATERIAL_OVERCLAIM","TEMPLATE_REPETITION","REMEDIATION_LIKELY","Multiple Play cards for this identity receive the same modal takeaway after only the card name changes."
"PLAY-LOREHOLD-3-cardrel_lorehold_43832745","LOREHOLD","Lorehold College","PLAY","3","Velomachus Lorehold","Why it fits in play","The founder of the college and the original face of Lorehold's spellslinger-aggro identity.","Spellslinger; Attack Triggers","Why Velomachus Lorehold helps explain Lorehold College in play","At the table, Velomachus Lorehold carries that card action into this reading's larger plan: history fighting back and old resources becoming live pressure.","Legendary Creature — Elder Dragon","523d8fe6-1efd-4278-82fe-ea4517e6665c","43832745-5d7d-4957-8e30-2072ad012564","tdc","309","cardrel_lorehold_43832745","NATIVE_IDENTITY_ANCHOR","claim_lorehold_figure_0001; claim_lorehold_figure_0002; claim_lorehold_figure_0003; claim_lorehold_figure_0004; claim_lorehold_mechanic_0011; claim_lorehold_mechanic_0012","src_lorehold_0009; src_lorehold_0002; src_lorehold_0005","data/scryfall/raw/oracle-cards.json#id=523d8fe6-1efd-4278-82fe-ea4517e6665c","Legendary Creature — Elder Dragon | Flying, vigilance, haste
Whenever Velomachus Lorehold attacks, look at the top seven cards of your library. You may cast an instant or sorcery spell with mana value less than or equal to Velomachus Lorehold's power from among them without paying its mana cost. Put the rest on the bottom of your library in a random order. | ","LOREHOLD-F04/claim_lorehold_figure_0001: Velomachus Lorehold is one of the five elder dragon founders of Strixhaven University. -> src_lorehold_0009 https://magic.wizards.com/en/news/magic-story/the-legends-of-secrets-of-strixhaven @ The Legends of Secrets of Strixhaven [INSPECTED_OFFICIAL_WEB]: Velomachus Lorehold is one of the five elder dragon founders of Strixhaven University. || src_lorehold_0002 https://magic.wizards.com/en/news/feature/planeswalkers-guide-strixhaven-2021-04-01 @ Planeswalker's Guide to Strixhaven [INSPECTED_OFFICIAL_WEB]: Velomachus Lorehold is one of the five elder dragon founders of Strixhaven University. || LOREHOLD-F05/claim_lorehold_figure_0002: Velomachus Lorehold is observant and standoffish, and considers it her responsibility to watch and document history without interference unless necessary. -> src_lorehold_0009 https://magic.wizards.com/en/news/magic-story/the-legends-of-secrets-of-strixhaven @ The Legends of Secrets of Strixhaven [INSPECTED_OFFICIAL_WEB]: Velomachus Lorehold is observant and standoffish, and considers it her responsibility to watch and document history without interference unless necessary. || LOREHOLD-F06/claim_lorehold_figure_0003: Velomachus Lorehold expects people to learn from the past and work toward a better future. -> src_lorehold_0009 https://magic.wizards.com/en/news/magic-story/the-legends-of-secrets-of-strixhaven @ The Legends of Secrets of Strixhaven [INSPECTED_OFFICIAL_WEB]: Velomachus Lorehold expects people to learn from the past and work toward a better future. || LOREHOLD-F07/claim_lorehold_figure_0004: Velomachus Lorehold has a fondness for collecting artifacts and trinkets. -> src_lorehold_0009 https://magic.wizards.com/en/news/magic-story/the-legends-of-secrets-of-strixhaven @ The Legends of Secrets of Strixhaven [INSPECTED_OFFICIAL_WEB]: Velomachus Lorehold has a fondness for collecting artifacts and trinkets. || LOREHOLD-F08/claim_lorehold_mechanic_0011: Velomachus Lorehold is a red-white legendary Elder Dragon card with flying, vigilance, and haste. -> src_lorehold_0005 https://magic.wizards.com/en/news/feature/strixhaven-school-mages-and-commander-2021-edition-release-notes-2021-04-16 @ Strixhaven: School of Mages and Commander (2021 Edition) Release Notes [INSPECTED_OFFICIAL_WEB]: Velomachus Lorehold is a red-white legendary Elder Dragon card with flying, vigilance, and haste. || LOREHOLD-F09/claim_lorehold_mechanic_0012: Velomachus Lorehold's attack trigger can cast an instant or sorcery from the top seven cards of its controller's library if the spell's mana value is less than or equal to Velomachus's power. -> src_lorehold_0005 https://magic.wizards.com/en/news/feature/strixhaven-school-mages-and-commander-2021-edition-release-notes-2021-04-16 @ Strixhaven: School of Mages and Commander (2021 Edition) Release Notes [INSPECTED_OFFICIAL_WEB]: Velomachus Lorehold's attack trigger can cast an instant or sorcery from the top seven cards of its controller's library if the spell's mana value is less than or equal to Velomachus's power.","Flying, vigilance, haste
Whenever Velomachus Lorehold attacks, look at the top seven cards of your library. You may cast an instant or sorcery spell with mana value less than or equal to Velomachus Lorehold's power from among them without paying its mana cost. Put the rest on the bottom of your library in a random order.","LOREHOLD-F04; LOREHOLD-F05; LOREHOLD-F06; LOREHOLD-F07; LOREHOLD-F08; LOREHOLD-F09","The committed Oracle text is the gameplay-side fact. It supports only the named facet IDs where the visible rationale accurately describes that behavior and makes the identity connection explicit.","DIRECT_FACT_PLUS_SUPPORTED_INTERPRETATION","You want a lower mana-value commander; 7 mana is a steep investment in Boros.","src_lorehold_0009: https://magic.wizards.com/en/news/magic-story/the-legends-of-secrets-of-strixhaven; src_lorehold_0002: https://magic.wizards.com/en/news/feature/planeswalkers-guide-strixhaven-2021-04-01; src_lorehold_0005: https://magic.wizards.com/en/news/feature/strixhaven-school-mages-and-commander-2021-edition-release-notes-2021-04-16","3","Flying, vigilance, haste
Whenever Velomachus Lorehold attacks, look at the top seven cards of your library. You may cast an instant or sorcery spell with mana value less than or equal to Velomachus Lorehold's power from among them without paying its mana cost. Put the rest on the bottom of your library in a random order. -> LOREHOLD-F04: Velomachus Lorehold is one of the five elder dragon founders of Strixhaven University. | LOREHOLD-F05: Velomachus Lorehold is observant and standoffish, and considers it her responsibility to watch and document history without interference unless necessary. | LOREHOLD-F06: Velomachus Lorehold expects people to learn from the past and work toward a better future. | LOREHOLD-F07: Velomachus Lorehold has a fondness for collecting artifacts and trinkets. | LOREHOLD-F08: Velomachus Lorehold is a red-white legendary Elder Dragon card with flying, vigilance, and haste. | LOREHOLD-F09: Velomachus Lorehold's attack trigger can cast an instant or sorcery from the top seven cards of its controller's library if the spell's mana value is less than or equal to Velomachus's power. -> The preserved Commander guidance sentence is the direct relationship assertion. Certified claim IDs establish the identity-side boundary; the committed Scryfall index establishes only the named card facts. Owner review must confirm that the sentence does not overstate that bridge.","NONE_IDENTIFIED","PASS_VERIFIED_CARD_AND_CURRENT_TEXT","PASS_ROUTED_UNDERLYING_EVIDENCE","PASS_BOUNDED_CARD_TO_FACET_BRIDGE","IDENTITY_LOCAL_MODAL_REPETITION","GENERIC_TEMPLATE_REUSE","NO_DELETION_INDICATED","NO_SWAP_INDICATED","MODAL_REDUNDANT","NO_MATERIAL_FACET_COLLAPSE","UNBOUNDED_EVALUATIVE_LANGUAGE","TEMPLATE_REPETITION","REMEDIATION_LIKELY","Multiple Play cards for this identity receive the same modal takeaway after only the card name changes."
"SOUND-QUANDRIX-1-cardvoice_quandrix_ce1a6c1f_6b4e_4d19_b256_48d073b359b7","QUANDRIX","Quandrix College","SOUND","1","Additive Evolution","Exact card voice","""Numbers have no limits. Why should nature?""
—Emil, Quandrix fourth-year","","What this card's voice reveals about Quandrix College","The line presents a Quandrix student explicitly joining unbounded numbers to living nature.","Enchantment","b44ec684-d558-45eb-bcd6-8119428634c2","ce1a6c1f-6b4e-4d19-b256-48d073b359b7","sos","139","cardvoice_quandrix_ce1a6c1f_6b4e_4d19_b256_48d073b359b7","EXPLICIT_IDENTITY_REFERENCE","quandrix_claim_002; quandrix_claim_006; quandrix_claim_0019; quandrix_claim_0020","src_wotc_planeswalkers_guide_strixhaven_2021; src_wotc_planeswalkers_guide_secrets_strixhaven_2026","data/scryfall/raw/oracle-cards.json#id=b44ec684-d558-45eb-bcd6-8119428634c2","Enchantment | When this enchantment enters, create a 0/0 green and blue Fractal creature token. Put three +1/+1 counters on it.
At the beginning of combat on your turn, put a +1/+1 counter on target creature you control. It gains vigilance until end of turn. | ""Numbers have no limits. Why should nature?""
—Emil, Quandrix fourth-year","QUANDRIX-F01/quandrix_claim_002: The 2021 Strixhaven guide describes Quandrix mages as mathematician-mages who study patterns, fractals, and symmetries to command power over fundamental forces. -> src_wotc_planeswalkers_guide_strixhaven_2021 https://magic.wizards.com/en/articles/archive/feature/planeswalkers-guide-strixhaven-2021-04-01 @ Quandrix College / The College of Numeromancy [INSPECTED_OFFICIAL_WEB]: The official guide frames Quandrix magic through patterns, fractals, symmetries, and fundamental forces. || QUANDRIX-F02/quandrix_claim_006: Quandrix placement signals should weight pattern recognition, abstraction, proof, precision, systemic curiosity, and delight in difficult problems. -> src_wotc_planeswalkers_guide_strixhaven_2021 https://magic.wizards.com/en/articles/archive/feature/planeswalkers-guide-strixhaven-2021-04-01 @ Quandrix College / The College of Numeromancy [INSPECTED_OFFICIAL_WEB]: The official guide grounds Quandrix identity in mathematical pattern, fractal structure, symmetry, and theory made magical. || src_wotc_planeswalkers_guide_secrets_strixhaven_2026 https://magic.wizards.com/en/news/magic-story/planeswalkers-guide-to-secrets-of-strixhaven @ Quandrix [INSPECTED_OFFICIAL_WEB]: The 2026 official guide emphasizes research, mathematical possibility, practical and theoretical study, and careful work with natural systems. || QUANDRIX-F03/quandrix_claim_0019: Quandrix turns mathematical structure into magical action: its mages study patterns, summon fractal creatures, and make abstract theories visible through spiraling or expanding forms. -> src_wotc_planeswalkers_guide_strixhaven_2021 https://magic.wizards.com/en/articles/archive/feature/planeswalkers-guide-strixhaven-2021-04-01 @ Quandrix College / The College of Numeromancy [INSPECTED_OFFICIAL_WEB]: The official guide describes Quandrix mages studying mathematical patterns, summoning fractals, and turning abstract theories into magical forms. || QUANDRIX-F04/quandrix_claim_0020: Quandrix's visual and magical identity repeatedly joins theoretical mathematics to natural form through symmetry, repetition, geometry, and fractal growth. -> src_wotc_planeswalkers_guide_strixhaven_2021 https://magic.wizards.com/en/articles/archive/feature/planeswalkers-guide-strixhaven-2021-04-01 @ Quandrix College / Look and Feel [INSPECTED_OFFICIAL_WEB]: The official guide uses repeated elements, symmetries, geometry, and natural motifs to express the overlap between theoretical and natural Quandrix themes.","NOT_APPLICABLE","QUANDRIX-F01; QUANDRIX-F02; QUANDRIX-F03; QUANDRIX-F04","The exact printed flavor line is the card-side fact. It supports only the named facet IDs where the line itself, not card color/type/product membership, supplies the stated echo.","DIRECT_FACT_PLUS_SUPPORTED_INTERPRETATION","Exact card text is verified, but Public use is limited to this validated voice relationship. Simic and Green also scale living systems; the explicit mathematical/natural synthesis makes this Quandrix rather than generic growth.","src_wotc_planeswalkers_guide_strixhaven_2021: https://magic.wizards.com/en/articles/archive/feature/planeswalkers-guide-strixhaven-2021-04-01; src_wotc_planeswalkers_guide_secrets_strixhaven_2026: https://magic.wizards.com/en/news/magic-story/planeswalkers-guide-to-secrets-of-strixhaven","2","""Numbers have no limits. Why should nature?""
—Emil, Quandrix fourth-year -> QUANDRIX-F01: The 2021 Strixhaven guide describes Quandrix mages as mathematician-mages who study patterns, fractals, and symmetries to command power over fundamental forces. | QUANDRIX-F02: Quandrix placement signals should weight pattern recognition, abstraction, proof, precision, systemic curiosity, and delight in difficult problems. | QUANDRIX-F03: Quandrix turns mathematical structure into magical action: its mages study patterns, summon fractal creatures, and make abstract theories visible through spiraling or expanding forms. | QUANDRIX-F04: Quandrix's visual and magical identity repeatedly joins theoretical mathematics to natural form through symmetry, repetition, geometry, and fractal growth. -> Additive Evolution's exact excerpt provides a bounded voice echo of a Quandrix student explicitly joining unbounded numbers to living nature.","NONE_IDENTIFIED","PASS_VERIFIED_CARD_AND_CURRENT_TEXT","PASS_ROUTED_UNDERLYING_EVIDENCE","PASS_BOUNDED_CARD_TO_FACET_BRIDGE","NO_MATERIAL_TILE_MODAL_ECHO","NO_MATERIAL_CROSS_CARD_REPETITION","NO_DELETION_INDICATED","NO_SWAP_INDICATED","ADDITIVE_IDENTITY_INTERPRETATION","NO_MATERIAL_FACET_COLLAPSE","NO_MATERIAL_OVERCLAIM","FORMULAIC_BUT_READABLE","NO_CHANGE_INDICATED",""
"SOUND-QUANDRIX-2-cardvoice_vm558_quandrix_724700ad_1e4e_4cbc_af7f_0b3b87ed4bc8","QUANDRIX","Quandrix College","SOUND","2","Golden Ratio","Exact card voice","""When I look around, I see a world defined by patterns that still manages to defy them."" —Kianne, Quandrix dean","","What this card's voice reveals about Quandrix College","Kianne sees mathematics in the living world without mistaking a pattern for total control. That tension—nature revealing symmetry while still surprising the model—is distinctly Quandrix, not Izzet invention or Simic experimentation.","Sorcery","626fbddb-3963-4dd2-8507-9777ed66bbbc","724700ad-1e4e-4cbc-af7f-0b3b87ed4bc8","stx","190","cardvoice_vm558_quandrix_724700ad_1e4e_4cbc_af7f_0b3b87ed4bc8","CERTIFIED_SEMANTIC_ECHO","quandrix_claim_002; quandrix_claim_003; quandrix_claim_006; quandrix_claim_0019; quandrix_claim_0020; quandrix_claim_0028","src_wotc_planeswalkers_guide_strixhaven_2021; src_wotc_planeswalkers_guide_secrets_strixhaven_2026","data/scryfall/raw/oracle-cards.json#id=626fbddb-3963-4dd2-8507-9777ed66bbbc","Sorcery | Draw a card for each different power among creatures you control. | ""When I look around, I see a world defined by patterns that still manages to defy them.""
—Kianne, Quandrix dean","QUANDRIX-F01/quandrix_claim_002: The 2021 Strixhaven guide describes Quandrix mages as mathematician-mages who study patterns, fractals, and symmetries to command power over fundamental forces. -> src_wotc_planeswalkers_guide_strixhaven_2021 https://magic.wizards.com/en/articles/archive/feature/planeswalkers-guide-strixhaven-2021-04-01 @ Quandrix College / The College of Numeromancy [INSPECTED_OFFICIAL_WEB]: The official guide frames Quandrix magic through patterns, fractals, symmetries, and fundamental forces. || QUANDRIX-F05/quandrix_claim_003: The 2021 guide frames Quandrix through a tension between mathematics as a force of nature to discover and mathematics as a mind-made tool to map reality. -> src_wotc_planeswalkers_guide_strixhaven_2021 https://magic.wizards.com/en/articles/archive/feature/planeswalkers-guide-strixhaven-2021-04-01 @ Quandrix College / The Dichotomy of Quandrix [INSPECTED_OFFICIAL_WEB]: The official guide separates Quandrix's green side, which treats math as natural discovery, from its blue side, which treats math as a mental tool for mapping reality. || QUANDRIX-F02/quandrix_claim_006: Quandrix placement signals should weight pattern recognition, abstraction, proof, precision, systemic curiosity, and delight in difficult problems. -> src_wotc_planeswalkers_guide_strixhaven_2021 https://magic.wizards.com/en/articles/archive/feature/planeswalkers-guide-strixhaven-2021-04-01 @ Quandrix College / The College of Numeromancy [INSPECTED_OFFICIAL_WEB]: The official guide grounds Quandrix identity in mathematical pattern, fractal structure, symmetry, and theory made magical. || src_wotc_planeswalkers_guide_secrets_strixhaven_2026 https://magic.wizards.com/en/news/magic-story/planeswalkers-guide-to-secrets-of-strixhaven @ Quandrix [INSPECTED_OFFICIAL_WEB]: The 2026 official guide emphasizes research, mathematical possibility, practical and theoretical study, and careful work with natural systems. || QUANDRIX-F03/quandrix_claim_0019: Quandrix turns mathematical structure into magical action: its mages study patterns, summon fractal creatures, and make abstract theories visible through spiraling or expanding forms. -> src_wotc_planeswalkers_guide_strixhaven_2021 https://magic.wizards.com/en/articles/archive/feature/planeswalkers-guide-strixhaven-2021-04-01 @ Quandrix College / The College of Numeromancy [INSPECTED_OFFICIAL_WEB]: The official guide describes Quandrix mages studying mathematical patterns, summoning fractals, and turning abstract theories into magical forms. || QUANDRIX-F04/quandrix_claim_0020: Quandrix's visual and magical identity repeatedly joins theoretical mathematics to natural form through symmetry, repetition, geometry, and fractal growth. -> src_wotc_planeswalkers_guide_strixhaven_2021 https://magic.wizards.com/en/articles/archive/feature/planeswalkers-guide-strixhaven-2021-04-01 @ Quandrix College / Look and Feel [INSPECTED_OFFICIAL_WEB]: The official guide uses repeated elements, symmetries, geometry, and natural motifs to express the overlap between theoretical and natural Quandrix themes. || QUANDRIX-F06/quandrix_claim_0028: Quandrix placement should distinguish math-structured scaling, proof, fractals, and theory-made-physical from generic green-blue growth, generic invention, or generic aesthetics. -> src_wotc_planeswalkers_guide_strixhaven_2021 https://magic.wizards.com/en/articles/archive/feature/planeswalkers-guide-strixhaven-2021-04-01 @ Quandrix College / The College of Numeromancy and The Dichotomy of Quandrix [INSPECTED_OFFICIAL_WEB]: The 2021 official guide grounds Quandrix in numeromancy, mathematical patterns, abstract theory, natural mathematical force, and fractal expression. || src_wotc_planeswalkers_guide_secrets_strixhaven_2026 https://magic.wizards.com/en/news/magic-story/planeswalkers-guide-to-secrets-of-strixhaven @ Quandrix [INSPECTED_OFFICIAL_WEB]: The 2026 official guide reinforces Quandrix as nature mathematics that can become physical, practical, theoretical, experimental, and research-oriented.","NOT_APPLICABLE","QUANDRIX-F01; QUANDRIX-F05; QUANDRIX-F02; QUANDRIX-F03; QUANDRIX-F04; QUANDRIX-F06","The exact printed flavor line is the card-side fact. It supports only the named facet IDs where the line itself, not card color/type/product membership, supplies the stated echo.","SUPPORTED_INTERPRETATION","Owner-approved complementary card voice. Public use remains limited to this exact printing and bounded identity relationship; it does not prove placement, play style, or identity from card color, mechanics, tags, or product membership.","src_wotc_planeswalkers_guide_strixhaven_2021: https://magic.wizards.com/en/articles/archive/feature/planeswalkers-guide-strixhaven-2021-04-01; src_wotc_planeswalkers_guide_secrets_strixhaven_2026: https://magic.wizards.com/en/news/magic-story/planeswalkers-guide-to-secrets-of-strixhaven","2","""When I look around, I see a world defined by patterns that still manages to defy them."" —Kianne, Quandrix dean -> QUANDRIX-F01: The 2021 Strixhaven guide describes Quandrix mages as mathematician-mages who study patterns, fractals, and symmetries to command power over fundamental forces. | QUANDRIX-F05: The 2021 guide frames Quandrix through a tension between mathematics as a force of nature to discover and mathematics as a mind-made tool to map reality. | QUANDRIX-F02: Quandrix placement signals should weight pattern recognition, abstraction, proof, precision, systemic curiosity, and delight in difficult problems. | QUANDRIX-F03: Quandrix turns mathematical structure into magical action: its mages study patterns, summon fractal creatures, and make abstract theories visible through spiraling or expanding forms. | QUANDRIX-F04: Quandrix's visual and magical identity repeatedly joins theoretical mathematics to natural form through symmetry, repetition, geometry, and fractal growth. | QUANDRIX-F06: Quandrix placement should distinguish math-structured scaling, proof, fractals, and theory-made-physical from generic green-blue growth, generic invention, or generic aesthetics. -> Golden Ratio gives Quandrix a second voice that recognizes mathematical pattern in nature without reducing nature to a solved equation.","NONE_IDENTIFIED","PASS_VERIFIED_CARD_AND_CURRENT_TEXT","PASS_ROUTED_UNDERLYING_EVIDENCE","PASS_BOUNDED_CARD_TO_FACET_BRIDGE","NO_MATERIAL_TILE_MODAL_ECHO","NO_MATERIAL_CROSS_CARD_REPETITION","NO_DELETION_INDICATED","NO_SWAP_INDICATED","ADDITIVE_IDENTITY_INTERPRETATION","NO_MATERIAL_FACET_COLLAPSE","NO_MATERIAL_OVERCLAIM","NATURAL_ENOUGH_AS_WRITTEN","NO_CHANGE_INDICATED",""
"PLAY-QUANDRIX-1-cardrel_auto_quandrix_977f9390_e01d_4e9d_8e9c_e543b1266972","QUANDRIX","Quandrix College","PLAY","1","Zimone, Infinite Analyst","Why it fits in play","Zimone makes mathematical scaling visible: +1/+1 counters reduce an X spell's cost, and casting that spell adds more counters and creates a flying Fractal token.","","Why Zimone, Infinite Analyst helps explain Quandrix College in play","At the table, Zimone, Infinite Analyst carries that card action into this reading's larger plan: mathematical inevitability and advantages that compound past ordinary answers.","Legendary Creature — Human Wizard","605afac4-d2e5-4e68-97d2-3ac2ead5f3a9","977f9390-e01d-4e9d-8e9c-e543b1266972","soc","10","cardrel_auto_quandrix_977f9390_e01d_4e9d_8e9c_e543b1266972","CERTIFIED_BEHAVIORAL_EXAMPLE","quandrix_claim_002; quandrix_claim_006; quandrix_claim_0017; quandrix_claim_0019","src_wotc_planeswalkers_guide_strixhaven_2021; src_wotc_planeswalkers_guide_secrets_strixhaven_2026; src_wotc_secrets_strixhaven_commander_decklists_20260401","data/scryfall/raw/oracle-cards.json#id=605afac4-d2e5-4e68-97d2-3ac2ead5f3a9","Legendary Creature — Human Wizard | The first spell you cast with {X} in its mana cost each turn costs {1} less to cast for each +1/+1 counter on Zimone.
Whenever you cast your first spell with {X} in its mana cost each turn, put two +1/+1 counters on Zimone. | ""The best answers leave you with more questions.""","QUANDRIX-F01/quandrix_claim_002: The 2021 Strixhaven guide describes Quandrix mages as mathematician-mages who study patterns, fractals, and symmetries to command power over fundamental forces. -> src_wotc_planeswalkers_guide_strixhaven_2021 https://magic.wizards.com/en/articles/archive/feature/planeswalkers-guide-strixhaven-2021-04-01 @ Quandrix College / The College of Numeromancy [INSPECTED_OFFICIAL_WEB]: The official guide frames Quandrix magic through patterns, fractals, symmetries, and fundamental forces. || QUANDRIX-F02/quandrix_claim_006: Quandrix placement signals should weight pattern recognition, abstraction, proof, precision, systemic curiosity, and delight in difficult problems. -> src_wotc_planeswalkers_guide_strixhaven_2021 https://magic.wizards.com/en/articles/archive/feature/planeswalkers-guide-strixhaven-2021-04-01 @ Quandrix College / The College of Numeromancy [INSPECTED_OFFICIAL_WEB]: The official guide grounds Quandrix identity in mathematical pattern, fractal structure, symmetry, and theory made magical. || src_wotc_planeswalkers_guide_secrets_strixhaven_2026 https://magic.wizards.com/en/news/magic-story/planeswalkers-guide-to-secrets-of-strixhaven @ Quandrix [INSPECTED_OFFICIAL_WEB]: The 2026 official guide emphasizes research, mathematical possibility, practical and theoretical study, and careful work with natural systems. || QUANDRIX-F07/quandrix_claim_0017: The official Secrets of Strixhaven Commander Decklists page verifies Quandrix Unlimited as a Green-Blue Commander deck with Zimone, Infinite Analyst as face commander and Primo, the Unbounded as featured commander. -> src_wotc_secrets_strixhaven_commander_decklists_20260401 https://magic.wizards.com/en/news/announcements/secrets-of-strixhaven-commander-decklists @ ANCHOR_NOT_RECORDED [INSPECTED_OFFICIAL_WEB]: The official Secrets of Strixhaven Commander Decklists page verifies Quandrix Unlimited as a Green-Blue Commander deck with Zimone, Infinite Analyst as face commander and Primo, the Unbounded as featured commander. || QUANDRIX-F03/quandrix_claim_0019: Quandrix turns mathematical structure into magical action: its mages study patterns, summon fractal creatures, and make abstract theories visible through spiraling or expanding forms. -> src_wotc_planeswalkers_guide_strixhaven_2021 https://magic.wizards.com/en/articles/archive/feature/planeswalkers-guide-strixhaven-2021-04-01 @ Quandrix College / The College of Numeromancy [INSPECTED_OFFICIAL_WEB]: The official guide describes Quandrix mages studying mathematical patterns, summoning fractals, and turning abstract theories into magical forms.","The first spell you cast with {X} in its mana cost each turn costs {1} less to cast for each +1/+1 counter on Zimone.
Whenever you cast your first spell with {X} in its mana cost each turn, put two +1/+1 counters on Zimone.","QUANDRIX-F01; QUANDRIX-F02; QUANDRIX-F07; QUANDRIX-F03","The committed Oracle text is the gameplay-side fact. It supports only the named facet IDs where the visible rationale accurately describes that behavior and makes the identity connection explicit.","SUPPORTED_INTERPRETATION","A bounded card example validated against certified identity claims and canonical card text. It does not prove player motivation, placement, or identity from color, mechanic, tag, or product membership.","src_wotc_planeswalkers_guide_strixhaven_2021: https://magic.wizards.com/en/articles/archive/feature/planeswalkers-guide-strixhaven-2021-04-01; src_wotc_planeswalkers_guide_secrets_strixhaven_2026: https://magic.wizards.com/en/news/magic-story/planeswalkers-guide-to-secrets-of-strixhaven; src_wotc_secrets_strixhaven_commander_decklists_20260401: https://magic.wizards.com/en/news/announcements/secrets-of-strixhaven-commander-decklists","3","The first spell you cast with {X} in its mana cost each turn costs {1} less to cast for each +1/+1 counter on Zimone.
Whenever you cast your first spell with {X} in its mana cost each turn, put two +1/+1 counters on Zimone. -> QUANDRIX-F01: The 2021 Strixhaven guide describes Quandrix mages as mathematician-mages who study patterns, fractals, and symmetries to command power over fundamental forces. | QUANDRIX-F02: Quandrix placement signals should weight pattern recognition, abstraction, proof, precision, systemic curiosity, and delight in difficult problems. | QUANDRIX-F07: The official Secrets of Strixhaven Commander Decklists page verifies Quandrix Unlimited as a Green-Blue Commander deck with Zimone, Infinite Analyst as face commander and Primo, the Unbounded as featured commander. | QUANDRIX-F03: Quandrix turns mathematical structure into magical action: its mages study patterns, summon fractal creatures, and make abstract theories visible through spiraling or expanding forms. -> Automatically approved only because the certified identity claims, canonical card observation, bounded bridge, false-positive analysis, and neighbor analysis all pass the shared validator.","NONE_IDENTIFIED","PASS_VERIFIED_CARD_AND_CURRENT_TEXT","PASS_ROUTED_UNDERLYING_EVIDENCE","PASS_BOUNDED_CARD_TO_FACET_BRIDGE","NO_MATERIAL_TILE_MODAL_ECHO","NO_MATERIAL_CROSS_CARD_REPETITION","NO_DELETION_INDICATED","NO_SWAP_INDICATED","ADDITIVE_IDENTITY_PLAY_CONTEXT","NO_MATERIAL_FACET_COLLAPSE","NO_MATERIAL_OVERCLAIM","SHARED_COMPOSER_FRAME","NO_CHANGE_INDICATED",""
"SOUND-BANT-1-cardvoice_bant_67ceffa4_2fdb_499c_88cd_49fb5eb9be59","BANT","Bant","SOUND","1","Bant Sojourners","Exact card voice","""We must spread Bant's light before we are shadowed over.""","","What this card's voice reveals about Bant","The line presents Bant through an idealized light meant to extend beyond the shard.","Creature — Human Soldier","eff007af-0329-4872-8621-41e90d9f06e6","67ceffa4-2fdb-499c-88cd-49fb5eb9be59","arb","125","cardvoice_bant_67ceffa4_2fdb_499c_88cd_49fb5eb9be59","EXPLICIT_IDENTITY_REFERENCE","bant_claim_0004; bant_claim_0007","src_wotc_rosewater_bant_20081006; src_vm_bant_metaphysics_md_20260529; src_vm_bant_evidence_ledger_20260528; src_vm_bant_research_dossier_20260528","data/scryfall/raw/oracle-cards.json#id=eff007af-0329-4872-8621-41e90d9f06e6","Creature — Human Soldier | When you cycle this card and when this creature dies, you may create a 1/1 white Soldier creature token.
Cycling {2}{W} ({2}{W}, Discard this card: Draw a card.) | ""We must spread Bant's light before we are shadowed over.""","BANT-F01/bant_claim_0004: Rosewater's Bant article frames Bant as an idealized White-centered utopia made possible by the absence of Black and Red from the shard. -> src_wotc_rosewater_bant_20081006 docs/research/canon/mark_rosewater_official_three_color/Bant_Peace, Love and Understanding _ MAGIC_ THE GATHERING.md @ docs/research/canon/mark_rosewater_official_three_color/Bant_Peace, Love and Understanding _ MAGIC_ THE GATHERING.md#absence-of-black-red [FULL_LOCAL_SOURCE_READ]: Official design commentary discusses Bant through the absence of Black and Red pressures. || src_vm_bant_metaphysics_md_20260529 docs/architecture/colors/bant/metaphysics.md @ docs/architecture/colors/bant/metaphysics.md#absence-boundary [FULL_LOCAL_SOURCE_READ]: The metaphysics synthesis treats missing-color readings as bounded guardrails rather than generic moral labels. || src_vm_bant_evidence_ledger_20260528 docs/research/bant/bant-evidence-ledger.md @ docs/research/bant/bant-evidence-ledger.md#absence-boundary [FULL_LOCAL_SOURCE_READ]: The evidence ledger preserves absence-of-color framing as a scoped design boundary. || BANT-F02/bant_claim_0007: Bant's social structure is strongly associated with sigils, public honor, and earned recognition. -> src_vm_bant_evidence_ledger_20260528 docs/research/bant/bant-evidence-ledger.md @ docs/research/bant/bant-evidence-ledger.md#sigil-public-honor [FULL_LOCAL_SOURCE_READ]: The evidence ledger records Bant sigils and public honor as identity-bearing evidence when bounded to Bant order. || src_vm_bant_research_dossier_20260528 docs/research/bant/bant-research-dossier.md @ docs/research/bant/bant-research-dossier.md#sigil-boundary [FULL_LOCAL_SOURCE_READ]: The research dossier distinguishes Bant sigil recognition from generic honor language.","NOT_APPLICABLE","BANT-F01; BANT-F02","The exact printed flavor line is the card-side fact. It supports only the named facet IDs where the line itself, not card color/type/product membership, supplies the stated echo.","DIRECT_FACT_PLUS_SUPPORTED_INTERPRETATION","Exact card text is verified, but Public use is limited to this validated voice relationship. Azorius and Selesnya can also sound orderly or communal; the explicit Bant reference and its idealized public-honor frame prevent a generic WUG inference.","src_wotc_rosewater_bant_20081006: docs/research/canon/mark_rosewater_official_three_color/Bant_Peace, Love and Understanding _ MAGIC_ THE GATHERING.md; src_vm_bant_metaphysics_md_20260529: docs/architecture/colors/bant/metaphysics.md; src_vm_bant_evidence_ledger_20260528: docs/research/bant/bant-evidence-ledger.md; src_vm_bant_research_dossier_20260528: docs/research/bant/bant-research-dossier.md","4","""We must spread Bant's light before we are shadowed over."" -> BANT-F01: Rosewater's Bant article frames Bant as an idealized White-centered utopia made possible by the absence of Black and Red from the shard. | BANT-F02: Bant's social structure is strongly associated with sigils, public honor, and earned recognition. -> Bant Sojourners's exact excerpt provides a bounded voice echo of Bant named directly through an idealized light meant to extend beyond the shard.","NONE_IDENTIFIED","PASS_VERIFIED_CARD_AND_CURRENT_TEXT","SUPPORTED_WITH_LIMITATIONS","PASS_BOUNDED_CARD_TO_FACET_BRIDGE","NO_MATERIAL_TILE_MODAL_ECHO","LEGITIMATE_SHARED_CONCEPT","NO_DELETION_INDICATED","NO_SWAP_INDICATED","ADDITIVE_IDENTITY_INTERPRETATION","NO_MATERIAL_FACET_COLLAPSE","NO_MATERIAL_OVERCLAIM","FORMULAIC_BUT_READABLE","NO_CHANGE_INDICATED",""
"SOUND-BANT-2-cardvoice_vm558_bant_610adb2b_9d52_4b70_92d1_0c7adeb93552","BANT","Bant","SOUND","2","Bant Sureblade","Exact card voice","Soldiers who fought through Grixis learned to hit first, recite the prayer of Asha later.","","What this card's voice reveals about Bant","The line lets a Bant idealist carry faith into a harsher world while learning to strike before ceremony.","Creature — Human Soldier","162feb2b-e641-4338-bcf1-1f7e7a11bb9d","610adb2b-9d52-4b70-92d1-0c7adeb93552","arb","143","cardvoice_vm558_bant_610adb2b_9d52_4b70_92d1_0c7adeb93552","NATIVE_FIGURE_OR_LOCATION","bant_claim_0004; bant_claim_0007","src_wotc_rosewater_bant_20081006; src_vm_bant_metaphysics_md_20260529; src_vm_bant_evidence_ledger_20260528; src_vm_bant_research_dossier_20260528","data/scryfall/raw/oracle-cards.json#id=162feb2b-e641-4338-bcf1-1f7e7a11bb9d","Creature — Human Soldier | As long as you control another multicolored permanent, this creature gets +1/+1 and has first strike. | Soldiers who fought through Grixis learned to hit first, recite the prayer of Asha later.","BANT-F01/bant_claim_0004: Rosewater's Bant article frames Bant as an idealized White-centered utopia made possible by the absence of Black and Red from the shard. -> src_wotc_rosewater_bant_20081006 docs/research/canon/mark_rosewater_official_three_color/Bant_Peace, Love and Understanding _ MAGIC_ THE GATHERING.md @ docs/research/canon/mark_rosewater_official_three_color/Bant_Peace, Love and Understanding _ MAGIC_ THE GATHERING.md#absence-of-black-red [FULL_LOCAL_SOURCE_READ]: Official design commentary discusses Bant through the absence of Black and Red pressures. || src_vm_bant_metaphysics_md_20260529 docs/architecture/colors/bant/metaphysics.md @ docs/architecture/colors/bant/metaphysics.md#absence-boundary [FULL_LOCAL_SOURCE_READ]: The metaphysics synthesis treats missing-color readings as bounded guardrails rather than generic moral labels. || src_vm_bant_evidence_ledger_20260528 docs/research/bant/bant-evidence-ledger.md @ docs/research/bant/bant-evidence-ledger.md#absence-boundary [FULL_LOCAL_SOURCE_READ]: The evidence ledger preserves absence-of-color framing as a scoped design boundary. || BANT-F02/bant_claim_0007: Bant's social structure is strongly associated with sigils, public honor, and earned recognition. -> src_vm_bant_evidence_ledger_20260528 docs/research/bant/bant-evidence-ledger.md @ docs/research/bant/bant-evidence-ledger.md#sigil-public-honor [FULL_LOCAL_SOURCE_READ]: The evidence ledger records Bant sigils and public honor as identity-bearing evidence when bounded to Bant order. || src_vm_bant_research_dossier_20260528 docs/research/bant/bant-research-dossier.md @ docs/research/bant/bant-research-dossier.md#sigil-boundary [FULL_LOCAL_SOURCE_READ]: The research dossier distinguishes Bant sigil recognition from generic honor language.","NOT_APPLICABLE","BANT-F01; BANT-F02","The exact printed flavor line is the card-side fact. It supports only the named facet IDs where the line itself, not card color/type/product membership, supplies the stated echo.","DIRECT_FACT_PLUS_SUPPORTED_INTERPRETATION","Owner-approved complementary card voice. Public use remains limited to this exact printing and bounded identity relationship; it does not prove placement, play style, or identity from card color, mechanics, tags, or product membership.","src_wotc_rosewater_bant_20081006: docs/research/canon/mark_rosewater_official_three_color/Bant_Peace, Love and Understanding _ MAGIC_ THE GATHERING.md; src_vm_bant_metaphysics_md_20260529: docs/architecture/colors/bant/metaphysics.md; src_vm_bant_evidence_ledger_20260528: docs/research/bant/bant-evidence-ledger.md; src_vm_bant_research_dossier_20260528: docs/research/bant/bant-research-dossier.md","4","Soldiers who fought through Grixis learned to hit first, recite the prayer of Asha later. -> BANT-F01: Rosewater's Bant article frames Bant as an idealized White-centered utopia made possible by the absence of Black and Red from the shard. | BANT-F02: Bant's social structure is strongly associated with sigils, public honor, and earned recognition. -> Bant Sureblade gives Bant a second voice of public honor adapting when the utopia breaks.","NONE_IDENTIFIED","PASS_VERIFIED_CARD_AND_CURRENT_TEXT","SUPPORTED_WITH_LIMITATIONS","PASS_BOUNDED_CARD_TO_FACET_BRIDGE","NO_MATERIAL_TILE_MODAL_ECHO","LEGITIMATE_SHARED_CONCEPT","NO_DELETION_INDICATED","NO_SWAP_INDICATED","ADDITIVE_IDENTITY_INTERPRETATION","NO_MATERIAL_FACET_COLLAPSE","NO_MATERIAL_OVERCLAIM","NATURAL_ENOUGH_AS_WRITTEN","NO_CHANGE_INDICATED",""
"PLAY-BANT-1-cardrel_bant_c6e17443","BANT","Bant","PLAY","1","Rafiq of the Many","Why it fits in play","Rafiq is the clearest Bant champion expression: one worthy attacker receives the force and recognition of the whole.","Exalted; Voltron; Single Champion","Why Rafiq of the Many helps explain Bant in play","At the table, Rafiq of the Many carries that card action into this reading's larger plan: one protected champion, refined support, living order, and communal trust becoming visible pressure.","Legendary Creature — Human Knight","ebdd967d-b364-47ad-a1c2-49b155f72c5b","c6e17443-2379-419d-8c32-13ea9bf52993","cmm","352","cardrel_bant_c6e17443","NATIVE_IDENTITY_ANCHOR","bant_claim_0006; bant_claim_0008","src_vm_bant_identity_md_20260529; src_vm_bant_metaphysics_md_20260529; src_vm_bant_research_dossier_20260528; src_vm_bant_evidence_ledger_20260528","data/scryfall/raw/oracle-cards.json#id=ebdd967d-b364-47ad-a1c2-49b155f72c5b","Legendary Creature — Human Knight | Exalted (Whenever a creature you control attacks alone, that creature gets +1/+1 until end of turn.)
Whenever a creature you control attacks alone, it gains double strike until end of turn. | Many sigils, one purpose.","BANT-F03/bant_claim_0006: Exalted supports a Bant placement reading of many members concentrating support behind one worthy champion. -> src_vm_bant_identity_md_20260529 docs/architecture/colors/bant/identity.md @ docs/architecture/colors/bant/identity.md#public-champion [FULL_LOCAL_SOURCE_READ]: The identity synthesis centers supported-champion excellence rather than solitary achievement. || src_vm_bant_metaphysics_md_20260529 docs/architecture/colors/bant/metaphysics.md @ docs/architecture/colors/bant/metaphysics.md#community-backed-excellence [FULL_LOCAL_SOURCE_READ]: The metaphysics synthesis binds excellence to public support and communal responsibility. || src_vm_bant_research_dossier_20260528 docs/research/bant/bant-research-dossier.md @ docs/research/bant/bant-research-dossier.md#champion-order [FULL_LOCAL_SOURCE_READ]: The research dossier tracks champion-order language across Bant recovery notes. || BANT-F04/bant_claim_0008: Rafiq of the Many is Bant's iconic legendary knight figure and is associated with sigils from all five Bant nations. -> src_vm_bant_evidence_ledger_20260528 docs/research/bant/bant-evidence-ledger.md @ docs/research/bant/bant-evidence-ledger.md#rafiq-sigil-anchor [FULL_LOCAL_SOURCE_READ]: The evidence ledger uses Rafiq as a card-and-setting anchor for champion and sigil recognition. || src_vm_bant_research_dossier_20260528 docs/research/bant/bant-research-dossier.md @ docs/research/bant/bant-research-dossier.md#rafiq-boundary [FULL_LOCAL_SOURCE_READ]: The research dossier treats Rafiq as a bounded Bant anchor without expanding unsupported story text.","Exalted (Whenever a creature you control attacks alone, that creature gets +1/+1 until end of turn.)
Whenever a creature you control attacks alone, it gains double strike until end of turn.","BANT-F03; BANT-F04","The committed Oracle text is the gameplay-side fact. It supports only the named facet IDs where the visible rationale accurately describes that behavior and makes the identity connection explicit.","DIRECT_FACT_PLUS_SUPPORTED_INTERPRETATION","Card data and deck guidance require live verification before runtime Commander Compass use. The player wants broad go-wide tokens, prison control, or ramp with no champion frame.","src_vm_bant_identity_md_20260529: docs/architecture/colors/bant/identity.md; src_vm_bant_metaphysics_md_20260529: docs/architecture/colors/bant/metaphysics.md; src_vm_bant_research_dossier_20260528: docs/research/bant/bant-research-dossier.md; src_vm_bant_evidence_ledger_20260528: docs/research/bant/bant-evidence-ledger.md","4","Exalted (Whenever a creature you control attacks alone, that creature gets +1/+1 until end of turn.)
Whenever a creature you control attacks alone, it gains double strike until end of turn. -> BANT-F03: Exalted supports a Bant placement reading of many members concentrating support behind one worthy champion. | BANT-F04: Rafiq of the Many is Bant's iconic legendary knight figure and is associated with sigils from all five Bant nations. -> The preserved Commander guidance sentence is the direct relationship assertion. Certified claim IDs establish the identity-side boundary; the committed Scryfall index establishes only the named card facts. Owner review must confirm that the sentence does not overstate that bridge.","NONE_IDENTIFIED","PASS_VERIFIED_CARD_AND_CURRENT_TEXT","SUPPORTED_WITH_LIMITATIONS","PASS_BOUNDED_CARD_TO_FACET_BRIDGE","GENERIC_IDENTITY_LANGUAGE_WITHOUT_NEW_CARD_SPECIFIC_INSIGHT","NO_MATERIAL_CROSS_CARD_REPETITION","NO_DELETION_INDICATED","NO_SWAP_INDICATED","MODAL_REDUNDANT","NO_MATERIAL_FACET_COLLAPSE","NO_MATERIAL_OVERCLAIM","SHARED_COMPOSER_FRAME","REMEDIATION_LIKELY","The modal adds a general identity plan but does not deepen why this particular card teaches that facet beyond the already-visible tile."
"SOUND-ESPER-1-cardvoice_esper_fef94125_aa8d_4147_a609_1e990961bde2","ESPER","Esper","SOUND","1","Brainbite","Exact card voice","An Esper mage will leave a hole in your memory with surgical precision. A Grixis mage sees no reason to be so kind.","","What this card's voice reveals about Esper","The line presents Esper through precise, controlled use of information.","Sorcery","925c08bd-120d-49a5-a258-bda3859c1d4c","fef94125-aa8d-4147-a609-1e990961bde2","arb","18","cardvoice_esper_fef94125_aa8d_4147_a609_1e990961bde2","EXPLICIT_IDENTITY_REFERENCE","esper_claim_0003; esper_claim_0004; esper_claim_0006","src_vm_esper_evidence_ledger_20260529; src_wotc_rosewater_esper_striving_for_perfection","data/scryfall/raw/oracle-cards.json#id=925c08bd-120d-49a5-a258-bda3859c1d4c","Sorcery | Target opponent reveals their hand. You choose a card from it. That player discards that card.
Draw a card. | An Esper mage will leave a hole in your memory with surgical precision. A Grixis mage sees no reason to be so kind.","ESPER-F01/esper_claim_0003: Esper's Blue-centered design philosophy treats potential as accessible through knowledge, planning, change, and applied information. -> src_vm_esper_evidence_ledger_20260529 docs/research/esper/esper-evidence-ledger.md @ docs/research/esper/esper-evidence-ledger.md#ESPER-003 [FULL_LOCAL_SOURCE_READ]: Ledger row ESPER-003 captures the Blue-centered potential, knowledge, planning, and applied-information frame. || src_wotc_rosewater_esper_striving_for_perfection docs/research/canon/mark_rosewater_official_three_color/Esper_Striving For Perfection _ Magic_ The Gathering.md @ docs/research/canon/mark_rosewater_official_three_color/Esper_Striving For Perfection _ Magic_ The Gathering.md#potential-knowledge-change [FULL_LOCAL_SOURCE_READ]: Rosewater ties Blue to potential, knowledge, deliberate change, details, deployment, science, and technology. || ESPER-F02/esper_claim_0004: The official design article frames Esper as Blue's proof-of-concept world for order and perfection. -> src_vm_esper_evidence_ledger_20260529 docs/research/esper/esper-evidence-ledger.md @ docs/research/esper/esper-evidence-ledger.md#ESPER-004 [FULL_LOCAL_SOURCE_READ]: Ledger row ESPER-004 records the design-commentary-only perfection/order claim. || src_wotc_rosewater_esper_striving_for_perfection docs/research/canon/mark_rosewater_official_three_color/Esper_Striving For Perfection _ Magic_ The Gathering.md @ docs/research/canon/mark_rosewater_official_three_color/Esper_Striving For Perfection _ Magic_ The Gathering.md#pinnacle-order-perfection [FULL_LOCAL_SOURCE_READ]: Rosewater describes Esper as Blue's pinnacle of order and perfection, including mastered weather, politics, and biology. || ESPER-F03/esper_claim_0006: Black supports Esper's Blue center through control, information value, focus, and vision, while introducing ethical risk. -> src_vm_esper_evidence_ledger_20260529 docs/research/esper/esper-evidence-ledger.md @ docs/research/esper/esper-evidence-ledger.md#ESPER-006 [FULL_LOCAL_SOURCE_READ]: Ledger row ESPER-006 records Black's bounded contribution and risk pressure. || src_wotc_rosewater_esper_striving_for_perfection docs/research/canon/mark_rosewater_official_three_color/Esper_Striving For Perfection _ Magic_ The Gathering.md @ docs/research/canon/mark_rosewater_official_three_color/Esper_Striving For Perfection _ Magic_ The Gathering.md#black-ally [FULL_LOCAL_SOURCE_READ]: Rosewater's Black ally section supports control, information value, focus, vision, scruples pressure, and personal-gain risk.","NOT_APPLICABLE","ESPER-F01; ESPER-F02; ESPER-F03","The exact printed flavor line is the card-side fact. It supports only the named facet IDs where the line itself, not card color/type/product membership, supplies the stated echo.","DIRECT_FACT_PLUS_SUPPORTED_INTERPRETATION","Exact card text is verified, but Public use is limited to this validated voice relationship. Blue, Dimir, Azorius, and Grixis also use information or control; the excerpt explicitly contrasts Esper's surgical precision with Grixis.","src_vm_esper_evidence_ledger_20260529: docs/research/esper/esper-evidence-ledger.md; src_wotc_rosewater_esper_striving_for_perfection: docs/research/canon/mark_rosewater_official_three_color/Esper_Striving For Perfection _ Magic_ The Gathering.md","2","An Esper mage will leave a hole in your memory with surgical precision. A Grixis mage sees no reason to be so kind. -> ESPER-F01: Esper's Blue-centered design philosophy treats potential as accessible through knowledge, planning, change, and applied information. | ESPER-F02: The official design article frames Esper as Blue's proof-of-concept world for order and perfection. | ESPER-F03: Black supports Esper's Blue center through control, information value, focus, and vision, while introducing ethical risk. -> Brainbite's exact excerpt provides a bounded voice echo of Esper named directly through precise, controlled use of information.","NONE_IDENTIFIED","PASS_VERIFIED_CARD_AND_CURRENT_TEXT","SUPPORTED_WITH_LIMITATIONS","PASS_BOUNDED_CARD_TO_FACET_BRIDGE","NO_MATERIAL_TILE_MODAL_ECHO","EVIDENCE_LIMITATION","NO_DELETION_INDICATED","NO_SWAP_INDICATED","ADDITIVE_IDENTITY_INTERPRETATION","NO_MATERIAL_FACET_COLLAPSE","NO_MATERIAL_OVERCLAIM","FORMULAIC_BUT_READABLE","NO_CHANGE_INDICATED",""
"SOUND-ESPER-2-cardvoice_vm558_esper_518115c9_0f0f_4249_81ff_e79b27dda1be","ESPER","Esper","SOUND","2","Aven Trailblazer","Exact card voice","""The bird wore the form of a man, bereft of filigree. Why do the Texts not speak of it?"" —Belator of Esper","","What this card's voice reveals about Esper","The speaker is disturbed by a humanlike form without filigree and by the Texts' silence, revealing Esper's engineered norm and need for ordered explanation.","Creature — Bird Soldier","cb032cd3-96a4-4cef-bb89-0843f2ed8189","518115c9-0f0f-4249-81ff-e79b27dda1be","con","4","cardvoice_vm558_esper_518115c9_0f0f_4249_81ff_e79b27dda1be","NATIVE_FIGURE_OR_LOCATION","esper_claim_0003; esper_claim_0004; esper_claim_0006","src_vm_esper_evidence_ledger_20260529; src_wotc_rosewater_esper_striving_for_perfection","data/scryfall/raw/oracle-cards.json#id=cb032cd3-96a4-4cef-bb89-0843f2ed8189","Creature — Bird Soldier | Flying
Domain — Aven Trailblazer's toughness is equal to the number of basic land types among lands you control. | ""The bird wore the form of a man, bereft of filigree. Why do the Texts not speak of it?""
—Belator of Esper","ESPER-F01/esper_claim_0003: Esper's Blue-centered design philosophy treats potential as accessible through knowledge, planning, change, and applied information. -> src_vm_esper_evidence_ledger_20260529 docs/research/esper/esper-evidence-ledger.md @ docs/research/esper/esper-evidence-ledger.md#ESPER-003 [FULL_LOCAL_SOURCE_READ]: Ledger row ESPER-003 captures the Blue-centered potential, knowledge, planning, and applied-information frame. || src_wotc_rosewater_esper_striving_for_perfection docs/research/canon/mark_rosewater_official_three_color/Esper_Striving For Perfection _ Magic_ The Gathering.md @ docs/research/canon/mark_rosewater_official_three_color/Esper_Striving For Perfection _ Magic_ The Gathering.md#potential-knowledge-change [FULL_LOCAL_SOURCE_READ]: Rosewater ties Blue to potential, knowledge, deliberate change, details, deployment, science, and technology. || ESPER-F02/esper_claim_0004: The official design article frames Esper as Blue's proof-of-concept world for order and perfection. -> src_vm_esper_evidence_ledger_20260529 docs/research/esper/esper-evidence-ledger.md @ docs/research/esper/esper-evidence-ledger.md#ESPER-004 [FULL_LOCAL_SOURCE_READ]: Ledger row ESPER-004 records the design-commentary-only perfection/order claim. || src_wotc_rosewater_esper_striving_for_perfection docs/research/canon/mark_rosewater_official_three_color/Esper_Striving For Perfection _ Magic_ The Gathering.md @ docs/research/canon/mark_rosewater_official_three_color/Esper_Striving For Perfection _ Magic_ The Gathering.md#pinnacle-order-perfection [FULL_LOCAL_SOURCE_READ]: Rosewater describes Esper as Blue's pinnacle of order and perfection, including mastered weather, politics, and biology. || ESPER-F03/esper_claim_0006: Black supports Esper's Blue center through control, information value, focus, and vision, while introducing ethical risk. -> src_vm_esper_evidence_ledger_20260529 docs/research/esper/esper-evidence-ledger.md @ docs/research/esper/esper-evidence-ledger.md#ESPER-006 [FULL_LOCAL_SOURCE_READ]: Ledger row ESPER-006 records Black's bounded contribution and risk pressure. || src_wotc_rosewater_esper_striving_for_perfection docs/research/canon/mark_rosewater_official_three_color/Esper_Striving For Perfection _ Magic_ The Gathering.md @ docs/research/canon/mark_rosewater_official_three_color/Esper_Striving For Perfection _ Magic_ The Gathering.md#black-ally [FULL_LOCAL_SOURCE_READ]: Rosewater's Black ally section supports control, information value, focus, vision, scruples pressure, and personal-gain risk.","NOT_APPLICABLE","ESPER-F01; ESPER-F02; ESPER-F03","The exact printed flavor line is the card-side fact. It supports only the named facet IDs where the line itself, not card color/type/product membership, supplies the stated echo.","DIRECT_FACT_PLUS_SUPPORTED_INTERPRETATION","Owner-approved complementary card voice. Public use remains limited to this exact printing and bounded identity relationship; it does not prove placement, play style, or identity from card color, mechanics, tags, or product membership.","src_vm_esper_evidence_ledger_20260529: docs/research/esper/esper-evidence-ledger.md; src_wotc_rosewater_esper_striving_for_perfection: docs/research/canon/mark_rosewater_official_three_color/Esper_Striving For Perfection _ Magic_ The Gathering.md","2","""The bird wore the form of a man, bereft of filigree. Why do the Texts not speak of it?"" —Belator of Esper -> ESPER-F01: Esper's Blue-centered design philosophy treats potential as accessible through knowledge, planning, change, and applied information. | ESPER-F02: The official design article frames Esper as Blue's proof-of-concept world for order and perfection. | ESPER-F03: Black supports Esper's Blue center through control, information value, focus, and vision, while introducing ethical risk. -> Aven Trailblazer gives Esper a second voice of artifice and textual order defining what counts as complete.","NONE_IDENTIFIED","PASS_VERIFIED_CARD_AND_CURRENT_TEXT","SUPPORTED_WITH_LIMITATIONS","PASS_BOUNDED_CARD_TO_FACET_BRIDGE","NO_MATERIAL_TILE_MODAL_ECHO","EVIDENCE_LIMITATION","NO_DELETION_INDICATED","NO_SWAP_INDICATED","ADDITIVE_IDENTITY_INTERPRETATION","NO_MATERIAL_FACET_COLLAPSE","NO_MATERIAL_OVERCLAIM","NATURAL_ENOUGH_AS_WRITTEN","NO_CHANGE_INDICATED",""
"PLAY-ESPER-1-cardrel_auto_esper_3268251a_8292_44f9_9267_c961b182f739","ESPER","Esper","PLAY","1","Y'shtola, Night's Blessed","Why it fits in play","Y'shtola links planned noncreature spells and a known life-loss threshold to repeatable card access and pressure.","","Why Y'shtola, Night's Blessed helps explain Esper in play","At the table, Y'shtola, Night's Blessed carries that card action into this reading's larger plan: careful setup, protected engines, clean answers, and a future that narrows as Esper understands the table.","Legendary Creature — Cat Warlock","c7f2c2d5-e052-49e8-b5de-712858c2ea78","3268251a-8292-44f9-9267-c961b182f739","fic","7","cardrel_auto_esper_3268251a_8292_44f9_9267_c961b182f739","CERTIFIED_BEHAVIORAL_EXAMPLE","esper_claim_0003; esper_claim_0006","src_vm_esper_evidence_ledger_20260529; src_wotc_rosewater_esper_striving_for_perfection","data/scryfall/raw/oracle-cards.json#id=c7f2c2d5-e052-49e8-b5de-712858c2ea78","Legendary Creature — Cat Warlock | Vigilance
At the beginning of each end step, if a player lost 4 or more life this turn, you draw a card.
Whenever you cast a noncreature spell with mana value 3 or greater, Y'shtola deals 2 damage to each opponent and you gain 2 life. | ","ESPER-F01/esper_claim_0003: Esper's Blue-centered design philosophy treats potential as accessible through knowledge, planning, change, and applied information. -> src_vm_esper_evidence_ledger_20260529 docs/research/esper/esper-evidence-ledger.md @ docs/research/esper/esper-evidence-ledger.md#ESPER-003 [FULL_LOCAL_SOURCE_READ]: Ledger row ESPER-003 captures the Blue-centered potential, knowledge, planning, and applied-information frame. || src_wotc_rosewater_esper_striving_for_perfection docs/research/canon/mark_rosewater_official_three_color/Esper_Striving For Perfection _ Magic_ The Gathering.md @ docs/research/canon/mark_rosewater_official_three_color/Esper_Striving For Perfection _ Magic_ The Gathering.md#potential-knowledge-change [FULL_LOCAL_SOURCE_READ]: Rosewater ties Blue to potential, knowledge, deliberate change, details, deployment, science, and technology. || ESPER-F03/esper_claim_0006: Black supports Esper's Blue center through control, information value, focus, and vision, while introducing ethical risk. -> src_vm_esper_evidence_ledger_20260529 docs/research/esper/esper-evidence-ledger.md @ docs/research/esper/esper-evidence-ledger.md#ESPER-006 [FULL_LOCAL_SOURCE_READ]: Ledger row ESPER-006 records Black's bounded contribution and risk pressure. || src_wotc_rosewater_esper_striving_for_perfection docs/research/canon/mark_rosewater_official_three_color/Esper_Striving For Perfection _ Magic_ The Gathering.md @ docs/research/canon/mark_rosewater_official_three_color/Esper_Striving For Perfection _ Magic_ The Gathering.md#black-ally [FULL_LOCAL_SOURCE_READ]: Rosewater's Black ally section supports control, information value, focus, vision, scruples pressure, and personal-gain risk.","Vigilance
At the beginning of each end step, if a player lost 4 or more life this turn, you draw a card.
Whenever you cast a noncreature spell with mana value 3 or greater, Y'shtola deals 2 damage to each opponent and you gain 2 life.","ESPER-F01; ESPER-F03","The committed Oracle text is the gameplay-side fact. It supports only the named facet IDs where the visible rationale accurately describes that behavior and makes the identity connection explicit.","SUPPORTED_INTERPRETATION","A bounded card example validated against certified identity claims and canonical card text. It does not prove player motivation, placement, or identity from color, mechanic, tag, or product membership.","src_vm_esper_evidence_ledger_20260529: docs/research/esper/esper-evidence-ledger.md; src_wotc_rosewater_esper_striving_for_perfection: docs/research/canon/mark_rosewater_official_three_color/Esper_Striving For Perfection _ Magic_ The Gathering.md","2","Vigilance
At the beginning of each end step, if a player lost 4 or more life this turn, you draw a card.
Whenever you cast a noncreature spell with mana value 3 or greater, Y'shtola deals 2 damage to each opponent and you gain 2 life. -> ESPER-F01: Esper's Blue-centered design philosophy treats potential as accessible through knowledge, planning, change, and applied information. | ESPER-F03: Black supports Esper's Blue center through control, information value, focus, and vision, while introducing ethical risk. -> Automatically approved only because the certified identity claims, canonical card observation, bounded bridge, false-positive analysis, and neighbor analysis all pass the shared validator.","NONE_IDENTIFIED","PASS_VERIFIED_CARD_AND_CURRENT_TEXT","SUPPORTED_WITH_LIMITATIONS","PASS_BOUNDED_CARD_TO_FACET_BRIDGE","GENERIC_IDENTITY_LANGUAGE_WITHOUT_NEW_CARD_SPECIFIC_INSIGHT","NO_MATERIAL_CROSS_CARD_REPETITION","NO_DELETION_INDICATED","NO_SWAP_INDICATED","MODAL_REDUNDANT","NO_MATERIAL_FACET_COLLAPSE","NO_MATERIAL_OVERCLAIM","SHARED_COMPOSER_FRAME","REMEDIATION_LIKELY","The modal adds a general identity plan but does not deepen why this particular card teaches that facet beyond the already-visible tile."
"SOUND-GRIXIS-1-cardvoice_grixis_fef94125_aa8d_4147_a609_1e990961bde2","GRIXIS","Grixis","SOUND","1","Brainbite","Exact card voice","An Esper mage will leave a hole in your memory with surgical precision. A Grixis mage sees no reason to be so kind.","","What this card's voice reveals about Grixis","The line presents Grixis as harsher than Esper in its use of information and harm.","Sorcery","925c08bd-120d-49a5-a258-bda3859c1d4c","fef94125-aa8d-4147-a609-1e990961bde2","arb","18","cardvoice_grixis_fef94125_aa8d_4147_a609_1e990961bde2","EXPLICIT_IDENTITY_REFERENCE","grixis_claim_0003; grixis_claim_0004; grixis_claim_0006","src_vm_grixis_evidence_ledger_20260530; src_wotc_rosewater_grixis_looking_out_for_number_one","data/scryfall/raw/oracle-cards.json#id=925c08bd-120d-49a5-a258-bda3859c1d4c","Sorcery | Target opponent reveals their hand. You choose a card from it. That player discards that card.
Draw a card. | An Esper mage will leave a hole in your memory with surgical precision. A Grixis mage sees no reason to be so kind.","GRIXIS-F01/grixis_claim_0003: Black's Grixis framing centers survival, self-advocacy, agency, and adapting to reality as it is. -> src_vm_grixis_evidence_ledger_20260530 docs/research/grixis/grixis-evidence-ledger.md @ docs/research/grixis/grixis-evidence-ledger.md:26#GRIXIS-003 [FULL_LOCAL_SOURCE_READ]: Ledger row GRIXIS-003 records Black survival, self-advocacy, agency, and adaptation. || src_wotc_rosewater_grixis_looking_out_for_number_one docs/research/canon/mark_rosewater_official_three_color/Grixis_Looking Out For Number One _ MAGIC_ THE GATHERING.md @ docs/research/canon/mark_rosewater_official_three_color/Grixis_Looking Out For Number One _ MAGIC_ THE GATHERING.md:29-104 [FULL_LOCAL_SOURCE_READ]: The article frames Black around survival, initiative, agency, self-advocacy, and adapting to the world rather than imposed White morality. || GRIXIS-F02/grixis_claim_0004: Blue contributes subtle problem-solving, study, planning, weakness analysis, and information leverage inside Black's Grixis frame. -> src_vm_grixis_evidence_ledger_20260530 docs/research/grixis/grixis-evidence-ledger.md @ docs/research/grixis/grixis-evidence-ledger.md:27#GRIXIS-004 [FULL_LOCAL_SOURCE_READ]: Ledger row GRIXIS-004 records Blue problem-solving, study, planning, weakness analysis, and information exploitation. || src_wotc_rosewater_grixis_looking_out_for_number_one docs/research/canon/mark_rosewater_official_three_color/Grixis_Looking Out For Number One _ MAGIC_ THE GATHERING.md @ docs/research/canon/mark_rosewater_official_three_color/Grixis_Looking Out For Number One _ MAGIC_ THE GATHERING.md:141-149 [FULL_LOCAL_SOURCE_READ]: Rosewater's Blue ally section supports subtle problem-solving, study, weakness analysis, and exploitation of information. || GRIXIS-F03/grixis_claim_0006: The UBR synthesis is Black mixing Red zeal with Blue manipulation and smarts into an actively conniving survival world. -> src_vm_grixis_evidence_ledger_20260530 docs/research/grixis/grixis-evidence-ledger.md @ docs/research/grixis/grixis-evidence-ledger.md:29#GRIXIS-006 [FULL_LOCAL_SOURCE_READ]: Ledger row GRIXIS-006 records the Black/Red/Blue synthesis as zeal plus manipulation in a survival world. || src_wotc_rosewater_grixis_looking_out_for_number_one docs/research/canon/mark_rosewater_official_three_color/Grixis_Looking Out For Number One _ MAGIC_ THE GATHERING.md @ docs/research/canon/mark_rosewater_official_three_color/Grixis_Looking Out For Number One _ MAGIC_ THE GATHERING.md:151-155 [FULL_LOCAL_SOURCE_READ]: Rosewater describes working with Red and Blue as mixing Red zeal with Blue manipulation/smarts into an actively conniving world that takes survival to the nth degree.","NOT_APPLICABLE","GRIXIS-F01; GRIXIS-F02; GRIXIS-F03","The exact printed flavor line is the card-side fact. It supports only the named facet IDs where the line itself, not card color/type/product membership, supplies the stated echo.","DIRECT_FACT_PLUS_SUPPORTED_INTERPRETATION","Exact card text is verified, but Public use is limited to this validated voice relationship. Esper and Dimir share precision and information leverage; the explicit Esper/Grixis contrast makes the Grixis ruthlessness distinction visible.","src_vm_grixis_evidence_ledger_20260530: docs/research/grixis/grixis-evidence-ledger.md; src_wotc_rosewater_grixis_looking_out_for_number_one: docs/research/canon/mark_rosewater_official_three_color/Grixis_Looking Out For Number One _ MAGIC_ THE GATHERING.md","2","An Esper mage will leave a hole in your memory with surgical precision. A Grixis mage sees no reason to be so kind. -> GRIXIS-F01: Black's Grixis framing centers survival, self-advocacy, agency, and adapting to reality as it is. | GRIXIS-F02: Blue contributes subtle problem-solving, study, planning, weakness analysis, and information leverage inside Black's Grixis frame. | GRIXIS-F03: The UBR synthesis is Black mixing Red zeal with Blue manipulation and smarts into an actively conniving survival world. -> Brainbite's exact excerpt provides a bounded voice echo of Grixis named directly as harsher than Esper in its use of information and harm.","NONE_IDENTIFIED","PASS_VERIFIED_CARD_AND_CURRENT_TEXT","SUPPORTED_WITH_LIMITATIONS","PASS_BOUNDED_CARD_TO_FACET_BRIDGE","NO_MATERIAL_TILE_MODAL_ECHO","EVIDENCE_LIMITATION","NO_DELETION_INDICATED","NO_SWAP_INDICATED","ADDITIVE_IDENTITY_INTERPRETATION","NO_MATERIAL_FACET_COLLAPSE","NO_MATERIAL_OVERCLAIM","FORMULAIC_BUT_READABLE","NO_CHANGE_INDICATED",""
"SOUND-GRIXIS-2-cardvoice_vm558_grixis_8a5e3c8e_8e22_49b9_8ee5_4a36361f0da6","GRIXIS","Grixis","SOUND","2","Nekusar, the Mindrazer","Exact card voice","His enemies wondered if the lich king's brutal death and unnatural rebirth had been his plan all along.","","What this card's voice reveals about Grixis","The line makes death itself look like a move in Nekusar's plan, capturing Grixis survival through manipulation and necromantic reuse.","Legendary Creature — Zombie Wizard","4afdc65d-3c97-47af-83fa-df340389802e","8a5e3c8e-8e22-49b9-8ee5-4a36361f0da6","cmm","349","cardvoice_vm558_grixis_8a5e3c8e_8e22_49b9_8ee5_4a36361f0da6","NATIVE_FIGURE_OR_LOCATION","grixis_claim_0003; grixis_claim_0004; grixis_claim_0006","src_vm_grixis_evidence_ledger_20260530; src_wotc_rosewater_grixis_looking_out_for_number_one","data/scryfall/raw/oracle-cards.json#id=4afdc65d-3c97-47af-83fa-df340389802e","Legendary Creature — Zombie Wizard | At the beginning of each player's draw step, that player draws an additional card.
Whenever an opponent draws a card, Nekusar deals 1 damage to that player. | His enemies wondered if the lich king's brutal death and unnatural rebirth had been his plan all along.","GRIXIS-F01/grixis_claim_0003: Black's Grixis framing centers survival, self-advocacy, agency, and adapting to reality as it is. -> src_vm_grixis_evidence_ledger_20260530 docs/research/grixis/grixis-evidence-ledger.md @ docs/research/grixis/grixis-evidence-ledger.md:26#GRIXIS-003 [FULL_LOCAL_SOURCE_READ]: Ledger row GRIXIS-003 records Black survival, self-advocacy, agency, and adaptation. || src_wotc_rosewater_grixis_looking_out_for_number_one docs/research/canon/mark_rosewater_official_three_color/Grixis_Looking Out For Number One _ MAGIC_ THE GATHERING.md @ docs/research/canon/mark_rosewater_official_three_color/Grixis_Looking Out For Number One _ MAGIC_ THE GATHERING.md:29-104 [FULL_LOCAL_SOURCE_READ]: The article frames Black around survival, initiative, agency, self-advocacy, and adapting to the world rather than imposed White morality. || GRIXIS-F02/grixis_claim_0004: Blue contributes subtle problem-solving, study, planning, weakness analysis, and information leverage inside Black's Grixis frame. -> src_vm_grixis_evidence_ledger_20260530 docs/research/grixis/grixis-evidence-ledger.md @ docs/research/grixis/grixis-evidence-ledger.md:27#GRIXIS-004 [FULL_LOCAL_SOURCE_READ]: Ledger row GRIXIS-004 records Blue problem-solving, study, planning, weakness analysis, and information exploitation. || src_wotc_rosewater_grixis_looking_out_for_number_one docs/research/canon/mark_rosewater_official_three_color/Grixis_Looking Out For Number One _ MAGIC_ THE GATHERING.md @ docs/research/canon/mark_rosewater_official_three_color/Grixis_Looking Out For Number One _ MAGIC_ THE GATHERING.md:141-149 [FULL_LOCAL_SOURCE_READ]: Rosewater's Blue ally section supports subtle problem-solving, study, weakness analysis, and exploitation of information. || GRIXIS-F03/grixis_claim_0006: The UBR synthesis is Black mixing Red zeal with Blue manipulation and smarts into an actively conniving survival world. -> src_vm_grixis_evidence_ledger_20260530 docs/research/grixis/grixis-evidence-ledger.md @ docs/research/grixis/grixis-evidence-ledger.md:29#GRIXIS-006 [FULL_LOCAL_SOURCE_READ]: Ledger row GRIXIS-006 records the Black/Red/Blue synthesis as zeal plus manipulation in a survival world. || src_wotc_rosewater_grixis_looking_out_for_number_one docs/research/canon/mark_rosewater_official_three_color/Grixis_Looking Out For Number One _ MAGIC_ THE GATHERING.md @ docs/research/canon/mark_rosewater_official_three_color/Grixis_Looking Out For Number One _ MAGIC_ THE GATHERING.md:151-155 [FULL_LOCAL_SOURCE_READ]: Rosewater describes working with Red and Blue as mixing Red zeal with Blue manipulation/smarts into an actively conniving world that takes survival to the nth degree.","NOT_APPLICABLE","GRIXIS-F01; GRIXIS-F02; GRIXIS-F03","The exact printed flavor line is the card-side fact. It supports only the named facet IDs where the line itself, not card color/type/product membership, supplies the stated echo.","DIRECT_FACT_PLUS_SUPPORTED_INTERPRETATION","Owner-approved complementary card voice. Public use remains limited to this exact printing and bounded identity relationship; it does not prove placement, play style, or identity from card color, mechanics, tags, or product membership.","src_vm_grixis_evidence_ledger_20260530: docs/research/grixis/grixis-evidence-ledger.md; src_wotc_rosewater_grixis_looking_out_for_number_one: docs/research/canon/mark_rosewater_official_three_color/Grixis_Looking Out For Number One _ MAGIC_ THE GATHERING.md","2","His enemies wondered if the lich king's brutal death and unnatural rebirth had been his plan all along. -> GRIXIS-F01: Black's Grixis framing centers survival, self-advocacy, agency, and adapting to reality as it is. | GRIXIS-F02: Blue contributes subtle problem-solving, study, planning, weakness analysis, and information leverage inside Black's Grixis frame. | GRIXIS-F03: The UBR synthesis is Black mixing Red zeal with Blue manipulation and smarts into an actively conniving survival world. -> Nekusar gives Grixis a second voice of agency preserved through a brutal death-and-rebirth scheme.","NONE_IDENTIFIED","PASS_VERIFIED_CARD_AND_CURRENT_TEXT","SUPPORTED_WITH_LIMITATIONS","PASS_BOUNDED_CARD_TO_FACET_BRIDGE","NO_MATERIAL_TILE_MODAL_ECHO","EVIDENCE_LIMITATION","NO_DELETION_INDICATED","NO_SWAP_INDICATED","ADDITIVE_IDENTITY_INTERPRETATION","NO_MATERIAL_FACET_COLLAPSE","NO_MATERIAL_OVERCLAIM","NATURAL_ENOUGH_AS_WRITTEN","NO_CHANGE_INDICATED",""
"PLAY-GRIXIS-1-cardrel_auto_grixis_f5092c14_eec4_472c_999c_ba96c36b2fbb","GRIXIS","Grixis","PLAY","1","Kess, Dissident Mage","Why it fits in play","Kess turns a spent instant or sorcery into one more planned option by letting you cast one such card from your graveyard during each of your turns.","","Why Kess, Dissident Mage helps explain Grixis in play","At the table, Kess, Dissident Mage carries that card action into this reading's larger plan: survival control, calculated pressure, and urgent openings that make each answer feel spent for a reason.","Legendary Creature — Human Wizard","e83e6d7a-3af0-4955-8004-2310f051e306","f5092c14-eec4-472c-999c-ba96c36b2fbb","ncc","344","cardrel_auto_grixis_f5092c14_eec4_472c_999c_ba96c36b2fbb","CERTIFIED_BEHAVIORAL_EXAMPLE","grixis_claim_0003; grixis_claim_0004; grixis_claim_0006","src_vm_grixis_evidence_ledger_20260530; src_wotc_rosewater_grixis_looking_out_for_number_one","data/scryfall/raw/oracle-cards.json#id=e83e6d7a-3af0-4955-8004-2310f051e306","Legendary Creature — Human Wizard | Flying
Once during each of your turns, you may cast an instant or sorcery spell from your graveyard. If a spell cast this way would be put into your graveyard, exile it instead. | ""Loss has no meaning here. You cannot take from those who have nothing.""","GRIXIS-F01/grixis_claim_0003: Black's Grixis framing centers survival, self-advocacy, agency, and adapting to reality as it is. -> src_vm_grixis_evidence_ledger_20260530 docs/research/grixis/grixis-evidence-ledger.md @ docs/research/grixis/grixis-evidence-ledger.md:26#GRIXIS-003 [FULL_LOCAL_SOURCE_READ]: Ledger row GRIXIS-003 records Black survival, self-advocacy, agency, and adaptation. || src_wotc_rosewater_grixis_looking_out_for_number_one docs/research/canon/mark_rosewater_official_three_color/Grixis_Looking Out For Number One _ MAGIC_ THE GATHERING.md @ docs/research/canon/mark_rosewater_official_three_color/Grixis_Looking Out For Number One _ MAGIC_ THE GATHERING.md:29-104 [FULL_LOCAL_SOURCE_READ]: The article frames Black around survival, initiative, agency, self-advocacy, and adapting to the world rather than imposed White morality. || GRIXIS-F02/grixis_claim_0004: Blue contributes subtle problem-solving, study, planning, weakness analysis, and information leverage inside Black's Grixis frame. -> src_vm_grixis_evidence_ledger_20260530 docs/research/grixis/grixis-evidence-ledger.md @ docs/research/grixis/grixis-evidence-ledger.md:27#GRIXIS-004 [FULL_LOCAL_SOURCE_READ]: Ledger row GRIXIS-004 records Blue problem-solving, study, planning, weakness analysis, and information exploitation. || src_wotc_rosewater_grixis_looking_out_for_number_one docs/research/canon/mark_rosewater_official_three_color/Grixis_Looking Out For Number One _ MAGIC_ THE GATHERING.md @ docs/research/canon/mark_rosewater_official_three_color/Grixis_Looking Out For Number One _ MAGIC_ THE GATHERING.md:141-149 [FULL_LOCAL_SOURCE_READ]: Rosewater's Blue ally section supports subtle problem-solving, study, weakness analysis, and exploitation of information. || GRIXIS-F03/grixis_claim_0006: The UBR synthesis is Black mixing Red zeal with Blue manipulation and smarts into an actively conniving survival world. -> src_vm_grixis_evidence_ledger_20260530 docs/research/grixis/grixis-evidence-ledger.md @ docs/research/grixis/grixis-evidence-ledger.md:29#GRIXIS-006 [FULL_LOCAL_SOURCE_READ]: Ledger row GRIXIS-006 records the Black/Red/Blue synthesis as zeal plus manipulation in a survival world. || src_wotc_rosewater_grixis_looking_out_for_number_one docs/research/canon/mark_rosewater_official_three_color/Grixis_Looking Out For Number One _ MAGIC_ THE GATHERING.md @ docs/research/canon/mark_rosewater_official_three_color/Grixis_Looking Out For Number One _ MAGIC_ THE GATHERING.md:151-155 [FULL_LOCAL_SOURCE_READ]: Rosewater describes working with Red and Blue as mixing Red zeal with Blue manipulation/smarts into an actively conniving world that takes survival to the nth degree.","Flying
Once during each of your turns, you may cast an instant or sorcery spell from your graveyard. If a spell cast this way would be put into your graveyard, exile it instead.","GRIXIS-F01; GRIXIS-F02; GRIXIS-F03","The committed Oracle text is the gameplay-side fact. It supports only the named facet IDs where the visible rationale accurately describes that behavior and makes the identity connection explicit.","SUPPORTED_INTERPRETATION","A bounded card example validated against certified identity claims and canonical card text. It does not prove player motivation, placement, or identity from color, mechanic, tag, or product membership.","src_vm_grixis_evidence_ledger_20260530: docs/research/grixis/grixis-evidence-ledger.md; src_wotc_rosewater_grixis_looking_out_for_number_one: docs/research/canon/mark_rosewater_official_three_color/Grixis_Looking Out For Number One _ MAGIC_ THE GATHERING.md","2","Flying
Once during each of your turns, you may cast an instant or sorcery spell from your graveyard. If a spell cast this way would be put into your graveyard, exile it instead. -> GRIXIS-F01: Black's Grixis framing centers survival, self-advocacy, agency, and adapting to reality as it is. | GRIXIS-F02: Blue contributes subtle problem-solving, study, planning, weakness analysis, and information leverage inside Black's Grixis frame. | GRIXIS-F03: The UBR synthesis is Black mixing Red zeal with Blue manipulation and smarts into an actively conniving survival world. -> Automatically approved only because the certified identity claims, canonical card observation, bounded bridge, false-positive analysis, and neighbor analysis all pass the shared validator.","NONE_IDENTIFIED","PASS_VERIFIED_CARD_AND_CURRENT_TEXT","SUPPORTED_WITH_LIMITATIONS","PASS_BOUNDED_CARD_TO_FACET_BRIDGE","NO_MATERIAL_TILE_MODAL_ECHO","NO_MATERIAL_CROSS_CARD_REPETITION","NO_DELETION_INDICATED","NO_SWAP_INDICATED","ADDITIVE_IDENTITY_PLAY_CONTEXT","NO_MATERIAL_FACET_COLLAPSE","NO_MATERIAL_OVERCLAIM","SHARED_COMPOSER_FRAME","NO_CHANGE_INDICATED",""
"SOUND-JUND-1-cardvoice_jund_9b984236_39cf_4552_827b_e81c26cfb388","JUND","Jund","SOUND","1","Broodmate Tyrant","Exact card voice","Karrthus was not the first Tyrant of Jund, nor will he be the last.","","What this card's voice reveals about Jund","The line presents Jund through embodied succession, dominance, and survival.","Creature — Dragon","b46d498b-dac3-4ab0-bcd6-514025a046aa","9b984236-39cf-4552-827b-e81c26cfb388","m3c","71","cardvoice_jund_9b984236_39cf_4552_827b_e81c26cfb388","EXPLICIT_IDENTITY_REFERENCE","jund_claim_0003; jund_claim_0005; jund_claim_0007","src_wotc_rosewater_jund_following_your_heart; src_vm_jund_evidence_ledger_20260530; src_vm_jund_reliability_audit_20260530","data/scryfall/raw/oracle-cards.json#id=b46d498b-dac3-4ab0-bcd6-514025a046aa","Creature — Dragon | Flying
When this creature enters, create a 5/5 red Dragon creature token with flying.
Encore {5}{B}{R}{G} | Karrthus was not the first Tyrant of Jund, nor will he be the last.","JUND-F01/jund_claim_0003: Red's Jund frame centers being true to oneself, following gut instinct, and doing what feels right. -> src_wotc_rosewater_jund_following_your_heart docs/research/canon/mark_rosewater_official_three_color/Jund_Following Your Heart _ MAGIC_ THE GATHERING.md @ docs/research/jund/sources/Hungry-Like-the-Wolf.md#L84-L123 [FULL_LOCAL_SOURCE_READ]: White and Blue absences remove external moral constraint and analytic restraint from the shard frame. || src_vm_jund_evidence_ledger_20260530 docs/research/jund/jund-evidence-ledger.md @ docs/research/jund/jund-evidence-ledger.md#L33 [FULL_LOCAL_SOURCE_READ]: Ledger records the White and Blue absence pressures as identity evidence. || JUND-F02/jund_claim_0005: The Jund design frame describes a world of total freedom where action and survival carry consequences. -> src_wotc_rosewater_jund_following_your_heart docs/research/canon/mark_rosewater_official_three_color/Jund_Following Your Heart _ MAGIC_ THE GATHERING.md @ docs/research/jund/sources/Hungry-Like-the-Wolf.md#L150-L156 [FULL_LOCAL_SOURCE_READ]: Black supports Jund by foregrounding needs, appetite, and rejection of externally imposed limits. || src_vm_jund_evidence_ledger_20260530 docs/research/jund/jund-evidence-ledger.md @ docs/research/jund/jund-evidence-ledger.md#L30 [FULL_LOCAL_SOURCE_READ]: Ledger row JUND-EVID-007 records Black appetite and needs as bounded evidence. || JUND-F03/jund_claim_0007: Green supports Red's Jund frame by making feeling embodied, unrestrained, and less overthought, turning instinct into force without becoming generic savage nature. -> src_wotc_rosewater_jund_following_your_heart docs/research/canon/mark_rosewater_official_three_color/Jund_Following Your Heart _ MAGIC_ THE GATHERING.md @ docs/research/jund/sources/Hungry-Like-the-Wolf.md#L158-L165 [FULL_LOCAL_SOURCE_READ]: Rosewater grounds Green as instinctive, unrestrained support for Red rather than standalone nature violence. || src_vm_jund_evidence_ledger_20260530 docs/research/jund/jund-evidence-ledger.md @ docs/research/jund/jund-evidence-ledger.md#L31-L36 [FULL_LOCAL_SOURCE_READ]: Ledger rows preserve the feral evidence while rejecting savage/devour overreach. || src_vm_jund_reliability_audit_20260530 docs/research/jund/jund-reliability-audit.md @ docs/research/jund/jund-reliability-audit.md#L20-L30 [FULL_LOCAL_SOURCE_READ]: Reliability audit limits ecology and flavor claims unless separately supported by approved local captures.","NOT_APPLICABLE","JUND-F01; JUND-F02; JUND-F03","The exact printed flavor line is the card-side fact. It supports only the named facet IDs where the line itself, not card color/type/product membership, supplies the stated echo.","DIRECT_FACT_PLUS_SUPPORTED_INTERPRETATION","Exact card text is verified, but Public use is limited to this validated voice relationship. Gruul, Naya, and Grixis can share force or survival; the explicit Jund predatory-world framing prevents generic BRG inference.","src_wotc_rosewater_jund_following_your_heart: docs/research/canon/mark_rosewater_official_three_color/Jund_Following Your Heart _ MAGIC_ THE GATHERING.md; src_vm_jund_evidence_ledger_20260530: docs/research/jund/jund-evidence-ledger.md; src_vm_jund_reliability_audit_20260530: docs/research/jund/jund-reliability-audit.md","3","Karrthus was not the first Tyrant of Jund, nor will he be the last. -> JUND-F01: Red's Jund frame centers being true to oneself, following gut instinct, and doing what feels right. | JUND-F02: The Jund design frame describes a world of total freedom where action and survival carry consequences. | JUND-F03: Green supports Red's Jund frame by making feeling embodied, unrestrained, and less overthought, turning instinct into force without becoming generic savage nature. -> Broodmate Tyrant's exact excerpt provides a bounded voice echo of Jund named directly through embodied succession, dominance, and survival.","NONE_IDENTIFIED","PASS_VERIFIED_CARD_AND_CURRENT_TEXT","SUPPORTED_WITH_LIMITATIONS","PASS_BOUNDED_CARD_TO_FACET_BRIDGE","NO_MATERIAL_TILE_MODAL_ECHO","LEGITIMATE_SHARED_CONCEPT","NO_DELETION_INDICATED","NO_SWAP_INDICATED","ADDITIVE_IDENTITY_INTERPRETATION","NO_MATERIAL_FACET_COLLAPSE","NO_MATERIAL_OVERCLAIM","FORMULAIC_BUT_READABLE","NO_CHANGE_INDICATED",""
"SOUND-JUND-2-cardvoice_vm558_jund_4a430fa3_e693_424b_9981_d7d8193445e3","JUND","Jund","SOUND","2","Charnelhoard Wurm","Exact card voice","Jund's dragons hoard only sangrite crystals. Its wurms aren't so picky.","","What this card's voice reveals about Jund","The joke makes Jund appetite physical and unsentimental: dragons choose crystals, while wurms will hoard almost anything.","Creature — Wurm","10b936dd-fbec-4d03-8f6f-71e5e21029cb","4a430fa3-e693-424b-9981-d7d8193445e3","c18","171","cardvoice_vm558_jund_4a430fa3_e693_424b_9981_d7d8193445e3","EXPLICIT_IDENTITY_REFERENCE","jund_claim_0003; jund_claim_0005; jund_claim_0007","src_wotc_rosewater_jund_following_your_heart; src_vm_jund_evidence_ledger_20260530; src_vm_jund_reliability_audit_20260530","data/scryfall/raw/oracle-cards.json#id=10b936dd-fbec-4d03-8f6f-71e5e21029cb","Creature — Wurm | Trample
Whenever this creature deals damage to an opponent, you may return target card from your graveyard to your hand. | Jund's dragons hoard only sangrite crystals. Its wurms aren't so picky.","JUND-F01/jund_claim_0003: Red's Jund frame centers being true to oneself, following gut instinct, and doing what feels right. -> src_wotc_rosewater_jund_following_your_heart docs/research/canon/mark_rosewater_official_three_color/Jund_Following Your Heart _ MAGIC_ THE GATHERING.md @ docs/research/jund/sources/Hungry-Like-the-Wolf.md#L84-L123 [FULL_LOCAL_SOURCE_READ]: White and Blue absences remove external moral constraint and analytic restraint from the shard frame. || src_vm_jund_evidence_ledger_20260530 docs/research/jund/jund-evidence-ledger.md @ docs/research/jund/jund-evidence-ledger.md#L33 [FULL_LOCAL_SOURCE_READ]: Ledger records the White and Blue absence pressures as identity evidence. || JUND-F02/jund_claim_0005: The Jund design frame describes a world of total freedom where action and survival carry consequences. -> src_wotc_rosewater_jund_following_your_heart docs/research/canon/mark_rosewater_official_three_color/Jund_Following Your Heart _ MAGIC_ THE GATHERING.md @ docs/research/jund/sources/Hungry-Like-the-Wolf.md#L150-L156 [FULL_LOCAL_SOURCE_READ]: Black supports Jund by foregrounding needs, appetite, and rejection of externally imposed limits. || src_vm_jund_evidence_ledger_20260530 docs/research/jund/jund-evidence-ledger.md @ docs/research/jund/jund-evidence-ledger.md#L30 [FULL_LOCAL_SOURCE_READ]: Ledger row JUND-EVID-007 records Black appetite and needs as bounded evidence. || JUND-F03/jund_claim_0007: Green supports Red's Jund frame by making feeling embodied, unrestrained, and less overthought, turning instinct into force without becoming generic savage nature. -> src_wotc_rosewater_jund_following_your_heart docs/research/canon/mark_rosewater_official_three_color/Jund_Following Your Heart _ MAGIC_ THE GATHERING.md @ docs/research/jund/sources/Hungry-Like-the-Wolf.md#L158-L165 [FULL_LOCAL_SOURCE_READ]: Rosewater grounds Green as instinctive, unrestrained support for Red rather than standalone nature violence. || src_vm_jund_evidence_ledger_20260530 docs/research/jund/jund-evidence-ledger.md @ docs/research/jund/jund-evidence-ledger.md#L31-L36 [FULL_LOCAL_SOURCE_READ]: Ledger rows preserve the feral evidence while rejecting savage/devour overreach. || src_vm_jund_reliability_audit_20260530 docs/research/jund/jund-reliability-audit.md @ docs/research/jund/jund-reliability-audit.md#L20-L30 [FULL_LOCAL_SOURCE_READ]: Reliability audit limits ecology and flavor claims unless separately supported by approved local captures.","NOT_APPLICABLE","JUND-F01; JUND-F02; JUND-F03","The exact printed flavor line is the card-side fact. It supports only the named facet IDs where the line itself, not card color/type/product membership, supplies the stated echo.","DIRECT_FACT_PLUS_SUPPORTED_INTERPRETATION","Owner-approved complementary card voice. Public use remains limited to this exact printing and bounded identity relationship; it does not prove placement, play style, or identity from card color, mechanics, tags, or product membership.","src_wotc_rosewater_jund_following_your_heart: docs/research/canon/mark_rosewater_official_three_color/Jund_Following Your Heart _ MAGIC_ THE GATHERING.md; src_vm_jund_evidence_ledger_20260530: docs/research/jund/jund-evidence-ledger.md; src_vm_jund_reliability_audit_20260530: docs/research/jund/jund-reliability-audit.md","3","Jund's dragons hoard only sangrite crystals. Its wurms aren't so picky. -> JUND-F01: Red's Jund frame centers being true to oneself, following gut instinct, and doing what feels right. | JUND-F02: The Jund design frame describes a world of total freedom where action and survival carry consequences. | JUND-F03: Green supports Red's Jund frame by making feeling embodied, unrestrained, and less overthought, turning instinct into force without becoming generic savage nature. -> Charnelhoard Wurm gives Jund a second voice of embodied appetite in a predatory world.","NONE_IDENTIFIED","PASS_VERIFIED_CARD_AND_CURRENT_TEXT","SUPPORTED_WITH_LIMITATIONS","PASS_BOUNDED_CARD_TO_FACET_BRIDGE","NO_MATERIAL_TILE_MODAL_ECHO","LEGITIMATE_SHARED_CONCEPT","NO_DELETION_INDICATED","NO_SWAP_INDICATED","ADDITIVE_IDENTITY_INTERPRETATION","NO_MATERIAL_FACET_COLLAPSE","NO_MATERIAL_OVERCLAIM","NATURAL_ENOUGH_AS_WRITTEN","NO_CHANGE_INDICATED",""
"PLAY-JUND-1-cardrel_auto_jund_868882d2_ed4e_4171_a17c_478a341080fb","JUND","Jund","PLAY","1","Prossh, Skyraider of Kher","Why it fits in play","Prossh turns each cast into a larger visible board, then lets those creatures be sacrificed for immediate power.","","Why Prossh, Skyraider of Kher helps explain Jund in play","At the table, Prossh, Skyraider of Kher carries that card action into this reading's larger plan: pressure becoming visible through attacks, spent resources, graveyards, and consequences that force the table to show what it can survive.","Legendary Creature — Dragon","889c1a0f-7df2-4497-8058-04358173d7e8","868882d2-ed4e-4171-a17c-478a341080fb","a25","214","cardrel_auto_jund_868882d2_ed4e_4171_a17c_478a341080fb","CERTIFIED_BEHAVIORAL_EXAMPLE","jund_claim_0005; jund_claim_0008","src_wotc_rosewater_jund_following_your_heart; src_vm_jund_evidence_ledger_20260530; src_vm_jund_reliability_audit_20260530","data/scryfall/raw/oracle-cards.json#id=889c1a0f-7df2-4497-8058-04358173d7e8","Legendary Creature — Dragon | When you cast this spell, create X 0/1 red Kobold creature tokens named Kobolds of Kher Keep, where X is the amount of mana spent to cast it.
Flying
Sacrifice another creature: Prossh gets +1/+0 until end of turn. | ","JUND-F02/jund_claim_0005: The Jund design frame describes a world of total freedom where action and survival carry consequences. -> src_wotc_rosewater_jund_following_your_heart docs/research/canon/mark_rosewater_official_three_color/Jund_Following Your Heart _ MAGIC_ THE GATHERING.md @ docs/research/jund/sources/Hungry-Like-the-Wolf.md#L150-L156 [FULL_LOCAL_SOURCE_READ]: Black supports Jund by foregrounding needs, appetite, and rejection of externally imposed limits. || src_vm_jund_evidence_ledger_20260530 docs/research/jund/jund-evidence-ledger.md @ docs/research/jund/jund-evidence-ledger.md#L30 [FULL_LOCAL_SOURCE_READ]: Ledger row JUND-EVID-007 records Black appetite and needs as bounded evidence. || JUND-F04/jund_claim_0008: Black and Green back Red's destructive and letting-loose side only inside the design-philosophy frame, so consequence-bearing action must not become generic cruelty or unbounded destruction. -> src_wotc_rosewater_jund_following_your_heart docs/research/canon/mark_rosewater_official_three_color/Jund_Following Your Heart _ MAGIC_ THE GATHERING.md @ docs/research/jund/sources/Hungry-Like-the-Wolf.md#L158-L165 [FULL_LOCAL_SOURCE_READ]: Rosewater allows destructive letting-loose only as part of the Red-centered shard argument. || src_vm_jund_evidence_ledger_20260530 docs/research/jund/jund-evidence-ledger.md @ docs/research/jund/jund-evidence-ledger.md#L29-L36 [FULL_LOCAL_SOURCE_READ]: Ledger rows bind R/B/G synthesis while rejecting generic violence and savage/devour overreach. || src_vm_jund_reliability_audit_20260530 docs/research/jund/jund-reliability-audit.md @ docs/research/jund/jund-reliability-audit.md#L20-L30 [FULL_LOCAL_SOURCE_READ]: Reliability audit flags over-promoted story, devour, and ecology claims as unsafe identity proof.","When you cast this spell, create X 0/1 red Kobold creature tokens named Kobolds of Kher Keep, where X is the amount of mana spent to cast it.
Flying
Sacrifice another creature: Prossh gets +1/+0 until end of turn.","JUND-F02; JUND-F04","The committed Oracle text is the gameplay-side fact. It supports only the named facet IDs where the visible rationale accurately describes that behavior and makes the identity connection explicit.","SUPPORTED_INTERPRETATION","A bounded card example validated against certified identity claims and canonical card text. It does not prove player motivation, placement, or identity from color, mechanic, tag, or product membership.","src_wotc_rosewater_jund_following_your_heart: docs/research/canon/mark_rosewater_official_three_color/Jund_Following Your Heart _ MAGIC_ THE GATHERING.md; src_vm_jund_evidence_ledger_20260530: docs/research/jund/jund-evidence-ledger.md; src_vm_jund_reliability_audit_20260530: docs/research/jund/jund-reliability-audit.md","3","When you cast this spell, create X 0/1 red Kobold creature tokens named Kobolds of Kher Keep, where X is the amount of mana spent to cast it.
Flying
Sacrifice another creature: Prossh gets +1/+0 until end of turn. -> JUND-F02: The Jund design frame describes a world of total freedom where action and survival carry consequences. | JUND-F04: Black and Green back Red's destructive and letting-loose side only inside the design-philosophy frame, so consequence-bearing action must not become generic cruelty or unbounded destruction. -> Automatically approved only because the certified identity claims, canonical card observation, bounded bridge, false-positive analysis, and neighbor analysis all pass the shared validator.","NONE_IDENTIFIED","PASS_VERIFIED_CARD_AND_CURRENT_TEXT","SUPPORTED_WITH_LIMITATIONS","PASS_BOUNDED_CARD_TO_FACET_BRIDGE","GENERIC_IDENTITY_LANGUAGE_WITHOUT_NEW_CARD_SPECIFIC_INSIGHT","NO_MATERIAL_CROSS_CARD_REPETITION","NO_DELETION_INDICATED","NO_SWAP_INDICATED","MODAL_REDUNDANT","NO_MATERIAL_FACET_COLLAPSE","NO_MATERIAL_OVERCLAIM","SHARED_COMPOSER_FRAME","REMEDIATION_LIKELY","The modal adds a general identity plan but does not deepen why this particular card teaches that facet beyond the already-visible tile."
"SOUND-NAYA-1-cardvoice_naya_956250da_532a_4457_8696_73915be56943","NAYA","Naya","SOUND","1","Cradle of Vitality","Exact card voice","Naya's trees grow tall and sturdy. Their foliage intertwines to form dewcups, rainwater pools where the elves gather to celebrate life.","","What this card's voice reveals about Naya","The line presents Naya through abundant natural growth and gathering.","Enchantment","4caae1f4-dfb0-466f-9fa6-eb014767e3c8","956250da-532a-4457-8696-73915be56943","jmp","98","cardvoice_naya_956250da_532a_4457_8696_73915be56943","EXPLICIT_IDENTITY_REFERENCE","naya_claim_0003; naya_claim_0004; naya_claim_0007","src_vm_naya_evidence_ledger_20260530; src_wotc_rosewater_naya_searching_within","data/scryfall/raw/oracle-cards.json#id=4caae1f4-dfb0-466f-9fa6-eb014767e3c8","Enchantment | Whenever you gain life, you may pay {1}{W}. If you do, put a +1/+1 counter on target creature for each 1 life you gained. | Naya's trees grow tall and sturdy. Their foliage intertwines to form dewcups, rainwater pools where the elves gather to celebrate life.","NAYA-F01/naya_claim_0003: Naya frames life as part of a larger natural whole where ecosystem, role, place, and belonging are safe design-level readings. -> src_vm_naya_evidence_ledger_20260530 docs/research/naya/naya-evidence-ledger.md @ docs/research/naya/naya-evidence-ledger.md#L12 [FULL_LOCAL_SOURCE_READ]: Evidence row permits life, ecosystem, role, place, and belonging as design-level Naya readings. || src_wotc_rosewater_naya_searching_within docs/research/canon/mark_rosewater_official_three_color/Naya_Searching Within _ MAGIC_ THE GATHERING.md @ docs/research/canon/mark_rosewater_official_three_color/Naya_Searching Within _ MAGIC_ THE GATHERING.md#L21-L33 [FULL_LOCAL_SOURCE_READ]: The article frames Green around the larger puzzle of life, ecosystem, place, and role. || NAYA-F02/naya_claim_0004: Naya's official design frame puts nature and growth at center stage, with growth pushed to an extreme. -> src_vm_naya_evidence_ledger_20260530 docs/research/naya/naya-evidence-ledger.md @ docs/research/naya/naya-evidence-ledger.md#L13 [FULL_LOCAL_SOURCE_READ]: Evidence row records nature and growth at center stage with growth pushed extreme. || src_wotc_rosewater_naya_searching_within docs/research/canon/mark_rosewater_official_three_color/Naya_Searching Within _ MAGIC_ THE GATHERING.md @ docs/research/canon/mark_rosewater_official_three_color/Naya_Searching Within _ MAGIC_ THE GATHERING.md#L171-L178 [FULL_LOCAL_SOURCE_READ]: The article describes Naya as nature centered and growth reaching full potential. || NAYA-F03/naya_claim_0007: Naya's internal balance is Green abundance moderated by enough Red to avoid over-order and enough White to avoid pure chaos. -> src_vm_naya_evidence_ledger_20260530 docs/research/naya/naya-evidence-ledger.md @ docs/research/naya/naya-evidence-ledger.md#L16 [FULL_LOCAL_SOURCE_READ]: Evidence row records Naya balance as Green abundance moderated by Red and White. || src_wotc_rosewater_naya_searching_within docs/research/canon/mark_rosewater_official_three_color/Naya_Searching Within _ MAGIC_ THE GATHERING.md @ docs/research/canon/mark_rosewater_official_three_color/Naya_Searching Within _ MAGIC_ THE GATHERING.md#L171-L175 [FULL_LOCAL_SOURCE_READ]: The article describes Naya balance as enough Red to avoid order and enough White to avoid chaos.","NOT_APPLICABLE","NAYA-F01; NAYA-F02; NAYA-F03","The exact printed flavor line is the card-side fact. It supports only the named facet IDs where the line itself, not card color/type/product membership, supplies the stated echo.","DIRECT_FACT_PLUS_SUPPORTED_INTERPRETATION","Exact card text is verified, but Public use is limited to this validated voice relationship. Selesnya and Green share growth and community; the explicit Naya ecosystem and abundance context prevents generic token or lifegain inference.","src_vm_naya_evidence_ledger_20260530: docs/research/naya/naya-evidence-ledger.md; src_wotc_rosewater_naya_searching_within: docs/research/canon/mark_rosewater_official_three_color/Naya_Searching Within _ MAGIC_ THE GATHERING.md","2","Naya's trees grow tall and sturdy. Their foliage intertwines to form dewcups, rainwater pools where the elves gather to celebrate life. -> NAYA-F01: Naya frames life as part of a larger natural whole where ecosystem, role, place, and belonging are safe design-level readings. | NAYA-F02: Naya's official design frame puts nature and growth at center stage, with growth pushed to an extreme. | NAYA-F03: Naya's internal balance is Green abundance moderated by enough Red to avoid over-order and enough White to avoid pure chaos. -> Cradle of Vitality's exact excerpt provides a bounded voice echo of Naya named directly through abundant natural growth and gathering.","NONE_IDENTIFIED","PASS_VERIFIED_CARD_AND_CURRENT_TEXT","SUPPORTED_WITH_LIMITATIONS","PASS_BOUNDED_CARD_TO_FACET_BRIDGE","NO_MATERIAL_TILE_MODAL_ECHO","LEGITIMATE_SHARED_CONCEPT","NO_DELETION_INDICATED","NO_SWAP_INDICATED","ADDITIVE_IDENTITY_INTERPRETATION","NO_MATERIAL_FACET_COLLAPSE","NO_MATERIAL_OVERCLAIM","FORMULAIC_BUT_READABLE","NO_CHANGE_INDICATED",""
"SOUND-NAYA-2-cardvoice_vm558_naya_2f47661e_a107_4d98_8773_0a068a63df49","NAYA","Naya","SOUND","2","Ajani's Mantra","Exact card voice","""He hasn't returned to the Cloud Forest. But I can still sense his calming presence."" —Zaliki of Naya","","What this card's voice reveals about Naya","Zaliki senses Ajani's calming presence even in his absence, making Naya belonging feel ecological, spiritual, and relational.","Enchantment","de4da30d-5c72-4323-b305-7277038b4a05","2f47661e-a107-4d98-8773-0a068a63df49","ddh","22","cardvoice_vm558_naya_2f47661e_a107_4d98_8773_0a068a63df49","EXPLICIT_IDENTITY_REFERENCE","naya_claim_0003; naya_claim_0004; naya_claim_0007","src_vm_naya_evidence_ledger_20260530; src_wotc_rosewater_naya_searching_within","data/scryfall/raw/oracle-cards.json#id=de4da30d-5c72-4323-b305-7277038b4a05","Enchantment | At the beginning of your upkeep, you may gain 1 life. | ""He hasn't returned to the Cloud Forest. But I can still sense his calming presence.""
—Zaliki of Naya","NAYA-F01/naya_claim_0003: Naya frames life as part of a larger natural whole where ecosystem, role, place, and belonging are safe design-level readings. -> src_vm_naya_evidence_ledger_20260530 docs/research/naya/naya-evidence-ledger.md @ docs/research/naya/naya-evidence-ledger.md#L12 [FULL_LOCAL_SOURCE_READ]: Evidence row permits life, ecosystem, role, place, and belonging as design-level Naya readings. || src_wotc_rosewater_naya_searching_within docs/research/canon/mark_rosewater_official_three_color/Naya_Searching Within _ MAGIC_ THE GATHERING.md @ docs/research/canon/mark_rosewater_official_three_color/Naya_Searching Within _ MAGIC_ THE GATHERING.md#L21-L33 [FULL_LOCAL_SOURCE_READ]: The article frames Green around the larger puzzle of life, ecosystem, place, and role. || NAYA-F02/naya_claim_0004: Naya's official design frame puts nature and growth at center stage, with growth pushed to an extreme. -> src_vm_naya_evidence_ledger_20260530 docs/research/naya/naya-evidence-ledger.md @ docs/research/naya/naya-evidence-ledger.md#L13 [FULL_LOCAL_SOURCE_READ]: Evidence row records nature and growth at center stage with growth pushed extreme. || src_wotc_rosewater_naya_searching_within docs/research/canon/mark_rosewater_official_three_color/Naya_Searching Within _ MAGIC_ THE GATHERING.md @ docs/research/canon/mark_rosewater_official_three_color/Naya_Searching Within _ MAGIC_ THE GATHERING.md#L171-L178 [FULL_LOCAL_SOURCE_READ]: The article describes Naya as nature centered and growth reaching full potential. || NAYA-F03/naya_claim_0007: Naya's internal balance is Green abundance moderated by enough Red to avoid over-order and enough White to avoid pure chaos. -> src_vm_naya_evidence_ledger_20260530 docs/research/naya/naya-evidence-ledger.md @ docs/research/naya/naya-evidence-ledger.md#L16 [FULL_LOCAL_SOURCE_READ]: Evidence row records Naya balance as Green abundance moderated by Red and White. || src_wotc_rosewater_naya_searching_within docs/research/canon/mark_rosewater_official_three_color/Naya_Searching Within _ MAGIC_ THE GATHERING.md @ docs/research/canon/mark_rosewater_official_three_color/Naya_Searching Within _ MAGIC_ THE GATHERING.md#L171-L175 [FULL_LOCAL_SOURCE_READ]: The article describes Naya balance as enough Red to avoid order and enough White to avoid chaos.","NOT_APPLICABLE","NAYA-F01; NAYA-F02; NAYA-F03","The exact printed flavor line is the card-side fact. It supports only the named facet IDs where the line itself, not card color/type/product membership, supplies the stated echo.","DIRECT_FACT_PLUS_SUPPORTED_INTERPRETATION","Owner-approved complementary card voice. Public use remains limited to this exact printing and bounded identity relationship; it does not prove placement, play style, or identity from card color, mechanics, tags, or product membership.","src_vm_naya_evidence_ledger_20260530: docs/research/naya/naya-evidence-ledger.md; src_wotc_rosewater_naya_searching_within: docs/research/canon/mark_rosewater_official_three_color/Naya_Searching Within _ MAGIC_ THE GATHERING.md","2","""He hasn't returned to the Cloud Forest. But I can still sense his calming presence."" —Zaliki of Naya -> NAYA-F01: Naya frames life as part of a larger natural whole where ecosystem, role, place, and belonging are safe design-level readings. | NAYA-F02: Naya's official design frame puts nature and growth at center stage, with growth pushed to an extreme. | NAYA-F03: Naya's internal balance is Green abundance moderated by enough Red to avoid over-order and enough White to avoid pure chaos. -> Ajani's Mantra gives Naya a second voice of life-connected belonging rather than scale alone.","NONE_IDENTIFIED","PASS_VERIFIED_CARD_AND_CURRENT_TEXT","SUPPORTED_WITH_LIMITATIONS","PASS_BOUNDED_CARD_TO_FACET_BRIDGE","NO_MATERIAL_TILE_MODAL_ECHO","LEGITIMATE_SHARED_CONCEPT","NO_DELETION_INDICATED","NO_SWAP_INDICATED","ADDITIVE_IDENTITY_INTERPRETATION","NO_MATERIAL_FACET_COLLAPSE","NO_MATERIAL_OVERCLAIM","NATURAL_ENOUGH_AS_WRITTEN","NO_CHANGE_INDICATED",""
"PLAY-NAYA-1-cardrel_auto_naya_e7604cd9_d00d_4957_82c9_46a7cdb88209","NAYA","Naya","PLAY","1","Shalai and Hallar","Why it fits in play","Shalai and Hallar turn creature growth into immediate table pressure by dealing damage when +1/+1 counters are put on your creatures.","","Why Shalai and Hallar helps explain Naya in play","At the table, Shalai and Hallar carries that card action into this reading's larger plan: grow mana, guard the living whole, build a protected board, and let creature-forward scale make the table answer abundance.","Legendary Creature — Angel Elf","80804f25-efc3-44a2-bbae-9a97fec98009","e7604cd9-d00d-4957-82c9-46a7cdb88209","moc","10","cardrel_auto_naya_e7604cd9_d00d_4957_82c9_46a7cdb88209","CERTIFIED_BEHAVIORAL_EXAMPLE","naya_claim_0003; naya_claim_0004; naya_claim_0006","src_vm_naya_evidence_ledger_20260530; src_wotc_rosewater_naya_searching_within","data/scryfall/raw/oracle-cards.json#id=80804f25-efc3-44a2-bbae-9a97fec98009","Legendary Creature — Angel Elf | Flying, vigilance
Whenever one or more +1/+1 counters are put on a creature you control, Shalai and Hallar deals that much damage to target opponent. | Between the angel's blade and the elf's bow, few Phyrexians made it as far as Llanowar's canopy.","NAYA-F01/naya_claim_0003: Naya frames life as part of a larger natural whole where ecosystem, role, place, and belonging are safe design-level readings. -> src_vm_naya_evidence_ledger_20260530 docs/research/naya/naya-evidence-ledger.md @ docs/research/naya/naya-evidence-ledger.md#L12 [FULL_LOCAL_SOURCE_READ]: Evidence row permits life, ecosystem, role, place, and belonging as design-level Naya readings. || src_wotc_rosewater_naya_searching_within docs/research/canon/mark_rosewater_official_three_color/Naya_Searching Within _ MAGIC_ THE GATHERING.md @ docs/research/canon/mark_rosewater_official_three_color/Naya_Searching Within _ MAGIC_ THE GATHERING.md#L21-L33 [FULL_LOCAL_SOURCE_READ]: The article frames Green around the larger puzzle of life, ecosystem, place, and role. || NAYA-F02/naya_claim_0004: Naya's official design frame puts nature and growth at center stage, with growth pushed to an extreme. -> src_vm_naya_evidence_ledger_20260530 docs/research/naya/naya-evidence-ledger.md @ docs/research/naya/naya-evidence-ledger.md#L13 [FULL_LOCAL_SOURCE_READ]: Evidence row records nature and growth at center stage with growth pushed extreme. || src_wotc_rosewater_naya_searching_within docs/research/canon/mark_rosewater_official_three_color/Naya_Searching Within _ MAGIC_ THE GATHERING.md @ docs/research/canon/mark_rosewater_official_three_color/Naya_Searching Within _ MAGIC_ THE GATHERING.md#L171-L178 [FULL_LOCAL_SOURCE_READ]: The article describes Naya as nature centered and growth reaching full potential. || NAYA-F04/naya_claim_0006: Red supports Naya through feral instinct, immediacy, loyalty, and bond language. -> src_vm_naya_evidence_ledger_20260530 docs/research/naya/naya-evidence-ledger.md @ docs/research/naya/naya-evidence-ledger.md#L15 [FULL_LOCAL_SOURCE_READ]: Evidence row records Red feral instinct, immediacy, loyalty, and bond as support. || src_wotc_rosewater_naya_searching_within docs/research/canon/mark_rosewater_official_three_color/Naya_Searching Within _ MAGIC_ THE GATHERING.md @ docs/research/canon/mark_rosewater_official_three_color/Naya_Searching Within _ MAGIC_ THE GATHERING.md#L161-L165 [FULL_LOCAL_SOURCE_READ]: The article describes Red as feral, instinctive, loyal, and bond-oriented in the Naya frame.","Flying, vigilance
Whenever one or more +1/+1 counters are put on a creature you control, Shalai and Hallar deals that much damage to target opponent.","NAYA-F01; NAYA-F02; NAYA-F04","The committed Oracle text is the gameplay-side fact. It supports only the named facet IDs where the visible rationale accurately describes that behavior and makes the identity connection explicit.","SUPPORTED_INTERPRETATION","A bounded card example validated against certified identity claims and canonical card text. It does not prove player motivation, placement, or identity from color, mechanic, tag, or product membership.","src_vm_naya_evidence_ledger_20260530: docs/research/naya/naya-evidence-ledger.md; src_wotc_rosewater_naya_searching_within: docs/research/canon/mark_rosewater_official_three_color/Naya_Searching Within _ MAGIC_ THE GATHERING.md","2","Flying, vigilance
Whenever one or more +1/+1 counters are put on a creature you control, Shalai and Hallar deals that much damage to target opponent. -> NAYA-F01: Naya frames life as part of a larger natural whole where ecosystem, role, place, and belonging are safe design-level readings. | NAYA-F02: Naya's official design frame puts nature and growth at center stage, with growth pushed to an extreme. | NAYA-F04: Red supports Naya through feral instinct, immediacy, loyalty, and bond language. -> Automatically approved only because the certified identity claims, canonical card observation, bounded bridge, false-positive analysis, and neighbor analysis all pass the shared validator.","NONE_IDENTIFIED","PASS_VERIFIED_CARD_AND_CURRENT_TEXT","SUPPORTED_WITH_LIMITATIONS","PASS_BOUNDED_CARD_TO_FACET_BRIDGE","NO_MATERIAL_TILE_MODAL_ECHO","NO_MATERIAL_CROSS_CARD_REPETITION","NO_DELETION_INDICATED","NO_SWAP_INDICATED","ADDITIVE_IDENTITY_PLAY_CONTEXT","NO_MATERIAL_FACET_COLLAPSE","NO_MATERIAL_OVERCLAIM","SHARED_COMPOSER_FRAME","NO_CHANGE_INDICATED",""
"SOUND-ABZAN-1-cardvoice_abzan_46535f8e_1bcd_4588_ac6c_a4bc89c379c8","ABZAN","Abzan Houses","SOUND","1","Abzan Banner","Exact card voice","Stone to endure, roots to remember.","","What this card's voice reveals about Abzan Houses","The line presents endurance joined to roots, memory, and Kin-Tree continuity.","Artifact","7855528a-ede9-49a9-8749-795a004fd927","46535f8e-1bcd-4588-ac6c-a4bc89c379c8","ktk","215","cardvoice_abzan_46535f8e_1bcd_4588_ac6c_a4bc89c379c8","NATIVE_FIGURE_OR_LOCATION","abzan_claim_0003; abzan_claim_0008","src_vm_abzan_evidence_ledger_20260531; src_wotc_tarkir_khans_pg_part_1; src_wotc_tarkir_dragonstorm_pg_part_1","data/scryfall/raw/oracle-cards.json#id=7855528a-ede9-49a9-8749-795a004fd927","Artifact | {T}: Add {W}, {B}, or {G}.
{W}{B}{G}, {T}, Sacrifice this artifact: Draw a card. | Stone to endure, roots to remember.","ABZAN-F01/abzan_claim_0003: Khans-era Abzan society grounds endurance in family, duty, kin-tree practice, ancestor spirits, and defined kinship categories. -> src_vm_abzan_evidence_ledger_20260531 docs/research/abzan/abzan-evidence-ledger.md @ docs/research/abzan/abzan-evidence-ledger.md#L9-L40 [FULL_LOCAL_SOURCE_READ]: Khans-era Abzan society is grounded in family, duty, kin-tree practice, ancestor spirits, and kinship categories. || src_wotc_tarkir_khans_pg_part_1 docs/research/canon/source-material/tarkir/planeswalkers-guide-khans-part-1.md @ docs/research/canon/source-material/tarkir/planeswalkers-guide-khans-part-1.md#L1-L220 [FULL_LOCAL_SOURCE_READ]: Khans-era Abzan society is grounded in family, duty, kin-tree practice, ancestor spirits, and kinship categories. || ABZAN-F02/abzan_claim_0008: Modern Abzan central belief is perennation, with life/death continuity, ancestor guidance, Kin-Tree bonding, earth manipulation, and spirit summoning as source-bound practices. -> src_vm_abzan_evidence_ledger_20260531 docs/research/abzan/abzan-evidence-ledger.md @ docs/research/abzan/abzan-evidence-ledger.md#L9-L40 [FULL_LOCAL_SOURCE_READ]: Perennation binds life/death continuity, ancestor guidance, Kin-Tree bonding, earth manipulation, and spirit summoning. || src_wotc_tarkir_dragonstorm_pg_part_1 docs/research/canon/source-material/tarkir/planeswalkers-guide-dragonstorm-part-1.md @ docs/research/canon/source-material/tarkir/planeswalkers-guide-dragonstorm-part-1.md#L1-L260 [FULL_LOCAL_SOURCE_READ]: Perennation binds life/death continuity, ancestor guidance, Kin-Tree bonding, earth manipulation, and spirit summoning.","NOT_APPLICABLE","ABZAN-F01; ABZAN-F02","The exact printed flavor line is the card-side fact. It supports only the named facet IDs where the line itself, not card color/type/product membership, supplies the stated echo.","DIRECT_FACT_PLUS_SUPPORTED_INTERPRETATION","Exact card text is verified, but Public use is limited to this validated voice relationship. Bant, Selesnya, and Golgari can also sound enduring or communal; the Kin-Tree and ancestor-continuity frame is the bounded Abzan bridge.","src_vm_abzan_evidence_ledger_20260531: docs/research/abzan/abzan-evidence-ledger.md; src_wotc_tarkir_khans_pg_part_1: docs/research/canon/source-material/tarkir/planeswalkers-guide-khans-part-1.md; src_wotc_tarkir_dragonstorm_pg_part_1: docs/research/canon/source-material/tarkir/planeswalkers-guide-dragonstorm-part-1.md","3","Stone to endure, roots to remember. -> ABZAN-F01: Khans-era Abzan society grounds endurance in family, duty, kin-tree practice, ancestor spirits, and defined kinship categories. | ABZAN-F02: Modern Abzan central belief is perennation, with life/death continuity, ancestor guidance, Kin-Tree bonding, earth manipulation, and spirit summoning as source-bound practices. -> Abzan Banner's exact excerpt provides a bounded voice echo of endurance joined to roots, memory, and Kin-Tree continuity.","NONE_IDENTIFIED","PASS_VERIFIED_CARD_AND_CURRENT_TEXT","PASS_ROUTED_UNDERLYING_EVIDENCE","PASS_BOUNDED_CARD_TO_FACET_BRIDGE","NO_MATERIAL_TILE_MODAL_ECHO","LEGITIMATE_SHARED_CONCEPT","NO_DELETION_INDICATED","NO_SWAP_INDICATED","ADDITIVE_IDENTITY_INTERPRETATION","NO_MATERIAL_FACET_COLLAPSE","NO_MATERIAL_OVERCLAIM","FORMULAIC_BUT_READABLE","NO_CHANGE_INDICATED",""
"SOUND-ABZAN-2-cardvoice_vm558_abzan_3d02ee2f_b7bd_40b0_b9be_2420991b2be0","ABZAN","Abzan Houses","SOUND","2","Abzan Devotee","Exact card voice","The Kin-Trees rediscovered after Dromoka's fall are tended by carefully chosen wardens.","","What this card's voice reveals about Abzan Houses","The line makes Abzan continuity active: rediscovered Kin-Trees survive because chosen wardens accept responsibility for them.","Creature — Dog Cleric","66555946-e747-46fa-b1ac-b103a8edcd93","3d02ee2f-b7bd-40b0-b9be-2420991b2be0","tdm","68","cardvoice_vm558_abzan_3d02ee2f_b7bd_40b0_b9be_2420991b2be0","EXPLICIT_IDENTITY_REFERENCE","abzan_claim_0003; abzan_claim_0008","src_vm_abzan_evidence_ledger_20260531; src_wotc_tarkir_khans_pg_part_1; src_wotc_tarkir_dragonstorm_pg_part_1","data/scryfall/raw/oracle-cards.json#id=66555946-e747-46fa-b1ac-b103a8edcd93","Creature — Dog Cleric | {1}: Add {W}, {B}, or {G}. Activate only once each turn.
{2}{B}: Return this card from your graveyard to your hand. | The Kin-Trees rediscovered after Dromoka's fall are tended by carefully chosen wardens.","ABZAN-F01/abzan_claim_0003: Khans-era Abzan society grounds endurance in family, duty, kin-tree practice, ancestor spirits, and defined kinship categories. -> src_vm_abzan_evidence_ledger_20260531 docs/research/abzan/abzan-evidence-ledger.md @ docs/research/abzan/abzan-evidence-ledger.md#L9-L40 [FULL_LOCAL_SOURCE_READ]: Khans-era Abzan society is grounded in family, duty, kin-tree practice, ancestor spirits, and kinship categories. || src_wotc_tarkir_khans_pg_part_1 docs/research/canon/source-material/tarkir/planeswalkers-guide-khans-part-1.md @ docs/research/canon/source-material/tarkir/planeswalkers-guide-khans-part-1.md#L1-L220 [FULL_LOCAL_SOURCE_READ]: Khans-era Abzan society is grounded in family, duty, kin-tree practice, ancestor spirits, and kinship categories. || ABZAN-F02/abzan_claim_0008: Modern Abzan central belief is perennation, with life/death continuity, ancestor guidance, Kin-Tree bonding, earth manipulation, and spirit summoning as source-bound practices. -> src_vm_abzan_evidence_ledger_20260531 docs/research/abzan/abzan-evidence-ledger.md @ docs/research/abzan/abzan-evidence-ledger.md#L9-L40 [FULL_LOCAL_SOURCE_READ]: Perennation binds life/death continuity, ancestor guidance, Kin-Tree bonding, earth manipulation, and spirit summoning. || src_wotc_tarkir_dragonstorm_pg_part_1 docs/research/canon/source-material/tarkir/planeswalkers-guide-dragonstorm-part-1.md @ docs/research/canon/source-material/tarkir/planeswalkers-guide-dragonstorm-part-1.md#L1-L260 [FULL_LOCAL_SOURCE_READ]: Perennation binds life/death continuity, ancestor guidance, Kin-Tree bonding, earth manipulation, and spirit summoning.","NOT_APPLICABLE","ABZAN-F01; ABZAN-F02","The exact printed flavor line is the card-side fact. It supports only the named facet IDs where the line itself, not card color/type/product membership, supplies the stated echo.","DIRECT_FACT_PLUS_SUPPORTED_INTERPRETATION","Owner-approved complementary card voice. Public use remains limited to this exact printing and bounded identity relationship; it does not prove placement, play style, or identity from card color, mechanics, tags, or product membership.","src_vm_abzan_evidence_ledger_20260531: docs/research/abzan/abzan-evidence-ledger.md; src_wotc_tarkir_khans_pg_part_1: docs/research/canon/source-material/tarkir/planeswalkers-guide-khans-part-1.md; src_wotc_tarkir_dragonstorm_pg_part_1: docs/research/canon/source-material/tarkir/planeswalkers-guide-dragonstorm-part-1.md","3","The Kin-Trees rediscovered after Dromoka's fall are tended by carefully chosen wardens. -> ABZAN-F01: Khans-era Abzan society grounds endurance in family, duty, kin-tree practice, ancestor spirits, and defined kinship categories. | ABZAN-F02: Modern Abzan central belief is perennation, with life/death continuity, ancestor guidance, Kin-Tree bonding, earth manipulation, and spirit summoning as source-bound practices. -> Abzan Devotee gives Abzan a second voice of family memory maintained through duty.","NONE_IDENTIFIED","PASS_VERIFIED_CARD_AND_CURRENT_TEXT","PASS_ROUTED_UNDERLYING_EVIDENCE","PASS_BOUNDED_CARD_TO_FACET_BRIDGE","NO_MATERIAL_TILE_MODAL_ECHO","LEGITIMATE_SHARED_CONCEPT","NO_DELETION_INDICATED","NO_SWAP_INDICATED","ADDITIVE_IDENTITY_INTERPRETATION","NO_MATERIAL_FACET_COLLAPSE","NO_MATERIAL_OVERCLAIM","NATURAL_ENOUGH_AS_WRITTEN","NO_CHANGE_INDICATED",""
"PLAY-ABZAN-1-cardrel_auto_abzan_2b3f791a_d672_46fb_a03a_96e19f2c3121","ABZAN","Abzan Houses","PLAY","1","Felothar the Steadfast","Why it fits in play","Felothar makes an Abzan defensive board matter in combat: creatures assign combat damage using toughness, and defenders can attack.","","Why Felothar the Steadfast helps explain Abzan Houses in play","At the table, Felothar the Steadfast carries that card action into this reading's larger plan: build a durable board, protect the family engine, let counters and life totals accumulate, and make the long game answerable only through real commitment.","Legendary Creature — Human Warrior","2c3549f6-25df-4ea7-84ad-922ccd4af6b2","2b3f791a-d672-46fb-a03a-96e19f2c3121","tdc","4","cardrel_auto_abzan_2b3f791a_d672_46fb_a03a_96e19f2c3121","CERTIFIED_BEHAVIORAL_EXAMPLE","abzan_claim_0002; abzan_claim_0011","src_vm_abzan_evidence_ledger_20260531; src_wotc_rosewater_abzan_we_will_survive; src_wotc_tarkir_dragonstorm_commander_decklists_20250325","data/scryfall/raw/oracle-cards.json#id=2c3549f6-25df-4ea7-84ad-922ccd4af6b2","Legendary Creature — Human Warrior | Each creature you control assigns combat damage equal to its toughness rather than its power.
Creatures you control can attack as though they didn't have defender.
{3}, {T}, Sacrifice another creature: Draw cards equal to the sacrificed creature's toughness, then discard cards equal to its power. | ","ABZAN-F03/abzan_claim_0002: Abzan's design identity emphasizes endurance and survival through proactive defense, active defense, long-game planning, and Green growth after pressure is survived. -> src_vm_abzan_evidence_ledger_20260531 docs/research/abzan/abzan-evidence-ledger.md @ docs/research/abzan/abzan-evidence-ledger.md#L9-L40 [FULL_LOCAL_SOURCE_READ]: Abzan's source-bound design frame emphasizes endurance, active defense, long-game survival, and growth after pressure. || src_wotc_rosewater_abzan_we_will_survive docs/research/canon/mark_rosewater_official_three_color/Abzan_We Will Survive _ MAGIC_ THE GATHERING.md @ docs/research/canon/mark_rosewater_official_three_color/Abzan_We Will Survive _ MAGIC_ THE GATHERING.md#L1-L90 [FULL_LOCAL_SOURCE_READ]: Abzan's source-bound design frame emphasizes endurance, active defense, long-game survival, and growth after pressure. || ABZAN-F04/abzan_claim_0011: The official Tarkir: Dragonstorm Commander Decklists page verifies Abzan Armor as a White; Black; Green Commander deck with Felothar the Steadfast as face commander and Betor, Ancestor's Voice as featured commander. -> src_wotc_tarkir_dragonstorm_commander_decklists_20250325 docs/research/VM-378-379-380_source-intake.md @ docs/research/VM-378-379-380_source-intake.md#L1-L120 [FULL_LOCAL_SOURCE_READ]: The official decklist verifies Abzan Armor product facts only and does not prove Tarkir canon or placement semantics.","Each creature you control assigns combat damage equal to its toughness rather than its power.
Creatures you control can attack as though they didn't have defender.
{3}, {T}, Sacrifice another creature: Draw cards equal to the sacrificed creature's toughness, then discard cards equal to its power.","ABZAN-F03; ABZAN-F04","The committed Oracle text is the gameplay-side fact. It supports only the named facet IDs where the visible rationale accurately describes that behavior and makes the identity connection explicit.","SUPPORTED_INTERPRETATION","A bounded card example validated against certified identity claims and canonical card text. It does not prove player motivation, placement, or identity from color, mechanic, tag, or product membership.","src_vm_abzan_evidence_ledger_20260531: docs/research/abzan/abzan-evidence-ledger.md; src_wotc_rosewater_abzan_we_will_survive: docs/research/canon/mark_rosewater_official_three_color/Abzan_We Will Survive _ MAGIC_ THE GATHERING.md; src_wotc_tarkir_dragonstorm_commander_decklists_20250325: docs/research/VM-378-379-380_source-intake.md","3","Each creature you control assigns combat damage equal to its toughness rather than its power.
Creatures you control can attack as though they didn't have defender.
{3}, {T}, Sacrifice another creature: Draw cards equal to the sacrificed creature's toughness, then discard cards equal to its power. -> ABZAN-F03: Abzan's design identity emphasizes endurance and survival through proactive defense, active defense, long-game planning, and Green growth after pressure is survived. | ABZAN-F04: The official Tarkir: Dragonstorm Commander Decklists page verifies Abzan Armor as a White; Black; Green Commander deck with Felothar the Steadfast as face commander and Betor, Ancestor's Voice as featured commander. -> Automatically approved only because the certified identity claims, canonical card observation, bounded bridge, false-positive analysis, and neighbor analysis all pass the shared validator.","NONE_IDENTIFIED","PASS_VERIFIED_CARD_AND_CURRENT_TEXT","PASS_ROUTED_UNDERLYING_EVIDENCE","PASS_BOUNDED_CARD_TO_FACET_BRIDGE","GENERIC_IDENTITY_LANGUAGE_WITHOUT_NEW_CARD_SPECIFIC_INSIGHT","NO_MATERIAL_CROSS_CARD_REPETITION","NO_DELETION_INDICATED","NO_SWAP_INDICATED","MODAL_REDUNDANT","NO_MATERIAL_FACET_COLLAPSE","NO_MATERIAL_OVERCLAIM","SHARED_COMPOSER_FRAME","REMEDIATION_LIKELY","The modal adds a general identity plan but does not deepen why this particular card teaches that facet beyond the already-visible tile."
"SOUND-JESKAI-1-cardvoice_jeskai_341cf654_faf7_4db9_bd9a_70783f1ccff0","JESKAI","Jeskai Way","SOUND","1","Bloodfire Expert","Exact card voice","Some efreet abandon their homes in the volcanic Fire Rim to embrace the Jeskai Way and discipline their innate flames.","","What this card's voice reveals about Jeskai Way","The line presents the Jeskai Way through discipline applied to innate flame.","Creature — Efreet Monk","0742564e-f7a7-4107-b9ed-63703ca4702c","341cf654-faf7-4db9-bd9a-70783f1ccff0","ktk","101","cardvoice_jeskai_341cf654_faf7_4db9_bd9a_70783f1ccff0","EXPLICIT_IDENTITY_REFERENCE","jeskai_claim_0002; jeskai_claim_0004; jeskai_claim_0005","src_vm_jeskai_evidence_ledger_20260531; src_wotc_rosewater_jeskai_smart_thinking; src_wotc_tarkir_khans_pg_part_1","data/scryfall/raw/oracle-cards.json#id=0742564e-f7a7-4107-b9ed-63703ca4702c","Creature — Efreet Monk | Prowess (Whenever you cast a noncreature spell, this creature gets +1/+1 until end of turn.) | Some efreet abandon their homes in the volcanic Fire Rim to embrace the Jeskai Way and discipline their innate flames.","JESKAI-F01/jeskai_claim_0002: Jeskai design identity has Blue as its center through perfection, knowledge, tools, discipline, and self-improvement, with Red adding action and White adding peace, order, structure, and shared form. -> src_vm_jeskai_evidence_ledger_20260531 docs/research/jeskai/jeskai-evidence-ledger.md @ Jeskai Evidence Ledger; rows JESKAI-EVID-002 [FULL_LOCAL_SOURCE_READ]: Supports the bounded Jeskai statement for jeskai_claim_0002 without expanding beyond its declared source rows. || src_wotc_rosewater_jeskai_smart_thinking docs/research/canon/mark_rosewater_official_three_color/Jeskai_Smart Thinking _ MAGIC_ THE GATHERING.md @ Jeskai: Smart Thinking; bounded local capture for jeskai_claim_0002 [FULL_LOCAL_SOURCE_READ]: Supports the bounded Jeskai statement for jeskai_claim_0002 without expanding beyond its declared source rows. || JESKAI-F02/jeskai_claim_0004: Khans-era Jeskai Way includes monks and sages in lake-top monasteries, martial artists, mystics, wandering warriors, mystical arts, reverence for dragon cunning, discipline, enlightenment, honor, respect, industriousness, and tradition. -> src_vm_jeskai_evidence_ledger_20260531 docs/research/jeskai/jeskai-evidence-ledger.md @ Jeskai Evidence Ledger; rows JESKAI-EVID-004, JESKAI-EVID-005, JESKAI-EVID-006 [FULL_LOCAL_SOURCE_READ]: Supports the bounded Jeskai statement for jeskai_claim_0004 without expanding beyond its declared source rows. || src_wotc_tarkir_khans_pg_part_1 docs/research/canon/source-material/tarkir/planeswalkers-guide-khans-part-1.md @ Planeswalker's Guide to Khans of Tarkir, Part 1; bounded local capture for jeskai_claim_0004 [FULL_LOCAL_SOURCE_READ]: Supports the bounded Jeskai statement for jeskai_claim_0004 without expanding beyond its declared source rows. || JESKAI-F03/jeskai_claim_0005: Khans-era Jeskai source rows support fire-language magical practice including bloodfire, broader fire terms, strongholds and minor holds, elders, schools, the Annals, the Rules of Reeds, and the three major Ways of artisan, mystic, and wandering warrior. -> src_vm_jeskai_evidence_ledger_20260531 docs/research/jeskai/jeskai-evidence-ledger.md @ Jeskai Evidence Ledger; rows JESKAI-EVID-007, JESKAI-EVID-008 [FULL_LOCAL_SOURCE_READ]: Supports the bounded Jeskai statement for jeskai_claim_0005 without expanding beyond its declared source rows. || src_wotc_tarkir_khans_pg_part_1 docs/research/canon/source-material/tarkir/planeswalkers-guide-khans-part-1.md @ Planeswalker's Guide to Khans of Tarkir, Part 1; bounded local capture for jeskai_claim_0005 [FULL_LOCAL_SOURCE_READ]: Supports the bounded Jeskai statement for jeskai_claim_0005 without expanding beyond its declared source rows.","NOT_APPLICABLE","JESKAI-F01; JESKAI-F02; JESKAI-F03","The exact printed flavor line is the card-side fact. It supports only the named facet IDs where the line itself, not card color/type/product membership, supplies the stated echo.","DIRECT_FACT_PLUS_SUPPORTED_INTERPRETATION","Exact card text is verified, but Public use is limited to this validated voice relationship. Prismari and Izzet also join Blue and Red through technique; the explicit Jeskai discipline, monastery, and bloodfire context supplies the bridge.","src_vm_jeskai_evidence_ledger_20260531: docs/research/jeskai/jeskai-evidence-ledger.md; src_wotc_rosewater_jeskai_smart_thinking: docs/research/canon/mark_rosewater_official_three_color/Jeskai_Smart Thinking _ MAGIC_ THE GATHERING.md; src_wotc_tarkir_khans_pg_part_1: docs/research/canon/source-material/tarkir/planeswalkers-guide-khans-part-1.md","3","Some efreet abandon their homes in the volcanic Fire Rim to embrace the Jeskai Way and discipline their innate flames. -> JESKAI-F01: Jeskai design identity has Blue as its center through perfection, knowledge, tools, discipline, and self-improvement, with Red adding action and White adding peace, order, structure, and shared form. | JESKAI-F02: Khans-era Jeskai Way includes monks and sages in lake-top monasteries, martial artists, mystics, wandering warriors, mystical arts, reverence for dragon cunning, discipline, enlightenment, honor, respect, industriousness, and tradition. | JESKAI-F03: Khans-era Jeskai source rows support fire-language magical practice including bloodfire, broader fire terms, strongholds and minor holds, elders, schools, the Annals, the Rules of Reeds, and the three major Ways of artisan, mystic, and wandering warrior. -> Bloodfire Expert's exact excerpt provides a bounded voice echo of the Jeskai Way named directly through discipline applied to innate flame.","NONE_IDENTIFIED","PASS_VERIFIED_CARD_AND_CURRENT_TEXT","PASS_ROUTED_UNDERLYING_EVIDENCE","PASS_BOUNDED_CARD_TO_FACET_BRIDGE","NO_MATERIAL_TILE_MODAL_ECHO","LEGITIMATE_SHARED_CONCEPT","NO_DELETION_INDICATED","NO_SWAP_INDICATED","ADDITIVE_IDENTITY_INTERPRETATION","NO_MATERIAL_FACET_COLLAPSE","NO_MATERIAL_OVERCLAIM","FORMULAIC_BUT_READABLE","NO_CHANGE_INDICATED",""
"SOUND-JESKAI-2-cardvoice_vm558_jeskai_d92725de_ead0_4a6c_83db_55ec3acc7184","JESKAI","Jeskai Way","SOUND","2","Narset, Enlightened Exile","Exact card voice","They called her unique insight a ""gift."" Then she saw the truth, and suddenly it was a ""threat.""","","What this card's voice reveals about Jeskai Way","Narset's insight changes from gift to threat the moment it reveals an unwelcome truth, making Jeskai knowledge active rather than merely contemplative.","Legendary Creature — Human Monk","827ecc44-0b00-4515-8953-bc91fa03705a","d92725de-ead0-4a6c-83db-55ec3acc7184","mat","38","cardvoice_vm558_jeskai_d92725de_ead0_4a6c_83db_55ec3acc7184","NATIVE_FIGURE_OR_LOCATION","jeskai_claim_0002; jeskai_claim_0004; jeskai_claim_0005","src_vm_jeskai_evidence_ledger_20260531; src_wotc_rosewater_jeskai_smart_thinking; src_wotc_tarkir_khans_pg_part_1","data/scryfall/raw/oracle-cards.json#id=827ecc44-0b00-4515-8953-bc91fa03705a","Legendary Creature — Human Monk | Creatures you control have prowess.
Whenever Narset attacks, exile target noncreature, nonland card with mana value less than Narset's power from a graveyard and copy it. You may cast the copy without paying its mana cost. | They called her unique insight a ""gift."" Then she saw the truth, and suddenly it was a ""threat.""","JESKAI-F01/jeskai_claim_0002: Jeskai design identity has Blue as its center through perfection, knowledge, tools, discipline, and self-improvement, with Red adding action and White adding peace, order, structure, and shared form. -> src_vm_jeskai_evidence_ledger_20260531 docs/research/jeskai/jeskai-evidence-ledger.md @ Jeskai Evidence Ledger; rows JESKAI-EVID-002 [FULL_LOCAL_SOURCE_READ]: Supports the bounded Jeskai statement for jeskai_claim_0002 without expanding beyond its declared source rows. || src_wotc_rosewater_jeskai_smart_thinking docs/research/canon/mark_rosewater_official_three_color/Jeskai_Smart Thinking _ MAGIC_ THE GATHERING.md @ Jeskai: Smart Thinking; bounded local capture for jeskai_claim_0002 [FULL_LOCAL_SOURCE_READ]: Supports the bounded Jeskai statement for jeskai_claim_0002 without expanding beyond its declared source rows. || JESKAI-F02/jeskai_claim_0004: Khans-era Jeskai Way includes monks and sages in lake-top monasteries, martial artists, mystics, wandering warriors, mystical arts, reverence for dragon cunning, discipline, enlightenment, honor, respect, industriousness, and tradition. -> src_vm_jeskai_evidence_ledger_20260531 docs/research/jeskai/jeskai-evidence-ledger.md @ Jeskai Evidence Ledger; rows JESKAI-EVID-004, JESKAI-EVID-005, JESKAI-EVID-006 [FULL_LOCAL_SOURCE_READ]: Supports the bounded Jeskai statement for jeskai_claim_0004 without expanding beyond its declared source rows. || src_wotc_tarkir_khans_pg_part_1 docs/research/canon/source-material/tarkir/planeswalkers-guide-khans-part-1.md @ Planeswalker's Guide to Khans of Tarkir, Part 1; bounded local capture for jeskai_claim_0004 [FULL_LOCAL_SOURCE_READ]: Supports the bounded Jeskai statement for jeskai_claim_0004 without expanding beyond its declared source rows. || JESKAI-F03/jeskai_claim_0005: Khans-era Jeskai source rows support fire-language magical practice including bloodfire, broader fire terms, strongholds and minor holds, elders, schools, the Annals, the Rules of Reeds, and the three major Ways of artisan, mystic, and wandering warrior. -> src_vm_jeskai_evidence_ledger_20260531 docs/research/jeskai/jeskai-evidence-ledger.md @ Jeskai Evidence Ledger; rows JESKAI-EVID-007, JESKAI-EVID-008 [FULL_LOCAL_SOURCE_READ]: Supports the bounded Jeskai statement for jeskai_claim_0005 without expanding beyond its declared source rows. || src_wotc_tarkir_khans_pg_part_1 docs/research/canon/source-material/tarkir/planeswalkers-guide-khans-part-1.md @ Planeswalker's Guide to Khans of Tarkir, Part 1; bounded local capture for jeskai_claim_0005 [FULL_LOCAL_SOURCE_READ]: Supports the bounded Jeskai statement for jeskai_claim_0005 without expanding beyond its declared source rows.","NOT_APPLICABLE","JESKAI-F01; JESKAI-F02; JESKAI-F03","The exact printed flavor line is the card-side fact. It supports only the named facet IDs where the line itself, not card color/type/product membership, supplies the stated echo.","DIRECT_FACT_PLUS_SUPPORTED_INTERPRETATION","Owner-approved complementary card voice. Public use remains limited to this exact printing and bounded identity relationship; it does not prove placement, play style, or identity from card color, mechanics, tags, or product membership.","src_vm_jeskai_evidence_ledger_20260531: docs/research/jeskai/jeskai-evidence-ledger.md; src_wotc_rosewater_jeskai_smart_thinking: docs/research/canon/mark_rosewater_official_three_color/Jeskai_Smart Thinking _ MAGIC_ THE GATHERING.md; src_wotc_tarkir_khans_pg_part_1: docs/research/canon/source-material/tarkir/planeswalkers-guide-khans-part-1.md","3","They called her unique insight a ""gift."" Then she saw the truth, and suddenly it was a ""threat."" -> JESKAI-F01: Jeskai design identity has Blue as its center through perfection, knowledge, tools, discipline, and self-improvement, with Red adding action and White adding peace, order, structure, and shared form. | JESKAI-F02: Khans-era Jeskai Way includes monks and sages in lake-top monasteries, martial artists, mystics, wandering warriors, mystical arts, reverence for dragon cunning, discipline, enlightenment, honor, respect, industriousness, and tradition. | JESKAI-F03: Khans-era Jeskai source rows support fire-language magical practice including bloodfire, broader fire terms, strongholds and minor holds, elders, schools, the Annals, the Rules of Reeds, and the three major Ways of artisan, mystic, and wandering warrior. -> Narset gives Jeskai a second voice of disciplined understanding that challenges authority.","NONE_IDENTIFIED","PASS_VERIFIED_CARD_AND_CURRENT_TEXT","PASS_ROUTED_UNDERLYING_EVIDENCE","PASS_BOUNDED_CARD_TO_FACET_BRIDGE","NO_MATERIAL_TILE_MODAL_ECHO","LEGITIMATE_SHARED_CONCEPT","NO_DELETION_INDICATED","NO_SWAP_INDICATED","ADDITIVE_IDENTITY_INTERPRETATION","NO_MATERIAL_FACET_COLLAPSE","NO_MATERIAL_OVERCLAIM","NATURAL_ENOUGH_AS_WRITTEN","NO_CHANGE_INDICATED",""
"PLAY-JESKAI-1-cardrel_auto_jeskai_40ed32a6_ad56_48c7_aecf_b4238c34c212","JESKAI","Jeskai Way","PLAY","1","Shiko and Narset, Unified","Why it fits in play","Shiko and Narset reward deliberate spell sequencing: the second spell each turn can be copied when it targets a permanent or player.","","Why Shiko and Narset, Unified helps explain Jeskai Way in play","At the table, Shiko and Narset, Unified carries that card action into this reading's larger plan: study the line, protect the stance, turn spells and timing into pressure, and move only when the action can keep its form.","Legendary Creature — Human Spirit Dragon","5a42fc7d-52ac-4e95-9e04-8f8fa7f687c8","40ed32a6-ad56-48c7-aecf-b4238c34c212","tdc","7","cardrel_auto_jeskai_40ed32a6_ad56_48c7_aecf_b4238c34c212","CERTIFIED_BEHAVIORAL_EXAMPLE","jeskai_claim_0002; jeskai_claim_0003; jeskai_claim_0011","src_vm_jeskai_evidence_ledger_20260531; src_wotc_rosewater_jeskai_smart_thinking; src_wotc_tarkir_dragonstorm_commander_decklists_20250325","data/scryfall/raw/oracle-cards.json#id=5a42fc7d-52ac-4e95-9e04-8f8fa7f687c8","Legendary Creature — Human Spirit Dragon | Flying, vigilance
Flurry — Whenever you cast your second spell each turn, copy that spell if it targets a permanent or player, and you may choose new targets for the copy. If you don't copy a spell this way, draw a card. | For peace, lead by example.","JESKAI-F01/jeskai_claim_0002: Jeskai design identity has Blue as its center through perfection, knowledge, tools, discipline, and self-improvement, with Red adding action and White adding peace, order, structure, and shared form. -> src_vm_jeskai_evidence_ledger_20260531 docs/research/jeskai/jeskai-evidence-ledger.md @ Jeskai Evidence Ledger; rows JESKAI-EVID-002 [FULL_LOCAL_SOURCE_READ]: Supports the bounded Jeskai statement for jeskai_claim_0002 without expanding beyond its declared source rows. || src_wotc_rosewater_jeskai_smart_thinking docs/research/canon/mark_rosewater_official_three_color/Jeskai_Smart Thinking _ MAGIC_ THE GATHERING.md @ Jeskai: Smart Thinking; bounded local capture for jeskai_claim_0002 [FULL_LOCAL_SOURCE_READ]: Supports the bounded Jeskai statement for jeskai_claim_0002 without expanding beyond its declared source rows. || JESKAI-F04/jeskai_claim_0003: Cunning is Jeskai's wedge attribute and broad design vocabulary, expressed through knowledge, preparation, tricks, spell interaction, tempo, protection, and prowess-like design texture. -> src_vm_jeskai_evidence_ledger_20260531 docs/research/jeskai/jeskai-evidence-ledger.md @ Jeskai Evidence Ledger; rows JESKAI-EVID-003 [FULL_LOCAL_SOURCE_READ]: Supports the bounded Jeskai statement for jeskai_claim_0003 without expanding beyond its declared source rows. || src_wotc_rosewater_jeskai_smart_thinking docs/research/canon/mark_rosewater_official_three_color/Jeskai_Smart Thinking _ MAGIC_ THE GATHERING.md @ Jeskai: Smart Thinking; bounded local capture for jeskai_claim_0003 [FULL_LOCAL_SOURCE_READ]: Supports the bounded Jeskai statement for jeskai_claim_0003 without expanding beyond its declared source rows. || JESKAI-F05/jeskai_claim_0011: The official Tarkir: Dragonstorm Commander Decklists page verifies Jeskai Striker as a White; Blue; Red Commander deck with Shiko and Narset, Unified as face commander and Elsha, Threefold Master as featured commander. -> src_wotc_tarkir_dragonstorm_commander_decklists_20250325 https://magic.wizards.com/en/news/announcements/tarkir-dragonstorm-commander-decklists @ ANCHOR_NOT_RECORDED [INSPECTED_OFFICIAL_WEB]: The official Tarkir: Dragonstorm Commander Decklists page verifies Jeskai Striker as a White; Blue; Red Commander deck with Shiko and Narset, Unified as face commander and Elsha, Threefold Master as featured commander.","Flying, vigilance
Flurry — Whenever you cast your second spell each turn, copy that spell if it targets a permanent or player, and you may choose new targets for the copy. If you don't copy a spell this way, draw a card.","JESKAI-F01; JESKAI-F04; JESKAI-F05","The committed Oracle text is the gameplay-side fact. It supports only the named facet IDs where the visible rationale accurately describes that behavior and makes the identity connection explicit.","SUPPORTED_INTERPRETATION","A bounded card example validated against certified identity claims and canonical card text. It does not prove player motivation, placement, or identity from color, mechanic, tag, or product membership.","src_vm_jeskai_evidence_ledger_20260531: docs/research/jeskai/jeskai-evidence-ledger.md; src_wotc_rosewater_jeskai_smart_thinking: docs/research/canon/mark_rosewater_official_three_color/Jeskai_Smart Thinking _ MAGIC_ THE GATHERING.md; src_wotc_tarkir_dragonstorm_commander_decklists_20250325: https://magic.wizards.com/en/news/announcements/tarkir-dragonstorm-commander-decklists","3","Flying, vigilance
Flurry — Whenever you cast your second spell each turn, copy that spell if it targets a permanent or player, and you may choose new targets for the copy. If you don't copy a spell this way, draw a card. -> JESKAI-F01: Jeskai design identity has Blue as its center through perfection, knowledge, tools, discipline, and self-improvement, with Red adding action and White adding peace, order, structure, and shared form. | JESKAI-F04: Cunning is Jeskai's wedge attribute and broad design vocabulary, expressed through knowledge, preparation, tricks, spell interaction, tempo, protection, and prowess-like design texture. | JESKAI-F05: The official Tarkir: Dragonstorm Commander Decklists page verifies Jeskai Striker as a White; Blue; Red Commander deck with Shiko and Narset, Unified as face commander and Elsha, Threefold Master as featured commander. -> Automatically approved only because the certified identity claims, canonical card observation, bounded bridge, false-positive analysis, and neighbor analysis all pass the shared validator.","NONE_IDENTIFIED","PASS_VERIFIED_CARD_AND_CURRENT_TEXT","PASS_ROUTED_UNDERLYING_EVIDENCE","PASS_BOUNDED_CARD_TO_FACET_BRIDGE","NO_MATERIAL_TILE_MODAL_ECHO","NO_MATERIAL_CROSS_CARD_REPETITION","NO_DELETION_INDICATED","NO_SWAP_INDICATED","ADDITIVE_IDENTITY_PLAY_CONTEXT","NO_MATERIAL_FACET_COLLAPSE","NO_MATERIAL_OVERCLAIM","SHARED_COMPOSER_FRAME","NO_CHANGE_INDICATED",""
"SOUND-SULTAI-1-cardvoice_sultai_c469133e_174d_476b_b135_bbf15e415e72","SULTAI","Sultai Brood","SOUND","1","Aggressive Negotiations","Exact card voice","""When an alliance outlasts its usefulness it's best to end it quickly.""
—Heng, Sultai ambassador","","What this card's voice reveals about Sultai Brood","The line presents a Sultai ambassador explicitly treating alliances as tools with an expiration point.","Sorcery","993ade84-031f-4a3e-bd68-55f61b559248","c469133e-174d-476b-b135-bbf15e415e72","tdm","70","cardvoice_sultai_c469133e_174d_476b_b135_bbf15e415e72","EXPLICIT_IDENTITY_REFERENCE","sultai_claim_0002; sultai_claim_0004; sultai_claim_0007","src_vm_sultai_evidence_ledger_20260531; src_wotc_rosewater_sultai_whatever_it_takes; src_wotc_tarkir_khans_pg_part_1; src_wotc_tarkir_fate_reforged_pg; src_wotc_tarkir_story_khanfall","data/scryfall/raw/oracle-cards.json#id=993ade84-031f-4a3e-bd68-55f61b559248","Sorcery | Target opponent reveals their hand. You choose a nonland card from it and exile that card. Put a +1/+1 counter on up to one target creature you control. | ""When an alliance outlasts its usefulness it's best to end it quickly.""
—Heng, Sultai ambassador","SULTAI-F01/sultai_claim_0002: Sultai's design identity emphasizes ruthlessness: willingness to take action and do what needs to be done to get what one wants. -> src_vm_sultai_evidence_ledger_20260531 docs/research/sultai/sultai-evidence-ledger.md @ Sultai Evidence Ledger; rows SULTAI-EVID-002 [FULL_LOCAL_SOURCE_READ]: Supports the bounded Sultai statement for sultai_claim_0002 without expanding beyond its declared source rows. || src_wotc_rosewater_sultai_whatever_it_takes docs/research/canon/mark_rosewater_official_three_color/Sultai_Whatever It Takes _ MAGIC_ THE GATHERING.md @ Sultai: Whatever It Takes; bounded local capture for sultai_claim_0002 [FULL_LOCAL_SOURCE_READ]: Supports the bounded Sultai statement for sultai_claim_0002 without expanding beyond its declared source rows. || SULTAI-F02/sultai_claim_0004: Khans-era Sultai Brood identity includes dragon ruthlessness, the fang symbol, and wealth gained through exploitation of people and land resources. -> src_vm_sultai_evidence_ledger_20260531 docs/research/sultai/sultai-evidence-ledger.md @ Sultai Evidence Ledger; rows SULTAI-EVID-004 [FULL_LOCAL_SOURCE_READ]: Supports the bounded Sultai statement for sultai_claim_0004 without expanding beyond its declared source rows. || src_wotc_tarkir_khans_pg_part_1 docs/research/canon/source-material/tarkir/planeswalkers-guide-khans-part-1.md @ Planeswalker's Guide to Khans of Tarkir, Part 1; bounded local capture for sultai_claim_0004 [FULL_LOCAL_SOURCE_READ]: Supports the bounded Sultai statement for sultai_claim_0004 without expanding beyond its declared source rows. || SULTAI-F03/sultai_claim_0007: Fate Reforged, Tasigur, and Khanfall material provide transition context through ancient Sultai cruelty, treachery, rakshasa pacts, undead servants, anti-dragon pressure, Tasigur's narrow floor, and the no-khan boundary. -> src_vm_sultai_evidence_ledger_20260531 docs/research/sultai/sultai-evidence-ledger.md @ Sultai Evidence Ledger; rows SULTAI-EVID-011, SULTAI-EVID-012, SULTAI-EVID-013, SULTAI-EVID-019 [FULL_LOCAL_SOURCE_READ]: Supports the bounded Sultai statement for sultai_claim_0007 without expanding beyond its declared source rows. || src_wotc_tarkir_fate_reforged_pg docs/research/canon/source-material/tarkir/planeswalkers-guide-fate-reforged.md @ Planeswalker's Guide to Fate Reforged; bounded local capture for sultai_claim_0007 [FULL_LOCAL_SOURCE_READ]: Supports the bounded Sultai statement for sultai_claim_0007 without expanding beyond its declared source rows. || src_wotc_tarkir_story_khanfall docs/research/canon/source-material/tarkir/story-khanfall.md @ Khanfall; bounded local capture for sultai_claim_0007 [FULL_LOCAL_SOURCE_READ]: Supports the bounded Sultai statement for sultai_claim_0007 without expanding beyond its declared source rows.","NOT_APPLICABLE","SULTAI-F01; SULTAI-F02; SULTAI-F03","The exact printed flavor line is the card-side fact. It supports only the named facet IDs where the line itself, not card color/type/product membership, supplies the stated echo.","DIRECT_FACT_PLUS_SUPPORTED_INTERPRETATION","Exact card text is verified, but Public use is limited to this validated voice relationship. Black, Dimir, Grixis, and Orzhov can all sound calculating; the explicit Sultai ruthlessness and instrumental alliance frame is required.","src_vm_sultai_evidence_ledger_20260531: docs/research/sultai/sultai-evidence-ledger.md; src_wotc_rosewater_sultai_whatever_it_takes: docs/research/canon/mark_rosewater_official_three_color/Sultai_Whatever It Takes _ MAGIC_ THE GATHERING.md; src_wotc_tarkir_khans_pg_part_1: docs/research/canon/source-material/tarkir/planeswalkers-guide-khans-part-1.md; src_wotc_tarkir_fate_reforged_pg: docs/research/canon/source-material/tarkir/planeswalkers-guide-fate-reforged.md; src_wotc_tarkir_story_khanfall: docs/research/canon/source-material/tarkir/story-khanfall.md","5","""When an alliance outlasts its usefulness it's best to end it quickly.""
—Heng, Sultai ambassador -> SULTAI-F01: Sultai's design identity emphasizes ruthlessness: willingness to take action and do what needs to be done to get what one wants. | SULTAI-F02: Khans-era Sultai Brood identity includes dragon ruthlessness, the fang symbol, and wealth gained through exploitation of people and land resources. | SULTAI-F03: Fate Reforged, Tasigur, and Khanfall material provide transition context through ancient Sultai cruelty, treachery, rakshasa pacts, undead servants, anti-dragon pressure, Tasigur's narrow floor, and the no-khan boundary. -> Aggressive Negotiations's exact excerpt provides a bounded voice echo of a Sultai ambassador explicitly treating alliances as tools with an expiration point.","NONE_IDENTIFIED","PASS_VERIFIED_CARD_AND_CURRENT_TEXT","PASS_ROUTED_UNDERLYING_EVIDENCE","PASS_BOUNDED_CARD_TO_FACET_BRIDGE","NO_MATERIAL_TILE_MODAL_ECHO","LEGITIMATE_SHARED_CONCEPT","NO_DELETION_INDICATED","NO_SWAP_INDICATED","ADDITIVE_IDENTITY_INTERPRETATION","NO_MATERIAL_FACET_COLLAPSE","NO_MATERIAL_OVERCLAIM","FORMULAIC_BUT_READABLE","NO_CHANGE_INDICATED",""
"SOUND-SULTAI-2-cardvoice_vm558_sultai_88ce2017_83a6_4b55_afba_371875bf2172","SULTAI","Sultai Brood","SOUND","2","Blinding Spray","Exact card voice","""The stronger our enemies seem, the more vulnerable they are."" —Sultai secret","","What this card's voice reveals about Sultai Brood","The Sultai secret turns intimidating strength into an exploitable weakness, making power sound observant and opportunistic.","Instant","9b588355-c349-458d-aeb7-0e2780caa3f9","88ce2017-83a6-4b55-afba-371875bf2172","ktk","32","cardvoice_vm558_sultai_88ce2017_83a6_4b55_afba_371875bf2172","EXPLICIT_IDENTITY_REFERENCE","sultai_claim_0002; sultai_claim_0004; sultai_claim_0007","src_vm_sultai_evidence_ledger_20260531; src_wotc_rosewater_sultai_whatever_it_takes; src_wotc_tarkir_khans_pg_part_1; src_wotc_tarkir_fate_reforged_pg; src_wotc_tarkir_story_khanfall","data/scryfall/raw/oracle-cards.json#id=9b588355-c349-458d-aeb7-0e2780caa3f9","Instant | Creatures your opponents control get -4/-0 until end of turn.
Draw a card. | ""The stronger our enemies seem, the more vulnerable they are.""
—Sultai secret","SULTAI-F01/sultai_claim_0002: Sultai's design identity emphasizes ruthlessness: willingness to take action and do what needs to be done to get what one wants. -> src_vm_sultai_evidence_ledger_20260531 docs/research/sultai/sultai-evidence-ledger.md @ Sultai Evidence Ledger; rows SULTAI-EVID-002 [FULL_LOCAL_SOURCE_READ]: Supports the bounded Sultai statement for sultai_claim_0002 without expanding beyond its declared source rows. || src_wotc_rosewater_sultai_whatever_it_takes docs/research/canon/mark_rosewater_official_three_color/Sultai_Whatever It Takes _ MAGIC_ THE GATHERING.md @ Sultai: Whatever It Takes; bounded local capture for sultai_claim_0002 [FULL_LOCAL_SOURCE_READ]: Supports the bounded Sultai statement for sultai_claim_0002 without expanding beyond its declared source rows. || SULTAI-F02/sultai_claim_0004: Khans-era Sultai Brood identity includes dragon ruthlessness, the fang symbol, and wealth gained through exploitation of people and land resources. -> src_vm_sultai_evidence_ledger_20260531 docs/research/sultai/sultai-evidence-ledger.md @ Sultai Evidence Ledger; rows SULTAI-EVID-004 [FULL_LOCAL_SOURCE_READ]: Supports the bounded Sultai statement for sultai_claim_0004 without expanding beyond its declared source rows. || src_wotc_tarkir_khans_pg_part_1 docs/research/canon/source-material/tarkir/planeswalkers-guide-khans-part-1.md @ Planeswalker's Guide to Khans of Tarkir, Part 1; bounded local capture for sultai_claim_0004 [FULL_LOCAL_SOURCE_READ]: Supports the bounded Sultai statement for sultai_claim_0004 without expanding beyond its declared source rows. || SULTAI-F03/sultai_claim_0007: Fate Reforged, Tasigur, and Khanfall material provide transition context through ancient Sultai cruelty, treachery, rakshasa pacts, undead servants, anti-dragon pressure, Tasigur's narrow floor, and the no-khan boundary. -> src_vm_sultai_evidence_ledger_20260531 docs/research/sultai/sultai-evidence-ledger.md @ Sultai Evidence Ledger; rows SULTAI-EVID-011, SULTAI-EVID-012, SULTAI-EVID-013, SULTAI-EVID-019 [FULL_LOCAL_SOURCE_READ]: Supports the bounded Sultai statement for sultai_claim_0007 without expanding beyond its declared source rows. || src_wotc_tarkir_fate_reforged_pg docs/research/canon/source-material/tarkir/planeswalkers-guide-fate-reforged.md @ Planeswalker's Guide to Fate Reforged; bounded local capture for sultai_claim_0007 [FULL_LOCAL_SOURCE_READ]: Supports the bounded Sultai statement for sultai_claim_0007 without expanding beyond its declared source rows. || src_wotc_tarkir_story_khanfall docs/research/canon/source-material/tarkir/story-khanfall.md @ Khanfall; bounded local capture for sultai_claim_0007 [FULL_LOCAL_SOURCE_READ]: Supports the bounded Sultai statement for sultai_claim_0007 without expanding beyond its declared source rows.","NOT_APPLICABLE","SULTAI-F01; SULTAI-F02; SULTAI-F03","The exact printed flavor line is the card-side fact. It supports only the named facet IDs where the line itself, not card color/type/product membership, supplies the stated echo.","DIRECT_FACT_PLUS_SUPPORTED_INTERPRETATION","Owner-approved complementary card voice. Public use remains limited to this exact printing and bounded identity relationship; it does not prove placement, play style, or identity from card color, mechanics, tags, or product membership.","src_vm_sultai_evidence_ledger_20260531: docs/research/sultai/sultai-evidence-ledger.md; src_wotc_rosewater_sultai_whatever_it_takes: docs/research/canon/mark_rosewater_official_three_color/Sultai_Whatever It Takes _ MAGIC_ THE GATHERING.md; src_wotc_tarkir_khans_pg_part_1: docs/research/canon/source-material/tarkir/planeswalkers-guide-khans-part-1.md; src_wotc_tarkir_fate_reforged_pg: docs/research/canon/source-material/tarkir/planeswalkers-guide-fate-reforged.md; src_wotc_tarkir_story_khanfall: docs/research/canon/source-material/tarkir/story-khanfall.md","5","""The stronger our enemies seem, the more vulnerable they are."" —Sultai secret -> SULTAI-F01: Sultai's design identity emphasizes ruthlessness: willingness to take action and do what needs to be done to get what one wants. | SULTAI-F02: Khans-era Sultai Brood identity includes dragon ruthlessness, the fang symbol, and wealth gained through exploitation of people and land resources. | SULTAI-F03: Fate Reforged, Tasigur, and Khanfall material provide transition context through ancient Sultai cruelty, treachery, rakshasa pacts, undead servants, anti-dragon pressure, Tasigur's narrow floor, and the no-khan boundary. -> Blinding Spray gives Sultai a second voice of weakness analysis used as leverage.","NONE_IDENTIFIED","PASS_VERIFIED_CARD_AND_CURRENT_TEXT","PASS_ROUTED_UNDERLYING_EVIDENCE","PASS_BOUNDED_CARD_TO_FACET_BRIDGE","NO_MATERIAL_TILE_MODAL_ECHO","LEGITIMATE_SHARED_CONCEPT","NO_DELETION_INDICATED","NO_SWAP_INDICATED","ADDITIVE_IDENTITY_INTERPRETATION","NO_MATERIAL_FACET_COLLAPSE","NO_MATERIAL_OVERCLAIM","NATURAL_ENOUGH_AS_WRITTEN","NO_CHANGE_INDICATED",""
"PLAY-SULTAI-1-cardrel_auto_sultai_0177b410_b559_491f_b393_ac3ed774653c","SULTAI","Sultai Brood","PLAY","1","Kotis, Sibsig Champion","Why it fits in play","Kotis turns the graveyard into a constrained resource: one creature can be cast from it each turn by exiling three other graveyard cards as an additional cost.","","Why Kotis, Sibsig Champion helps explain Sultai Brood in play","At the table, Kotis, Sibsig Champion carries that card action into this reading's larger plan: convert graveyards, stolen options, and hidden costs into table advantage while keeping the table story anchored in Sultai source notes.","Legendary Creature — Zombie Warrior","b9ea2e9c-c1c7-4870-877a-023118909f56","0177b410-b559-491f-b393-ac3ed774653c","tdc","5","cardrel_auto_sultai_0177b410_b559_491f_b393_ac3ed774653c","CERTIFIED_BEHAVIORAL_EXAMPLE","sultai_claim_0002; sultai_claim_0003; sultai_claim_0011","src_vm_sultai_evidence_ledger_20260531; src_wotc_rosewater_sultai_whatever_it_takes; src_wotc_tarkir_dragonstorm_commander_decklists_20250325","data/scryfall/raw/oracle-cards.json#id=b9ea2e9c-c1c7-4870-877a-023118909f56","Legendary Creature — Zombie Warrior | Once during each of your turns, you may cast a creature spell from your graveyard by exiling three other cards from your graveyard in addition to paying its other costs.
Whenever one or more creatures you control enter, if one or more of them entered from a graveyard or was cast from a graveyard, put two +1/+1 counters on Kotis. | ","SULTAI-F01/sultai_claim_0002: Sultai's design identity emphasizes ruthlessness: willingness to take action and do what needs to be done to get what one wants. -> src_vm_sultai_evidence_ledger_20260531 docs/research/sultai/sultai-evidence-ledger.md @ Sultai Evidence Ledger; rows SULTAI-EVID-002 [FULL_LOCAL_SOURCE_READ]: Supports the bounded Sultai statement for sultai_claim_0002 without expanding beyond its declared source rows. || src_wotc_rosewater_sultai_whatever_it_takes docs/research/canon/mark_rosewater_official_three_color/Sultai_Whatever It Takes _ MAGIC_ THE GATHERING.md @ Sultai: Whatever It Takes; bounded local capture for sultai_claim_0002 [FULL_LOCAL_SOURCE_READ]: Supports the bounded Sultai statement for sultai_claim_0002 without expanding beyond its declared source rows. || SULTAI-F04/sultai_claim_0003: Sultai design tools include hand/library pressure, destruction, theft or redirection, paying additional costs, graveyard return, resource denial, and using the dead. -> src_vm_sultai_evidence_ledger_20260531 docs/research/sultai/sultai-evidence-ledger.md @ Sultai Evidence Ledger; rows SULTAI-EVID-003 [FULL_LOCAL_SOURCE_READ]: Supports the bounded Sultai statement for sultai_claim_0003 without expanding beyond its declared source rows. || src_wotc_rosewater_sultai_whatever_it_takes docs/research/canon/mark_rosewater_official_three_color/Sultai_Whatever It Takes _ MAGIC_ THE GATHERING.md @ Sultai: Whatever It Takes; bounded local capture for sultai_claim_0003 [FULL_LOCAL_SOURCE_READ]: Supports the bounded Sultai statement for sultai_claim_0003 without expanding beyond its declared source rows. || SULTAI-F05/sultai_claim_0011: The official Tarkir: Dragonstorm Commander Decklists page verifies Sultai Arisen as a Black; Green; Blue Commander deck with Kotis, Sibsig Champion as face commander and Teval, the Balanced Scale as featured commander. -> src_wotc_tarkir_dragonstorm_commander_decklists_20250325 https://magic.wizards.com/en/news/announcements/tarkir-dragonstorm-commander-decklists @ ANCHOR_NOT_RECORDED [INSPECTED_OFFICIAL_WEB]: The official Tarkir: Dragonstorm Commander Decklists page verifies Sultai Arisen as a Black; Green; Blue Commander deck with Kotis, Sibsig Champion as face commander and Teval, the Balanced Scale as featured commander.","Once during each of your turns, you may cast a creature spell from your graveyard by exiling three other cards from your graveyard in addition to paying its other costs.
Whenever one or more creatures you control enter, if one or more of them entered from a graveyard or was cast from a graveyard, put two +1/+1 counters on Kotis.","SULTAI-F01; SULTAI-F04; SULTAI-F05","The committed Oracle text is the gameplay-side fact. It supports only the named facet IDs where the visible rationale accurately describes that behavior and makes the identity connection explicit.","SUPPORTED_INTERPRETATION","A bounded card example validated against certified identity claims and canonical card text. It does not prove player motivation, placement, or identity from color, mechanic, tag, or product membership.","src_vm_sultai_evidence_ledger_20260531: docs/research/sultai/sultai-evidence-ledger.md; src_wotc_rosewater_sultai_whatever_it_takes: docs/research/canon/mark_rosewater_official_three_color/Sultai_Whatever It Takes _ MAGIC_ THE GATHERING.md; src_wotc_tarkir_dragonstorm_commander_decklists_20250325: https://magic.wizards.com/en/news/announcements/tarkir-dragonstorm-commander-decklists","3","Once during each of your turns, you may cast a creature spell from your graveyard by exiling three other cards from your graveyard in addition to paying its other costs.
Whenever one or more creatures you control enter, if one or more of them entered from a graveyard or was cast from a graveyard, put two +1/+1 counters on Kotis. -> SULTAI-F01: Sultai's design identity emphasizes ruthlessness: willingness to take action and do what needs to be done to get what one wants. | SULTAI-F04: Sultai design tools include hand/library pressure, destruction, theft or redirection, paying additional costs, graveyard return, resource denial, and using the dead. | SULTAI-F05: The official Tarkir: Dragonstorm Commander Decklists page verifies Sultai Arisen as a Black; Green; Blue Commander deck with Kotis, Sibsig Champion as face commander and Teval, the Balanced Scale as featured commander. -> Automatically approved only because the certified identity claims, canonical card observation, bounded bridge, false-positive analysis, and neighbor analysis all pass the shared validator.","NONE_IDENTIFIED","PASS_VERIFIED_CARD_AND_CURRENT_TEXT","PASS_ROUTED_UNDERLYING_EVIDENCE","PASS_BOUNDED_CARD_TO_FACET_BRIDGE","GENERIC_IDENTITY_LANGUAGE_WITHOUT_NEW_CARD_SPECIFIC_INSIGHT","NO_MATERIAL_CROSS_CARD_REPETITION","NO_DELETION_INDICATED","NO_SWAP_INDICATED","PLAYER_MODAL_LEAKS_SOURCE_NOTES","NO_MATERIAL_FACET_COLLAPSE","NO_MATERIAL_OVERCLAIM","INTERNAL_SOURCE_LANGUAGE","REMEDIATION_LIKELY","The phrase 'anchored in Sultai source notes' exposes research methodology in player-facing modal copy."
"SOUND-MARDU-1-cardvoice_mardu_cad09970_14c8_4d80_82fe_6c855efb0191","MARDU","Mardu Horde","SOUND","1","Bloodsoaked Champion","Exact card voice","""Death is merely another foe the Mardu will overcome.""","","What this card's voice reveals about Mardu Horde","The line presents the Mardu through meeting death as another opponent.","Creature — Human Warrior","275d6137-5eff-4e82-8232-64e8679bc11c","cad09970-14c8-4d80-82fe-6c855efb0191","clb","740","cardvoice_mardu_cad09970_14c8_4d80_82fe_6c855efb0191","EXPLICIT_IDENTITY_REFERENCE","mardu_claim_0002; mardu_claim_0003; mardu_claim_0005","src_vm_mardu_evidence_ledger_20260531; src_wotc_rosewater_mardu_finishing_first; src_wotc_tarkir_khans_pg_part_2; src_wotc_tarkir_fate_reforged_pg; src_wotc_tarkir_story_truth_of_names; src_wotc_tarkir_story_khanfall","data/scryfall/raw/oracle-cards.json#id=275d6137-5eff-4e82-8232-64e8679bc11c","Creature — Human Warrior | This creature can't block.
Raid — {1}{B}: Return this card from your graveyard to the battlefield. Activate only if you attacked this turn. | ""Death is merely another foe the Mardu will overcome.""","MARDU-F01/mardu_claim_0002: Mardu design identity has Red as its center and speed as its wedge attribute, with speed expressed through action, early pressure, strategic timing, rapid coordinated attack, and all-in aggression across the three colors. -> src_vm_mardu_evidence_ledger_20260531 docs/research/mardu/mardu-evidence-ledger.md @ Mardu Evidence Ledger; rows MARDU-EVID-002, MARDU-EVID-003 [FULL_LOCAL_SOURCE_READ]: Supports the bounded Mardu statement for mardu_claim_0002 without expanding beyond its declared source rows. || src_wotc_rosewater_mardu_finishing_first docs/research/canon/mark_rosewater_official_three_color/Mardu_Finishing First _ MAGIC_ THE GATHERING.md @ Mardu: Finishing First; bounded local capture for mardu_claim_0002 [FULL_LOCAL_SOURCE_READ]: Supports the bounded Mardu statement for mardu_claim_0002 without expanding beyond its declared source rows. || MARDU-F02/mardu_claim_0003: Khans-era Mardu are a feared warrior culture defined by speed, brutality, honor, the dragon wing symbol, the Edicts of Ilagra, war names, respect-earning khan authority, seminomadic raiding, plunder dependence, and low-infrastructure war society. -> src_vm_mardu_evidence_ledger_20260531 docs/research/mardu/mardu-evidence-ledger.md @ Mardu Evidence Ledger; rows MARDU-EVID-004, MARDU-EVID-005, MARDU-EVID-006, MARDU-EVID-008 [FULL_LOCAL_SOURCE_READ]: Supports the bounded Mardu statement for mardu_claim_0003 without expanding beyond its declared source rows. || src_wotc_tarkir_khans_pg_part_2 docs/research/canon/source-material/tarkir/planeswalkers-guide-khans-part-2.md @ Planeswalker's Guide to Khans of Tarkir, Part 2; bounded local capture for mardu_claim_0003 [FULL_LOCAL_SOURCE_READ]: Supports the bounded Mardu statement for mardu_claim_0003 without expanding beyond its declared source rows. || MARDU-F03/mardu_claim_0005: Fate Reforged and story-specific Mardu material supports an ancient bridge in which Mardu are feared warriors who live for battle and speed, Alesha is a young Mardu khan and skilled rider, archer, and swordfighter, and Alesha story rows support war-name judgment, accepted name, identity recognition, and Khanfall transition context. -> src_vm_mardu_evidence_ledger_20260531 docs/research/mardu/mardu-evidence-ledger.md @ Mardu Evidence Ledger; rows MARDU-EVID-013, MARDU-EVID-014, MARDU-EVID-015, MARDU-EVID-016, MARDU-EVID-017 [FULL_LOCAL_SOURCE_READ]: Supports the bounded Mardu statement for mardu_claim_0005 without expanding beyond its declared source rows. || src_wotc_tarkir_fate_reforged_pg docs/research/canon/source-material/tarkir/planeswalkers-guide-fate-reforged.md @ Planeswalker's Guide to Fate Reforged; bounded local capture for mardu_claim_0005 [FULL_LOCAL_SOURCE_READ]: Supports the bounded Mardu statement for mardu_claim_0005 without expanding beyond its declared source rows. || src_wotc_tarkir_story_truth_of_names docs/research/canon/source-material/tarkir/story-truth-of-names.md @ The Truth of Names; bounded local capture for mardu_claim_0005 [FULL_LOCAL_SOURCE_READ]: Supports the bounded Mardu statement for mardu_claim_0005 without expanding beyond its declared source rows. || src_wotc_tarkir_story_khanfall docs/research/canon/source-material/tarkir/story-khanfall.md @ Khanfall; bounded local capture for mardu_claim_0005 [FULL_LOCAL_SOURCE_READ]: Supports the bounded Mardu statement for mardu_claim_0005 without expanding beyond its declared source rows.","NOT_APPLICABLE","MARDU-F01; MARDU-F02; MARDU-F03","The exact printed flavor line is the card-side fact. It supports only the named facet IDs where the line itself, not card color/type/product membership, supplies the stated echo.","DIRECT_FACT_PLUS_SUPPORTED_INTERPRETATION","Exact card text is verified, but Public use is limited to this validated voice relationship. Rakdos, Jund, and Black also speak in violent or death-facing terms; the explicit Mardu honor-and-action context is the bridge.","src_vm_mardu_evidence_ledger_20260531: docs/research/mardu/mardu-evidence-ledger.md; src_wotc_rosewater_mardu_finishing_first: docs/research/canon/mark_rosewater_official_three_color/Mardu_Finishing First _ MAGIC_ THE GATHERING.md; src_wotc_tarkir_khans_pg_part_2: docs/research/canon/source-material/tarkir/planeswalkers-guide-khans-part-2.md; src_wotc_tarkir_fate_reforged_pg: docs/research/canon/source-material/tarkir/planeswalkers-guide-fate-reforged.md; src_wotc_tarkir_story_truth_of_names: docs/research/canon/source-material/tarkir/story-truth-of-names.md; src_wotc_tarkir_story_khanfall: docs/research/canon/source-material/tarkir/story-khanfall.md","6","""Death is merely another foe the Mardu will overcome."" -> MARDU-F01: Mardu design identity has Red as its center and speed as its wedge attribute, with speed expressed through action, early pressure, strategic timing, rapid coordinated attack, and all-in aggression across the three colors. | MARDU-F02: Khans-era Mardu are a feared warrior culture defined by speed, brutality, honor, the dragon wing symbol, the Edicts of Ilagra, war names, respect-earning khan authority, seminomadic raiding, plunder dependence, and low-infrastructure war society. | MARDU-F03: Fate Reforged and story-specific Mardu material supports an ancient bridge in which Mardu are feared warriors who live for battle and speed, Alesha is a young Mardu khan and skilled rider, archer, and swordfighter, and Alesha story rows support war-name judgment, accepted name, identity recognition, and Khanfall transition context. -> Bloodsoaked Champion's exact excerpt provides a bounded voice echo of the Mardu named directly through meeting death as another opponent.","NONE_IDENTIFIED","PASS_VERIFIED_CARD_AND_CURRENT_TEXT","PASS_ROUTED_UNDERLYING_EVIDENCE","PASS_BOUNDED_CARD_TO_FACET_BRIDGE","NO_MATERIAL_TILE_MODAL_ECHO","LEGITIMATE_SHARED_CONCEPT","NO_DELETION_INDICATED","NO_SWAP_INDICATED","ADDITIVE_IDENTITY_INTERPRETATION","NO_MATERIAL_FACET_COLLAPSE","NO_MATERIAL_OVERCLAIM","FORMULAIC_BUT_READABLE","NO_CHANGE_INDICATED",""
"SOUND-MARDU-2-cardvoice_vm558_mardu_5a96b93b_bae6_48fb_87f5_05f3ffcf7ba9","MARDU","Mardu Horde","SOUND","2","Defibrillating Current","Exact card voice","A small shock to save a life, a large one to take it away. —Mardu healer's adage","","What this card's voice reveals about Mardu Horde","The healer's adage makes action practical and unsentimental: the size of the shock decides whether force rescues or destroys.","Sorcery","bf3a18cf-03db-4eb0-8d53-0c1a71e184da","5a96b93b-bae6-48fb-87f5-05f3ffcf7ba9","tdm","177","cardvoice_vm558_mardu_5a96b93b_bae6_48fb_87f5_05f3ffcf7ba9","EXPLICIT_IDENTITY_REFERENCE","mardu_claim_0002; mardu_claim_0003; mardu_claim_0005","src_vm_mardu_evidence_ledger_20260531; src_wotc_rosewater_mardu_finishing_first; src_wotc_tarkir_khans_pg_part_2; src_wotc_tarkir_fate_reforged_pg; src_wotc_tarkir_story_truth_of_names; src_wotc_tarkir_story_khanfall","data/scryfall/raw/oracle-cards.json#id=bf3a18cf-03db-4eb0-8d53-0c1a71e184da","Sorcery | Defibrillating Current deals 4 damage to target creature or planeswalker and you gain 2 life. | A small shock to save a life, a large one to take it away.
—Mardu healer's adage","MARDU-F01/mardu_claim_0002: Mardu design identity has Red as its center and speed as its wedge attribute, with speed expressed through action, early pressure, strategic timing, rapid coordinated attack, and all-in aggression across the three colors. -> src_vm_mardu_evidence_ledger_20260531 docs/research/mardu/mardu-evidence-ledger.md @ Mardu Evidence Ledger; rows MARDU-EVID-002, MARDU-EVID-003 [FULL_LOCAL_SOURCE_READ]: Supports the bounded Mardu statement for mardu_claim_0002 without expanding beyond its declared source rows. || src_wotc_rosewater_mardu_finishing_first docs/research/canon/mark_rosewater_official_three_color/Mardu_Finishing First _ MAGIC_ THE GATHERING.md @ Mardu: Finishing First; bounded local capture for mardu_claim_0002 [FULL_LOCAL_SOURCE_READ]: Supports the bounded Mardu statement for mardu_claim_0002 without expanding beyond its declared source rows. || MARDU-F02/mardu_claim_0003: Khans-era Mardu are a feared warrior culture defined by speed, brutality, honor, the dragon wing symbol, the Edicts of Ilagra, war names, respect-earning khan authority, seminomadic raiding, plunder dependence, and low-infrastructure war society. -> src_vm_mardu_evidence_ledger_20260531 docs/research/mardu/mardu-evidence-ledger.md @ Mardu Evidence Ledger; rows MARDU-EVID-004, MARDU-EVID-005, MARDU-EVID-006, MARDU-EVID-008 [FULL_LOCAL_SOURCE_READ]: Supports the bounded Mardu statement for mardu_claim_0003 without expanding beyond its declared source rows. || src_wotc_tarkir_khans_pg_part_2 docs/research/canon/source-material/tarkir/planeswalkers-guide-khans-part-2.md @ Planeswalker's Guide to Khans of Tarkir, Part 2; bounded local capture for mardu_claim_0003 [FULL_LOCAL_SOURCE_READ]: Supports the bounded Mardu statement for mardu_claim_0003 without expanding beyond its declared source rows. || MARDU-F03/mardu_claim_0005: Fate Reforged and story-specific Mardu material supports an ancient bridge in which Mardu are feared warriors who live for battle and speed, Alesha is a young Mardu khan and skilled rider, archer, and swordfighter, and Alesha story rows support war-name judgment, accepted name, identity recognition, and Khanfall transition context. -> src_vm_mardu_evidence_ledger_20260531 docs/research/mardu/mardu-evidence-ledger.md @ Mardu Evidence Ledger; rows MARDU-EVID-013, MARDU-EVID-014, MARDU-EVID-015, MARDU-EVID-016, MARDU-EVID-017 [FULL_LOCAL_SOURCE_READ]: Supports the bounded Mardu statement for mardu_claim_0005 without expanding beyond its declared source rows. || src_wotc_tarkir_fate_reforged_pg docs/research/canon/source-material/tarkir/planeswalkers-guide-fate-reforged.md @ Planeswalker's Guide to Fate Reforged; bounded local capture for mardu_claim_0005 [FULL_LOCAL_SOURCE_READ]: Supports the bounded Mardu statement for mardu_claim_0005 without expanding beyond its declared source rows. || src_wotc_tarkir_story_truth_of_names docs/research/canon/source-material/tarkir/story-truth-of-names.md @ The Truth of Names; bounded local capture for mardu_claim_0005 [FULL_LOCAL_SOURCE_READ]: Supports the bounded Mardu statement for mardu_claim_0005 without expanding beyond its declared source rows. || src_wotc_tarkir_story_khanfall docs/research/canon/source-material/tarkir/story-khanfall.md @ Khanfall; bounded local capture for mardu_claim_0005 [FULL_LOCAL_SOURCE_READ]: Supports the bounded Mardu statement for mardu_claim_0005 without expanding beyond its declared source rows.","NOT_APPLICABLE","MARDU-F01; MARDU-F02; MARDU-F03","The exact printed flavor line is the card-side fact. It supports only the named facet IDs where the line itself, not card color/type/product membership, supplies the stated echo.","DIRECT_FACT_PLUS_SUPPORTED_INTERPRETATION","Owner-approved complementary card voice. Public use remains limited to this exact printing and bounded identity relationship; it does not prove placement, play style, or identity from card color, mechanics, tags, or product membership.","src_vm_mardu_evidence_ledger_20260531: docs/research/mardu/mardu-evidence-ledger.md; src_wotc_rosewater_mardu_finishing_first: docs/research/canon/mark_rosewater_official_three_color/Mardu_Finishing First _ MAGIC_ THE GATHERING.md; src_wotc_tarkir_khans_pg_part_2: docs/research/canon/source-material/tarkir/planeswalkers-guide-khans-part-2.md; src_wotc_tarkir_fate_reforged_pg: docs/research/canon/source-material/tarkir/planeswalkers-guide-fate-reforged.md; src_wotc_tarkir_story_truth_of_names: docs/research/canon/source-material/tarkir/story-truth-of-names.md; src_wotc_tarkir_story_khanfall: docs/research/canon/source-material/tarkir/story-khanfall.md","6","A small shock to save a life, a large one to take it away. —Mardu healer's adage -> MARDU-F01: Mardu design identity has Red as its center and speed as its wedge attribute, with speed expressed through action, early pressure, strategic timing, rapid coordinated attack, and all-in aggression across the three colors. | MARDU-F02: Khans-era Mardu are a feared warrior culture defined by speed, brutality, honor, the dragon wing symbol, the Edicts of Ilagra, war names, respect-earning khan authority, seminomadic raiding, plunder dependence, and low-infrastructure war society. | MARDU-F03: Fate Reforged and story-specific Mardu material supports an ancient bridge in which Mardu are feared warriors who live for battle and speed, Alesha is a young Mardu khan and skilled rider, archer, and swordfighter, and Alesha story rows support war-name judgment, accepted name, identity recognition, and Khanfall transition context. -> Defibrillating Current gives Mardu a second voice of decisive force calibrated to the need.","NONE_IDENTIFIED","PASS_VERIFIED_CARD_AND_CURRENT_TEXT","PASS_ROUTED_UNDERLYING_EVIDENCE","PASS_BOUNDED_CARD_TO_FACET_BRIDGE","NO_MATERIAL_TILE_MODAL_ECHO","LEGITIMATE_SHARED_CONCEPT","NO_DELETION_INDICATED","NO_SWAP_INDICATED","ADDITIVE_IDENTITY_INTERPRETATION","NO_MATERIAL_FACET_COLLAPSE","NO_MATERIAL_OVERCLAIM","NATURAL_ENOUGH_AS_WRITTEN","NO_CHANGE_INDICATED",""
"PLAY-MARDU-1-cardrel_auto_mardu_0f93d88c_9d2e_416d_a10b_99483360b1fb","MARDU","Mardu Horde","PLAY","1","Zurgo Stormrender","Why it fits in play","Zurgo makes Mardu's speed-and-pressure frame concrete by creating a temporary attacking creature whenever he attacks.","","Why Zurgo Stormrender helps explain Mardu Horde in play","At the table, Zurgo Stormrender carries that card action into this reading's larger plan: commit early, keep the attack coordinated, convert each opening into pressure, and make the table answer the charge before it can settle.","Legendary Creature — Orc Warrior","dc8eb325-75c9-4331-830d-3f7d62d77290","0f93d88c-9d2e-416d-a10b-99483360b1fb","tdc","10","cardrel_auto_mardu_0f93d88c_9d2e_416d_a10b_99483360b1fb","CERTIFIED_BEHAVIORAL_EXAMPLE","mardu_claim_0002; mardu_claim_0011","src_vm_mardu_evidence_ledger_20260531; src_wotc_rosewater_mardu_finishing_first; src_wotc_tarkir_dragonstorm_commander_decklists_20250325","data/scryfall/raw/oracle-cards.json#id=dc8eb325-75c9-4331-830d-3f7d62d77290","Legendary Creature — Orc Warrior | Mobilize 1 (Whenever this creature attacks, create a tapped and attacking 1/1 red Warrior creature token. Sacrifice it at the beginning of the next end step.)
Whenever a creature token you control leaves the battlefield, draw a card if it was attacking. Otherwise, each opponent loses 1 life. | ","MARDU-F01/mardu_claim_0002: Mardu design identity has Red as its center and speed as its wedge attribute, with speed expressed through action, early pressure, strategic timing, rapid coordinated attack, and all-in aggression across the three colors. -> src_vm_mardu_evidence_ledger_20260531 docs/research/mardu/mardu-evidence-ledger.md @ Mardu Evidence Ledger; rows MARDU-EVID-002, MARDU-EVID-003 [FULL_LOCAL_SOURCE_READ]: Supports the bounded Mardu statement for mardu_claim_0002 without expanding beyond its declared source rows. || src_wotc_rosewater_mardu_finishing_first docs/research/canon/mark_rosewater_official_three_color/Mardu_Finishing First _ MAGIC_ THE GATHERING.md @ Mardu: Finishing First; bounded local capture for mardu_claim_0002 [FULL_LOCAL_SOURCE_READ]: Supports the bounded Mardu statement for mardu_claim_0002 without expanding beyond its declared source rows. || MARDU-F04/mardu_claim_0011: The official Tarkir: Dragonstorm Commander Decklists page verifies Mardu Surge as a Red; White; Black Commander deck with Zurgo Stormrender as face commander and Neriv, Crackling Vanguard as featured commander. -> src_wotc_tarkir_dragonstorm_commander_decklists_20250325 https://magic.wizards.com/en/news/announcements/tarkir-dragonstorm-commander-decklists @ ANCHOR_NOT_RECORDED [INSPECTED_OFFICIAL_WEB]: The official Tarkir: Dragonstorm Commander Decklists page verifies Mardu Surge as a Red; White; Black Commander deck with Zurgo Stormrender as face commander and Neriv, Crackling Vanguard as featured commander.","Mobilize 1 (Whenever this creature attacks, create a tapped and attacking 1/1 red Warrior creature token. Sacrifice it at the beginning of the next end step.)
Whenever a creature token you control leaves the battlefield, draw a card if it was attacking. Otherwise, each opponent loses 1 life.","MARDU-F01; MARDU-F04","The committed Oracle text is the gameplay-side fact. It supports only the named facet IDs where the visible rationale accurately describes that behavior and makes the identity connection explicit.","SUPPORTED_INTERPRETATION","A bounded card example validated against certified identity claims and canonical card text. It does not prove player motivation, placement, or identity from color, mechanic, tag, or product membership.","src_vm_mardu_evidence_ledger_20260531: docs/research/mardu/mardu-evidence-ledger.md; src_wotc_rosewater_mardu_finishing_first: docs/research/canon/mark_rosewater_official_three_color/Mardu_Finishing First _ MAGIC_ THE GATHERING.md; src_wotc_tarkir_dragonstorm_commander_decklists_20250325: https://magic.wizards.com/en/news/announcements/tarkir-dragonstorm-commander-decklists","3","Mobilize 1 (Whenever this creature attacks, create a tapped and attacking 1/1 red Warrior creature token. Sacrifice it at the beginning of the next end step.)
Whenever a creature token you control leaves the battlefield, draw a card if it was attacking. Otherwise, each opponent loses 1 life. -> MARDU-F01: Mardu design identity has Red as its center and speed as its wedge attribute, with speed expressed through action, early pressure, strategic timing, rapid coordinated attack, and all-in aggression across the three colors. | MARDU-F04: The official Tarkir: Dragonstorm Commander Decklists page verifies Mardu Surge as a Red; White; Black Commander deck with Zurgo Stormrender as face commander and Neriv, Crackling Vanguard as featured commander. -> Automatically approved only because the certified identity claims, canonical card observation, bounded bridge, false-positive analysis, and neighbor analysis all pass the shared validator.","NONE_IDENTIFIED","PASS_VERIFIED_CARD_AND_CURRENT_TEXT","PASS_ROUTED_UNDERLYING_EVIDENCE","PASS_BOUNDED_CARD_TO_FACET_BRIDGE","GENERIC_IDENTITY_LANGUAGE_WITHOUT_NEW_CARD_SPECIFIC_INSIGHT","NO_MATERIAL_CROSS_CARD_REPETITION","NO_DELETION_INDICATED","NO_SWAP_INDICATED","MODAL_REDUNDANT","NO_MATERIAL_FACET_COLLAPSE","NO_MATERIAL_OVERCLAIM","SHARED_COMPOSER_FRAME","REMEDIATION_LIKELY","The modal adds a general identity plan but does not deepen why this particular card teaches that facet beyond the already-visible tile."
"SOUND-TEMUR-1-cardvoice_temur_ccad8b03_5ff1_4895_94e0_0c96883cb875","TEMUR","Temur Frontier","SOUND","1","Avalanche Tusker","Exact card voice","""Hold the high ground, then bring it to your enemy.""
—Surrak, khan of the Temur","","What this card's voice reveals about Temur Frontier","The line presents a Temur khan joining tactical knowledge to literal natural force.","Creature — Elephant Warrior","408e3f12-53d5-45f4-8ccc-6c00f8a9c6fe","ccad8b03-5ff1-4895-94e0-0c96883cb875","ktk","166","cardvoice_temur_ccad8b03_5ff1_4895_94e0_0c96883cb875","EXPLICIT_IDENTITY_REFERENCE","temur_claim_0002; temur_claim_0003; temur_claim_0004","src_vm_temur_evidence_ledger_20260531; src_wotc_rosewater_temur_what_doesnt_kill_you; src_wotc_tarkir_khans_pg_part_2; src_wotc_tarkir_story_awakening_the_bear","data/scryfall/raw/oracle-cards.json#id=408e3f12-53d5-45f4-8ccc-6c00f8a9c6fe","Creature — Elephant Warrior | Whenever this creature attacks, target creature defending player controls blocks it this combat if able. | ""Hold the high ground, then bring it to your enemy.""
—Surrak, khan of the Temur","TEMUR-F01/temur_claim_0002: Temur's design identity emphasizes savagery as inner strength, mental fortitude, instinct, impulse, action, and toughness when pressure arrives. -> src_vm_temur_evidence_ledger_20260531 docs/research/temur/temur-evidence-ledger.md @ Temur Evidence Ledger; rows TEMUR-EVID-002 [FULL_LOCAL_SOURCE_READ]: Supports the bounded Temur statement for temur_claim_0002 without expanding beyond its declared source rows. || src_wotc_rosewater_temur_what_doesnt_kill_you docs/research/canon/mark_rosewater_official_three_color/Temur_What Doesn't Kill You Makes You Stronger _ MAGIC_ THE GATHERING.md @ Temur: What Doesn't Kill You Makes You Stronger; bounded local capture for temur_claim_0002 [FULL_LOCAL_SOURCE_READ]: Supports the bounded Temur statement for temur_claim_0002 without expanding beyond its declared source rows. || TEMUR-F02/temur_claim_0003: Temur combines Green acceptance and physical natural strength, Blue knowledge and mental problem solving, and Red freedom, action, emotion, impulse, and direct conflict. -> src_vm_temur_evidence_ledger_20260531 docs/research/temur/temur-evidence-ledger.md @ Temur Evidence Ledger; rows TEMUR-EVID-003, TEMUR-EVID-004, TEMUR-EVID-005 [FULL_LOCAL_SOURCE_READ]: Supports the bounded Temur statement for temur_claim_0003 without expanding beyond its declared source rows. || src_wotc_rosewater_temur_what_doesnt_kill_you docs/research/canon/mark_rosewater_official_three_color/Temur_What Doesn't Kill You Makes You Stronger _ MAGIC_ THE GATHERING.md @ Temur: What Doesn't Kill You Makes You Stronger; bounded local capture for temur_claim_0003 [FULL_LOCAL_SOURCE_READ]: Supports the bounded Temur statement for temur_claim_0003 without expanding beyond its declared source rows. || TEMUR-F03/temur_claim_0004: Khans-era Temur Frontier identity is grounded in Qal Sisma survival, strength, self-sufficiency, nomadic family groups, practical raiding for supplies, and defense against physical or cultural intrusion. -> src_vm_temur_evidence_ledger_20260531 docs/research/temur/temur-evidence-ledger.md @ Temur Evidence Ledger; rows TEMUR-EVID-006, TEMUR-EVID-007, TEMUR-EVID-009, TEMUR-EVID-010, TEMUR-EVID-011, TEMUR-EVID-018 [FULL_LOCAL_SOURCE_READ]: Supports the bounded Temur statement for temur_claim_0004 without expanding beyond its declared source rows. || src_wotc_tarkir_khans_pg_part_2 docs/research/canon/source-material/tarkir/planeswalkers-guide-khans-part-2.md @ Planeswalker's Guide to Khans of Tarkir, Part 2; bounded local capture for temur_claim_0004 [FULL_LOCAL_SOURCE_READ]: Supports the bounded Temur statement for temur_claim_0004 without expanding beyond its declared source rows. || src_wotc_tarkir_story_awakening_the_bear docs/research/canon/source-material/tarkir/story-awakening-the-bear.md @ Awakening the Bear; bounded local capture for temur_claim_0004 [FULL_LOCAL_SOURCE_READ]: Supports the bounded Temur statement for temur_claim_0004 without expanding beyond its declared source rows.","NOT_APPLICABLE","TEMUR-F01; TEMUR-F02; TEMUR-F03","The exact printed flavor line is the card-side fact. It supports only the named facet IDs where the line itself, not card color/type/product membership, supplies the stated echo.","DIRECT_FACT_PLUS_SUPPORTED_INTERPRETATION","Exact card text is verified, but Public use is limited to this validated voice relationship. Gruul and Green also use physical force; the explicit Temur synthesis of terrain, problem solving, and direct action is the bridge.","src_vm_temur_evidence_ledger_20260531: docs/research/temur/temur-evidence-ledger.md; src_wotc_rosewater_temur_what_doesnt_kill_you: docs/research/canon/mark_rosewater_official_three_color/Temur_What Doesn't Kill You Makes You Stronger _ MAGIC_ THE GATHERING.md; src_wotc_tarkir_khans_pg_part_2: docs/research/canon/source-material/tarkir/planeswalkers-guide-khans-part-2.md; src_wotc_tarkir_story_awakening_the_bear: docs/research/canon/source-material/tarkir/story-awakening-the-bear.md","4","""Hold the high ground, then bring it to your enemy.""
—Surrak, khan of the Temur -> TEMUR-F01: Temur's design identity emphasizes savagery as inner strength, mental fortitude, instinct, impulse, action, and toughness when pressure arrives. | TEMUR-F02: Temur combines Green acceptance and physical natural strength, Blue knowledge and mental problem solving, and Red freedom, action, emotion, impulse, and direct conflict. | TEMUR-F03: Khans-era Temur Frontier identity is grounded in Qal Sisma survival, strength, self-sufficiency, nomadic family groups, practical raiding for supplies, and defense against physical or cultural intrusion. -> Avalanche Tusker's exact excerpt provides a bounded voice echo of a Temur khan joining tactical knowledge to literal natural force.","NONE_IDENTIFIED","PASS_VERIFIED_CARD_AND_CURRENT_TEXT","PASS_ROUTED_UNDERLYING_EVIDENCE","PASS_BOUNDED_CARD_TO_FACET_BRIDGE","NO_MATERIAL_TILE_MODAL_ECHO","LEGITIMATE_SHARED_CONCEPT","NO_DELETION_INDICATED","NO_SWAP_INDICATED","ADDITIVE_IDENTITY_INTERPRETATION","NO_MATERIAL_FACET_COLLAPSE","NO_MATERIAL_OVERCLAIM","FORMULAIC_BUT_READABLE","NO_CHANGE_INDICATED",""
"SOUND-TEMUR-2-cardvoice_vm558_temur_bf84a598_12d3_406d_8eeb_40592e782b87","TEMUR","Temur Frontier","SOUND","2","Ainok Tracker","Exact card voice","Some ainok of the mountains are accepted among the Temur as trusted hunt-mates.","","What this card's voice reveals about Temur Frontier","The line shows Temur belonging as practical trust formed in the mountains and the hunt.","Creature — Dog Scout","0ff9400d-4842-471f-bf7e-3b21df352e0a","bf84a598-12d3-406d-8eeb-40592e782b87","ktk","96","cardvoice_vm558_temur_bf84a598_12d3_406d_8eeb_40592e782b87","EXPLICIT_IDENTITY_REFERENCE","temur_claim_0002; temur_claim_0003; temur_claim_0004","src_vm_temur_evidence_ledger_20260531; src_wotc_rosewater_temur_what_doesnt_kill_you; src_wotc_tarkir_khans_pg_part_2; src_wotc_tarkir_story_awakening_the_bear","data/scryfall/raw/oracle-cards.json#id=0ff9400d-4842-471f-bf7e-3b21df352e0a","Creature — Dog Scout | First strike
Morph {4}{R} (You may cast this card face down as a 2/2 creature for {3}. Turn it face up any time for its morph cost.) | Some ainok of the mountains are accepted among the Temur as trusted hunt-mates.","TEMUR-F01/temur_claim_0002: Temur's design identity emphasizes savagery as inner strength, mental fortitude, instinct, impulse, action, and toughness when pressure arrives. -> src_vm_temur_evidence_ledger_20260531 docs/research/temur/temur-evidence-ledger.md @ Temur Evidence Ledger; rows TEMUR-EVID-002 [FULL_LOCAL_SOURCE_READ]: Supports the bounded Temur statement for temur_claim_0002 without expanding beyond its declared source rows. || src_wotc_rosewater_temur_what_doesnt_kill_you docs/research/canon/mark_rosewater_official_three_color/Temur_What Doesn't Kill You Makes You Stronger _ MAGIC_ THE GATHERING.md @ Temur: What Doesn't Kill You Makes You Stronger; bounded local capture for temur_claim_0002 [FULL_LOCAL_SOURCE_READ]: Supports the bounded Temur statement for temur_claim_0002 without expanding beyond its declared source rows. || TEMUR-F02/temur_claim_0003: Temur combines Green acceptance and physical natural strength, Blue knowledge and mental problem solving, and Red freedom, action, emotion, impulse, and direct conflict. -> src_vm_temur_evidence_ledger_20260531 docs/research/temur/temur-evidence-ledger.md @ Temur Evidence Ledger; rows TEMUR-EVID-003, TEMUR-EVID-004, TEMUR-EVID-005 [FULL_LOCAL_SOURCE_READ]: Supports the bounded Temur statement for temur_claim_0003 without expanding beyond its declared source rows. || src_wotc_rosewater_temur_what_doesnt_kill_you docs/research/canon/mark_rosewater_official_three_color/Temur_What Doesn't Kill You Makes You Stronger _ MAGIC_ THE GATHERING.md @ Temur: What Doesn't Kill You Makes You Stronger; bounded local capture for temur_claim_0003 [FULL_LOCAL_SOURCE_READ]: Supports the bounded Temur statement for temur_claim_0003 without expanding beyond its declared source rows. || TEMUR-F03/temur_claim_0004: Khans-era Temur Frontier identity is grounded in Qal Sisma survival, strength, self-sufficiency, nomadic family groups, practical raiding for supplies, and defense against physical or cultural intrusion. -> src_vm_temur_evidence_ledger_20260531 docs/research/temur/temur-evidence-ledger.md @ Temur Evidence Ledger; rows TEMUR-EVID-006, TEMUR-EVID-007, TEMUR-EVID-009, TEMUR-EVID-010, TEMUR-EVID-011, TEMUR-EVID-018 [FULL_LOCAL_SOURCE_READ]: Supports the bounded Temur statement for temur_claim_0004 without expanding beyond its declared source rows. || src_wotc_tarkir_khans_pg_part_2 docs/research/canon/source-material/tarkir/planeswalkers-guide-khans-part-2.md @ Planeswalker's Guide to Khans of Tarkir, Part 2; bounded local capture for temur_claim_0004 [FULL_LOCAL_SOURCE_READ]: Supports the bounded Temur statement for temur_claim_0004 without expanding beyond its declared source rows. || src_wotc_tarkir_story_awakening_the_bear docs/research/canon/source-material/tarkir/story-awakening-the-bear.md @ Awakening the Bear; bounded local capture for temur_claim_0004 [FULL_LOCAL_SOURCE_READ]: Supports the bounded Temur statement for temur_claim_0004 without expanding beyond its declared source rows.","NOT_APPLICABLE","TEMUR-F01; TEMUR-F02; TEMUR-F03","The exact printed flavor line is the card-side fact. It supports only the named facet IDs where the line itself, not card color/type/product membership, supplies the stated echo.","DIRECT_FACT_PLUS_SUPPORTED_INTERPRETATION","Owner-approved complementary card voice. Public use remains limited to this exact printing and bounded identity relationship; it does not prove placement, play style, or identity from card color, mechanics, tags, or product membership.","src_vm_temur_evidence_ledger_20260531: docs/research/temur/temur-evidence-ledger.md; src_wotc_rosewater_temur_what_doesnt_kill_you: docs/research/canon/mark_rosewater_official_three_color/Temur_What Doesn't Kill You Makes You Stronger _ MAGIC_ THE GATHERING.md; src_wotc_tarkir_khans_pg_part_2: docs/research/canon/source-material/tarkir/planeswalkers-guide-khans-part-2.md; src_wotc_tarkir_story_awakening_the_bear: docs/research/canon/source-material/tarkir/story-awakening-the-bear.md","4","Some ainok of the mountains are accepted among the Temur as trusted hunt-mates. -> TEMUR-F01: Temur's design identity emphasizes savagery as inner strength, mental fortitude, instinct, impulse, action, and toughness when pressure arrives. | TEMUR-F02: Temur combines Green acceptance and physical natural strength, Blue knowledge and mental problem solving, and Red freedom, action, emotion, impulse, and direct conflict. | TEMUR-F03: Khans-era Temur Frontier identity is grounded in Qal Sisma survival, strength, self-sufficiency, nomadic family groups, practical raiding for supplies, and defense against physical or cultural intrusion. -> Ainok Tracker gives Temur a second voice of kinship earned through shared survival.","NONE_IDENTIFIED","PASS_VERIFIED_CARD_AND_CURRENT_TEXT","PASS_ROUTED_UNDERLYING_EVIDENCE","PASS_BOUNDED_CARD_TO_FACET_BRIDGE","NO_MATERIAL_TILE_MODAL_ECHO","LEGITIMATE_SHARED_CONCEPT","NO_DELETION_INDICATED","NO_SWAP_INDICATED","ADDITIVE_IDENTITY_INTERPRETATION","NO_MATERIAL_FACET_COLLAPSE","NO_MATERIAL_OVERCLAIM","NATURAL_ENOUGH_AS_WRITTEN","NO_CHANGE_INDICATED",""
"PLAY-TEMUR-1-cardrel_auto_temur_1b162dd3_3be6_406d_bf86_f7cc9eff098d","TEMUR","Temur Frontier","PLAY","1","Eshki, Temur's Roar","Why it fits in play","Eshki rewards increasingly large creature spells with visible growth, then cards and damage as the creatures cross higher power thresholds.","","Why Eshki, Temur's Roar helps explain Temur Frontier in play","At the table, Eshki, Temur's Roar carries that card action into this reading's larger plan: listen for the opening, grow the mana and board, then let instinct and elemental force make one clean turn matter.","Legendary Creature — Human Warrior","ff9aa863-8773-452d-946c-ae334c632e11","1b162dd3-3be6-406d-bf86-f7cc9eff098d","tdc","3","cardrel_auto_temur_1b162dd3_3be6_406d_bf86_f7cc9eff098d","CERTIFIED_BEHAVIORAL_EXAMPLE","temur_claim_0002; temur_claim_0003; temur_claim_0011","src_vm_temur_evidence_ledger_20260531; src_wotc_rosewater_temur_what_doesnt_kill_you; src_wotc_tarkir_dragonstorm_commander_decklists_20250325","data/scryfall/raw/oracle-cards.json#id=ff9aa863-8773-452d-946c-ae334c632e11","Legendary Creature — Human Warrior | Whenever you cast a creature spell, put a +1/+1 counter on Eshki. If that spell's power is 4 or greater, draw a card. If that spell's power is 6 or greater, Eshki deals damage equal to Eshki's power to each opponent. | ","TEMUR-F01/temur_claim_0002: Temur's design identity emphasizes savagery as inner strength, mental fortitude, instinct, impulse, action, and toughness when pressure arrives. -> src_vm_temur_evidence_ledger_20260531 docs/research/temur/temur-evidence-ledger.md @ Temur Evidence Ledger; rows TEMUR-EVID-002 [FULL_LOCAL_SOURCE_READ]: Supports the bounded Temur statement for temur_claim_0002 without expanding beyond its declared source rows. || src_wotc_rosewater_temur_what_doesnt_kill_you docs/research/canon/mark_rosewater_official_three_color/Temur_What Doesn't Kill You Makes You Stronger _ MAGIC_ THE GATHERING.md @ Temur: What Doesn't Kill You Makes You Stronger; bounded local capture for temur_claim_0002 [FULL_LOCAL_SOURCE_READ]: Supports the bounded Temur statement for temur_claim_0002 without expanding beyond its declared source rows. || TEMUR-F02/temur_claim_0003: Temur combines Green acceptance and physical natural strength, Blue knowledge and mental problem solving, and Red freedom, action, emotion, impulse, and direct conflict. -> src_vm_temur_evidence_ledger_20260531 docs/research/temur/temur-evidence-ledger.md @ Temur Evidence Ledger; rows TEMUR-EVID-003, TEMUR-EVID-004, TEMUR-EVID-005 [FULL_LOCAL_SOURCE_READ]: Supports the bounded Temur statement for temur_claim_0003 without expanding beyond its declared source rows. || src_wotc_rosewater_temur_what_doesnt_kill_you docs/research/canon/mark_rosewater_official_three_color/Temur_What Doesn't Kill You Makes You Stronger _ MAGIC_ THE GATHERING.md @ Temur: What Doesn't Kill You Makes You Stronger; bounded local capture for temur_claim_0003 [FULL_LOCAL_SOURCE_READ]: Supports the bounded Temur statement for temur_claim_0003 without expanding beyond its declared source rows. || TEMUR-F04/temur_claim_0011: The official Tarkir: Dragonstorm Commander Decklists page verifies Temur Roar as a Green; Blue; Red Commander deck with Eshki, Temur's Roar as face commander and Ureni of the Unwritten as featured commander. -> src_wotc_tarkir_dragonstorm_commander_decklists_20250325 https://magic.wizards.com/en/news/announcements/tarkir-dragonstorm-commander-decklists @ Tarkir: Dragonstorm Commander Decklists; bounded local capture for temur_claim_0011 [INSPECTED_OFFICIAL_WEB]: Support-only product or operator source is limited to deck/navigation facts and cannot prove Temur canon, placement, legality, popularity, or metagame claims.","Whenever you cast a creature spell, put a +1/+1 counter on Eshki. If that spell's power is 4 or greater, draw a card. If that spell's power is 6 or greater, Eshki deals damage equal to Eshki's power to each opponent.","TEMUR-F01; TEMUR-F02; TEMUR-F04","The committed Oracle text is the gameplay-side fact. It supports only the named facet IDs where the visible rationale accurately describes that behavior and makes the identity connection explicit.","SUPPORTED_INTERPRETATION","A bounded card example validated against certified identity claims and canonical card text. It does not prove player motivation, placement, or identity from color, mechanic, tag, or product membership.","src_vm_temur_evidence_ledger_20260531: docs/research/temur/temur-evidence-ledger.md; src_wotc_rosewater_temur_what_doesnt_kill_you: docs/research/canon/mark_rosewater_official_three_color/Temur_What Doesn't Kill You Makes You Stronger _ MAGIC_ THE GATHERING.md; src_wotc_tarkir_dragonstorm_commander_decklists_20250325: https://magic.wizards.com/en/news/announcements/tarkir-dragonstorm-commander-decklists","3","Whenever you cast a creature spell, put a +1/+1 counter on Eshki. If that spell's power is 4 or greater, draw a card. If that spell's power is 6 or greater, Eshki deals damage equal to Eshki's power to each opponent. -> TEMUR-F01: Temur's design identity emphasizes savagery as inner strength, mental fortitude, instinct, impulse, action, and toughness when pressure arrives. | TEMUR-F02: Temur combines Green acceptance and physical natural strength, Blue knowledge and mental problem solving, and Red freedom, action, emotion, impulse, and direct conflict. | TEMUR-F04: The official Tarkir: Dragonstorm Commander Decklists page verifies Temur Roar as a Green; Blue; Red Commander deck with Eshki, Temur's Roar as face commander and Ureni of the Unwritten as featured commander. -> Automatically approved only because the certified identity claims, canonical card observation, bounded bridge, false-positive analysis, and neighbor analysis all pass the shared validator.","NONE_IDENTIFIED","PASS_VERIFIED_CARD_AND_CURRENT_TEXT","PASS_ROUTED_UNDERLYING_EVIDENCE","PASS_BOUNDED_CARD_TO_FACET_BRIDGE","GENERIC_IDENTITY_LANGUAGE_WITHOUT_NEW_CARD_SPECIFIC_INSIGHT","NO_MATERIAL_CROSS_CARD_REPETITION","NO_DELETION_INDICATED","NO_SWAP_INDICATED","MODAL_REDUNDANT","NO_MATERIAL_FACET_COLLAPSE","NO_MATERIAL_OVERCLAIM","SHARED_COMPOSER_FRAME","REMEDIATION_LIKELY","The modal adds a general identity plan but does not deepen why this particular card teaches that facet beyond the already-visible tile."
"SOUND-YORE-1-cardvoice_yore_ed10bb4c_f7ef_4046_8dde_465041b55078","YORE","Yore / Artifice","SOUND","1","Artificer's Epiphany","Exact card voice","The artificers of Kaladesh strive ceaselessly for perfection, progress, and the ultimate expression of elegance.","","What this card's voice reveals about Yore / Artifice","The line presents artificers pursuing perfection, progress, and designed elegance.","Instant","f4e6f89d-c73b-4105-9743-95504f0fd866","ed10bb4c-f7ef-4046-8dde-465041b55078","ddu","36","cardvoice_yore_ed10bb4c_f7ef_4046_8dde_465041b55078","CERTIFIED_SEMANTIC_ECHO","yore_claim_0002; yore_claim_0004","src_vm_yore_evidence_ledger_20260602; src_vm_four_color_reference_audit_20260602","data/scryfall/raw/oracle-cards.json#id=f4e6f89d-c73b-4105-9743-95504f0fd866","Instant | Draw two cards. If you control no artifacts, discard a card. | The artificers of Kaladesh strive ceaselessly for perfection, progress, and the ultimate expression of elegance.","YORE-F01/yore_claim_0002: YORE is Vox Mana's Nephilim-derived expression label for WUBR/non-Green, while Artifice is the Commander 2016 theme texture for the same color quadruple; neither term should be presented as the official, exclusive, or universally accepted MTG name for WUBR. -> src_vm_yore_evidence_ledger_20260602 docs/research/yore/yore-evidence-ledger.md @ docs/research/yore/yore-evidence-ledger.md; rows YORE-EVID-002, YORE-EVID-010 [FULL_LOCAL_SOURCE_READ]: The Yore evidence ledger distinguishes Vox Mana YORE expression language from WUBR color-code metadata and does not authorize universal public aliases. || src_vm_four_color_reference_audit_20260602 docs/research/canon/canon-inventory-four-color-reference-audit.md @ docs/research/canon/canon-inventory-four-color-reference-audit.md; Yore / Artifice WUBR rows [FULL_LOCAL_SOURCE_READ]: The four-color audit supports Yore / Artifice as bounded project framing and preserves the warning that YORE or Artifice must not be presented as an official universal MTG name for WUBR. || YORE-F02/yore_claim_0004: The current Yore / Artifice frame centers civilization, technology, artifice, and progress over natural acceptance and organic limits. -> src_vm_yore_evidence_ledger_20260602 docs/research/yore/yore-evidence-ledger.md @ docs/research/yore/yore-evidence-ledger.md; row YORE-EVID-004 [FULL_LOCAL_SOURCE_READ]: The evidence ledger supports the high-level Yore / Artifice frame of civilization, technology, artifice, and progress over natural acceptance or organic limits. || src_vm_four_color_reference_audit_20260602 docs/research/canon/canon-inventory-four-color-reference-audit.md @ docs/research/canon/canon-inventory-four-color-reference-audit.md; Yore / Artifice WUBR rows [FULL_LOCAL_SOURCE_READ]: The four-color audit supports artifice/civilization as bounded identity framing while excluding generic artifact, Breya-only, Thran, Phyrexian, and cEDH overclaims.","NOT_APPLICABLE","YORE-F01; YORE-F02","The exact printed flavor line is the card-side fact. It supports only the named facet IDs where the line itself, not card color/type/product membership, supplies the stated echo.","VOX_MANA_INTERPRETATION","Exact card text is verified, but Public use is limited to this validated voice relationship. Esper, Izzet, Blue, and Witch also use technology or progress. This proposal echoes Yore's bounded artifice frame but cannot make Yore behaviorally nameable or establish a faction.","src_vm_yore_evidence_ledger_20260602: docs/research/yore/yore-evidence-ledger.md; src_vm_four_color_reference_audit_20260602: docs/research/canon/canon-inventory-four-color-reference-audit.md","2","The artificers of Kaladesh strive ceaselessly for perfection, progress, and the ultimate expression of elegance. -> YORE-F01: YORE is Vox Mana's Nephilim-derived expression label for WUBR/non-Green, while Artifice is the Commander 2016 theme texture for the same color quadruple; neither term should be presented as the official, exclusive, or universally accepted MTG name for WUBR. | YORE-F02: The current Yore / Artifice frame centers civilization, technology, artifice, and progress over natural acceptance and organic limits. -> Artificer's Epiphany's exact excerpt provides a bounded voice echo of artificers pursuing perfection, progress, and designed elegance.","NONE_IDENTIFIED","PASS_VERIFIED_CARD_AND_CURRENT_TEXT","LIMITED_TO_VOX_MANA_SYNTHESIS","PASS_BOUNDED_CARD_TO_FACET_BRIDGE","NO_MATERIAL_TILE_MODAL_ECHO","LEGITIMATE_SHARED_CONCEPT","NO_DELETION_INDICATED","NO_SWAP_INDICATED","ADDITIVE_IDENTITY_INTERPRETATION","NO_MATERIAL_FACET_COLLAPSE","NO_MATERIAL_OVERCLAIM","FORMULAIC_BUT_READABLE","NO_CHANGE_INDICATED",""
"SOUND-YORE-2-cardvoice_vm558_yore_f9ef90b9_a2b4_4a5b_92fb_2268ea7d709f","YORE","Yore / Artifice","SOUND","2","Ayara, Widow of the Realm // Ayara, Furnace Queen","Exact card voice","Ayara cherished her new machine servitors just as much as she once did her many suitors: not at all.","","What this card's voice reveals about Yore / Artifice","The transformed Ayara regards machine servitors with the same cold instrumentality she brought to people, making artifice powerful but stripped of natural reciprocity.","Legendary Creature — Elf Noble // Legendary Creature — Phyrexian Elf Noble","a21b1734-a773-4107-95c1-b44d5ccdfd82","f9ef90b9-a2b4-4a5b-92fb-2268ea7d709f","mom","90","cardvoice_vm558_yore_f9ef90b9_a2b4_4a5b_92fb_2268ea7d709f","CERTIFIED_SEMANTIC_ECHO","yore_claim_0002; yore_claim_0004","src_vm_yore_evidence_ledger_20260602; src_vm_four_color_reference_audit_20260602","data/scryfall/raw/oracle-cards.json#id=a21b1734-a773-4107-95c1-b44d5ccdfd82","Legendary Creature — Elf Noble // Legendary Creature — Phyrexian Elf Noble | Ayara, Widow of the Realm: {T}, Sacrifice another creature or artifact: Ayara deals X damage to target opponent or battle and you gain X life, where X is the sacrificed permanent's mana value.
{5}{R/P}: Transform Ayara. Activate only as a sorcery. ({R/P} can be paid with either {R} or 2 life.) // Ayara, Furnace Queen: At the beginning of combat on your turn, return up to one target artifact or creature card from your graveyard to the battlefield. It gains haste. Exile it at the beginning of the next end step. | Ayara cherished her new machine servitors just as much as she once did her many suitors: not at all.","YORE-F01/yore_claim_0002: YORE is Vox Mana's Nephilim-derived expression label for WUBR/non-Green, while Artifice is the Commander 2016 theme texture for the same color quadruple; neither term should be presented as the official, exclusive, or universally accepted MTG name for WUBR. -> src_vm_yore_evidence_ledger_20260602 docs/research/yore/yore-evidence-ledger.md @ docs/research/yore/yore-evidence-ledger.md; rows YORE-EVID-002, YORE-EVID-010 [FULL_LOCAL_SOURCE_READ]: The Yore evidence ledger distinguishes Vox Mana YORE expression language from WUBR color-code metadata and does not authorize universal public aliases. || src_vm_four_color_reference_audit_20260602 docs/research/canon/canon-inventory-four-color-reference-audit.md @ docs/research/canon/canon-inventory-four-color-reference-audit.md; Yore / Artifice WUBR rows [FULL_LOCAL_SOURCE_READ]: The four-color audit supports Yore / Artifice as bounded project framing and preserves the warning that YORE or Artifice must not be presented as an official universal MTG name for WUBR. || YORE-F02/yore_claim_0004: The current Yore / Artifice frame centers civilization, technology, artifice, and progress over natural acceptance and organic limits. -> src_vm_yore_evidence_ledger_20260602 docs/research/yore/yore-evidence-ledger.md @ docs/research/yore/yore-evidence-ledger.md; row YORE-EVID-004 [FULL_LOCAL_SOURCE_READ]: The evidence ledger supports the high-level Yore / Artifice frame of civilization, technology, artifice, and progress over natural acceptance or organic limits. || src_vm_four_color_reference_audit_20260602 docs/research/canon/canon-inventory-four-color-reference-audit.md @ docs/research/canon/canon-inventory-four-color-reference-audit.md; Yore / Artifice WUBR rows [FULL_LOCAL_SOURCE_READ]: The four-color audit supports artifice/civilization as bounded identity framing while excluding generic artifact, Breya-only, Thran, Phyrexian, and cEDH overclaims.","NOT_APPLICABLE","YORE-F01; YORE-F02","The exact printed flavor line is the card-side fact. It supports only the named facet IDs where the line itself, not card color/type/product membership, supplies the stated echo.","VOX_MANA_INTERPRETATION","Owner-approved complementary card voice. Public use remains limited to this exact printing and bounded identity relationship; it does not prove placement, play style, or identity from card color, mechanics, tags, or product membership.","src_vm_yore_evidence_ledger_20260602: docs/research/yore/yore-evidence-ledger.md; src_vm_four_color_reference_audit_20260602: docs/research/canon/canon-inventory-four-color-reference-audit.md","2","Ayara cherished her new machine servitors just as much as she once did her many suitors: not at all. -> YORE-F01: YORE is Vox Mana's Nephilim-derived expression label for WUBR/non-Green, while Artifice is the Commander 2016 theme texture for the same color quadruple; neither term should be presented as the official, exclusive, or universally accepted MTG name for WUBR. | YORE-F02: The current Yore / Artifice frame centers civilization, technology, artifice, and progress over natural acceptance and organic limits. -> Ayara's machine servitors give Yore a second voice of civilization and artifice used without organic obligation.","NONE_IDENTIFIED","PASS_VERIFIED_CARD_AND_CURRENT_TEXT","LIMITED_TO_VOX_MANA_SYNTHESIS","PASS_BOUNDED_CARD_TO_FACET_BRIDGE","NO_MATERIAL_TILE_MODAL_ECHO","LEGITIMATE_SHARED_CONCEPT","NO_DELETION_INDICATED","NO_SWAP_INDICATED","ADDITIVE_IDENTITY_INTERPRETATION","NO_MATERIAL_FACET_COLLAPSE","NO_MATERIAL_OVERCLAIM","NATURAL_ENOUGH_AS_WRITTEN","NO_CHANGE_INDICATED",""
"PLAY-YORE-1-cardrel_auto_yore_d460a9e2_5a7d_4562_880e_45174be19a9d","YORE","Yore / Artifice","PLAY","1","Breya, Etherium Shaper","Why it fits in play","Breya makes Yore's artifice frame concrete by creating artifact creatures, then converting artifacts through several selectable effects.","","Why Breya, Etherium Shaper helps explain Yore / Artifice in play","At the table, Breya, Etherium Shaper carries that card action into this reading's larger plan: build a system that keeps choice alive, protect the archive, turn loss into a reusable engine, and make the table answer a constructed future.","Legendary Artifact Creature — Human","8bf3929c-957f-4ea2-a27d-7d53979844af","d460a9e2-5a7d-4562-880e-45174be19a9d","mh3","289","cardrel_auto_yore_d460a9e2_5a7d_4562_880e_45174be19a9d","CERTIFIED_BEHAVIORAL_EXAMPLE","yore_claim_0003; yore_claim_0004","src_vm_yore_evidence_ledger_20260602; src_vm_four_color_reference_audit_20260602","data/scryfall/raw/oracle-cards.json#id=8bf3929c-957f-4ea2-a27d-7d53979844af","Legendary Artifact Creature — Human | When Breya enters, create two 1/1 blue Thopter artifact creature tokens with flying.
{2}, Sacrifice two artifacts: Choose one —
• Breya deals 3 damage to target player or planeswalker.
• Target creature gets -4/-4 until end of turn.
• You gain 5 life. | ","YORE-F03/yore_claim_0003: The Yore / Artifice WUBR four-color lane is framed by the color it excludes: Green. -> src_vm_yore_evidence_ledger_20260602 docs/research/yore/yore-evidence-ledger.md @ docs/research/yore/yore-evidence-ledger.md; row YORE-EVID-003 [FULL_LOCAL_SOURCE_READ]: The evidence ledger frames Yore / Artifice through the missing-color structure of WUBR without Green. || src_vm_four_color_reference_audit_20260602 docs/research/canon/canon-inventory-four-color-reference-audit.md @ docs/research/canon/canon-inventory-four-color-reference-audit.md; Yore / Artifice WUBR rows [FULL_LOCAL_SOURCE_READ]: The four-color audit records the Yore / Artifice lane by the Green-exclusion frame rather than by a standalone canon faction claim. || YORE-F02/yore_claim_0004: The current Yore / Artifice frame centers civilization, technology, artifice, and progress over natural acceptance and organic limits. -> src_vm_yore_evidence_ledger_20260602 docs/research/yore/yore-evidence-ledger.md @ docs/research/yore/yore-evidence-ledger.md; row YORE-EVID-004 [FULL_LOCAL_SOURCE_READ]: The evidence ledger supports the high-level Yore / Artifice frame of civilization, technology, artifice, and progress over natural acceptance or organic limits. || src_vm_four_color_reference_audit_20260602 docs/research/canon/canon-inventory-four-color-reference-audit.md @ docs/research/canon/canon-inventory-four-color-reference-audit.md; Yore / Artifice WUBR rows [FULL_LOCAL_SOURCE_READ]: The four-color audit supports artifice/civilization as bounded identity framing while excluding generic artifact, Breya-only, Thran, Phyrexian, and cEDH overclaims.","When Breya enters, create two 1/1 blue Thopter artifact creature tokens with flying.
{2}, Sacrifice two artifacts: Choose one —
• Breya deals 3 damage to target player or planeswalker.
• Target creature gets -4/-4 until end of turn.
• You gain 5 life.","YORE-F03; YORE-F02","The committed Oracle text is the gameplay-side fact. It supports only the named facet IDs where the visible rationale accurately describes that behavior and makes the identity connection explicit.","VOX_MANA_INTERPRETATION","A bounded card example validated against certified identity claims and canonical card text. It does not prove player motivation, placement, or identity from color, mechanic, tag, or product membership.","src_vm_yore_evidence_ledger_20260602: docs/research/yore/yore-evidence-ledger.md; src_vm_four_color_reference_audit_20260602: docs/research/canon/canon-inventory-four-color-reference-audit.md","2","When Breya enters, create two 1/1 blue Thopter artifact creature tokens with flying.
{2}, Sacrifice two artifacts: Choose one —
• Breya deals 3 damage to target player or planeswalker.
• Target creature gets -4/-4 until end of turn.
• You gain 5 life. -> YORE-F03: The Yore / Artifice WUBR four-color lane is framed by the color it excludes: Green. | YORE-F02: The current Yore / Artifice frame centers civilization, technology, artifice, and progress over natural acceptance and organic limits. -> Automatically approved only because the certified identity claims, canonical card observation, bounded bridge, false-positive analysis, and neighbor analysis all pass the shared validator.","NONE_IDENTIFIED","PASS_VERIFIED_CARD_AND_CURRENT_TEXT","LIMITED_TO_VOX_MANA_SYNTHESIS","PASS_BOUNDED_CARD_TO_FACET_BRIDGE","GENERIC_IDENTITY_LANGUAGE_WITHOUT_NEW_CARD_SPECIFIC_INSIGHT","NO_MATERIAL_CROSS_CARD_REPETITION","NO_DELETION_INDICATED","NO_SWAP_INDICATED","MODAL_REDUNDANT","NO_MATERIAL_FACET_COLLAPSE","NO_MATERIAL_OVERCLAIM","SHARED_COMPOSER_FRAME","REMEDIATION_LIKELY","The modal adds a general identity plan but does not deepen why this particular card teaches that facet beyond the already-visible tile."
"SOUND-GLINT-1-cardvoice_glint_3a92b235_196b_4f46_9d20_06f4d3653d36","GLINT","Glint / Chaos","SOUND","1","Aberrant Return","Exact card voice","Shadowmoor is rife with wild magic—powerful but as volatile as the plane itself.","","What this card's voice reveals about Glint / Chaos","The line presents wild magic described as powerful and volatile.","Sorcery","a27a3d4b-caa7-4c5e-b1f3-aa607d3b157d","3a92b235-196b-4f46-9d20-06f4d3653d36","ecc","7","cardvoice_glint_3a92b235_196b_4f46_9d20_06f4d3653d36","CERTIFIED_SEMANTIC_ECHO","glint_claim_0005","src_vm_glint_evidence_ledger_20260602; src_vm_four_color_reference_audit_20260602","data/scryfall/raw/oracle-cards.json#id=a27a3d4b-caa7-4c5e-b1f3-aa607d3b157d","Sorcery | Put one, two, or three target creature cards from graveyards onto the battlefield under your control. Each of them enters with an additional -1/-1 counter on it. | Shadowmoor is rife with wild magic—powerful but as volatile as the plane itself.","GLINT-F01/glint_claim_0005: The current Glint / Chaos frame may discuss rejection of White-style imposed order, communal obligation, and civic restraint in favor of appetite, adaptation, force, and volatility, but detailed psychology remains bounded and should not be canonized beyond the approved evidence floor. -> src_vm_glint_evidence_ledger_20260602 docs/research/glint/glint-evidence-ledger.md @ docs/research/glint/glint-evidence-ledger.md#GLINT-EVID-005 [FULL_LOCAL_SOURCE_READ]: The evidence ledger frames Glint as the missing-white four-color identity and keeps generic four-color Commander support separate from identity proof. || src_vm_four_color_reference_audit_20260602 docs/research/canon/canon-inventory-four-color-reference-audit.md @ docs/research/canon/canon-inventory-four-color-reference-audit.md#missing-white-reference-frame [FULL_LOCAL_SOURCE_READ]: The audit distinguishes the UBRG missing-white frame from generic four-color Commander legality and from other four-color slots.","NOT_APPLICABLE","GLINT-F01","The exact printed flavor line is the card-side fact. It supports only the named facet IDs where the line itself, not card color/type/product membership, supplies the stated echo.","VOX_MANA_INTERPRETATION","Exact card text is verified, but Public use is limited to this validated voice relationship. Prismari, Izzet, Rakdos, and Red can also sound volatile. The excerpt reaches only Glint's bounded volatility/force edge, not its appetite or anti-order boundary.","src_vm_glint_evidence_ledger_20260602: docs/research/glint/glint-evidence-ledger.md; src_vm_four_color_reference_audit_20260602: docs/research/canon/canon-inventory-four-color-reference-audit.md","2","Shadowmoor is rife with wild magic—powerful but as volatile as the plane itself. -> GLINT-F01: The current Glint / Chaos frame may discuss rejection of White-style imposed order, communal obligation, and civic restraint in favor of appetite, adaptation, force, and volatility, but detailed psychology remains bounded and should not be canonized beyond the approved evidence floor. -> Aberrant Return's exact excerpt provides a bounded voice echo of wild magic described as powerful and volatile.","WEAK_NON_UNIQUE_VOLATILITY_ECHO","PASS_VERIFIED_CARD_AND_CURRENT_TEXT","LIMITED_TO_VOX_MANA_SYNTHESIS","WEAK_NON_UNIQUE_VOLATILITY_ECHO","NO_MATERIAL_TILE_MODAL_ECHO","LEGITIMATE_SHARED_CONCEPT","NO_DELETION_INDICATED","SWAP_REVIEW_WARRANTED","ADDITIVE_IDENTITY_INTERPRETATION","NO_MATERIAL_FACET_COLLAPSE","NO_MATERIAL_OVERCLAIM","FORMULAIC_BUT_READABLE","REMEDIATION_LIKELY","Powerful and volatile magic can also fit Red, Izzet, Prismari, or Temur; the line does not itself establish the Glint-specific bridge."
"SOUND-GLINT-2-cardvoice_vm558_glint_c0b3bbce_977c_42a9_afcb_dabdfc717c97","GLINT","Glint / Chaos","SOUND","2","Atarka, World Render","Exact card voice","""Her hunger knows no limit. Left unchecked, she would feast on all of Tarkir."" —Yasova Dragonclaw","","What this card's voice reveals about Glint / Chaos","Atarka's limitless hunger threatens to feast on all of Tarkir, making Glint's force and appetite feel materially unbounded.","Legendary Creature — Dragon","c569fab1-6901-40ab-b958-001698819585","c0b3bbce-977c-42a9-afcb-dabdfc717c97","tdc","281","cardvoice_vm558_glint_c0b3bbce_977c_42a9_afcb_dabdfc717c97","CERTIFIED_SEMANTIC_ECHO","glint_claim_0005","src_vm_glint_evidence_ledger_20260602; src_vm_four_color_reference_audit_20260602","data/scryfall/raw/oracle-cards.json#id=c569fab1-6901-40ab-b958-001698819585","Legendary Creature — Dragon | Flying, trample
Whenever a Dragon you control attacks, it gains double strike until end of turn. | ""Her hunger knows no limit. Left unchecked, she would feast on all of Tarkir.""
—Yasova Dragonclaw","GLINT-F01/glint_claim_0005: The current Glint / Chaos frame may discuss rejection of White-style imposed order, communal obligation, and civic restraint in favor of appetite, adaptation, force, and volatility, but detailed psychology remains bounded and should not be canonized beyond the approved evidence floor. -> src_vm_glint_evidence_ledger_20260602 docs/research/glint/glint-evidence-ledger.md @ docs/research/glint/glint-evidence-ledger.md#GLINT-EVID-005 [FULL_LOCAL_SOURCE_READ]: The evidence ledger frames Glint as the missing-white four-color identity and keeps generic four-color Commander support separate from identity proof. || src_vm_four_color_reference_audit_20260602 docs/research/canon/canon-inventory-four-color-reference-audit.md @ docs/research/canon/canon-inventory-four-color-reference-audit.md#missing-white-reference-frame [FULL_LOCAL_SOURCE_READ]: The audit distinguishes the UBRG missing-white frame from generic four-color Commander legality and from other four-color slots.","NOT_APPLICABLE","GLINT-F01","The exact printed flavor line is the card-side fact. It supports only the named facet IDs where the line itself, not card color/type/product membership, supplies the stated echo.","VOX_MANA_INTERPRETATION","Owner-approved complementary card voice. Public use remains limited to this exact printing and bounded identity relationship; it does not prove placement, play style, or identity from card color, mechanics, tags, or product membership.","src_vm_glint_evidence_ledger_20260602: docs/research/glint/glint-evidence-ledger.md; src_vm_four_color_reference_audit_20260602: docs/research/canon/canon-inventory-four-color-reference-audit.md","2","""Her hunger knows no limit. Left unchecked, she would feast on all of Tarkir."" —Yasova Dragonclaw -> GLINT-F01: The current Glint / Chaos frame may discuss rejection of White-style imposed order, communal obligation, and civic restraint in favor of appetite, adaptation, force, and volatility, but detailed psychology remains bounded and should not be canonized beyond the approved evidence floor. -> Atarka gives Glint a second voice of appetite pushing past every limit.","APPETITE_ECHO_EXCEEDS_CURRENT_OFFICIAL_CAPTURE","PASS_VERIFIED_CARD_AND_CURRENT_TEXT","SOURCE_INTAKE_REQUIRED_FOR_STRONGER_GLINT_PSYCHOLOGY","APPETITE_ECHO_EXCEEDS_CURRENT_OFFICIAL_CAPTURE","NO_MATERIAL_TILE_MODAL_ECHO","LEGITIMATE_SHARED_CONCEPT","NO_DELETION_INDICATED","NO_SWAP_INDICATED","ADDITIVE_IDENTITY_INTERPRETATION","NO_MATERIAL_FACET_COLLAPSE","MATERIALLY_UNBOUNDED_IDENTITY_TRAIT","NATURAL_ENOUGH_AS_WRITTEN","SOURCE_INTAKE_REQUIRED","The current Vox synthesis permits a bounded appetite/force frame, but stronger official Glint/Yidris/Commander 2016 intake is required before presenting unbounded appetite as a durable identity trait."
"PLAY-GLINT-1-cardrel_auto_glint_9efe8aff_9a7d_4397_b5fd_c1a0fad7c15f","GLINT","Glint / Chaos","PLAY","1","Yidris, Maelstrom Wielder","Why it fits in play","Yidris converts successful combat into volatile follow-up routes by giving spells cast from hand cascade for the rest of that turn.","","Why Yidris, Maelstrom Wielder helps explain Glint / Chaos in play","At the table, Yidris, Maelstrom Wielder carries that card action into this reading's larger plan: a live surge that keeps learning, feeds on the opening, and forces the table to answer before order turns it harmless.","Legendary Creature — Ogre Wizard","c219dd22-433c-4f6a-a0c4-fae12239291c","9efe8aff-9a7d-4397-b5fd-c1a0fad7c15f","c16","50","cardrel_auto_glint_9efe8aff_9a7d_4397_b5fd_c1a0fad7c15f","CERTIFIED_BEHAVIORAL_EXAMPLE","glint_claim_0003; glint_claim_0005","src_vm_glint_evidence_ledger_20260602; src_vm_four_color_reference_audit_20260602","data/scryfall/raw/oracle-cards.json#id=c219dd22-433c-4f6a-a0c4-fae12239291c","Legendary Creature — Ogre Wizard | Trample
Whenever Yidris deals combat damage to a player, as you cast spells from your hand this turn, they gain cascade. (When you cast the spell, exile cards from the top of your library until you exile a nonland card that costs less. You may cast it without paying its mana cost. Put the exiled cards on the bottom in a random order.) | ","GLINT-F02/glint_claim_0003: The Glint / Chaos UBRG four-color lane is framed by the color it excludes: White. -> src_vm_glint_evidence_ledger_20260602 docs/research/glint/glint-evidence-ledger.md @ docs/research/glint/glint-evidence-ledger.md#GLINT-EVID-003 [FULL_LOCAL_SOURCE_READ]: The evidence ledger anchors Glint in blue, black, red, and green while emphasizing that its boundary is the absence of white. || src_vm_four_color_reference_audit_20260602 docs/research/canon/canon-inventory-four-color-reference-audit.md @ docs/research/canon/canon-inventory-four-color-reference-audit.md#glint-chaos-ubrg [FULL_LOCAL_SOURCE_READ]: The four-color reference audit maps Glint / Chaos to the UBRG four-color slot and separates it from WUBR, WURG, WBRG, and WUBG identities. || GLINT-F01/glint_claim_0005: The current Glint / Chaos frame may discuss rejection of White-style imposed order, communal obligation, and civic restraint in favor of appetite, adaptation, force, and volatility, but detailed psychology remains bounded and should not be canonized beyond the approved evidence floor. -> src_vm_glint_evidence_ledger_20260602 docs/research/glint/glint-evidence-ledger.md @ docs/research/glint/glint-evidence-ledger.md#GLINT-EVID-005 [FULL_LOCAL_SOURCE_READ]: The evidence ledger frames Glint as the missing-white four-color identity and keeps generic four-color Commander support separate from identity proof. || src_vm_four_color_reference_audit_20260602 docs/research/canon/canon-inventory-four-color-reference-audit.md @ docs/research/canon/canon-inventory-four-color-reference-audit.md#missing-white-reference-frame [FULL_LOCAL_SOURCE_READ]: The audit distinguishes the UBRG missing-white frame from generic four-color Commander legality and from other four-color slots.","Trample
Whenever Yidris deals combat damage to a player, as you cast spells from your hand this turn, they gain cascade. (When you cast the spell, exile cards from the top of your library until you exile a nonland card that costs less. You may cast it without paying its mana cost. Put the exiled cards on the bottom in a random order.)","GLINT-F02; GLINT-F01","The committed Oracle text is the gameplay-side fact. It supports only the named facet IDs where the visible rationale accurately describes that behavior and makes the identity connection explicit.","VOX_MANA_INTERPRETATION","A bounded card example validated against certified identity claims and canonical card text. It does not prove player motivation, placement, or identity from color, mechanic, tag, or product membership.","src_vm_glint_evidence_ledger_20260602: docs/research/glint/glint-evidence-ledger.md; src_vm_four_color_reference_audit_20260602: docs/research/canon/canon-inventory-four-color-reference-audit.md","2","Trample
Whenever Yidris deals combat damage to a player, as you cast spells from your hand this turn, they gain cascade. (When you cast the spell, exile cards from the top of your library until you exile a nonland card that costs less. You may cast it without paying its mana cost. Put the exiled cards on the bottom in a random order.) -> GLINT-F02: The Glint / Chaos UBRG four-color lane is framed by the color it excludes: White. | GLINT-F01: The current Glint / Chaos frame may discuss rejection of White-style imposed order, communal obligation, and civic restraint in favor of appetite, adaptation, force, and volatility, but detailed psychology remains bounded and should not be canonized beyond the approved evidence floor. -> Automatically approved only because the certified identity claims, canonical card observation, bounded bridge, false-positive analysis, and neighbor analysis all pass the shared validator.","NONE_IDENTIFIED","PASS_VERIFIED_CARD_AND_CURRENT_TEXT","LIMITED_TO_VOX_MANA_SYNTHESIS","PASS_BOUNDED_CARD_TO_FACET_BRIDGE","GENERIC_IDENTITY_LANGUAGE_WITHOUT_NEW_CARD_SPECIFIC_INSIGHT","NO_MATERIAL_CROSS_CARD_REPETITION","NO_DELETION_INDICATED","NO_SWAP_INDICATED","MODAL_REDUNDANT","NO_MATERIAL_FACET_COLLAPSE","NO_MATERIAL_OVERCLAIM","SHARED_COMPOSER_FRAME","REMEDIATION_LIKELY","The modal adds a general identity plan but does not deepen why this particular card teaches that facet beyond the already-visible tile."
"SOUND-DUNE-1-cardvoice_dune_0f5a3a09_2f07_4774_9e0f_e99d9a444166","DUNE","Dune / Aggression","SOUND","1","Aurelia, the Warleader","Exact card voice","Where Razia was aloof and untouchable, Aurelia is on the frontlines, calling for war.","","What this card's voice reveals about Dune / Aggression","The line presents front-line leadership, immediate action, and organized force.","Legendary Creature — Angel","bc6ffc1c-575b-4116-83c9-d13b29886c35","0f5a3a09-2f07-4774-9e0f-e99d9a444166","fdn","651","cardvoice_dune_0f5a3a09_2f07_4774_9e0f_e99d9a444166","CERTIFIED_SEMANTIC_ECHO","dune_claim_0005","src_vm_dune_evidence_ledger_20260603; src_vm_four_color_reference_audit_20260603","data/scryfall/raw/oracle-cards.json#id=bc6ffc1c-575b-4116-83c9-d13b29886c35","Legendary Creature — Angel | Flying, vigilance, haste
Whenever Aurelia attacks for the first time each turn, untap all creatures you control. After this phase, there is an additional combat phase. | Where Razia was aloof and untouchable, Aurelia is on the frontlines, calling for war.","DUNE-F01/dune_claim_0005: The current Dune / Aggression frame may discuss direct action, physical momentum, territorial pressure, organized force, and rejection of detached contemplation, but detailed metaphysical, Commander, strategic, or competitive claims should remain bounded beyond the approved evidence floor. -> src_vm_dune_evidence_ledger_20260603 docs/research/dune/dune-evidence-ledger.md @ docs/research/dune/dune-evidence-ledger.md#DUNE-EVID-007 [FULL_LOCAL_SOURCE_READ]: The evidence ledger permits direct action, physical momentum, territorial pressure, and rejection of detached contemplation only as bounded Dune/Aggression framing. || src_vm_four_color_reference_audit_20260603 docs/research/canon/canon-inventory-four-color-reference-audit.md @ docs/research/canon/canon-inventory-four-color-reference-audit.md#brgw-aggression-dune [FULL_LOCAL_SOURCE_READ]: The four-color audit describes the BRGW slot as direct-force Aggression/Dune while keeping stronger strategy or competitive claims outside the source floor.","NOT_APPLICABLE","DUNE-F01","The exact printed flavor line is the card-side fact. It supports only the named facet IDs where the line itself, not card color/type/product membership, supplies the stated echo.","VOX_MANA_INTERPRETATION","Exact card text is verified, but Public use is limited to this validated voice relationship. This excerpt is canonically Boros and therefore carries a high Boros/Mardu confusion risk. It is only a cross-identity voice echo for Dune's bounded direct-action frame.","src_vm_dune_evidence_ledger_20260603: docs/research/dune/dune-evidence-ledger.md; src_vm_four_color_reference_audit_20260603: docs/research/canon/canon-inventory-four-color-reference-audit.md","2","Where Razia was aloof and untouchable, Aurelia is on the frontlines, calling for war. -> DUNE-F01: The current Dune / Aggression frame may discuss direct action, physical momentum, territorial pressure, organized force, and rejection of detached contemplation, but detailed metaphysical, Commander, strategic, or competitive claims should remain bounded beyond the approved evidence floor. -> Aurelia, the Warleader's exact excerpt provides a bounded voice echo of front-line leadership, immediate action, and organized force.","WEAK_NON_UNIQUE_ECHO","PASS_VERIFIED_CARD_AND_CURRENT_TEXT","LIMITED_TO_VOX_MANA_SYNTHESIS","WEAK_NON_UNIQUE_ECHO","NO_MATERIAL_TILE_MODAL_ECHO","NO_MATERIAL_CROSS_CARD_REPETITION","NO_DELETION_INDICATED","SWAP_REVIEW_WARRANTED","ADDITIVE_IDENTITY_INTERPRETATION","DIRECT_ACTION_ONLY","NO_MATERIAL_OVERCLAIM","FORMULAIC_BUT_READABLE","REMEDIATION_LIKELY","Front-line leadership and organized force are compatible with Dune's bounded frame but are not distinctive enough by themselves to survive the adjacent Boros/Mardu echo test."
"SOUND-DUNE-2-cardvoice_vm558_dune_241a50c5_f65f_4847_89c7_5c0ef6025dc1","DUNE","Dune / Aggression","SOUND","2","Scour from Existence","Exact card voice","""Our people and our very lands disappear as if they never were. We no longer fight for glory, or honor. We battle now for the right to exist.""
—General Tazri, allied commander","","What this card's voice reveals about Dune / Aggression","Aurelia shows Dune at the front of the advance. General Tazri supplies the complementary reason the line holds: when both people and land can be erased, battle becomes shared territorial survival—not glory, spectacle, or aggression for its own sake.","Instant","6e47edb2-e43d-479f-a911-e72b67a06c3b","241a50c5-f65f-4847-89c7-5c0ef6025dc1","bfz","13","cardvoice_vm558_dune_241a50c5_f65f_4847_89c7_5c0ef6025dc1","CERTIFIED_SEMANTIC_ECHO","dune_claim_0003; dune_claim_0005","src_vm_dune_evidence_ledger_20260603; src_vm_four_color_reference_audit_20260603","data/scryfall/raw/oracle-cards.json#id=6e47edb2-e43d-479f-a911-e72b67a06c3b","Instant | Exile target permanent. | ""Our people and our very lands disappear as if they never were. We no longer fight for glory, or honor. We battle now for the right to exist.""
—General Tazri, allied commander","DUNE-F02/dune_claim_0003: The Dune / Aggression BRGW four-color lane is framed by the color it excludes: Blue. -> src_vm_dune_evidence_ledger_20260603 docs/research/dune/dune-evidence-ledger.md @ docs/research/dune/dune-evidence-ledger.md#DUNE-EVID-003 [FULL_LOCAL_SOURCE_READ]: The evidence ledger records that the Dune/BRGW lane is defined by excluding Blue. || src_vm_four_color_reference_audit_20260603 docs/research/canon/canon-inventory-four-color-reference-audit.md @ docs/research/canon/canon-inventory-four-color-reference-audit.md#brgw-aggression-dune [FULL_LOCAL_SOURCE_READ]: The four-color audit describes the BRGW Aggression/Dune slot as the four-color combination excluding Blue. || DUNE-F01/dune_claim_0005: The current Dune / Aggression frame may discuss direct action, physical momentum, territorial pressure, organized force, and rejection of detached contemplation, but detailed metaphysical, Commander, strategic, or competitive claims should remain bounded beyond the approved evidence floor. -> src_vm_dune_evidence_ledger_20260603 docs/research/dune/dune-evidence-ledger.md @ docs/research/dune/dune-evidence-ledger.md#DUNE-EVID-007 [FULL_LOCAL_SOURCE_READ]: The evidence ledger permits direct action, physical momentum, territorial pressure, and rejection of detached contemplation only as bounded Dune/Aggression framing. || src_vm_four_color_reference_audit_20260603 docs/research/canon/canon-inventory-four-color-reference-audit.md @ docs/research/canon/canon-inventory-four-color-reference-audit.md#brgw-aggression-dune [FULL_LOCAL_SOURCE_READ]: The four-color audit describes the BRGW slot as direct-force Aggression/Dune while keeping stronger strategy or competitive claims outside the source floor.","NOT_APPLICABLE","DUNE-F02; DUNE-F01","The exact printed flavor line is the card-side fact. It supports only the named facet IDs where the line itself, not card color/type/product membership, supplies the stated echo.","VOX_MANA_INTERPRETATION","Owner-approved complementary card voice. Public use remains limited to this exact printing and bounded identity relationship; it does not prove placement, play style, or identity from card color, mechanics, tags, or product membership.","src_vm_dune_evidence_ledger_20260603: docs/research/dune/dune-evidence-ledger.md; src_vm_four_color_reference_audit_20260603: docs/research/canon/canon-inventory-four-color-reference-audit.md","2","""Our people and our very lands disappear as if they never were. We no longer fight for glory, or honor. We battle now for the right to exist.""
—General Tazri, allied commander -> DUNE-F02: The Dune / Aggression BRGW four-color lane is framed by the color it excludes: Blue. | DUNE-F01: The current Dune / Aggression frame may discuss direct action, physical momentum, territorial pressure, organized force, and rejection of detached contemplation, but detailed metaphysical, Commander, strategic, or competitive claims should remain bounded beyond the approved evidence floor. -> Scour from Existence gives Dune a second voice in which people and land under existential pressure make immediate common-front battle a condition of survival rather than a pursuit of glory.","CARD_LINE_TO_TERRITORIAL_SOLIDARITY_NOT_ESTABLISHED","PASS_VERIFIED_CARD_AND_CURRENT_TEXT","INSUFFICIENT_VOX_MANA_AUTHORITY_FOR_NARROW_BRIDGE","CARD_LINE_TO_TERRITORIAL_SOLIDARITY_NOT_ESTABLISHED","NO_MATERIAL_TILE_MODAL_ECHO","NO_MATERIAL_CROSS_CARD_REPETITION","NO_DELETION_INDICATED","NO_SWAP_INDICATED","MODAL_IMPORTS_GENERAL_TAZRI_AND_AURELIA_CONTEXT","NO_MATERIAL_FACET_COLLAPSE","NO_MATERIAL_OVERCLAIM","NATURAL_ENOUGH_AS_WRITTEN","INSUFFICIENT_VOX_MANA_AUTHORITY","The modal's shared-territorial-survival reading goes beyond the bounded Dune source floor and is not established by this card's own line alone."
"PLAY-DUNE-1-cardrel_auto_dune_e54d207c_51b8_458e_86a1_2633ac064c8e","DUNE","Dune / Aggression","PLAY","1","Saskia the Unyielding","Why it fits in play","Saskia turns visible combat into concentrated pressure: you choose a player, and combat damage dealt elsewhere is repeated against that player.","","Why Saskia the Unyielding helps explain Dune / Aggression in play","At the table, Saskia the Unyielding carries that card action into this reading's larger plan: take the field early, keep the line moving, and make the table answer force-backed solidarity before distance can cool it.","Legendary Creature — Human Soldier","5b483db6-b614-4af1-820a-42a4ee0c8707","e54d207c-51b8-458e-86a1-2633ac064c8e","c16","41","cardrel_auto_dune_e54d207c_51b8_458e_86a1_2633ac064c8e","CERTIFIED_BEHAVIORAL_EXAMPLE","dune_claim_0003; dune_claim_0005","src_vm_dune_evidence_ledger_20260603; src_vm_four_color_reference_audit_20260603","data/scryfall/raw/oracle-cards.json#id=5b483db6-b614-4af1-820a-42a4ee0c8707","Legendary Creature — Human Soldier | Vigilance, haste
As Saskia enters, choose a player.
Whenever a creature you control deals combat damage to a player, it deals that much damage to the chosen player. | ","DUNE-F02/dune_claim_0003: The Dune / Aggression BRGW four-color lane is framed by the color it excludes: Blue. -> src_vm_dune_evidence_ledger_20260603 docs/research/dune/dune-evidence-ledger.md @ docs/research/dune/dune-evidence-ledger.md#DUNE-EVID-003 [FULL_LOCAL_SOURCE_READ]: The evidence ledger records that the Dune/BRGW lane is defined by excluding Blue. || src_vm_four_color_reference_audit_20260603 docs/research/canon/canon-inventory-four-color-reference-audit.md @ docs/research/canon/canon-inventory-four-color-reference-audit.md#brgw-aggression-dune [FULL_LOCAL_SOURCE_READ]: The four-color audit describes the BRGW Aggression/Dune slot as the four-color combination excluding Blue. || DUNE-F01/dune_claim_0005: The current Dune / Aggression frame may discuss direct action, physical momentum, territorial pressure, organized force, and rejection of detached contemplation, but detailed metaphysical, Commander, strategic, or competitive claims should remain bounded beyond the approved evidence floor. -> src_vm_dune_evidence_ledger_20260603 docs/research/dune/dune-evidence-ledger.md @ docs/research/dune/dune-evidence-ledger.md#DUNE-EVID-007 [FULL_LOCAL_SOURCE_READ]: The evidence ledger permits direct action, physical momentum, territorial pressure, and rejection of detached contemplation only as bounded Dune/Aggression framing. || src_vm_four_color_reference_audit_20260603 docs/research/canon/canon-inventory-four-color-reference-audit.md @ docs/research/canon/canon-inventory-four-color-reference-audit.md#brgw-aggression-dune [FULL_LOCAL_SOURCE_READ]: The four-color audit describes the BRGW slot as direct-force Aggression/Dune while keeping stronger strategy or competitive claims outside the source floor.","Vigilance, haste
As Saskia enters, choose a player.
Whenever a creature you control deals combat damage to a player, it deals that much damage to the chosen player.","DUNE-F02; DUNE-F01","The committed Oracle text is the gameplay-side fact. It supports only the named facet IDs where the visible rationale accurately describes that behavior and makes the identity connection explicit.","VOX_MANA_INTERPRETATION","A bounded card example validated against certified identity claims and canonical card text. It does not prove player motivation, placement, or identity from color, mechanic, tag, or product membership.","src_vm_dune_evidence_ledger_20260603: docs/research/dune/dune-evidence-ledger.md; src_vm_four_color_reference_audit_20260603: docs/research/canon/canon-inventory-four-color-reference-audit.md","2","Vigilance, haste
As Saskia enters, choose a player.
Whenever a creature you control deals combat damage to a player, it deals that much damage to the chosen player. -> DUNE-F02: The Dune / Aggression BRGW four-color lane is framed by the color it excludes: Blue. | DUNE-F01: The current Dune / Aggression frame may discuss direct action, physical momentum, territorial pressure, organized force, and rejection of detached contemplation, but detailed metaphysical, Commander, strategic, or competitive claims should remain bounded beyond the approved evidence floor. -> Automatically approved only because the certified identity claims, canonical card observation, bounded bridge, false-positive analysis, and neighbor analysis all pass the shared validator.","NONE_IDENTIFIED","PASS_VERIFIED_CARD_AND_CURRENT_TEXT","LIMITED_TO_VOX_MANA_SYNTHESIS","PASS_BOUNDED_CARD_TO_FACET_BRIDGE","GENERIC_IDENTITY_LANGUAGE_WITHOUT_NEW_CARD_SPECIFIC_INSIGHT","NO_MATERIAL_CROSS_CARD_REPETITION","NO_DELETION_INDICATED","NO_SWAP_INDICATED","MODAL_REDUNDANT","NO_MATERIAL_FACET_COLLAPSE","NO_MATERIAL_OVERCLAIM","SHARED_COMPOSER_FRAME","REMEDIATION_LIKELY","The modal adds a general identity plan but does not deepen why this particular card teaches that facet beyond the already-visible tile."
"SOUND-INK-1-cardvoice_ink_0895c9b7_ae7d_4bb3_af17_3b75deb50a25","INK","Ink / Altruism","SOUND","1","Command Tower","Exact card voice","Knowledge is wasted if not shared.","","What this card's voice reveals about Ink / Altruism","The line presents knowledge treated as wasted unless it is shared.","Land","c46a217c-0ed2-4b3c-9a01-ee38d12d76f3","0895c9b7-ae7d-4bb3-af17-3b75deb50a25","soc","129","cardvoice_ink_0895c9b7_ae7d_4bb3_af17_3b75deb50a25","CERTIFIED_SEMANTIC_ECHO","ink_claim_0005","src_vm_ink_evidence_ledger_20260604; src_vm_four_color_reference_audit_20260604","data/scryfall/raw/oracle-cards.json#id=c46a217c-0ed2-4b3c-9a01-ee38d12d76f3","Land | {T}: Add one mana of any color in your commander's color identity. | Knowledge is wasted if not shared.","INK-F01/ink_claim_0005: The current Ink / Altruism frame may discuss shared prosperity, community benefit, protected generosity, and open knowledge, but detailed metaphysical, Commander, strategic, comparative, or symbolic claims should remain bounded beyond the approved evidence floor. -> src_vm_ink_evidence_ledger_20260604 docs/research/ink/ink-evidence-ledger.md @ docs/research/ink/ink-evidence-ledger.md#INK-EVID-007 [FULL_LOCAL_SOURCE_READ]: The evidence ledger permits shared prosperity, community benefit, protected generosity, and open knowledge only as bounded Ink/Altruism framing. || src_vm_four_color_reference_audit_20260604 docs/research/canon/canon-inventory-four-color-reference-audit.md @ docs/research/canon/canon-inventory-four-color-reference-audit.md#rgwu-altruism-ink [FULL_LOCAL_SOURCE_READ]: The four-color audit describes the RGWU slot as Altruism/Ink while keeping stronger metaphysical, Commander, strategic, comparative, and symbolic claims outside the source floor.","NOT_APPLICABLE","INK-F01","The exact printed flavor line is the card-side fact. It supports only the named facet IDs where the line itself, not card color/type/product membership, supplies the stated echo.","VOX_MANA_INTERPRETATION","Exact card text is verified, but Public use is limited to this validated voice relationship. White, Blue, Selesnya, and Five-Color can all value sharing. This proposal is limited to Ink's certified open-knowledge and community-benefit frame and does not prove the four-color identity.","src_vm_ink_evidence_ledger_20260604: docs/research/ink/ink-evidence-ledger.md; src_vm_four_color_reference_audit_20260604: docs/research/canon/canon-inventory-four-color-reference-audit.md","2","Knowledge is wasted if not shared. -> INK-F01: The current Ink / Altruism frame may discuss shared prosperity, community benefit, protected generosity, and open knowledge, but detailed metaphysical, Commander, strategic, comparative, or symbolic claims should remain bounded beyond the approved evidence floor. -> Command Tower's exact excerpt provides a bounded voice echo of knowledge treated as wasted unless it is shared.","NONE_IDENTIFIED","PASS_VERIFIED_CARD_AND_CURRENT_TEXT","LIMITED_TO_VOX_MANA_SYNTHESIS","PASS_BOUNDED_CARD_TO_FACET_BRIDGE","HIGH_TILE_MODAL_TOKEN_ECHO","LEGITIMATE_SHARED_CONCEPT","NO_DELETION_INDICATED","NO_SWAP_INDICATED","MODAL_REDUNDANT","NO_MATERIAL_FACET_COLLAPSE","NO_MATERIAL_OVERCLAIM","FORMULAIC_BUT_READABLE","REMEDIATION_LIKELY",""
"SOUND-INK-2-cardvoice_vm558_ink_4b6377da_83e7_4519_9582_16a9c16b8faa","INK","Ink / Altruism","SOUND","2","Danitha Capashen, Paragon","Exact card voice","""I will protect the less fortunate. I will love bravely. I will face despair and fight on. As a Capashen, I can do no less.""","","What this card's voice reveals about Ink / Altruism","Danitha commits to protect the less fortunate, love bravely, and fight through despair, making altruism sound active rather than merely generous.","Legendary Creature — Human Knight","a11f77e4-edb6-43c6-b8ca-d4f62d26d0c0","4b6377da-83e7-4519-9582-16a9c16b8faa","cmm","20","cardvoice_vm558_ink_4b6377da_83e7_4519_9582_16a9c16b8faa","CERTIFIED_SEMANTIC_ECHO","ink_claim_0005","src_vm_ink_evidence_ledger_20260604; src_vm_four_color_reference_audit_20260604","data/scryfall/raw/oracle-cards.json#id=a11f77e4-edb6-43c6-b8ca-d4f62d26d0c0","Legendary Creature — Human Knight | First strike, vigilance, lifelink
Aura and Equipment spells you cast cost {1} less to cast. | ""I will protect the less fortunate. I will love bravely. I will face despair and fight on. As a Capashen, I can do no less.""","INK-F01/ink_claim_0005: The current Ink / Altruism frame may discuss shared prosperity, community benefit, protected generosity, and open knowledge, but detailed metaphysical, Commander, strategic, comparative, or symbolic claims should remain bounded beyond the approved evidence floor. -> src_vm_ink_evidence_ledger_20260604 docs/research/ink/ink-evidence-ledger.md @ docs/research/ink/ink-evidence-ledger.md#INK-EVID-007 [FULL_LOCAL_SOURCE_READ]: The evidence ledger permits shared prosperity, community benefit, protected generosity, and open knowledge only as bounded Ink/Altruism framing. || src_vm_four_color_reference_audit_20260604 docs/research/canon/canon-inventory-four-color-reference-audit.md @ docs/research/canon/canon-inventory-four-color-reference-audit.md#rgwu-altruism-ink [FULL_LOCAL_SOURCE_READ]: The four-color audit describes the RGWU slot as Altruism/Ink while keeping stronger metaphysical, Commander, strategic, comparative, and symbolic claims outside the source floor.","NOT_APPLICABLE","INK-F01","The exact printed flavor line is the card-side fact. It supports only the named facet IDs where the line itself, not card color/type/product membership, supplies the stated echo.","VOX_MANA_INTERPRETATION","Owner-approved complementary card voice. Public use remains limited to this exact printing and bounded identity relationship; it does not prove placement, play style, or identity from card color, mechanics, tags, or product membership.","src_vm_ink_evidence_ledger_20260604: docs/research/ink/ink-evidence-ledger.md; src_vm_four_color_reference_audit_20260604: docs/research/canon/canon-inventory-four-color-reference-audit.md","2","""I will protect the less fortunate. I will love bravely. I will face despair and fight on. As a Capashen, I can do no less."" -> INK-F01: The current Ink / Altruism frame may discuss shared prosperity, community benefit, protected generosity, and open knowledge, but detailed metaphysical, Commander, strategic, comparative, or symbolic claims should remain bounded beyond the approved evidence floor. -> Danitha gives Ink a second voice of community benefit defended through duty.","NONE_IDENTIFIED","PASS_VERIFIED_CARD_AND_CURRENT_TEXT","LIMITED_TO_VOX_MANA_SYNTHESIS","PASS_BOUNDED_CARD_TO_FACET_BRIDGE","HIGH_TILE_MODAL_TOKEN_ECHO","LEGITIMATE_SHARED_CONCEPT","NO_DELETION_INDICATED","NO_SWAP_INDICATED","MODAL_REDUNDANT","NO_MATERIAL_FACET_COLLAPSE","NO_MATERIAL_OVERCLAIM","NATURAL_ENOUGH_AS_WRITTEN","REMEDIATION_LIKELY",""
"PLAY-INK-1-cardrel_auto_ink_53ee4254_fef7_49ec_aafc_0320987764e6","INK","Ink / Altruism","PLAY","1","Kynaios and Tiro of Meletis","Why it fits in play","Kynaios and Tiro make Ink's shared-resource frame visible: their end-step ability gives every player a chance to develop mana or draw, while their controller also draws.","","Why Kynaios and Tiro of Meletis helps explain Ink / Altruism in play","At the table, Kynaios and Tiro of Meletis carries that card action into this reading's larger plan: guard the commons, keep the gift moving, and make the table answer whether shared abundance can stay open without becoming private control.","Legendary Creature — Human Soldier","97fa8615-2b6c-445a-bcaf-44a7e847bf65","53ee4254-fef7-49ec-aafc-0320987764e6","c16","36","cardrel_auto_ink_53ee4254_fef7_49ec_aafc_0320987764e6","CERTIFIED_BEHAVIORAL_EXAMPLE","ink_claim_0003; ink_claim_0005","src_vm_ink_evidence_ledger_20260604; src_vm_four_color_reference_audit_20260604","data/scryfall/raw/oracle-cards.json#id=97fa8615-2b6c-445a-bcaf-44a7e847bf65","Legendary Creature — Human Soldier | At the beginning of your end step, draw a card. Each player may put a land card from their hand onto the battlefield, then each opponent who didn't draws a card. | ""Look what we fought for. Look what we built together.""","INK-F02/ink_claim_0003: The Ink / Altruism RGWU four-color lane is framed by the color it excludes: Black. -> src_vm_ink_evidence_ledger_20260604 docs/research/ink/ink-evidence-ledger.md @ docs/research/ink/ink-evidence-ledger.md#INK-EVID-003 [FULL_LOCAL_SOURCE_READ]: The evidence ledger records that the Ink/RGWU lane is defined by excluding Black. || src_vm_four_color_reference_audit_20260604 docs/research/canon/canon-inventory-four-color-reference-audit.md @ docs/research/canon/canon-inventory-four-color-reference-audit.md#rgwu-altruism-ink [FULL_LOCAL_SOURCE_READ]: The four-color audit describes the RGWU Altruism/Ink slot as the four-color combination excluding Black. || INK-F01/ink_claim_0005: The current Ink / Altruism frame may discuss shared prosperity, community benefit, protected generosity, and open knowledge, but detailed metaphysical, Commander, strategic, comparative, or symbolic claims should remain bounded beyond the approved evidence floor. -> src_vm_ink_evidence_ledger_20260604 docs/research/ink/ink-evidence-ledger.md @ docs/research/ink/ink-evidence-ledger.md#INK-EVID-007 [FULL_LOCAL_SOURCE_READ]: The evidence ledger permits shared prosperity, community benefit, protected generosity, and open knowledge only as bounded Ink/Altruism framing. || src_vm_four_color_reference_audit_20260604 docs/research/canon/canon-inventory-four-color-reference-audit.md @ docs/research/canon/canon-inventory-four-color-reference-audit.md#rgwu-altruism-ink [FULL_LOCAL_SOURCE_READ]: The four-color audit describes the RGWU slot as Altruism/Ink while keeping stronger metaphysical, Commander, strategic, comparative, and symbolic claims outside the source floor.","At the beginning of your end step, draw a card. Each player may put a land card from their hand onto the battlefield, then each opponent who didn't draws a card.","INK-F02; INK-F01","The committed Oracle text is the gameplay-side fact. It supports only the named facet IDs where the visible rationale accurately describes that behavior and makes the identity connection explicit.","VOX_MANA_INTERPRETATION","A bounded card example validated against certified identity claims and canonical card text. It does not prove player motivation, placement, or identity from color, mechanic, tag, or product membership.","src_vm_ink_evidence_ledger_20260604: docs/research/ink/ink-evidence-ledger.md; src_vm_four_color_reference_audit_20260604: docs/research/canon/canon-inventory-four-color-reference-audit.md","2","At the beginning of your end step, draw a card. Each player may put a land card from their hand onto the battlefield, then each opponent who didn't draws a card. -> INK-F02: The Ink / Altruism RGWU four-color lane is framed by the color it excludes: Black. | INK-F01: The current Ink / Altruism frame may discuss shared prosperity, community benefit, protected generosity, and open knowledge, but detailed metaphysical, Commander, strategic, comparative, or symbolic claims should remain bounded beyond the approved evidence floor. -> Automatically approved only because the certified identity claims, canonical card observation, bounded bridge, false-positive analysis, and neighbor analysis all pass the shared validator.","NONE_IDENTIFIED","PASS_VERIFIED_CARD_AND_CURRENT_TEXT","LIMITED_TO_VOX_MANA_SYNTHESIS","PASS_BOUNDED_CARD_TO_FACET_BRIDGE","GENERIC_IDENTITY_LANGUAGE_WITHOUT_NEW_CARD_SPECIFIC_INSIGHT","NO_MATERIAL_CROSS_CARD_REPETITION","NO_DELETION_INDICATED","NO_SWAP_INDICATED","MODAL_REDUNDANT","NO_MATERIAL_FACET_COLLAPSE","NO_MATERIAL_OVERCLAIM","SHARED_COMPOSER_FRAME","REMEDIATION_LIKELY","The modal adds a general identity plan but does not deepen why this particular card teaches that facet beyond the already-visible tile."
"SOUND-WITCH-1-cardvoice_witch_af42079b_a3c0_448c_9bb2_b915252e87a9","WITCH","Witch / Growth","SOUND","1","Animation Module","Exact card voice","Design leads to progress.","","What this card's voice reveals about Witch / Growth","The line presents design producing progress through a modular object associated with counters and repeated accumulation.","Artifact","34bdc973-db45-46a6-ac48-ce88fb59920a","af42079b-a3c0-448c-9bb2-b915252e87a9","kld","194","cardvoice_witch_af42079b_a3c0_448c_9bb2_b915252e87a9","CERTIFIED_SEMANTIC_ECHO","witch_claim_0005","src_vm_witch_evidence_ledger_20260604; src_vm_four_color_reference_audit_20260604","data/scryfall/raw/oracle-cards.json#id=34bdc973-db45-46a6-ac48-ce88fb59920a","Artifact | Whenever one or more +1/+1 counters are put on a permanent you control, you may pay {1}. If you do, create a 1/1 colorless Servo artifact creature token.
{3}, {T}: Choose a counter on target permanent or player. Give that permanent or player another counter of that kind. | Design leads to progress.","WITCH-F01/witch_claim_0005: The current Witch / Growth frame may discuss patient development, calculated expansion, systematic accumulation, proliferate/counter scaling, and bounded Atraxa / Breed Lethality Commander texture, but detailed metaphysical, Commander, strategic, comparative, popularity, or Phyrexia-collapse claims should remain bounded beyond the approved evidence floor. -> src_vm_witch_evidence_ledger_20260604 docs/research/witch/witch-evidence-ledger.md @ docs/research/witch/witch-evidence-ledger.md#WITCH-EVID-005-WITCH-EVID-007 [FULL_LOCAL_SOURCE_READ]: The evidence ledger permits bounded patient-growth, calculated expansion, proliferate/counter scaling, Atraxa texture, and Breed Lethality texture while keeping those supports from becoming standalone lore, naming, placement, or Commander proof. || src_vm_four_color_reference_audit_20260604 docs/research/canon/canon-inventory-four-color-reference-audit.md @ docs/research/canon/canon-inventory-four-color-reference-audit.md#gwub-growth-witch [FULL_LOCAL_SOURCE_READ]: The four-color audit supports the high-level Growth/Witch framing and its overclaim boundaries without promoting Commander, product, or Phyrexia-only texture into proof.","NOT_APPLICABLE","WITCH-F01","The exact printed flavor line is the card-side fact. It supports only the named facet IDs where the line itself, not card color/type/product membership, supplies the stated echo.","VOX_MANA_INTERPRETATION","Exact card text is verified, but Public use is limited to this validated voice relationship. Yore, Esper, Simic, and Blue can also connect design to progress. This echo is limited to Witch's systematic-accumulation branch and cannot establish the four-color identity alone.","src_vm_witch_evidence_ledger_20260604: docs/research/witch/witch-evidence-ledger.md; src_vm_four_color_reference_audit_20260604: docs/research/canon/canon-inventory-four-color-reference-audit.md","2","Design leads to progress. -> WITCH-F01: The current Witch / Growth frame may discuss patient development, calculated expansion, systematic accumulation, proliferate/counter scaling, and bounded Atraxa / Breed Lethality Commander texture, but detailed metaphysical, Commander, strategic, comparative, popularity, or Phyrexia-collapse claims should remain bounded beyond the approved evidence floor. -> Animation Module's exact excerpt provides a bounded voice echo of design producing progress through a modular object associated with counters and repeated accumulation.","MECHANIC_ASSOCIATION_DOES_NOT_PROVE_SOUND_VOICE","PASS_VERIFIED_CARD_AND_CURRENT_TEXT","LIMITED_TO_VOX_MANA_SYNTHESIS","MECHANIC_ASSOCIATION_DOES_NOT_PROVE_SOUND_VOICE","HIGH_TILE_MODAL_TOKEN_ECHO","NO_MATERIAL_CROSS_CARD_REPETITION","NO_DELETION_INDICATED","SWAP_REVIEW_WARRANTED","MODAL_REDUNDANT","COUNTER_PROLIFERATE_TEXTURE_ONLY","NO_MATERIAL_OVERCLAIM","FORMULAIC_BUT_READABLE","REMEDIATION_LIKELY","Counter accumulation is allowed Witch texture, but a modular design line plus card mechanics does not automatically establish a strong identity voice."
"SOUND-WITCH-2-cardvoice_vm558_witch_e766a5eb_684b_4939_b164_6093d15600c9","WITCH","Witch / Growth","SOUND","2","Amphin Cutthroat","Exact card voice","""The amphin have long built their society in secret. While surface dwellers squabbled over trivial borders, they patiently expanded, building their ammonite temple-caves. Now amphin priests eye the shore, and amphin hunters gird for war.""
—Gor Muldrak, *Cryptohistories*","","What this card's voice reveals about Witch / Growth","The amphin do not rush toward the shore. They build a society out of sight, enlarge it patiently, and let preparation mature into ambition. Beside Animation Module, the line makes Witch's missing-Red character concrete: structure, time, and guarded development become power before action begins.","Creature — Salamander Rogue","fd169064-9c7b-40bd-8be0-a89fcb28ae2f","e766a5eb-684b-4939-b164-6093d15600c9","m12","43","cardvoice_vm558_witch_e766a5eb_684b_4939_b164_6093d15600c9","CERTIFIED_SEMANTIC_ECHO","witch_claim_0003; witch_claim_0005","src_vm_witch_evidence_ledger_20260604; src_vm_four_color_reference_audit_20260604","data/scryfall/raw/oracle-cards.json#id=fd169064-9c7b-40bd-8be0-a89fcb28ae2f","Creature — Salamander Rogue |  | ""The amphin have long built their society in secret. While surface dwellers squabbled over trivial borders, they patiently expanded, building their ammonite temple-caves. Now amphin priests eye the shore, and amphin hunters gird for war.""
—Gor Muldrak, *Cryptohistories*","WITCH-F02/witch_claim_0003: The Witch / Growth GWUB four-color lane is framed by the color it excludes: Red. -> src_vm_witch_evidence_ledger_20260604 docs/research/witch/witch-evidence-ledger.md @ docs/research/witch/witch-evidence-ledger.md#WITCH-EVID-003 [FULL_LOCAL_SOURCE_READ]: The evidence ledger records that the Witch/GWUB lane is defined by excluding Red. || src_vm_four_color_reference_audit_20260604 docs/research/canon/canon-inventory-four-color-reference-audit.md @ docs/research/canon/canon-inventory-four-color-reference-audit.md#gwub-growth-witch [FULL_LOCAL_SOURCE_READ]: The four-color audit describes the GWUB Growth/Witch slot as the four-color combination excluding Red. || WITCH-F01/witch_claim_0005: The current Witch / Growth frame may discuss patient development, calculated expansion, systematic accumulation, proliferate/counter scaling, and bounded Atraxa / Breed Lethality Commander texture, but detailed metaphysical, Commander, strategic, comparative, popularity, or Phyrexia-collapse claims should remain bounded beyond the approved evidence floor. -> src_vm_witch_evidence_ledger_20260604 docs/research/witch/witch-evidence-ledger.md @ docs/research/witch/witch-evidence-ledger.md#WITCH-EVID-005-WITCH-EVID-007 [FULL_LOCAL_SOURCE_READ]: The evidence ledger permits bounded patient-growth, calculated expansion, proliferate/counter scaling, Atraxa texture, and Breed Lethality texture while keeping those supports from becoming standalone lore, naming, placement, or Commander proof. || src_vm_four_color_reference_audit_20260604 docs/research/canon/canon-inventory-four-color-reference-audit.md @ docs/research/canon/canon-inventory-four-color-reference-audit.md#gwub-growth-witch [FULL_LOCAL_SOURCE_READ]: The four-color audit supports the high-level Growth/Witch framing and its overclaim boundaries without promoting Commander, product, or Phyrexia-only texture into proof.","NOT_APPLICABLE","WITCH-F02; WITCH-F01","The exact printed flavor line is the card-side fact. It supports only the named facet IDs where the line itself, not card color/type/product membership, supplies the stated echo.","VOX_MANA_INTERPRETATION","Owner-approved complementary card voice. Public use remains limited to this exact printing and bounded identity relationship; it does not prove placement, play style, or identity from card color, mechanics, tags, or product membership.","src_vm_witch_evidence_ledger_20260604: docs/research/witch/witch-evidence-ledger.md; src_vm_four_color_reference_audit_20260604: docs/research/canon/canon-inventory-four-color-reference-audit.md","2","""The amphin have long built their society in secret. While surface dwellers squabbled over trivial borders, they patiently expanded, building their ammonite temple-caves. Now amphin priests eye the shore, and amphin hunters gird for war.""
—Gor Muldrak, *Cryptohistories* -> WITCH-F02: The Witch / Growth GWUB four-color lane is framed by the color it excludes: Red. | WITCH-F01: The current Witch / Growth frame may discuss patient development, calculated expansion, systematic accumulation, proliferate/counter scaling, and bounded Atraxa / Breed Lethality Commander texture, but detailed metaphysical, Commander, strategic, comparative, popularity, or Phyrexia-collapse claims should remain bounded beyond the approved evidence floor. -> Amphin Cutthroat gives Witch a second voice of a protected society developing patiently until accumulated preparation becomes outward ambition.","CARD_LORE_TO_FOUR_COLOR_PSYCHOLOGY_NOT_ESTABLISHED","PASS_VERIFIED_CARD_AND_CURRENT_TEXT","INSUFFICIENT_VOX_MANA_AUTHORITY_FOR_MISSING_RED_PSYCHOLOGY","CARD_LORE_TO_FOUR_COLOR_PSYCHOLOGY_NOT_ESTABLISHED","NO_MATERIAL_TILE_MODAL_ECHO","NO_MATERIAL_CROSS_CARD_REPETITION","NO_DELETION_INDICATED","NO_SWAP_INDICATED","ADDITIVE_IDENTITY_INTERPRETATION","NO_MATERIAL_FACET_COLLAPSE","MISSING_RED_USED_AS_DETERMINISTIC_TRAIT","NATURAL_ENOUGH_AS_WRITTEN","INSUFFICIENT_VOX_MANA_AUTHORITY","The approved Witch frame permits patient development, but the modal turns one species vignette into a concrete missing-Red psychology beyond the current evidence floor."
"PLAY-WITCH-1-cardrel_auto_witch_7e6b9b59_cd68_4e3c_827b_38833c92d6eb","WITCH","Witch / Growth","PLAY","1","Atraxa, Praetors' Voice","Why it fits in play","Atraxa gives Witch's systematic-accumulation frame a bounded example by proliferating at each of your end steps.","","Why Atraxa, Praetors' Voice helps explain Witch / Growth in play","At the table, Atraxa, Praetors' Voice carries that card action into this reading's larger plan: cultivate the board patiently, protect the growing engine, and make every small counter, card, and resource become part of a plan too rooted to uproot.","Legendary Creature — Phyrexian Angel Horror","d0d33d52-3d28-4635-b985-51e126289259","7e6b9b59-cd68-4e3c-827b-38833c92d6eb","2xm","190","cardrel_auto_witch_7e6b9b59_cd68_4e3c_827b_38833c92d6eb","CERTIFIED_BEHAVIORAL_EXAMPLE","witch_claim_0003; witch_claim_0005","src_vm_witch_evidence_ledger_20260604; src_vm_four_color_reference_audit_20260604","data/scryfall/raw/oracle-cards.json#id=d0d33d52-3d28-4635-b985-51e126289259","Legendary Creature — Phyrexian Angel Horror | Flying, vigilance, deathtouch, lifelink
At the beginning of your end step, proliferate. (Choose any number of permanents and/or players, then give each another counter of each kind already there.) | ","WITCH-F02/witch_claim_0003: The Witch / Growth GWUB four-color lane is framed by the color it excludes: Red. -> src_vm_witch_evidence_ledger_20260604 docs/research/witch/witch-evidence-ledger.md @ docs/research/witch/witch-evidence-ledger.md#WITCH-EVID-003 [FULL_LOCAL_SOURCE_READ]: The evidence ledger records that the Witch/GWUB lane is defined by excluding Red. || src_vm_four_color_reference_audit_20260604 docs/research/canon/canon-inventory-four-color-reference-audit.md @ docs/research/canon/canon-inventory-four-color-reference-audit.md#gwub-growth-witch [FULL_LOCAL_SOURCE_READ]: The four-color audit describes the GWUB Growth/Witch slot as the four-color combination excluding Red. || WITCH-F01/witch_claim_0005: The current Witch / Growth frame may discuss patient development, calculated expansion, systematic accumulation, proliferate/counter scaling, and bounded Atraxa / Breed Lethality Commander texture, but detailed metaphysical, Commander, strategic, comparative, popularity, or Phyrexia-collapse claims should remain bounded beyond the approved evidence floor. -> src_vm_witch_evidence_ledger_20260604 docs/research/witch/witch-evidence-ledger.md @ docs/research/witch/witch-evidence-ledger.md#WITCH-EVID-005-WITCH-EVID-007 [FULL_LOCAL_SOURCE_READ]: The evidence ledger permits bounded patient-growth, calculated expansion, proliferate/counter scaling, Atraxa texture, and Breed Lethality texture while keeping those supports from becoming standalone lore, naming, placement, or Commander proof. || src_vm_four_color_reference_audit_20260604 docs/research/canon/canon-inventory-four-color-reference-audit.md @ docs/research/canon/canon-inventory-four-color-reference-audit.md#gwub-growth-witch [FULL_LOCAL_SOURCE_READ]: The four-color audit supports the high-level Growth/Witch framing and its overclaim boundaries without promoting Commander, product, or Phyrexia-only texture into proof.","Flying, vigilance, deathtouch, lifelink
At the beginning of your end step, proliferate. (Choose any number of permanents and/or players, then give each another counter of each kind already there.)","WITCH-F02; WITCH-F01","The committed Oracle text is the gameplay-side fact. It supports only the named facet IDs where the visible rationale accurately describes that behavior and makes the identity connection explicit.","VOX_MANA_INTERPRETATION","A bounded card example validated against certified identity claims and canonical card text. It does not prove player motivation, placement, or identity from color, mechanic, tag, or product membership.","src_vm_witch_evidence_ledger_20260604: docs/research/witch/witch-evidence-ledger.md; src_vm_four_color_reference_audit_20260604: docs/research/canon/canon-inventory-four-color-reference-audit.md","2","Flying, vigilance, deathtouch, lifelink
At the beginning of your end step, proliferate. (Choose any number of permanents and/or players, then give each another counter of each kind already there.) -> WITCH-F02: The Witch / Growth GWUB four-color lane is framed by the color it excludes: Red. | WITCH-F01: The current Witch / Growth frame may discuss patient development, calculated expansion, systematic accumulation, proliferate/counter scaling, and bounded Atraxa / Breed Lethality Commander texture, but detailed metaphysical, Commander, strategic, comparative, popularity, or Phyrexia-collapse claims should remain bounded beyond the approved evidence floor. -> Automatically approved only because the certified identity claims, canonical card observation, bounded bridge, false-positive analysis, and neighbor analysis all pass the shared validator.","NONE_IDENTIFIED","PASS_VERIFIED_CARD_AND_CURRENT_TEXT","LIMITED_TO_VOX_MANA_SYNTHESIS","PASS_BOUNDED_CARD_TO_FACET_BRIDGE","GENERIC_IDENTITY_LANGUAGE_WITHOUT_NEW_CARD_SPECIFIC_INSIGHT","NO_MATERIAL_CROSS_CARD_REPETITION","NO_DELETION_INDICATED","NO_SWAP_INDICATED","MODAL_REDUNDANT","NO_MATERIAL_FACET_COLLAPSE","NO_MATERIAL_OVERCLAIM","SHARED_COMPOSER_FRAME","REMEDIATION_LIKELY","The modal adds a general identity plan but does not deepen why this particular card teaches that facet beyond the already-visible tile."
"SOUND-WUBRG-1-cardvoice_wubrg_3ceb23f5_abb1_4569_a1e4_1eed9a9babcf","WUBRG","Five-Color / WUBRG","SOUND","1","Call the Spirit Dragons","Exact card voice","The essence of Tarkir was shaped into draconic embodiments of the re-formed clans.","","What this card's voice reveals about Five-Color / WUBRG","The line imagines Tarkir's re-formed clans as distinct draconic embodiments. It gives this reading a voice of distinct traditions present together without becoming interchangeable.","Enchantment","b1ad91db-5f16-4392-baf1-f8400ec11e0a","3ceb23f5-abb1-4569-a1e4-1eed9a9babcf","tdm","174","cardvoice_wubrg_3ceb23f5_abb1_4569_a1e4_1eed9a9babcf","CERTIFIED_SEMANTIC_ECHO","wubrg_claim_0002; wubrg_claim_0003; wubrg_claim_0004; wubrg_claim_0007","WUBRG-OFF-001; WUBRG-LOCAL-001; WUBRG-OFF-003; WUBRG-OFF-004; WUBRG-CANON-001; WUBRG-CANON-002; WUBRG-SCOPE-001","data/scryfall/raw/oracle-cards.json#id=b1ad91db-5f16-4392-baf1-f8400ec11e0a","Enchantment | Dragons you control have indestructible.
At the beginning of your upkeep, for each color, put a +1/+1 counter on a Dragon you control of that color. If you put +1/+1 counters on five Dragons this way, you win the game. | The essence of Tarkir was shaped into draconic embodiments of the re-formed clans.","WUBRG-F01/wubrg_claim_0002: In Commander, a WUBRG commander gives the deck access to White, Blue, Black, Red, and Green color identity at the deck-construction level. -> WUBRG-OFF-001 https://magic.wizards.com/en/formats/commander @ https://magic.wizards.com/en/formats/commander#color-identity-and-deck-construction [INSPECTED_OFFICIAL_WEB]: The official Commander format page ties deck construction to the commander's color identity, including mana symbols in the commander. || WUBRG-LOCAL-001 docs/research/wubrg/WUBRG Identity Research Prompt.md @ docs/research/wubrg/WUBRG Identity Research Prompt.md#claim-1-definition-of-color-identity [FULL_LOCAL_SOURCE_READ]: The audited WUBRG packet applies the Commander color-identity rule to the all-five-color WUBRG deck-construction lane without making named-card legality claims. || WUBRG-F02/wubrg_claim_0003: WUBRG grants full deck-level color access, but individual cards and effects remain bounded by their own rules text, color identity, and color-pie context. -> WUBRG-OFF-003 https://magic.wizards.com/en/news/making-magic/mechanical-color-pie-2021 @ https://magic.wizards.com/en/news/making-magic/mechanical-color-pie-2021#mechanical-color-pie-boundaries [INSPECTED_OFFICIAL_WEB]: The official design article describes mechanical capabilities and restrictions as color-specific design boundaries. || WUBRG-LOCAL-001 docs/research/wubrg/WUBRG Identity Research Prompt.md @ docs/research/wubrg/WUBRG Identity Research Prompt.md#claim-2-mechanical-access-vs-individual-limits [FULL_LOCAL_SOURCE_READ]: The audited packet distinguishes deck-level access to every color from the rules text, identity, and color-pie bounds of individual cards. || WUBRG-F03/wubrg_claim_0004: Five-Color is the preferred public label, WUBRG is the technical/internal code, and Vox Mana must not present WUBRG as a single official faction, plane, civilization, guild, college, or doctrine. -> WUBRG-OFF-004 https://magic.wizards.com/en/news/announcements/commander-masters-commander-decklists @ https://magic.wizards.com/en/news/announcements/commander-masters-commander-decklists#five-color-label [INSPECTED_OFFICIAL_WEB]: The official Commander product article uses Five-Color and the White-Blue-Black-Red-Green expression as product/deck labeling. || WUBRG-LOCAL-001 docs/research/wubrg/WUBRG Identity Research Prompt.md @ docs/research/wubrg/WUBRG Identity Research Prompt.md#claim-3-faction-vs-technical-key-through-naming-recommendation [FULL_LOCAL_SOURCE_READ]: The audited packet treats WUBRG as technical shorthand, prefers Five-Color in public copy, and rejects presenting it as one official faction or doctrine. || WUBRG-CANON-001 docs/research/canon/five-color-reference-audit.md @ docs/research/canon/five-color-reference-audit.md#five-color-combination-1 [FULL_LOCAL_SOURCE_READ]: The repository audit inventories the full-spectrum WUBRG slot as a structural combination and records naming/interpretation limits. || WUBRG-F04/wubrg_claim_0007: WUBRG must remain distinct from Colorless, five-color Eldrazi-as-Colorless claims, four-color missing-color frames, generic goodstuff-only framing, superiority or total mastery claims, universal-superset claims, endpoint/completion claims, and default high-complexity-answer claims. -> WUBRG-CANON-002 docs/research/canon/misc/mtg_five_color_and_colorless_dossier.md @ docs/research/canon/misc/mtg_five_color_and_colorless_dossier.md#five-color-vs-colorless-through-how-five-color-differs-from-colorless [FULL_LOCAL_SOURCE_READ]: The repository dossier separates all-five-color inclusion from Colorless non-coloration and warns against rank, mastery, or branch conflation. || WUBRG-LOCAL-001 docs/research/wubrg/WUBRG Identity Research Prompt.md @ docs/research/wubrg/WUBRG Identity Research Prompt.md#strictly-disallowed-wubrg-claims [FULL_LOCAL_SOURCE_READ]: The audited packet explicitly rejects official-faction, superiority, universal-doctrine, goodstuff-only, and unverified named-card claims. || WUBRG-SCOPE-001 docs/reference/source-generated-guardrails.md @ docs/reference/source-generated-guardrails.md#authoritative-source-scope [FULL_LOCAL_SOURCE_READ]: The repository contract bars generated, support-only, and discovery material from becoming authoritative semantic proof.","NOT_APPLICABLE","WUBRG-F01; WUBRG-F02; WUBRG-F03; WUBRG-F04","The exact printed flavor line is the card-side fact. It supports only the named facet IDs where the line itself, not card color/type/product membership, supplies the stated echo.","SUPPORTED_INTERPRETATION","Public use is limited to this exact regular-printing flavor line and its bounded Five-Color relationship. It does not merge Tarkir's clans into one official faction or turn generic multicolor, Dragon, or unity themes into WUBRG evidence.","WUBRG-OFF-001: https://magic.wizards.com/en/formats/commander; WUBRG-LOCAL-001: docs/research/wubrg/WUBRG Identity Research Prompt.md; WUBRG-OFF-003: https://magic.wizards.com/en/news/making-magic/mechanical-color-pie-2021; WUBRG-OFF-004: https://magic.wizards.com/en/news/announcements/commander-masters-commander-decklists; WUBRG-CANON-001: docs/research/canon/five-color-reference-audit.md; WUBRG-CANON-002: docs/research/canon/misc/mtg_five_color_and_colorless_dossier.md; WUBRG-SCOPE-001: docs/reference/source-generated-guardrails.md","5","The essence of Tarkir was shaped into draconic embodiments of the re-formed clans. -> WUBRG-F01: In Commander, a WUBRG commander gives the deck access to White, Blue, Black, Red, and Green color identity at the deck-construction level. | WUBRG-F02: WUBRG grants full deck-level color access, but individual cards and effects remain bounded by their own rules text, color identity, and color-pie context. | WUBRG-F03: Five-Color is the preferred public label, WUBRG is the technical/internal code, and Vox Mana must not present WUBRG as a single official faction, plane, civilization, guild, college, or doctrine. | WUBRG-F04: WUBRG must remain distinct from Colorless, five-color Eldrazi-as-Colorless claims, four-color missing-color frames, generic goodstuff-only framing, superiority or total mastery claims, universal-superset claims, endpoint/completion claims, and default high-complexity-answer claims. -> The regular Tarkir: Dragonstorm printing names the re-formed clans as distinct draconic embodiments, while the card itself requires all five colors and cares about Dragons of each color.","NONE_IDENTIFIED","PASS_VERIFIED_CARD_AND_CURRENT_TEXT","SUPPORTED_WITH_LIMITATIONS","PASS_BOUNDED_CARD_TO_FACET_BRIDGE","HIGH_TILE_MODAL_TOKEN_ECHO","NO_MATERIAL_CROSS_CARD_REPETITION","NO_DELETION_INDICATED","NO_SWAP_INDICATED","MODAL_REDUNDANT","NO_MATERIAL_FACET_COLLAPSE","NO_MATERIAL_OVERCLAIM","NATURAL_ENOUGH_AS_WRITTEN","REMEDIATION_LIKELY",""
"SOUND-WUBRG-2-cardvoice_vm558_wubrg_70dbe8a9_505d_41c2_9b5b_a991d13ab459","WUBRG","Five-Color / WUBRG","SOUND","2","Child of Alara","Exact card voice","The progeny of the Maelstrom shows no allegiance—and no mercy—to any of the five shards.","","What this card's voice reveals about Five-Color / WUBRG","The Child comes from Alara's Maelstrom yet belongs to none of its five shards. For WUBRG, that makes breadth meaningful: every color can contribute, but no single constituent worldview has to become the whole answer.","Legendary Creature — Avatar","b2373625-af3c-4c2a-a1d1-5288c446955d","70dbe8a9-505d-41c2-9b5b-a991d13ab459","2x2","192","cardvoice_vm558_wubrg_70dbe8a9_505d_41c2_9b5b_a991d13ab459","CERTIFIED_SEMANTIC_ECHO","wubrg_claim_0002; wubrg_claim_0003; wubrg_claim_0007","WUBRG-OFF-001; WUBRG-LOCAL-001; WUBRG-OFF-003; WUBRG-CANON-002; WUBRG-SCOPE-001","data/scryfall/raw/oracle-cards.json#id=b2373625-af3c-4c2a-a1d1-5288c446955d","Legendary Creature — Avatar | Trample
When Child of Alara dies, destroy all nonland permanents. They can't be regenerated. | The progeny of the Maelstrom shows no allegiance—and no mercy—to any of the five shards.","WUBRG-F01/wubrg_claim_0002: In Commander, a WUBRG commander gives the deck access to White, Blue, Black, Red, and Green color identity at the deck-construction level. -> WUBRG-OFF-001 https://magic.wizards.com/en/formats/commander @ https://magic.wizards.com/en/formats/commander#color-identity-and-deck-construction [INSPECTED_OFFICIAL_WEB]: The official Commander format page ties deck construction to the commander's color identity, including mana symbols in the commander. || WUBRG-LOCAL-001 docs/research/wubrg/WUBRG Identity Research Prompt.md @ docs/research/wubrg/WUBRG Identity Research Prompt.md#claim-1-definition-of-color-identity [FULL_LOCAL_SOURCE_READ]: The audited WUBRG packet applies the Commander color-identity rule to the all-five-color WUBRG deck-construction lane without making named-card legality claims. || WUBRG-F02/wubrg_claim_0003: WUBRG grants full deck-level color access, but individual cards and effects remain bounded by their own rules text, color identity, and color-pie context. -> WUBRG-OFF-003 https://magic.wizards.com/en/news/making-magic/mechanical-color-pie-2021 @ https://magic.wizards.com/en/news/making-magic/mechanical-color-pie-2021#mechanical-color-pie-boundaries [INSPECTED_OFFICIAL_WEB]: The official design article describes mechanical capabilities and restrictions as color-specific design boundaries. || WUBRG-LOCAL-001 docs/research/wubrg/WUBRG Identity Research Prompt.md @ docs/research/wubrg/WUBRG Identity Research Prompt.md#claim-2-mechanical-access-vs-individual-limits [FULL_LOCAL_SOURCE_READ]: The audited packet distinguishes deck-level access to every color from the rules text, identity, and color-pie bounds of individual cards. || WUBRG-F04/wubrg_claim_0007: WUBRG must remain distinct from Colorless, five-color Eldrazi-as-Colorless claims, four-color missing-color frames, generic goodstuff-only framing, superiority or total mastery claims, universal-superset claims, endpoint/completion claims, and default high-complexity-answer claims. -> WUBRG-CANON-002 docs/research/canon/misc/mtg_five_color_and_colorless_dossier.md @ docs/research/canon/misc/mtg_five_color_and_colorless_dossier.md#five-color-vs-colorless-through-how-five-color-differs-from-colorless [FULL_LOCAL_SOURCE_READ]: The repository dossier separates all-five-color inclusion from Colorless non-coloration and warns against rank, mastery, or branch conflation. || WUBRG-LOCAL-001 docs/research/wubrg/WUBRG Identity Research Prompt.md @ docs/research/wubrg/WUBRG Identity Research Prompt.md#strictly-disallowed-wubrg-claims [FULL_LOCAL_SOURCE_READ]: The audited packet explicitly rejects official-faction, superiority, universal-doctrine, goodstuff-only, and unverified named-card claims. || WUBRG-SCOPE-001 docs/reference/source-generated-guardrails.md @ docs/reference/source-generated-guardrails.md#authoritative-source-scope [FULL_LOCAL_SOURCE_READ]: The repository contract bars generated, support-only, and discovery material from becoming authoritative semantic proof.","NOT_APPLICABLE","WUBRG-F01; WUBRG-F02; WUBRG-F04","The exact printed flavor line is the card-side fact. It supports only the named facet IDs where the line itself, not card color/type/product membership, supplies the stated echo.","SUPPORTED_INTERPRETATION","Owner-approved complementary card voice. Public use remains limited to this exact printing and bounded identity relationship; it does not prove placement, play style, or identity from card color, mechanics, tags, or product membership.","WUBRG-OFF-001: https://magic.wizards.com/en/formats/commander; WUBRG-LOCAL-001: docs/research/wubrg/WUBRG Identity Research Prompt.md; WUBRG-OFF-003: https://magic.wizards.com/en/news/making-magic/mechanical-color-pie-2021; WUBRG-CANON-002: docs/research/canon/misc/mtg_five_color_and_colorless_dossier.md; WUBRG-SCOPE-001: docs/reference/source-generated-guardrails.md","3","The progeny of the Maelstrom shows no allegiance—and no mercy—to any of the five shards. -> WUBRG-F01: In Commander, a WUBRG commander gives the deck access to White, Blue, Black, Red, and Green color identity at the deck-construction level. | WUBRG-F02: WUBRG grants full deck-level color access, but individual cards and effects remain bounded by their own rules text, color identity, and color-pie context. | WUBRG-F04: WUBRG must remain distinct from Colorless, five-color Eldrazi-as-Colorless claims, four-color missing-color frames, generic goodstuff-only framing, superiority or total mastery claims, universal-superset claims, endpoint/completion claims, and default high-complexity-answer claims. -> Child of Alara gives WUBRG a second voice in which all five shards remain present without one claiming the whole.","NONE_IDENTIFIED","PASS_VERIFIED_CARD_AND_CURRENT_TEXT","SUPPORTED_WITH_LIMITATIONS","PASS_BOUNDED_CARD_TO_FACET_BRIDGE","NO_MATERIAL_TILE_MODAL_ECHO","NO_MATERIAL_CROSS_CARD_REPETITION","NO_DELETION_INDICATED","NO_SWAP_INDICATED","ADDITIVE_IDENTITY_INTERPRETATION","NO_MATERIAL_FACET_COLLAPSE","NO_MATERIAL_OVERCLAIM","NATURAL_ENOUGH_AS_WRITTEN","NO_CHANGE_INDICATED",""
"PLAY-WUBRG-1-cardrel_auto_wubrg_9f6828e3_39d9_45d9_9bf1_0e3737a0321e","WUBRG","Five-Color / WUBRG","PLAY","1","Ulalek, Fused Atrocity","Why it fits in play","Ulalek demonstrates access to all five colors through its verified color identity, while its ability uses colorless mana to copy Eldrazi spells and abilities.","","Why Ulalek, Fused Atrocity helps explain Five-Color / WUBRG in play","At the table, Ulalek, Fused Atrocity carries that card action into this reading's larger plan: full color access, deliberate fixing, many kinds of answers, and a plan that keeps breadth from becoming drift.","Legendary Creature — Eldrazi","fdad1b0e-d3cc-4d76-ae7e-fee12558cf2c","9f6828e3-39d9-45d9-9bf1-0e3737a0321e","m3c","4","cardrel_auto_wubrg_9f6828e3_39d9_45d9_9bf1_0e3737a0321e","CERTIFIED_BEHAVIORAL_EXAMPLE","wubrg_claim_0002; wubrg_claim_0006; wubrg_claim_0008","WUBRG-OFF-001; WUBRG-LOCAL-001; WUBRG-SCOPE-001; WUBRG-SCOPE-002; WUBRG-CANON-001","data/scryfall/raw/oracle-cards.json#id=fdad1b0e-d3cc-4d76-ae7e-fee12558cf2c","Legendary Creature — Eldrazi | Devoid (This card has no color.)
Whenever you cast an Eldrazi spell, you may pay {C}{C}. If you do, copy all spells you control, then copy all other activated and triggered abilities you control. You may choose new targets for the copies. (Mana abilities can't be copied.) | ","WUBRG-F01/wubrg_claim_0002: In Commander, a WUBRG commander gives the deck access to White, Blue, Black, Red, and Green color identity at the deck-construction level. -> WUBRG-OFF-001 https://magic.wizards.com/en/formats/commander @ https://magic.wizards.com/en/formats/commander#color-identity-and-deck-construction [INSPECTED_OFFICIAL_WEB]: The official Commander format page ties deck construction to the commander's color identity, including mana symbols in the commander. || WUBRG-LOCAL-001 docs/research/wubrg/WUBRG Identity Research Prompt.md @ docs/research/wubrg/WUBRG Identity Research Prompt.md#claim-1-definition-of-color-identity [FULL_LOCAL_SOURCE_READ]: The audited WUBRG packet applies the Commander color-identity rule to the all-five-color WUBRG deck-construction lane without making named-card legality claims. || WUBRG-F05/wubrg_claim_0006: WUBRG Commander and precon rows may be shown as support-only deckbuilding navigation when local row, commander identity, product name, and official/current decklist source agree. -> WUBRG-SCOPE-001 docs/reference/source-generated-guardrails.md @ docs/reference/source-generated-guardrails.md#authoritative-source-scope [FULL_LOCAL_SOURCE_READ]: The repository contract separates authoritative semantic evidence from support/navigation material and generated output. || WUBRG-SCOPE-002 docs/kanban/done/VM-367-wubrg-gold-layer1-layer2.md @ docs/kanban/done/VM-367-wubrg-gold-layer1-layer2.md#guardrails-preserved [FULL_LOCAL_SOURCE_READ]: VM-367 permits Commander/deck/search links as bounded support while prohibiting unsupported recommendation, legality, and public-surface expansion. || WUBRG-LOCAL-001 docs/research/wubrg/WUBRG Identity Research Prompt.md @ docs/research/wubrg/WUBRG Identity Research Prompt.md#commander-and-deckbuilding-relevance [FULL_LOCAL_SOURCE_READ]: The audited packet permits Commander context as navigation and deckbuilding texture but does not promote it into lore, legality, popularity, or placement proof. || WUBRG-F06/wubrg_claim_0008: Official WUBRG Commander product and decklist anchors may support named examples, deck/product texture, and source coverage only; they do not by themselves support color philosophy, metaphysics, lore proof, placement proof, legality, popularity, ranking, metagame, or deck-quality claims. -> WUBRG-SCOPE-001 docs/reference/source-generated-guardrails.md @ docs/reference/source-generated-guardrails.md#authoritative-source-scope-through-gold-standard-contract [FULL_LOCAL_SOURCE_READ]: The repository contract requires authoritative source ownership and prohibits support or generated material from padding semantic proof. || WUBRG-LOCAL-001 docs/research/wubrg/WUBRG Identity Research Prompt.md @ docs/research/wubrg/WUBRG Identity Research Prompt.md#official-five-color-examples-through-commander-and-deckbuilding-relevance [FULL_LOCAL_SOURCE_READ]: The audited packet treats official products and named decks as examples and navigation, not as independent proof of WUBRG philosophy, legality, popularity, or quality. || WUBRG-CANON-001 docs/research/canon/five-color-reference-audit.md @ docs/research/canon/five-color-reference-audit.md#notes-and-boundaries [FULL_LOCAL_SOURCE_READ]: The reference audit retains interpretation and source limitations around five-color examples and mechanics.","Devoid (This card has no color.)
Whenever you cast an Eldrazi spell, you may pay {C}{C}. If you do, copy all spells you control, then copy all other activated and triggered abilities you control. You may choose new targets for the copies. (Mana abilities can't be copied.)","WUBRG-F01; WUBRG-F05; WUBRG-F06","The committed Oracle text is the gameplay-side fact. It supports only the named facet IDs where the visible rationale accurately describes that behavior and makes the identity connection explicit.","SUPPORTED_INTERPRETATION","A bounded card example validated against certified identity claims and canonical card text. It does not prove player motivation, placement, or identity from color, mechanic, tag, or product membership.","WUBRG-OFF-001: https://magic.wizards.com/en/formats/commander; WUBRG-LOCAL-001: docs/research/wubrg/WUBRG Identity Research Prompt.md; WUBRG-SCOPE-001: docs/reference/source-generated-guardrails.md; WUBRG-SCOPE-002: docs/kanban/done/VM-367-wubrg-gold-layer1-layer2.md; WUBRG-CANON-001: docs/research/canon/five-color-reference-audit.md","2","Devoid (This card has no color.)
Whenever you cast an Eldrazi spell, you may pay {C}{C}. If you do, copy all spells you control, then copy all other activated and triggered abilities you control. You may choose new targets for the copies. (Mana abilities can't be copied.) -> WUBRG-F01: In Commander, a WUBRG commander gives the deck access to White, Blue, Black, Red, and Green color identity at the deck-construction level. | WUBRG-F05: WUBRG Commander and precon rows may be shown as support-only deckbuilding navigation when local row, commander identity, product name, and official/current decklist source agree. | WUBRG-F06: Official WUBRG Commander product and decklist anchors may support named examples, deck/product texture, and source coverage only; they do not by themselves support color philosophy, metaphysics, lore proof, placement proof, legality, popularity, ranking, metagame, or deck-quality claims. -> Automatically approved only because the certified identity claims, canonical card observation, bounded bridge, false-positive analysis, and neighbor analysis all pass the shared validator.","NONE_IDENTIFIED","PASS_VERIFIED_CARD_AND_CURRENT_TEXT","SUPPORTED_WITH_LIMITATIONS","PASS_BOUNDED_CARD_TO_FACET_BRIDGE","NO_MATERIAL_TILE_MODAL_ECHO","NO_MATERIAL_CROSS_CARD_REPETITION","NO_DELETION_INDICATED","NO_SWAP_INDICATED","ADDITIVE_IDENTITY_PLAY_CONTEXT","NO_MATERIAL_FACET_COLLAPSE","NO_MATERIAL_OVERCLAIM","SHARED_COMPOSER_FRAME","NO_CHANGE_INDICATED",""
"SOUND-COLORLESS-1-cardvoice_colorless_14693689_d087_43b6_9c3f_63ab0648fc20","COLORLESS","Colorless","SOUND","1","All Is Dust","Exact card voice","""The emergence of the Eldrazi isn't necessarily a bad thing, as long as you've already lived a fulfilling and complete life without regrets.""
—Javad Nasrin, Ondu relic hunter","","What this card's voice reveals about Colorless","The line presents Eldrazi-scale emergence and an outside-WUBRG sense of completion and erasure.","Kindred Sorcery — Eldrazi","4210c54e-89fd-4971-ab6a-ca8f4e7fe97a","14693689-d087-43b6-9c3f-63ab0648fc20","cmm","800","cardvoice_colorless_14693689_d087_43b6_9c3f_63ab0648fc20","CERTIFIED_SEMANTIC_ECHO","colorless_claim_0004; colorless_claim_0005; colorless_claim_0006","COLORLESS-SRC-008; COLORLESS-SRC-012; COLORLESS-CANON-001; COLORLESS-SRC-018; COLORLESS-SCOPE-005","data/scryfall/raw/oracle-cards.json#id=4210c54e-89fd-4971-ab6a-ca8f4e7fe97a","Kindred Sorcery — Eldrazi | Each player sacrifices all permanents they control that are one or more colors. | ""The emergence of the Eldrazi isn't necessarily a bad thing, as long as you've already lived a fulfilling and complete life without regrets.""
—Javad Nasrin, Ondu relic hunter","COLORLESS-F01/colorless_claim_0004: Colorless raw profile language may distinguish artifacts/function, Eldrazi/void, Wastes/desolation, and Devoid/design support as separate branches, but artifacts are not equivalent to Colorless identity, Eldrazi are not artifacts, Wastes are not all of Colorless, and Devoid design support should not be overgeneralized to all Colorless meaning. -> COLORLESS-SRC-008 docs/research/colorless/source-material/Colorless - Concept vs. Execution _ MAGIC_ THE GATHERING_markRosewater.md @ docs/research/colorless/source-material/Colorless - Concept vs. Execution _ MAGIC_ THE GATHERING_markRosewater.md#devoid-and-eldrazi-execution [FULL_LOCAL_SOURCE_READ]: The captured design article describes colorless and Devoid as deliberate Eldrazi execution choices rather than a universal definition of every colorless expression. || COLORLESS-SRC-012 docs/research/colorless/source-material/colorless_magic_cleaned.md @ docs/research/colorless/source-material/colorless_magic_cleaned.md#the-dual-faces-of-colorlessness-through-transcendence-ugin-karn [FULL_LOCAL_SOURCE_READ]: The cleaned compilation separates artifact/function, Eldrazi/void, Wastes, and Ugin/Karn texture into distinct colorless branches. || COLORLESS-CANON-001 docs/research/canon/misc/mtg_five_color_and_colorless_dossier.md @ docs/research/canon/misc/mtg_five_color_and_colorless_dossier.md#artifacts-eldrazi-and-wastes-as-separate-colorless-branches [FULL_LOCAL_SOURCE_READ]: The dossier explicitly distinguishes artifact, Eldrazi, and Wastes expressions and warns against treating any one branch as the whole identity. || COLORLESS-F02/colorless_claim_0005: Commander, five-color Eldrazi, and Phyrexia material must remain bounded: Eldrazi Unbound is support-only Colorless Commander texture, Eldrazi Incursion is five-color comparator support, Phyrexia is distinction-only context, and none of these independently authorizes broad Commander viability, lore proof, placement eligibility, or raw claim expansion. -> COLORLESS-SRC-018 docs/research/colorless/source-material/colorless_mtg_notes_sourced_v2.md @ docs/research/colorless/source-material/colorless_mtg_notes_sourced_v2.md#modern-horizons-3-eldrazi-deck [FULL_LOCAL_SOURCE_READ]: The sourced intake distinguishes a five-color Eldrazi deck and Ulalek from strict Colorless Commander identity and flags named-card conclusions for verification. || COLORLESS-CANON-001 docs/research/canon/misc/mtg_five_color_and_colorless_dossier.md @ docs/research/canon/misc/mtg_five_color_and_colorless_dossier.md#five-color-vs-colorless-through-artifacts-eldrazi-and-wastes-as-separate-colorless-branches [FULL_LOCAL_SOURCE_READ]: The dossier separates all-five-color inclusion from non-coloration and keeps Eldrazi, artifact, and related texture from becoming interchangeable proof. || COLORLESS-SCOPE-005 docs/architecture/colors/colorless/product-decision-gate.md @ docs/architecture/colors/colorless/product-decision-gate.md#vm-372-support-only-controlled-richness-addendum [FULL_LOCAL_SOURCE_READ]: The product gate permits only support-bound Commander richness and explicitly withholds broad recommendation, legality, route, alias, and product expansion. || COLORLESS-F03/colorless_claim_0006: Colorless can be used as controlled placement attraction for players drawn to a chosen restriction outside WUBRG: artifact-machine problem solving, Eldrazi scale, Wastes or terrain austerity, clean mana systems, resource denial, or engine-expression play. This is Vox Mana placement synthesis, not official MTG color philosophy. -> COLORLESS-SRC-018 docs/research/colorless/source-material/colorless_mtg_notes_sourced_v2.md @ docs/research/colorless/source-material/colorless_mtg_notes_sourced_v2.md#why-players-choose-colorless-through-strategy-mapping-why-the-player-selects-the-strategy [FULL_LOCAL_SOURCE_READ]: The sourced intake describes attraction to restriction puzzles, artifact engines, Eldrazi spectacle, austere mana systems, and resource-denial or engine-expression play. || COLORLESS-CANON-001 docs/research/canon/misc/mtg_five_color_and_colorless_dossier.md @ docs/research/canon/misc/mtg_five_color_and_colorless_dossier.md#how-these-identities-work-for-vox-mana-placement [FULL_LOCAL_SOURCE_READ]: The dossier permits a bounded Vox Mana placement synthesis that distinguishes deliberate non-color restriction from branch-only or five-color readings.","NOT_APPLICABLE","COLORLESS-F01; COLORLESS-F02; COLORLESS-F03","The exact printed flavor line is the card-side fact. It supports only the named facet IDs where the line itself, not card color/type/product membership, supplies the stated echo.","SUPPORTED_INTERPRETATION","Exact card text is verified, but Public use is limited to this validated voice relationship. Eldrazi flavor can also occur in Five-Color or Devoid decks. This is a bounded Eldrazi branch, not proof that every Eldrazi card or artifact belongs to Colorless.","COLORLESS-SRC-008: docs/research/colorless/source-material/Colorless - Concept vs. Execution _ MAGIC_ THE GATHERING_markRosewater.md; COLORLESS-SRC-012: docs/research/colorless/source-material/colorless_magic_cleaned.md; COLORLESS-CANON-001: docs/research/canon/misc/mtg_five_color_and_colorless_dossier.md; COLORLESS-SRC-018: docs/research/colorless/source-material/colorless_mtg_notes_sourced_v2.md; COLORLESS-SCOPE-005: docs/architecture/colors/colorless/product-decision-gate.md","4","""The emergence of the Eldrazi isn't necessarily a bad thing, as long as you've already lived a fulfilling and complete life without regrets.""
—Javad Nasrin, Ondu relic hunter -> COLORLESS-F01: Colorless raw profile language may distinguish artifacts/function, Eldrazi/void, Wastes/desolation, and Devoid/design support as separate branches, but artifacts are not equivalent to Colorless identity, Eldrazi are not artifacts, Wastes are not all of Colorless, and Devoid design support should not be overgeneralized to all Colorless meaning. | COLORLESS-F02: Commander, five-color Eldrazi, and Phyrexia material must remain bounded: Eldrazi Unbound is support-only Colorless Commander texture, Eldrazi Incursion is five-color comparator support, Phyrexia is distinction-only context, and none of these independently authorizes broad Commander viability, lore proof, placement eligibility, or raw claim expansion. | COLORLESS-F03: Colorless can be used as controlled placement attraction for players drawn to a chosen restriction outside WUBRG: artifact-machine problem solving, Eldrazi scale, Wastes or terrain austerity, clean mana systems, resource denial, or engine-expression play. This is Vox Mana placement synthesis, not official MTG color philosophy. -> All Is Dust's exact excerpt provides a bounded voice echo of Eldrazi-scale emergence and an outside-WUBRG sense of completion and erasure.","PARTIAL_ELDRAZI_TO_COLORLESS_GENERALIZATION","PASS_VERIFIED_CARD_AND_CURRENT_TEXT","BOUNDED_COLORLESS_SYNTHESIS","PARTIAL_ELDRAZI_TO_COLORLESS_GENERALIZATION","NO_MATERIAL_TILE_MODAL_ECHO","NO_MATERIAL_CROSS_CARD_REPETITION","NO_DELETION_INDICATED","NO_SWAP_INDICATED","ADDITIVE_IDENTITY_INTERPRETATION","ELDRAZI_BRANCH_RISKS_STANDING_FOR_COLORLESS_WHOLE","OUTSIDE_WUBRG_WORDING_REQUIRES_ORTHOGONAL_NOT_OPPOSITE_BOUNDARY","FORMULAIC_BUT_READABLE","REMEDIATION_LIKELY","The card is a valid Eldrazi/colorless branch fact, but that branch cannot automatically represent the whole Colorless identity or imply opposition to WUBRG."
"PLAY-COLORLESS-1-cardrel_auto_colorless_50676eba_a55a_4749_bb07_74a30e015781","COLORLESS","Colorless","PLAY","1","Omarthis, Ghostfire Initiate","Why it fits in play","Omarthis is a bounded example of Colorless growth support: it grows when another colorless creature receives +1/+1 counters, then manifests cards equal to its counters when it dies.","","Why Omarthis, Ghostfire Initiate helps explain Colorless in play","At the table, Omarthis, Ghostfire Initiate carries that card action into this reading's larger plan: infrastructure first, then one oversized threat, artifact engine, or inevitability piece at a time.","Legendary Creature — Spirit Snake","985e16ac-8e0f-4e2e-9b74-d6a77dddf274","50676eba-a55a-4749-bb07-74a30e015781","cmm","708","cardrel_auto_colorless_50676eba_a55a_4749_bb07_74a30e015781","CERTIFIED_BEHAVIORAL_EXAMPLE","colorless_claim_0005; colorless_claim_0006","COLORLESS-SRC-018; COLORLESS-CANON-001; COLORLESS-SCOPE-005","data/scryfall/raw/oracle-cards.json#id=985e16ac-8e0f-4e2e-9b74-d6a77dddf274","Legendary Creature — Spirit Snake | Omarthis enters with X +1/+1 counters on it.
Whenever you put one or more +1/+1 counters on another colorless creature, you may put a +1/+1 counter on Omarthis.
When Omarthis dies, manifest a number of cards from the top of your library equal to the number of counters on it. | ","COLORLESS-F02/colorless_claim_0005: Commander, five-color Eldrazi, and Phyrexia material must remain bounded: Eldrazi Unbound is support-only Colorless Commander texture, Eldrazi Incursion is five-color comparator support, Phyrexia is distinction-only context, and none of these independently authorizes broad Commander viability, lore proof, placement eligibility, or raw claim expansion. -> COLORLESS-SRC-018 docs/research/colorless/source-material/colorless_mtg_notes_sourced_v2.md @ docs/research/colorless/source-material/colorless_mtg_notes_sourced_v2.md#modern-horizons-3-eldrazi-deck [FULL_LOCAL_SOURCE_READ]: The sourced intake distinguishes a five-color Eldrazi deck and Ulalek from strict Colorless Commander identity and flags named-card conclusions for verification. || COLORLESS-CANON-001 docs/research/canon/misc/mtg_five_color_and_colorless_dossier.md @ docs/research/canon/misc/mtg_five_color_and_colorless_dossier.md#five-color-vs-colorless-through-artifacts-eldrazi-and-wastes-as-separate-colorless-branches [FULL_LOCAL_SOURCE_READ]: The dossier separates all-five-color inclusion from non-coloration and keeps Eldrazi, artifact, and related texture from becoming interchangeable proof. || COLORLESS-SCOPE-005 docs/architecture/colors/colorless/product-decision-gate.md @ docs/architecture/colors/colorless/product-decision-gate.md#vm-372-support-only-controlled-richness-addendum [FULL_LOCAL_SOURCE_READ]: The product gate permits only support-bound Commander richness and explicitly withholds broad recommendation, legality, route, alias, and product expansion. || COLORLESS-F03/colorless_claim_0006: Colorless can be used as controlled placement attraction for players drawn to a chosen restriction outside WUBRG: artifact-machine problem solving, Eldrazi scale, Wastes or terrain austerity, clean mana systems, resource denial, or engine-expression play. This is Vox Mana placement synthesis, not official MTG color philosophy. -> COLORLESS-SRC-018 docs/research/colorless/source-material/colorless_mtg_notes_sourced_v2.md @ docs/research/colorless/source-material/colorless_mtg_notes_sourced_v2.md#why-players-choose-colorless-through-strategy-mapping-why-the-player-selects-the-strategy [FULL_LOCAL_SOURCE_READ]: The sourced intake describes attraction to restriction puzzles, artifact engines, Eldrazi spectacle, austere mana systems, and resource-denial or engine-expression play. || COLORLESS-CANON-001 docs/research/canon/misc/mtg_five_color_and_colorless_dossier.md @ docs/research/canon/misc/mtg_five_color_and_colorless_dossier.md#how-these-identities-work-for-vox-mana-placement [FULL_LOCAL_SOURCE_READ]: The dossier permits a bounded Vox Mana placement synthesis that distinguishes deliberate non-color restriction from branch-only or five-color readings.","Omarthis enters with X +1/+1 counters on it.
Whenever you put one or more +1/+1 counters on another colorless creature, you may put a +1/+1 counter on Omarthis.
When Omarthis dies, manifest a number of cards from the top of your library equal to the number of counters on it.","COLORLESS-F02; COLORLESS-F03","The committed Oracle text is the gameplay-side fact. It supports only the named facet IDs where the visible rationale accurately describes that behavior and makes the identity connection explicit.","SUPPORTED_INTERPRETATION","A bounded card example validated against certified identity claims and canonical card text. It does not prove player motivation, placement, or identity from color, mechanic, tag, or product membership.","COLORLESS-SRC-018: docs/research/colorless/source-material/colorless_mtg_notes_sourced_v2.md; COLORLESS-CANON-001: docs/research/canon/misc/mtg_five_color_and_colorless_dossier.md; COLORLESS-SCOPE-005: docs/architecture/colors/colorless/product-decision-gate.md","2","Omarthis enters with X +1/+1 counters on it.
Whenever you put one or more +1/+1 counters on another colorless creature, you may put a +1/+1 counter on Omarthis.
When Omarthis dies, manifest a number of cards from the top of your library equal to the number of counters on it. -> COLORLESS-F02: Commander, five-color Eldrazi, and Phyrexia material must remain bounded: Eldrazi Unbound is support-only Colorless Commander texture, Eldrazi Incursion is five-color comparator support, Phyrexia is distinction-only context, and none of these independently authorizes broad Commander viability, lore proof, placement eligibility, or raw claim expansion. | COLORLESS-F03: Colorless can be used as controlled placement attraction for players drawn to a chosen restriction outside WUBRG: artifact-machine problem solving, Eldrazi scale, Wastes or terrain austerity, clean mana systems, resource denial, or engine-expression play. This is Vox Mana placement synthesis, not official MTG color philosophy. -> Automatically approved only because the certified identity claims, canonical card observation, bounded bridge, false-positive analysis, and neighbor analysis all pass the shared validator.","NONE_IDENTIFIED","PASS_VERIFIED_CARD_AND_CURRENT_TEXT","SUPPORTED_WITH_LIMITATIONS","PASS_BOUNDED_CARD_TO_FACET_BRIDGE","GENERIC_IDENTITY_LANGUAGE_WITHOUT_NEW_CARD_SPECIFIC_INSIGHT","NO_MATERIAL_CROSS_CARD_REPETITION","NO_DELETION_INDICATED","NO_SWAP_INDICATED","MODAL_REDUNDANT","NO_MATERIAL_FACET_COLLAPSE","NO_MATERIAL_OVERCLAIM","SHARED_COMPOSER_FRAME","REMEDIATION_LIKELY","The modal adds a general identity plan but does not deepen why this particular card teaches that facet beyond the already-visible tile."
