claim_id	identity_number	identity_key	identity_name	statement_type	classification	claim_text	controlling_locators	official_support_ids	rationale	disposition
VM554-01-01	1	WU	Azorius Senate	CENTER	UPSTREAM-DIRECT	Azorius Senate (WU) - public order through procedure.	data/factions.json#/factions/WU/philosophy; docs/architecture/colors/azorius/identity.md#identity-overview-or-core-drive; docs/architecture/colors/azorius/metaphysics.md#metaphysical-thesis	OFF-COLOR-INDEX; OFF-CITY-HIGHLIGHTS	The guide center statement is a bounded paraphrase of the controlling Vox Mana philosophy, affinity, tension, or false-positive fields. Official review found no direct contradiction; project-synthesis caveats in upstream remain controlling.	PRESERVE
VM554-01-02	1	WU	Azorius Senate	RESONATES	UPSTREAM-DIRECT	The person trusts documented rules, precedent, enforceable fairness, and institutions that prevent harm before crisis.	data/factions.json#/factions/WU/affinity/drawn_to; docs/architecture/colors/azorius/identity.md#operator-translation-signals	OFF-COLOR-INDEX; OFF-CITY-HIGHLIGHTS	The guide resonates statement is a bounded paraphrase of the controlling Vox Mana philosophy, affinity, tension, or false-positive fields. Official review found no direct contradiction; project-synthesis caveats in upstream remain controlling.	PRESERVE
VM554-01-03	1	WU	Azorius Senate	CONNECTS	SUPPORTED-SYNTHESIS	White supplies protection and Blue supplies understanding. It is near White, Blue, Boros, Selesnya, and Orzhov, but uniquely insists that accountability be public and procedural.	data/factions.json#/factions/WU/affinity/not_to_be_confused_with; data/factions.json#/factions/WU/raw_enrichment/views_on_other_factions; docs/architecture/colors/azorius/identity.md#false-positive-risks-and-neighbor-boundaries	OFF-COLOR-INDEX; OFF-CITY-HIGHLIGHTS	The relationship combines explicit upstream comparison boundaries with official mono/two-color relationship material. It is a conservative comparison, not canon diplomacy or proof that a color pair has only one expression.	PRESERVE_WITH_SYNTHESIS_LABEL
VM554-01-04	1	WU	Azorius Senate	PUSHES_BACK	UPSTREAM-DIRECT	It distrusts private exceptions, impulsive intervention, and justice that cannot be made legible to everyone.	data/factions.json#/factions/WU/affinity/repelled_by; data/factions.json#/factions/WU/core_tension; docs/architecture/colors/azorius/identity.md#inhibitors-or-false-positive-risks	OFF-COLOR-INDEX; OFF-CITY-HIGHLIGHTS	The guide pushes_back statement is a bounded paraphrase of the controlling Vox Mana philosophy, affinity, tension, or false-positive fields. Official review found no direct contradiction; project-synthesis caveats in upstream remain controlling.	PRESERVE
VM554-01-05	1	WU	Azorius Senate	REJECTS	UPSTREAM-DIRECT	A successful rule-breaker, secret broker, or battlefield protector is not Azorius when public procedure is treated as disposable.	data/factions.json#/factions/WU/affinity/not_to_be_confused_with; docs/architecture/colors/azorius/identity.md#false-positive-risks	OFF-COLOR-INDEX; OFF-CITY-HIGHLIGHTS	The guide rejects statement is a bounded paraphrase of the controlling Vox Mana philosophy, affinity, tension, or false-positive fields. Official review found no direct contradiction; project-synthesis caveats in upstream remain controlling.	PRESERVE
VM554-02-01	2	UB	House Dimir	CENTER	UPSTREAM-DIRECT	House Dimir (UB) - hidden information as leverage.	data/factions.json#/factions/UB/philosophy; docs/architecture/colors/dimir/identity.md#identity-overview-or-core-drive; docs/architecture/colors/dimir/metaphysics.md#metaphysical-thesis	OFF-COLOR-INDEX; OFF-CITY-HIGHLIGHTS	The guide center statement is a bounded paraphrase of the controlling Vox Mana philosophy, affinity, tension, or false-positive fields. Official review found no direct contradiction; project-synthesis caveats in upstream remain controlling.	PRESERVE
VM554-02-02	2	UB	House Dimir	RESONATES	UPSTREAM-DIRECT	The person observes first, controls disclosure, values anonymity, and prefers advantage that does not require public credit.	data/factions.json#/factions/UB/affinity/drawn_to; docs/architecture/colors/dimir/identity.md#operator-translation-signals	OFF-COLOR-INDEX; OFF-CITY-HIGHLIGHTS	The guide resonates statement is a bounded paraphrase of the controlling Vox Mana philosophy, affinity, tension, or false-positive fields. Official review found no direct contradiction; project-synthesis caveats in upstream remain controlling.	PRESERVE
VM554-02-03	2	UB	House Dimir	CONNECTS	SUPPORTED-SYNTHESIS	Blue supplies knowledge and Black supplies agency. It touches Azorius through information, Orzhov through leverage, Grixis through weakness analysis, and Sultai through secrets, but keeps the method hidden.	data/factions.json#/factions/UB/affinity/not_to_be_confused_with; data/factions.json#/factions/UB/raw_enrichment/views_on_other_factions; docs/architecture/colors/dimir/identity.md#false-positive-risks-and-neighbor-boundaries	OFF-COLOR-INDEX; OFF-CITY-HIGHLIGHTS	The relationship combines explicit upstream comparison boundaries with official mono/two-color relationship material. It is a conservative comparison, not canon diplomacy or proof that a color pair has only one expression.	PRESERVE_WITH_SYNTHESIS_LABEL
VM554-02-04	2	UB	House Dimir	PUSHES_BACK	UPSTREAM-DIRECT	It resists transparency as an automatic virtue and visible legitimacy as the only valid form of power.	data/factions.json#/factions/UB/affinity/repelled_by; data/factions.json#/factions/UB/core_tension; docs/architecture/colors/dimir/identity.md#inhibitors-or-false-positive-risks	OFF-COLOR-INDEX; OFF-CITY-HIGHLIGHTS	The guide pushes_back statement is a bounded paraphrase of the controlling Vox Mana philosophy, affinity, tension, or false-positive fields. Official review found no direct contradiction; project-synthesis caveats in upstream remain controlling.	PRESERVE
VM554-02-05	2	UB	House Dimir	REJECTS	UPSTREAM-DIRECT	Generic control, mill, theft, or evasive play is not Dimir without secrecy or information asymmetry as the active method.	data/factions.json#/factions/UB/affinity/not_to_be_confused_with; docs/architecture/colors/dimir/identity.md#false-positive-risks	OFF-COLOR-INDEX; OFF-CITY-HIGHLIGHTS	The guide rejects statement is a bounded paraphrase of the controlling Vox Mana philosophy, affinity, tension, or false-positive fields. Official review found no direct contradiction; project-synthesis caveats in upstream remain controlling.	PRESERVE
VM554-03-01	3	BR	Cult of Rakdos	CENTER	UPSTREAM-DIRECT	Cult of Rakdos (BR) - appetite made public through spectacle.	data/factions.json#/factions/BR/philosophy; docs/architecture/colors/rakdos/identity.md#identity-overview-or-core-drive; docs/architecture/colors/rakdos/metaphysics.md#metaphysical-thesis	OFF-COLOR-INDEX; OFF-CITY-HIGHLIGHTS	The guide center statement is a bounded paraphrase of the controlling Vox Mana philosophy, affinity, tension, or false-positive fields. Official review found no direct contradiction; project-synthesis caveats in upstream remain controlling.	PRESERVE
VM554-03-02	3	BR	Cult of Rakdos	RESONATES	UPSTREAM-DIRECT	The person values performance, provocation, sensation, release, and an act whose audience can see both intensity and cost.	data/factions.json#/factions/BR/affinity/drawn_to; docs/architecture/colors/rakdos/identity.md#operator-translation-signals	OFF-COLOR-INDEX; OFF-CITY-HIGHLIGHTS	The guide resonates statement is a bounded paraphrase of the controlling Vox Mana philosophy, affinity, tension, or false-positive fields. Official review found no direct contradiction; project-synthesis caveats in upstream remain controlling.	PRESERVE
VM554-03-03	3	BR	Cult of Rakdos	CONNECTS	SUPPORTED-SYNTHESIS	Black and Red meet through individualism. It overlaps Prismari in performance, Gruul in directness, and Grixis/Jund in appetite, but the Rakdos center is transgressive public spectacle.	data/factions.json#/factions/BR/affinity/not_to_be_confused_with; data/factions.json#/factions/BR/raw_enrichment/views_on_other_factions; docs/architecture/colors/rakdos/identity.md#false-positive-risks-and-neighbor-boundaries	OFF-COLOR-INDEX; OFF-CITY-HIGHLIGHTS	The relationship combines explicit upstream comparison boundaries with official mono/two-color relationship material. It is a conservative comparison, not canon diplomacy or proof that a color pair has only one expression.	PRESERVE_WITH_SYNTHESIS_LABEL
VM554-03-04	3	BR	Cult of Rakdos	PUSHES_BACK	UPSTREAM-DIRECT	It rejects respectability, hidden pressure, and restraint that disguises what people actually want.	data/factions.json#/factions/BR/affinity/repelled_by; data/factions.json#/factions/BR/core_tension; docs/architecture/colors/rakdos/identity.md#inhibitors-or-false-positive-risks	OFF-COLOR-INDEX; OFF-CITY-HIGHLIGHTS	The guide pushes_back statement is a bounded paraphrase of the controlling Vox Mana philosophy, affinity, tension, or false-positive fields. Official review found no direct contradiction; project-synthesis caveats in upstream remain controlling.	PRESERVE
VM554-03-05	3	BR	Cult of Rakdos	REJECTS	UPSTREAM-DIRECT	Private cruelty, ordinary aggression, sacrifice mechanics, or random chaos are not Rakdos when there is no act, audience, or consequence.	data/factions.json#/factions/BR/affinity/not_to_be_confused_with; docs/architecture/colors/rakdos/identity.md#false-positive-risks	OFF-COLOR-INDEX; OFF-CITY-HIGHLIGHTS	The guide rejects statement is a bounded paraphrase of the controlling Vox Mana philosophy, affinity, tension, or false-positive fields. Official review found no direct contradiction; project-synthesis caveats in upstream remain controlling.	PRESERVE
VM554-04-01	4	RG	Gruul Clans	CENTER	UPSTREAM-DIRECT	Gruul Clans (RG) - wild belonging resisting imposed civilization.	data/factions.json#/factions/RG/philosophy; docs/architecture/colors/gruul/identity.md#identity-overview-or-core-drive; docs/architecture/colors/gruul/metaphysics.md#metaphysical-thesis	OFF-COLOR-INDEX; OFF-CITY-HIGHLIGHTS	The guide center statement is a bounded paraphrase of the controlling Vox Mana philosophy, affinity, tension, or false-positive fields. Official review found no direct contradiction; project-synthesis caveats in upstream remain controlling.	PRESERVE
VM554-04-02	4	RG	Gruul Clans	RESONATES	UPSTREAM-DIRECT	The person trusts instinct, authenticity, clan, territory, and direct action rooted in a concrete loss or endangered wild place.	data/factions.json#/factions/RG/affinity/drawn_to; docs/architecture/colors/gruul/identity.md#operator-translation-signals	OFF-COLOR-INDEX; OFF-CITY-HIGHLIGHTS	The guide resonates statement is a bounded paraphrase of the controlling Vox Mana philosophy, affinity, tension, or false-positive fields. Official review found no direct contradiction; project-synthesis caveats in upstream remain controlling.	PRESERVE
VM554-04-03	4	RG	Gruul Clans	CONNECTS	SUPPORTED-SYNTHESIS	Red and Green meet through intuition. Gruul is near Red, Green, Naya, Jund, and Temur, but its defining pressure is anti-city grievance and clan autonomy.	data/factions.json#/factions/RG/affinity/not_to_be_confused_with; data/factions.json#/factions/RG/raw_enrichment/views_on_other_factions; docs/architecture/colors/gruul/identity.md#false-positive-risks-and-neighbor-boundaries	OFF-COLOR-INDEX; OFF-CITY-HIGHLIGHTS	The relationship combines explicit upstream comparison boundaries with official mono/two-color relationship material. It is a conservative comparison, not canon diplomacy or proof that a color pair has only one expression.	PRESERVE_WITH_SYNTHESIS_LABEL
VM554-04-04	4	RG	Gruul Clans	PUSHES_BACK	UPSTREAM-DIRECT	It distrusts institutions that broke their promises, abstraction that ignores material damage, and patience demanded by beneficiaries of the system.	data/factions.json#/factions/RG/affinity/repelled_by; data/factions.json#/factions/RG/core_tension; docs/architecture/colors/gruul/identity.md#inhibitors-or-false-positive-risks	OFF-COLOR-INDEX; OFF-CITY-HIGHLIGHTS	The guide pushes_back statement is a bounded paraphrase of the controlling Vox Mana philosophy, affinity, tension, or false-positive fields. Official review found no direct contradiction; project-synthesis caveats in upstream remain controlling.	PRESERVE
VM554-04-05	4	RG	Gruul Clans	REJECTS	UPSTREAM-DIRECT	Generic rage, stompy play, or destruction is not Gruul without wildness, territory, clan, or resistance to imposed order.	data/factions.json#/factions/RG/affinity/not_to_be_confused_with; docs/architecture/colors/gruul/identity.md#false-positive-risks	OFF-COLOR-INDEX; OFF-CITY-HIGHLIGHTS	The guide rejects statement is a bounded paraphrase of the controlling Vox Mana philosophy, affinity, tension, or false-positive fields. Official review found no direct contradiction; project-synthesis caveats in upstream remain controlling.	PRESERVE
VM554-05-01	5	WG	Selesnya Conclave	CENTER	UPSTREAM-DIRECT	Selesnya Conclave (GW) - belonging through shared living purpose.	data/factions.json#/factions/WG/philosophy; docs/architecture/colors/selesnya/identity.md#identity-overview-or-core-drive; docs/architecture/colors/selesnya/metaphysics.md#metaphysical-thesis	OFF-COLOR-INDEX; OFF-CITY-HIGHLIGHTS	The guide center statement is a bounded paraphrase of the controlling Vox Mana philosophy, affinity, tension, or false-positive fields. Official review found no direct contradiction; project-synthesis caveats in upstream remain controlling.	PRESERVE
VM554-05-02	5	WG	Selesnya Conclave	RESONATES	UPSTREAM-DIRECT	The person wants harmony, collective care, nature, preservation, consensus, and a community larger than private ambition.	data/factions.json#/factions/WG/affinity/drawn_to; docs/architecture/colors/selesnya/identity.md#operator-translation-signals	OFF-COLOR-INDEX; OFF-CITY-HIGHLIGHTS	The guide resonates statement is a bounded paraphrase of the controlling Vox Mana philosophy, affinity, tension, or false-positive fields. Official review found no direct contradiction; project-synthesis caveats in upstream remain controlling.	PRESERVE
VM554-05-03	5	WG	Selesnya Conclave	CONNECTS	SUPPORTED-SYNTHESIS	Green and White meet through responsibility. Selesnya is close to White, Green, Naya, Bant, and Ink, but centers freely joined communal voice rather than hierarchy or public administration.	data/factions.json#/factions/WG/affinity/not_to_be_confused_with; data/factions.json#/factions/WG/raw_enrichment/views_on_other_factions; docs/architecture/colors/selesnya/identity.md#false-positive-risks-and-neighbor-boundaries	OFF-COLOR-INDEX; OFF-CITY-HIGHLIGHTS	The relationship combines explicit upstream comparison boundaries with official mono/two-color relationship material. It is a conservative comparison, not canon diplomacy or proof that a color pair has only one expression.	PRESERVE_WITH_SYNTHESIS_LABEL
VM554-05-04	5	WG	Selesnya Conclave	PUSHES_BACK	UPSTREAM-DIRECT	It resists self-only ambition, conflict for its own sake, and procedure, debt, or force replacing belonging.	data/factions.json#/factions/WG/affinity/repelled_by; data/factions.json#/factions/WG/core_tension; docs/architecture/colors/selesnya/identity.md#inhibitors-or-false-positive-risks	OFF-COLOR-INDEX; OFF-CITY-HIGHLIGHTS	The guide pushes_back statement is a bounded paraphrase of the controlling Vox Mana philosophy, affinity, tension, or false-positive fields. Official review found no direct contradiction; project-synthesis caveats in upstream remain controlling.	PRESERVE
VM554-05-05	5	WG	Selesnya Conclave	REJECTS	UPSTREAM-DIRECT	Tokens, counters, enchantments, or pleasant company are not Selesnya when individual distinction remains more important than shared care.	data/factions.json#/factions/WG/affinity/not_to_be_confused_with; docs/architecture/colors/selesnya/identity.md#false-positive-risks	OFF-COLOR-INDEX; OFF-CITY-HIGHLIGHTS	The guide rejects statement is a bounded paraphrase of the controlling Vox Mana philosophy, affinity, tension, or false-positive fields. Official review found no direct contradiction; project-synthesis caveats in upstream remain controlling.	PRESERVE
VM554-06-01	6	WB	Orzhov Syndicate	CENTER	UPSTREAM-DIRECT	Orzhov Syndicate (WB) - obligation converted into institutional leverage.	data/factions.json#/factions/WB/philosophy; docs/architecture/colors/orzhov/identity.md#identity-overview-or-core-drive; docs/architecture/colors/orzhov/metaphysics.md#metaphysical-thesis	OFF-COLOR-INDEX; OFF-CITY-HIGHLIGHTS	The guide center statement is a bounded paraphrase of the controlling Vox Mana philosophy, affinity, tension, or false-positive fields. Official review found no direct contradiction; project-synthesis caveats in upstream remain controlling.	PRESERVE
VM554-06-02	6	WB	Orzhov Syndicate	RESONATES	UPSTREAM-DIRECT	The person treats deals, hierarchy, status, repayment, and long consequences as real sources of power.	data/factions.json#/factions/WB/affinity/drawn_to; docs/architecture/colors/orzhov/identity.md#operator-translation-signals	OFF-COLOR-INDEX; OFF-CITY-HIGHLIGHTS	The guide resonates statement is a bounded paraphrase of the controlling Vox Mana philosophy, affinity, tension, or false-positive fields. Official review found no direct contradiction; project-synthesis caveats in upstream remain controlling.	PRESERVE
VM554-06-03	6	WB	Orzhov Syndicate	CONNECTS	SUPPORTED-SYNTHESIS	It shares structure with Azorius, agency with Black, and social pressure with Silverquill. Unlike them, its center is collectible obligation backed by religious-business legitimacy.	data/factions.json#/factions/WB/affinity/not_to_be_confused_with; data/factions.json#/factions/WB/raw_enrichment/views_on_other_factions; docs/architecture/colors/orzhov/identity.md#false-positive-risks-and-neighbor-boundaries	OFF-COLOR-INDEX; OFF-CITY-HIGHLIGHTS	The relationship combines explicit upstream comparison boundaries with official mono/two-color relationship material. It is a conservative comparison, not canon diplomacy or proof that a color pair has only one expression.	PRESERVE_WITH_SYNTHESIS_LABEL
VM554-06-04	6	WB	Orzhov Syndicate	PUSHES_BACK	UPSTREAM-DIRECT	It distrusts obligation-free sentiment, chaotic power that cannot be collected, and impartial rules that ignore available leverage.	data/factions.json#/factions/WB/affinity/repelled_by; data/factions.json#/factions/WB/core_tension; docs/architecture/colors/orzhov/identity.md#inhibitors-or-false-positive-risks	OFF-COLOR-INDEX; OFF-CITY-HIGHLIGHTS	The guide pushes_back statement is a bounded paraphrase of the controlling Vox Mana philosophy, affinity, tension, or false-positive fields. Official review found no direct contradiction; project-synthesis caveats in upstream remain controlling.	PRESERVE
VM554-06-05	6	WB	Orzhov Syndicate	REJECTS	UPSTREAM-DIRECT	Lifegain, drain, sacrifice, taxes, or recursion are not Orzhov without debt, deal, tithe, hierarchy, or enforceable obligation.	data/factions.json#/factions/WB/affinity/not_to_be_confused_with; docs/architecture/colors/orzhov/identity.md#false-positive-risks	OFF-COLOR-INDEX; OFF-CITY-HIGHLIGHTS	The guide rejects statement is a bounded paraphrase of the controlling Vox Mana philosophy, affinity, tension, or false-positive fields. Official review found no direct contradiction; project-synthesis caveats in upstream remain controlling.	PRESERVE
VM554-07-01	7	UR	Izzet League	CENTER	UPSTREAM-DIRECT	Izzet League (UR) - discovery through experiment and invention.	data/factions.json#/factions/UR/philosophy; docs/architecture/colors/izzet/identity.md#identity-overview-or-core-drive; docs/architecture/colors/izzet/metaphysics.md#metaphysical-thesis	OFF-COLOR-INDEX; OFF-CITY-HIGHLIGHTS	The guide center statement is a bounded paraphrase of the controlling Vox Mana philosophy, affinity, tension, or false-positive fields. Official review found no direct contradiction; project-synthesis caveats in upstream remain controlling.	PRESERVE
VM554-07-02	7	UR	Izzet League	RESONATES	UPSTREAM-DIRECT	The person follows questions, enjoys prototypes and repeated testing, treats being wrong as information, and prefers the next experiment to the finished answer.	data/factions.json#/factions/UR/affinity/drawn_to; docs/architecture/colors/izzet/identity.md#operator-translation-signals	OFF-COLOR-INDEX; OFF-CITY-HIGHLIGHTS	The guide resonates statement is a bounded paraphrase of the controlling Vox Mana philosophy, affinity, tension, or false-positive fields. Official review found no direct contradiction; project-synthesis caveats in upstream remain controlling.	PRESERVE
VM554-07-03	7	UR	Izzet League	CONNECTS	SUPPORTED-SYNTHESIS	Blue and Red stage the head/heart conflict as productive iteration. Izzet is near Blue, Red, Prismari, Quandrix, and Simic, but asks what can be discovered or built through testing.	data/factions.json#/factions/UR/affinity/not_to_be_confused_with; data/factions.json#/factions/UR/raw_enrichment/views_on_other_factions; docs/architecture/colors/izzet/identity.md#false-positive-risks-and-neighbor-boundaries	OFF-COLOR-INDEX; OFF-CITY-HIGHLIGHTS	The relationship combines explicit upstream comparison boundaries with official mono/two-color relationship material. It is a conservative comparison, not canon diplomacy or proof that a color pair has only one expression.	PRESERVE_WITH_SYNTHESIS_LABEL
VM554-07-04	7	UR	Izzet League	PUSHES_BACK	UPSTREAM-DIRECT	It resists premature closure, untested repetition, and emotional certainty that substitutes for investigation.	data/factions.json#/factions/UR/affinity/repelled_by; data/factions.json#/factions/UR/core_tension; docs/architecture/colors/izzet/identity.md#inhibitors-or-false-positive-risks	OFF-COLOR-INDEX; OFF-CITY-HIGHLIGHTS	The guide pushes_back statement is a bounded paraphrase of the controlling Vox Mana philosophy, affinity, tension, or false-positive fields. Official review found no direct contradiction; project-synthesis caveats in upstream remain controlling.	PRESERVE
VM554-07-05	7	UR	Izzet League	REJECTS	UPSTREAM-DIRECT	Spellslinger volume, artifacts, or novelty are not Izzet when there is no experiment, discovery, prototype, or useful breakthrough.	data/factions.json#/factions/UR/affinity/not_to_be_confused_with; docs/architecture/colors/izzet/identity.md#false-positive-risks	OFF-COLOR-INDEX; OFF-CITY-HIGHLIGHTS	The guide rejects statement is a bounded paraphrase of the controlling Vox Mana philosophy, affinity, tension, or false-positive fields. Official review found no direct contradiction; project-synthesis caveats in upstream remain controlling.	PRESERVE
VM554-08-01	8	BG	Golgari Swarm	CENTER	UPSTREAM-DIRECT	Golgari Swarm (BG) - survival through decay, reuse, and renewal.	data/factions.json#/factions/BG/philosophy; docs/architecture/colors/golgari/identity.md#identity-overview-or-core-drive; docs/architecture/colors/golgari/metaphysics.md#metaphysical-thesis	OFF-COLOR-INDEX; OFF-CITY-HIGHLIGHTS	The guide center statement is a bounded paraphrase of the controlling Vox Mana philosophy, affinity, tension, or false-positive fields. Official review found no direct contradiction; project-synthesis caveats in upstream remain controlling.	PRESERVE
VM554-08-02	8	BG	Golgari Swarm	RESONATES	UPSTREAM-DIRECT	The person finds meaning in reclamation, patience, discarded material, self-sustaining cycles, and life emerging from death.	data/factions.json#/factions/BG/affinity/drawn_to; docs/architecture/colors/golgari/identity.md#operator-translation-signals	OFF-COLOR-INDEX; OFF-CITY-HIGHLIGHTS	The guide resonates statement is a bounded paraphrase of the controlling Vox Mana philosophy, affinity, tension, or false-positive fields. Official review found no direct contradiction; project-synthesis caveats in upstream remain controlling.	PRESERVE
VM554-08-03	8	BG	Golgari Swarm	CONNECTS	SUPPORTED-SYNTHESIS	Black and Green negotiate free will and destiny through the material cycle. Golgari is near Witherbloom, Sultai, Abzan, and Green, but turns death into civic ecology and survival.	data/factions.json#/factions/BG/affinity/not_to_be_confused_with; data/factions.json#/factions/BG/raw_enrichment/views_on_other_factions; docs/architecture/colors/golgari/identity.md#false-positive-risks-and-neighbor-boundaries	OFF-COLOR-INDEX; OFF-CITY-HIGHLIGHTS	The relationship combines explicit upstream comparison boundaries with official mono/two-color relationship material. It is a conservative comparison, not canon diplomacy or proof that a color pair has only one expression.	PRESERVE_WITH_SYNTHESIS_LABEL
VM554-08-04	8	BG	Golgari Swarm	PUSHES_BACK	UPSTREAM-DIRECT	It resists denial of mortality, preservation that blocks renewal, and hierarchies pretending they do not decay.	data/factions.json#/factions/BG/affinity/repelled_by; data/factions.json#/factions/BG/core_tension; docs/architecture/colors/golgari/identity.md#inhibitors-or-false-positive-risks	OFF-COLOR-INDEX; OFF-CITY-HIGHLIGHTS	The guide pushes_back statement is a bounded paraphrase of the controlling Vox Mana philosophy, affinity, tension, or false-positive fields. Official review found no direct contradiction; project-synthesis caveats in upstream remain controlling.	PRESERVE
VM554-08-05	8	BG	Golgari Swarm	REJECTS	UPSTREAM-DIRECT	Graveyard value, morbidity, resilience, or sacrifice is not Golgari without a death-to-life cycle that feeds continued survival.	data/factions.json#/factions/BG/affinity/not_to_be_confused_with; docs/architecture/colors/golgari/identity.md#false-positive-risks	OFF-COLOR-INDEX; OFF-CITY-HIGHLIGHTS	The guide rejects statement is a bounded paraphrase of the controlling Vox Mana philosophy, affinity, tension, or false-positive fields. Official review found no direct contradiction; project-synthesis caveats in upstream remain controlling.	PRESERVE
VM554-09-01	9	UG	Simic Combine	CENTER	UPSTREAM-DIRECT	Simic Combine (GU) - living systems improved through adaptation.	data/factions.json#/factions/UG/philosophy; docs/architecture/colors/simic/identity.md#identity-overview-or-core-drive; docs/architecture/colors/simic/metaphysics.md#metaphysical-thesis	OFF-COLOR-INDEX; OFF-CITY-HIGHLIGHTS	The guide center statement is a bounded paraphrase of the controlling Vox Mana philosophy, affinity, tension, or false-positive fields. Official review found no direct contradiction; project-synthesis caveats in upstream remain controlling.	PRESERVE
VM554-09-02	9	UG	Simic Combine	RESONATES	UPSTREAM-DIRECT	The person studies organisms, iterates pragmatically, and accepts biological intervention when it helps life adapt, heal, or endure.	data/factions.json#/factions/UG/affinity/drawn_to; docs/architecture/colors/simic/identity.md#operator-translation-signals	OFF-COLOR-INDEX; OFF-CITY-HIGHLIGHTS	The guide resonates statement is a bounded paraphrase of the controlling Vox Mana philosophy, affinity, tension, or false-positive fields. Official review found no direct contradiction; project-synthesis caveats in upstream remain controlling.	PRESERVE
VM554-09-03	9	UG	Simic Combine	CONNECTS	SUPPORTED-SYNTHESIS	Green and Blue stage nature/nurture inside living bodies. Simic is near Quandrix, Izzet, Selesnya, and Green, but keeps an organism or ecosystem at stake.	data/factions.json#/factions/UG/affinity/not_to_be_confused_with; data/factions.json#/factions/UG/raw_enrichment/views_on_other_factions; docs/architecture/colors/simic/identity.md#false-positive-risks-and-neighbor-boundaries	OFF-COLOR-INDEX; OFF-CITY-HIGHLIGHTS	The relationship combines explicit upstream comparison boundaries with official mono/two-color relationship material. It is a conservative comparison, not canon diplomacy or proof that a color pair has only one expression.	PRESERVE_WITH_SYNTHESIS_LABEL
VM554-09-04	9	UG	Simic Combine	PUSHES_BACK	UPSTREAM-DIRECT	It resists untouched-nature absolutism, disposable-life engineering, and abstraction detached from living consequences.	data/factions.json#/factions/UG/affinity/repelled_by; data/factions.json#/factions/UG/core_tension; docs/architecture/colors/simic/identity.md#inhibitors-or-false-positive-risks	OFF-COLOR-INDEX; OFF-CITY-HIGHLIGHTS	The guide pushes_back statement is a bounded paraphrase of the controlling Vox Mana philosophy, affinity, tension, or false-positive fields. Official review found no direct contradiction; project-synthesis caveats in upstream remain controlling.	PRESERVE
VM554-09-05	9	UG	Simic Combine	REJECTS	UPSTREAM-DIRECT	Counters, ramp, card draw, lands, or optimization are not Simic without biological study, adaptation, medicine, clade, or organism-level change.	data/factions.json#/factions/UG/affinity/not_to_be_confused_with; docs/architecture/colors/simic/identity.md#false-positive-risks	OFF-COLOR-INDEX; OFF-CITY-HIGHLIGHTS	The guide rejects statement is a bounded paraphrase of the controlling Vox Mana philosophy, affinity, tension, or false-positive fields. Official review found no direct contradiction; project-synthesis caveats in upstream remain controlling.	PRESERVE
VM554-10-01	10	WR	Boros Legion	CENTER	UPSTREAM-DIRECT	Boros Legion (RW) - organized force in service of protection.	data/factions.json#/factions/WR/philosophy; docs/architecture/colors/boros/identity.md#identity-overview-or-core-drive; docs/architecture/colors/boros/metaphysics.md#metaphysical-thesis	OFF-COLOR-INDEX; OFF-CITY-HIGHLIGHTS	The guide center statement is a bounded paraphrase of the controlling Vox Mana philosophy, affinity, tension, or false-positive fields. Official review found no direct contradiction; project-synthesis caveats in upstream remain controlling.	PRESERVE
VM554-10-02	10	WR	Boros Legion	RESONATES	UPSTREAM-DIRECT	The person wants visible harm answered now, values loyalty and moral clarity, and accepts discipline when it makes protection effective.	data/factions.json#/factions/WR/affinity/drawn_to; docs/architecture/colors/boros/identity.md#operator-translation-signals	OFF-COLOR-INDEX; OFF-CITY-HIGHLIGHTS	The guide resonates statement is a bounded paraphrase of the controlling Vox Mana philosophy, affinity, tension, or false-positive fields. Official review found no direct contradiction; project-synthesis caveats in upstream remain controlling.	PRESERVE
VM554-10-03	10	WR	Boros Legion	CONNECTS	SUPPORTED-SYNTHESIS	Red and White stage freedom/security through accountable intervention. Boros is near White, Red, Azorius, Mardu, and Lorehold, but acts in the present to protect civic life.	data/factions.json#/factions/WR/affinity/not_to_be_confused_with; data/factions.json#/factions/WR/raw_enrichment/views_on_other_factions; docs/architecture/colors/boros/identity.md#false-positive-risks-and-neighbor-boundaries	OFF-COLOR-INDEX; OFF-CITY-HIGHLIGHTS	The relationship combines explicit upstream comparison boundaries with official mono/two-color relationship material. It is a conservative comparison, not canon diplomacy or proof that a color pair has only one expression.	PRESERVE_WITH_SYNTHESIS_LABEL
VM554-10-04	10	WR	Boros Legion	PUSHES_BACK	UPSTREAM-DIRECT	It resists bureaucratic delay, moral ambiguity used as an excuse, and rules that shield the wrong people.	data/factions.json#/factions/WR/affinity/repelled_by; data/factions.json#/factions/WR/core_tension; docs/architecture/colors/boros/identity.md#inhibitors-or-false-positive-risks	OFF-COLOR-INDEX; OFF-CITY-HIGHLIGHTS	The guide pushes_back statement is a bounded paraphrase of the controlling Vox Mana philosophy, affinity, tension, or false-positive fields. Official review found no direct contradiction; project-synthesis caveats in upstream remain controlling.	PRESERVE
VM554-10-05	10	WR	Boros Legion	REJECTS	UPSTREAM-DIRECT	Combat, equipment, soldiers, or righteous anger are not Boros when force is no longer answerable to protection and public duty.	data/factions.json#/factions/WR/affinity/not_to_be_confused_with; docs/architecture/colors/boros/identity.md#false-positive-risks	OFF-COLOR-INDEX; OFF-CITY-HIGHLIGHTS	The guide rejects statement is a bounded paraphrase of the controlling Vox Mana philosophy, affinity, tension, or false-positive fields. Official review found no direct contradiction; project-synthesis caveats in upstream remain controlling.	PRESERVE
VM554-11-01	11	LOREHOLD	Lorehold College	CENTER	UPSTREAM-DIRECT	Lorehold College (RW) - history recovered through scholarship and fieldwork.	data/factions.json#/factions/LOREHOLD/philosophy; docs/architecture/colors/lorehold/identity.md#identity-overview-or-core-drive; docs/architecture/colors/lorehold/metaphysics.md#metaphysical-thesis	OFF-STRIXHAVEN-DISTINCTION; OFF-STRIXHAVEN-GUIDE	The guide center statement is a bounded paraphrase of the controlling Vox Mana philosophy, affinity, tension, or false-positive fields. Official review found no direct contradiction; project-synthesis caveats in upstream remain controlling.	PRESERVE
VM554-11-02	11	LOREHOLD	Lorehold College	RESONATES	UPSTREAM-DIRECT	The person studies ruins, records, relics, and the dead because the past contains usable lessons for the present.	data/factions.json#/factions/LOREHOLD/affinity/drawn_to; docs/architecture/colors/lorehold/identity.md#operator-translation-signals	OFF-STRIXHAVEN-DISTINCTION; OFF-STRIXHAVEN-GUIDE	The guide resonates statement is a bounded paraphrase of the controlling Vox Mana philosophy, affinity, tension, or false-positive fields. Official review found no direct contradiction; project-synthesis caveats in upstream remain controlling.	PRESERVE
VM554-11-03	11	LOREHOLD	Lorehold College	CONNECTS	SUPPORTED-SYNTHESIS	It shares action with Boros and documentation with Azorius. Its distinctive bridge is physically adventurous historical inquiry rather than present-tense enforcement.	data/factions.json#/factions/LOREHOLD/affinity/not_to_be_confused_with; data/factions.json#/factions/LOREHOLD/raw_enrichment/views_on_other_factions; docs/architecture/colors/lorehold/identity.md#false-positive-risks-and-neighbor-boundaries	OFF-STRIXHAVEN-DISTINCTION; OFF-STRIXHAVEN-GUIDE	The relationship combines explicit upstream comparison boundaries with official mono/two-color relationship material. It is a conservative comparison, not canon diplomacy or proof that a color pair has only one expression.	PRESERVE_WITH_SYNTHESIS_LABEL
VM554-11-04	11	LOREHOLD	Lorehold College	PUSHES_BACK	UPSTREAM-DIRECT	It resists sanitized history, purely theoretical learning, and dismissal of old knowledge as irrelevant.	data/factions.json#/factions/LOREHOLD/affinity/repelled_by; data/factions.json#/factions/LOREHOLD/core_tension; docs/architecture/colors/lorehold/identity.md#inhibitors-or-false-positive-risks	OFF-STRIXHAVEN-DISTINCTION; OFF-STRIXHAVEN-GUIDE	The guide pushes_back statement is a bounded paraphrase of the controlling Vox Mana philosophy, affinity, tension, or false-positive fields. Official review found no direct contradiction; project-synthesis caveats in upstream remain controlling.	PRESERVE
VM554-11-05	11	LOREHOLD	Lorehold College	REJECTS	UPSTREAM-DIRECT	Red-White action, graveyard value, artifacts, or Spirits are not Lorehold without history, archaeology, records, relics, or learning from the past.	data/factions.json#/factions/LOREHOLD/affinity/not_to_be_confused_with; docs/architecture/colors/lorehold/identity.md#false-positive-risks	OFF-STRIXHAVEN-DISTINCTION; OFF-STRIXHAVEN-GUIDE	The guide rejects statement is a bounded paraphrase of the controlling Vox Mana philosophy, affinity, tension, or false-positive fields. Official review found no direct contradiction; project-synthesis caveats in upstream remain controlling.	PRESERVE
VM554-12-01	12	PRISMARI	Prismari College	CENTER	UPSTREAM-DIRECT	Prismari College (UR) - expression given form through artistic craft.	data/factions.json#/factions/PRISMARI/philosophy; docs/architecture/colors/prismari/identity.md#identity-overview-or-core-drive; docs/architecture/colors/prismari/metaphysics.md#metaphysical-thesis	OFF-STRIXHAVEN-DISTINCTION; OFF-STRIXHAVEN-GUIDE	The guide center statement is a bounded paraphrase of the controlling Vox Mana philosophy, affinity, tension, or false-positive fields. Official review found no direct contradiction; project-synthesis caveats in upstream remain controlling.	PRESERVE
VM554-12-02	12	PRISMARI	Prismari College	RESONATES	UPSTREAM-DIRECT	The person wants an idea or emotion to be felt through a chosen medium and accepts practice, technique, and revision as part of authentic expression.	data/factions.json#/factions/PRISMARI/affinity/drawn_to; docs/architecture/colors/prismari/identity.md#operator-translation-signals	OFF-STRIXHAVEN-DISTINCTION; OFF-STRIXHAVEN-GUIDE	The guide resonates statement is a bounded paraphrase of the controlling Vox Mana philosophy, affinity, tension, or false-positive fields. Official review found no direct contradiction; project-synthesis caveats in upstream remain controlling.	PRESERVE
VM554-12-03	12	PRISMARI	Prismari College	CONNECTS	SUPPORTED-SYNTHESIS	It shares creation with Izzet, performance with Rakdos, rhetoric with Silverquill, and dramatic experience with Red. Its center is art, not experiment or transgression.	data/factions.json#/factions/PRISMARI/affinity/not_to_be_confused_with; data/factions.json#/factions/PRISMARI/raw_enrichment/views_on_other_factions; docs/architecture/colors/prismari/identity.md#false-positive-risks-and-neighbor-boundaries	OFF-STRIXHAVEN-DISTINCTION; OFF-STRIXHAVEN-GUIDE	The relationship combines explicit upstream comparison boundaries with official mono/two-color relationship material. It is a conservative comparison, not canon diplomacy or proof that a color pair has only one expression.	PRESERVE_WITH_SYNTHESIS_LABEL
VM554-12-04	12	PRISMARI	Prismari College	PUSHES_BACK	UPSTREAM-DIRECT	It resists technique without feeling, feeling without form, and usefulness or proof treated as the only standards of seriousness.	data/factions.json#/factions/PRISMARI/affinity/repelled_by; data/factions.json#/factions/PRISMARI/core_tension; docs/architecture/colors/prismari/identity.md#inhibitors-or-false-positive-risks	OFF-STRIXHAVEN-DISTINCTION; OFF-STRIXHAVEN-GUIDE	The guide pushes_back statement is a bounded paraphrase of the controlling Vox Mana philosophy, affinity, tension, or false-positive fields. Official review found no direct contradiction; project-synthesis caveats in upstream remain controlling.	PRESERVE
VM554-12-05	12	PRISMARI	Prismari College	REJECTS	UPSTREAM-DIRECT	Big spells, spectacle, novelty, or performance are not Prismari when expressive purpose and disciplined medium are absent.	data/factions.json#/factions/PRISMARI/affinity/not_to_be_confused_with; docs/architecture/colors/prismari/identity.md#false-positive-risks	OFF-STRIXHAVEN-DISTINCTION; OFF-STRIXHAVEN-GUIDE	The guide rejects statement is a bounded paraphrase of the controlling Vox Mana philosophy, affinity, tension, or false-positive fields. Official review found no direct contradiction; project-synthesis caveats in upstream remain controlling.	PRESERVE
VM554-13-01	13	WITHERBLOOM	Witherbloom College	CENTER	UPSTREAM-DIRECT	Witherbloom College (BG) - life and death treated as practical essence craft.	data/factions.json#/factions/WITHERBLOOM/philosophy; docs/architecture/colors/witherbloom/identity.md#identity-overview-or-core-drive; docs/architecture/colors/witherbloom/metaphysics.md#metaphysical-thesis	OFF-STRIXHAVEN-DISTINCTION; OFF-STRIXHAVEN-GUIDE	The guide center statement is a bounded paraphrase of the controlling Vox Mana philosophy, affinity, tension, or false-positive fields. Official review found no direct contradiction; project-synthesis caveats in upstream remain controlling.	PRESERVE
VM554-13-02	13	WITHERBLOOM	Witherbloom College	RESONATES	UPSTREAM-DIRECT	The person learns through bodies, remedies, poisons, medicine, mortuary practice, and cost-aware movement of life energy.	data/factions.json#/factions/WITHERBLOOM/affinity/drawn_to; docs/architecture/colors/witherbloom/identity.md#operator-translation-signals	OFF-STRIXHAVEN-DISTINCTION; OFF-STRIXHAVEN-GUIDE	The guide resonates statement is a bounded paraphrase of the controlling Vox Mana philosophy, affinity, tension, or false-positive fields. Official review found no direct contradiction; project-synthesis caveats in upstream remain controlling.	PRESERVE
VM554-13-03	13	WITHERBLOOM	Witherbloom College	CONNECTS	SUPPORTED-SYNTHESIS	It shares the life/death boundary with Golgari, living systems with Simic, and extraction with Black. Unlike Golgari, it studies and manipulates vitality as a craft.	data/factions.json#/factions/WITHERBLOOM/affinity/not_to_be_confused_with; data/factions.json#/factions/WITHERBLOOM/raw_enrichment/views_on_other_factions; docs/architecture/colors/witherbloom/identity.md#false-positive-risks-and-neighbor-boundaries	OFF-STRIXHAVEN-DISTINCTION; OFF-STRIXHAVEN-GUIDE	The relationship combines explicit upstream comparison boundaries with official mono/two-color relationship material. It is a conservative comparison, not canon diplomacy or proof that a color pair has only one expression.	PRESERVE_WITH_SYNTHESIS_LABEL
VM554-13-04	13	WITHERBLOOM	Witherbloom College	PUSHES_BACK	UPSTREAM-DIRECT	It resists sanitized abstraction, optimization blind to bodily cost, and graveyard aesthetics with no living-essence practice.	data/factions.json#/factions/WITHERBLOOM/affinity/repelled_by; data/factions.json#/factions/WITHERBLOOM/core_tension; docs/architecture/colors/witherbloom/identity.md#inhibitors-or-false-positive-risks	OFF-STRIXHAVEN-DISTINCTION; OFF-STRIXHAVEN-GUIDE	The guide pushes_back statement is a bounded paraphrase of the controlling Vox Mana philosophy, affinity, tension, or false-positive fields. Official review found no direct contradiction; project-synthesis caveats in upstream remain controlling.	PRESERVE
VM554-13-05	13	WITHERBLOOM	Witherbloom College	REJECTS	UPSTREAM-DIRECT	Lifegain, life payment, pests, sacrifice, decay, or nature are not Witherbloom without study, brewing, healing/harm, or vitality exchange.	data/factions.json#/factions/WITHERBLOOM/affinity/not_to_be_confused_with; docs/architecture/colors/witherbloom/identity.md#false-positive-risks	OFF-STRIXHAVEN-DISTINCTION; OFF-STRIXHAVEN-GUIDE	The guide rejects statement is a bounded paraphrase of the controlling Vox Mana philosophy, affinity, tension, or false-positive fields. Official review found no direct contradiction; project-synthesis caveats in upstream remain controlling.	PRESERVE
VM554-14-01	14	QUANDRIX	Quandrix College	CENTER	UPSTREAM-DIRECT	Quandrix College (GU) - reality understood through mathematical structure.	data/factions.json#/factions/QUANDRIX/philosophy; docs/architecture/colors/quandrix/identity.md#identity-overview-or-core-drive; docs/architecture/colors/quandrix/metaphysics.md#metaphysical-thesis	OFF-STRIXHAVEN-DISTINCTION; OFF-STRIXHAVEN-GUIDE	The guide center statement is a bounded paraphrase of the controlling Vox Mana philosophy, affinity, tension, or false-positive fields. Official review found no direct contradiction; project-synthesis caveats in upstream remain controlling.	PRESERVE
VM554-14-02	14	QUANDRIX	Quandrix College	RESONATES	UPSTREAM-DIRECT	The person finds beauty in proof, patterns, symmetry, models, precision, and problems whose underlying structure takes patience to reveal.	data/factions.json#/factions/QUANDRIX/affinity/drawn_to; docs/architecture/colors/quandrix/identity.md#operator-translation-signals	OFF-STRIXHAVEN-DISTINCTION; OFF-STRIXHAVEN-GUIDE	The guide resonates statement is a bounded paraphrase of the controlling Vox Mana philosophy, affinity, tension, or false-positive fields. Official review found no direct contradiction; project-synthesis caveats in upstream remain controlling.	PRESERVE
VM554-14-03	14	QUANDRIX	Quandrix College	CONNECTS	SUPPORTED-SYNTHESIS	It shares inquiry with Izzet and growth with Simic, but seeks formal pattern rather than prototype or organism-level intervention.	data/factions.json#/factions/QUANDRIX/affinity/not_to_be_confused_with; data/factions.json#/factions/QUANDRIX/raw_enrichment/views_on_other_factions; docs/architecture/colors/quandrix/identity.md#false-positive-risks-and-neighbor-boundaries	OFF-STRIXHAVEN-DISTINCTION; OFF-STRIXHAVEN-GUIDE	The relationship combines explicit upstream comparison boundaries with official mono/two-color relationship material. It is a conservative comparison, not canon diplomacy or proof that a color pair has only one expression.	PRESERVE_WITH_SYNTHESIS_LABEL
VM554-14-04	14	QUANDRIX	Quandrix College	PUSHES_BACK	UPSTREAM-DIRECT	It resists approximation when rigor is available, intuition replacing evidence, and commitment before proof.	data/factions.json#/factions/QUANDRIX/affinity/repelled_by; data/factions.json#/factions/QUANDRIX/core_tension; docs/architecture/colors/quandrix/identity.md#inhibitors-or-false-positive-risks	OFF-STRIXHAVEN-DISTINCTION; OFF-STRIXHAVEN-GUIDE	The guide pushes_back statement is a bounded paraphrase of the controlling Vox Mana philosophy, affinity, tension, or false-positive fields. Official review found no direct contradiction; project-synthesis caveats in upstream remain controlling.	PRESERVE
VM554-14-05	14	QUANDRIX	Quandrix College	REJECTS	UPSTREAM-DIRECT	Doubling, X spells, tokens, counters, or scaling are not Quandrix without mathematics, pattern, model, proof, or abstract structure.	data/factions.json#/factions/QUANDRIX/affinity/not_to_be_confused_with; docs/architecture/colors/quandrix/identity.md#false-positive-risks	OFF-STRIXHAVEN-DISTINCTION; OFF-STRIXHAVEN-GUIDE	The guide rejects statement is a bounded paraphrase of the controlling Vox Mana philosophy, affinity, tension, or false-positive fields. Official review found no direct contradiction; project-synthesis caveats in upstream remain controlling.	PRESERVE
VM554-15-01	15	SILVERQUILL	Silverquill College	CENTER	UPSTREAM-DIRECT	Silverquill College (WB) - language used as visible social action.	data/factions.json#/factions/SILVERQUILL/philosophy; docs/architecture/colors/silverquill/identity.md#identity-overview-or-core-drive; docs/architecture/colors/silverquill/metaphysics.md#metaphysical-thesis	OFF-STRIXHAVEN-DISTINCTION; OFF-STRIXHAVEN-GUIDE	The guide center statement is a bounded paraphrase of the controlling Vox Mana philosophy, affinity, tension, or false-positive fields. Official review found no direct contradiction; project-synthesis caveats in upstream remain controlling.	PRESERVE
VM554-15-02	15	SILVERQUILL	Silverquill College	RESONATES	UPSTREAM-DIRECT	The person leads, persuades, inspires, criticizes, or pressures through precise spoken, written, signed, or magical expression.	data/factions.json#/factions/SILVERQUILL/affinity/drawn_to; docs/architecture/colors/silverquill/identity.md#operator-translation-signals	OFF-STRIXHAVEN-DISTINCTION; OFF-STRIXHAVEN-GUIDE	The guide resonates statement is a bounded paraphrase of the controlling Vox Mana philosophy, affinity, tension, or false-positive fields. Official review found no direct contradiction; project-synthesis caveats in upstream remain controlling.	PRESERVE
VM554-15-03	15	SILVERQUILL	Silverquill College	CONNECTS	SUPPORTED-SYNTHESIS	It shares public influence with Prismari, hierarchy with Orzhov, and information with Dimir. Its active method is rhetoric and language in the room.	data/factions.json#/factions/SILVERQUILL/affinity/not_to_be_confused_with; data/factions.json#/factions/SILVERQUILL/raw_enrichment/views_on_other_factions; docs/architecture/colors/silverquill/identity.md#false-positive-risks-and-neighbor-boundaries	OFF-STRIXHAVEN-DISTINCTION; OFF-STRIXHAVEN-GUIDE	The relationship combines explicit upstream comparison boundaries with official mono/two-color relationship material. It is a conservative comparison, not canon diplomacy or proof that a color pair has only one expression.	PRESERVE_WITH_SYNTHESIS_LABEL
VM554-15-04	15	SILVERQUILL	Silverquill College	PUSHES_BACK	UPSTREAM-DIRECT	It resists vague communication, words dismissed as decoration, and influence hidden behind debt, secrecy, or procedure.	data/factions.json#/factions/SILVERQUILL/affinity/repelled_by; data/factions.json#/factions/SILVERQUILL/core_tension; docs/architecture/colors/silverquill/identity.md#inhibitors-or-false-positive-risks	OFF-STRIXHAVEN-DISTINCTION; OFF-STRIXHAVEN-GUIDE	The guide pushes_back statement is a bounded paraphrase of the controlling Vox Mana philosophy, affinity, tension, or false-positive fields. Official review found no direct contradiction; project-synthesis caveats in upstream remain controlling.	PRESERVE
VM554-15-05	15	SILVERQUILL	Silverquill College	REJECTS	UPSTREAM-DIRECT	Ambition, politics, counters, aggression, or charisma are not Silverquill without language or rhetoric doing the work.	data/factions.json#/factions/SILVERQUILL/affinity/not_to_be_confused_with; docs/architecture/colors/silverquill/identity.md#false-positive-risks	OFF-STRIXHAVEN-DISTINCTION; OFF-STRIXHAVEN-GUIDE	The guide rejects statement is a bounded paraphrase of the controlling Vox Mana philosophy, affinity, tension, or false-positive fields. Official review found no direct contradiction; project-synthesis caveats in upstream remain controlling.	PRESERVE
VM554-16-01	16	W	White	CENTER	UPSTREAM-DIRECT	White (W) - peace made durable through structure.	data/factions.json#/factions/W/philosophy; docs/architecture/colors/white/identity.md#identity-overview-or-core-drive; docs/architecture/colors/white/metaphysics.md#metaphysical-thesis	OFF-PIE-FIGHTS; OFF-ALLIED-COLORS	The guide center statement is a bounded paraphrase of the controlling Vox Mana philosophy, affinity, tension, or false-positive fields. Official review found no direct contradiction; project-synthesis caveats in upstream remain controlling.	PRESERVE
VM554-16-02	16	W	White	RESONATES	UPSTREAM-DIRECT	The person values shared standards, protection of the vulnerable, dependable obligations, and group safety over private exception.	data/factions.json#/factions/W/affinity/drawn_to; docs/architecture/colors/white/identity.md#operator-translation-signals	OFF-PIE-FIGHTS; OFF-ALLIED-COLORS	The guide resonates statement is a bounded paraphrase of the controlling Vox Mana philosophy, affinity, tension, or false-positive fields. Official review found no direct contradiction; project-synthesis caveats in upstream remain controlling.	PRESERVE
VM554-16-03	16	W	White	CONNECTS	SUPPORTED-SYNTHESIS	Azorius formalizes White, Boros mobilizes it, Selesnya communalizes it, Orzhov weaponizes obligation, and Bant idealizes honorable responsibility.	data/factions.json#/factions/W/affinity/not_to_be_confused_with; data/factions.json#/factions/W/raw_enrichment/views_on_other_factions; docs/architecture/colors/white/identity.md#false-positive-risks-and-neighbor-boundaries	OFF-PIE-FIGHTS; OFF-ALLIED-COLORS	The relationship combines explicit upstream comparison boundaries with official mono/two-color relationship material. It is a conservative comparison, not canon diplomacy or proof that a color pair has only one expression.	PRESERVE_WITH_SYNTHESIS_LABEL
VM554-16-04	16	W	White	PUSHES_BACK	UPSTREAM-DIRECT	White challenges Black's self-priority and Red's unrestrained immediacy, while Green can question whether White's systems listen to living reality.	data/factions.json#/factions/W/affinity/repelled_by; data/factions.json#/factions/W/core_tension; docs/architecture/colors/white/identity.md#inhibitors-or-false-positive-risks	OFF-PIE-FIGHTS; OFF-ALLIED-COLORS	The guide pushes_back statement is a bounded paraphrase of the controlling Vox Mana philosophy, affinity, tension, or false-positive fields. Official review found no direct contradiction; project-synthesis caveats in upstream remain controlling.	PRESERVE
VM554-16-05	16	W	White	REJECTS	UPSTREAM-DIRECT	If rules are inherently oppression, private power owes nothing to others, or impulse should outrank communal safety, mono-White is a false center.	data/factions.json#/factions/W/affinity/not_to_be_confused_with; docs/architecture/colors/white/identity.md#false-positive-risks	OFF-PIE-FIGHTS; OFF-ALLIED-COLORS	The guide rejects statement is a bounded paraphrase of the controlling Vox Mana philosophy, affinity, tension, or false-positive fields. Official review found no direct contradiction; project-synthesis caveats in upstream remain controlling.	PRESERVE
VM554-17-01	17	U	Blue	CENTER	UPSTREAM-DIRECT	Blue (U) - possibility expanded through knowledge and improvement.	data/factions.json#/factions/U/philosophy; docs/architecture/colors/blue/identity.md#identity-overview-or-core-drive; docs/architecture/colors/blue/metaphysics.md#metaphysical-thesis	OFF-PIE-FIGHTS; OFF-ALLIED-COLORS	The guide center statement is a bounded paraphrase of the controlling Vox Mana philosophy, affinity, tension, or false-positive fields. Official review found no direct contradiction; project-synthesis caveats in upstream remain controlling.	PRESERVE
VM554-17-02	17	U	Blue	RESONATES	UPSTREAM-DIRECT	The person studies before committing, builds models, practices deliberately, and wants tools or education to overcome starting limits.	data/factions.json#/factions/U/affinity/drawn_to; docs/architecture/colors/blue/identity.md#operator-translation-signals	OFF-PIE-FIGHTS; OFF-ALLIED-COLORS	The guide resonates statement is a bounded paraphrase of the controlling Vox Mana philosophy, affinity, tension, or false-positive fields. Official review found no direct contradiction; project-synthesis caveats in upstream remain controlling.	PRESERVE
VM554-17-03	17	U	Blue	CONNECTS	SUPPORTED-SYNTHESIS	Azorius proceduralizes Blue, Dimir conceals it, Izzet tests it, Simic applies it to life, and Esper turns it toward designed perfectibility.	data/factions.json#/factions/U/affinity/not_to_be_confused_with; data/factions.json#/factions/U/raw_enrichment/views_on_other_factions; docs/architecture/colors/blue/identity.md#false-positive-risks-and-neighbor-boundaries	OFF-PIE-FIGHTS; OFF-ALLIED-COLORS	The relationship combines explicit upstream comparison boundaries with official mono/two-color relationship material. It is a conservative comparison, not canon diplomacy or proof that a color pair has only one expression.	PRESERVE_WITH_SYNTHESIS_LABEL
VM554-17-04	17	U	Blue	PUSHES_BACK	UPSTREAM-DIRECT	Blue challenges Red's immediate feeling and Green's acceptance of the given, while Black asks whether knowledge produces usable agency.	data/factions.json#/factions/U/affinity/repelled_by; data/factions.json#/factions/U/core_tension; docs/architecture/colors/blue/identity.md#inhibitors-or-false-positive-risks	OFF-PIE-FIGHTS; OFF-ALLIED-COLORS	The guide pushes_back statement is a bounded paraphrase of the controlling Vox Mana philosophy, affinity, tension, or false-positive fields. Official review found no direct contradiction; project-synthesis caveats in upstream remain controlling.	PRESERVE
VM554-17-05	17	U	Blue	REJECTS	UPSTREAM-DIRECT	If instinct, fate, or the present impulse should be final and further understanding only delays truth, mono-Blue is a false center.	data/factions.json#/factions/U/affinity/not_to_be_confused_with; docs/architecture/colors/blue/identity.md#false-positive-risks	OFF-PIE-FIGHTS; OFF-ALLIED-COLORS	The guide rejects statement is a bounded paraphrase of the controlling Vox Mana philosophy, affinity, tension, or false-positive fields. Official review found no direct contradiction; project-synthesis caveats in upstream remain controlling.	PRESERVE
VM554-18-01	18	B	Black	CENTER	UPSTREAM-DIRECT	Black (B) - agency secured through power, cost, and leverage.	data/factions.json#/factions/B/philosophy; docs/architecture/colors/black/identity.md#identity-overview-or-core-drive; docs/architecture/colors/black/metaphysics.md#metaphysical-thesis	OFF-PIE-FIGHTS; OFF-ALLIED-COLORS	The guide center statement is a bounded paraphrase of the controlling Vox Mana philosophy, affinity, tension, or false-positive fields. Official review found no direct contradiction; project-synthesis caveats in upstream remain controlling.	PRESERVE
VM554-18-02	18	B	Black	RESONATES	UPSTREAM-DIRECT	The person accepts hard costs, refuses to wait for fairness, and converts resources, loss, loyalty, or death into self-determination.	data/factions.json#/factions/B/affinity/drawn_to; docs/architecture/colors/black/identity.md#operator-translation-signals	OFF-PIE-FIGHTS; OFF-ALLIED-COLORS	The guide resonates statement is a bounded paraphrase of the controlling Vox Mana philosophy, affinity, tension, or false-positive fields. Official review found no direct contradiction; project-synthesis caveats in upstream remain controlling.	PRESERVE
VM554-18-03	18	B	Black	CONNECTS	SUPPORTED-SYNTHESIS	Dimir hides Black's leverage, Rakdos performs its appetite, Golgari cycles its costs, Orzhov institutionalizes them, and Grixis uses them to survive.	data/factions.json#/factions/B/affinity/not_to_be_confused_with; data/factions.json#/factions/B/raw_enrichment/views_on_other_factions; docs/architecture/colors/black/identity.md#false-positive-risks-and-neighbor-boundaries	OFF-PIE-FIGHTS; OFF-ALLIED-COLORS	The relationship combines explicit upstream comparison boundaries with official mono/two-color relationship material. It is a conservative comparison, not canon diplomacy or proof that a color pair has only one expression.	PRESERVE_WITH_SYNTHESIS_LABEL
VM554-18-04	18	B	Black	PUSHES_BACK	UPSTREAM-DIRECT	Black challenges White's group-first morality and Green's destiny/acceptance, while Red shares individualism but rejects excessive calculation.	data/factions.json#/factions/B/affinity/repelled_by; data/factions.json#/factions/B/core_tension; docs/architecture/colors/black/identity.md#inhibitors-or-false-positive-risks	OFF-PIE-FIGHTS; OFF-ALLIED-COLORS	The guide pushes_back statement is a bounded paraphrase of the controlling Vox Mana philosophy, affinity, tension, or false-positive fields. Official review found no direct contradiction; project-synthesis caveats in upstream remain controlling.	PRESERVE
VM554-18-05	18	B	Black	REJECTS	UPSTREAM-DIRECT	If power must never serve the self, paying a cost is inherently corrupt, or dependence is always more virtuous than agency, mono-Black is a false center.	data/factions.json#/factions/B/affinity/not_to_be_confused_with; docs/architecture/colors/black/identity.md#false-positive-risks	OFF-PIE-FIGHTS; OFF-ALLIED-COLORS	The guide rejects statement is a bounded paraphrase of the controlling Vox Mana philosophy, affinity, tension, or false-positive fields. Official review found no direct contradiction; project-synthesis caveats in upstream remain controlling.	PRESERVE
VM554-19-01	19	R	Red	CENTER	UPSTREAM-DIRECT	Red (R) - freedom and feeling converted into immediate motion.	data/factions.json#/factions/R/philosophy; docs/architecture/colors/red/identity.md#identity-overview-or-core-drive; docs/architecture/colors/red/metaphysics.md#metaphysical-thesis	OFF-PIE-FIGHTS; OFF-ALLIED-COLORS	The guide center statement is a bounded paraphrase of the controlling Vox Mana philosophy, affinity, tension, or false-positive fields. Official review found no direct contradiction; project-synthesis caveats in upstream remain controlling.	PRESERVE
VM554-19-02	19	R	Red	RESONATES	UPSTREAM-DIRECT	The person trusts emotion as information, acts before overthinking kills the moment, and values freedom from artificial restraint.	data/factions.json#/factions/R/affinity/drawn_to; docs/architecture/colors/red/identity.md#operator-translation-signals	OFF-PIE-FIGHTS; OFF-ALLIED-COLORS	The guide resonates statement is a bounded paraphrase of the controlling Vox Mana philosophy, affinity, tension, or false-positive fields. Official review found no direct contradiction; project-synthesis caveats in upstream remain controlling.	PRESERVE
VM554-19-03	19	R	Red	CONNECTS	SUPPORTED-SYNTHESIS	Rakdos publicizes Red's appetite, Gruul roots it in instinct, Izzet turns it into experiment, Boros disciplines it for protection, and Jund treats it as self-truth.	data/factions.json#/factions/R/affinity/not_to_be_confused_with; data/factions.json#/factions/R/raw_enrichment/views_on_other_factions; docs/architecture/colors/red/identity.md#false-positive-risks-and-neighbor-boundaries	OFF-PIE-FIGHTS; OFF-ALLIED-COLORS	The relationship combines explicit upstream comparison boundaries with official mono/two-color relationship material. It is a conservative comparison, not canon diplomacy or proof that a color pair has only one expression.	PRESERVE_WITH_SYNTHESIS_LABEL
VM554-19-04	19	R	Red	PUSHES_BACK	UPSTREAM-DIRECT	Red challenges White's security and Blue's deliberation, while Black can sharpen its self-interest and Green can root its intuition.	data/factions.json#/factions/R/affinity/repelled_by; data/factions.json#/factions/R/core_tension; docs/architecture/colors/red/identity.md#inhibitors-or-false-positive-risks	OFF-PIE-FIGHTS; OFF-ALLIED-COLORS	The guide pushes_back statement is a bounded paraphrase of the controlling Vox Mana philosophy, affinity, tension, or false-positive fields. Official review found no direct contradiction; project-synthesis caveats in upstream remain controlling.	PRESERVE
VM554-19-05	19	R	Red	REJECTS	UPSTREAM-DIRECT	If every variable must be approved, feeling is unreliable by definition, or safety always outranks the living moment, mono-Red is a false center.	data/factions.json#/factions/R/affinity/not_to_be_confused_with; docs/architecture/colors/red/identity.md#false-positive-risks	OFF-PIE-FIGHTS; OFF-ALLIED-COLORS	The guide rejects statement is a bounded paraphrase of the controlling Vox Mana philosophy, affinity, tension, or false-positive fields. Official review found no direct contradiction; project-synthesis caveats in upstream remain controlling.	PRESERVE
VM554-20-01	20	G	Green	CENTER	UPSTREAM-DIRECT	Green (G) - flourishing through acceptance, nature, and belonging.	data/factions.json#/factions/G/philosophy; docs/architecture/colors/green/identity.md#identity-overview-or-core-drive; docs/architecture/colors/green/metaphysics.md#metaphysical-thesis	OFF-PIE-FIGHTS; OFF-ALLIED-COLORS	The guide center statement is a bounded paraphrase of the controlling Vox Mana philosophy, affinity, tension, or false-positive fields. Official review found no direct contradiction; project-synthesis caveats in upstream remain controlling.	PRESERVE
VM554-20-02	20	G	Green	RESONATES	UPSTREAM-DIRECT	The person trusts organic growth, old patterns, land, kinship, patience, and the living order more than redesign for its own sake.	data/factions.json#/factions/G/affinity/drawn_to; docs/architecture/colors/green/identity.md#operator-translation-signals	OFF-PIE-FIGHTS; OFF-ALLIED-COLORS	The guide resonates statement is a bounded paraphrase of the controlling Vox Mana philosophy, affinity, tension, or false-positive fields. Official review found no direct contradiction; project-synthesis caveats in upstream remain controlling.	PRESERVE
VM554-20-03	20	G	Green	CONNECTS	SUPPORTED-SYNTHESIS	Gruul makes Green defiant, Selesnya makes it communal, Golgari makes it cyclical, Simic tests its adaptability, and Naya makes abundance relational.	data/factions.json#/factions/G/affinity/not_to_be_confused_with; data/factions.json#/factions/G/raw_enrichment/views_on_other_factions; docs/architecture/colors/green/identity.md#false-positive-risks-and-neighbor-boundaries	OFF-PIE-FIGHTS; OFF-ALLIED-COLORS	The relationship combines explicit upstream comparison boundaries with official mono/two-color relationship material. It is a conservative comparison, not canon diplomacy or proof that a color pair has only one expression.	PRESERVE_WITH_SYNTHESIS_LABEL
VM554-20-04	20	G	Green	PUSHES_BACK	UPSTREAM-DIRECT	Green challenges Blue's nurture/engineering and Black's free-will domination, while White shares responsibility and Red shares intuition.	data/factions.json#/factions/G/affinity/repelled_by; data/factions.json#/factions/G/core_tension; docs/architecture/colors/green/identity.md#inhibitors-or-false-positive-risks	OFF-PIE-FIGHTS; OFF-ALLIED-COLORS	The guide pushes_back statement is a bounded paraphrase of the controlling Vox Mana philosophy, affinity, tension, or false-positive fields. Official review found no direct contradiction; project-synthesis caveats in upstream remain controlling.	PRESERVE
VM554-20-05	20	G	Green	REJECTS	UPSTREAM-DIRECT	If every limit must be engineered away, life and land are merely fuel, or belonging is only a constraint on individual will, mono-Green is a false center.	data/factions.json#/factions/G/affinity/not_to_be_confused_with; docs/architecture/colors/green/identity.md#false-positive-risks	OFF-PIE-FIGHTS; OFF-ALLIED-COLORS	The guide rejects statement is a bounded paraphrase of the controlling Vox Mana philosophy, affinity, tension, or false-positive fields. Official review found no direct contradiction; project-synthesis caveats in upstream remain controlling.	PRESERVE
VM554-21-01	21	BANT	Bant	CENTER	UPSTREAM-DIRECT	Bant (WUG) - White-led honorable order inside a living community.	data/factions.json#/factions/BANT/philosophy; docs/architecture/colors/bant/identity.md#identity-overview-or-core-drive; docs/architecture/colors/bant/metaphysics.md#metaphysical-thesis	OFF-COLOR-INDEX; OFF-THREE-COLOR	The guide center statement is a bounded paraphrase of the controlling Vox Mana philosophy, affinity, tension, or false-positive fields. Official review found no direct contradiction; project-synthesis caveats in upstream remain controlling.	PRESERVE
VM554-21-02	21	BANT	Bant	RESONATES	UPSTREAM-DIRECT	The person wants excellence, rank, protection, and refinement to remain visibly answerable to the whole community.	data/factions.json#/factions/BANT/affinity/drawn_to; docs/architecture/colors/bant/identity.md#operator-translation-signals	OFF-COLOR-INDEX; OFF-THREE-COLOR	The guide resonates statement is a bounded paraphrase of the controlling Vox Mana philosophy, affinity, tension, or false-positive fields. Official review found no direct contradiction; project-synthesis caveats in upstream remain controlling.	PRESERVE
VM554-21-03	21	BANT	Bant	CONNECTS	SUPPORTED-SYNTHESIS	It shares procedure with Azorius, belonging with Selesnya, and refinement with Simic, while remaining a distinct Alaran shard centered on White-led public trust and responsible champions.	data/factions.json#/factions/BANT/affinity/not_to_be_confused_with; data/factions.json#/factions/BANT/raw_enrichment/views_on_other_factions; docs/architecture/colors/bant/identity.md#false-positive-risks-and-neighbor-boundaries	OFF-COLOR-INDEX; OFF-THREE-COLOR	Corrected wording treats the guilds as bounded comparison textures and preserves Bant as a distinct Alaran shard.	PRESERVE_WITH_SYNTHESIS_LABEL
VM554-21-04	21	BANT	Bant	PUSHES_BACK	UPSTREAM-DIRECT	It resists Black-style private leverage and Red-style unsanctioned impulse; internally it must keep discipline open to correction.	data/factions.json#/factions/BANT/affinity/repelled_by; data/factions.json#/factions/BANT/core_tension; docs/architecture/colors/bant/identity.md#inhibitors-or-false-positive-risks	OFF-COLOR-INDEX; OFF-THREE-COLOR	The guide pushes_back statement is a bounded paraphrase of the controlling Vox Mana philosophy, affinity, tension, or false-positive fields. Official review found no direct contradiction; project-synthesis caveats in upstream remain controlling.	PRESERVE
VM554-21-05	21	BANT	Bant	REJECTS	UPSTREAM-DIRECT	Generic value, denial control, hierarchy for its own sake, or a lone champion with no communal trust is not Bant.	data/factions.json#/factions/BANT/affinity/not_to_be_confused_with; docs/architecture/colors/bant/identity.md#false-positive-risks	OFF-COLOR-INDEX; OFF-THREE-COLOR	The guide rejects statement is a bounded paraphrase of the controlling Vox Mana philosophy, affinity, tension, or false-positive fields. Official review found no direct contradiction; project-synthesis caveats in upstream remain controlling.	PRESERVE
VM554-22-01	22	ESPER	Esper	CENTER	UPSTREAM-DIRECT	Esper (WUB) - Blue-led perfectibility through ordered, controlled design.	data/factions.json#/factions/ESPER/philosophy; docs/architecture/colors/esper/identity.md#identity-overview-or-core-drive; docs/architecture/colors/esper/metaphysics.md#metaphysical-thesis	OFF-COLOR-INDEX; OFF-THREE-COLOR	The guide center statement is a bounded paraphrase of the controlling Vox Mana philosophy, affinity, tension, or false-positive fields. Official review found no direct contradiction; project-synthesis caveats in upstream remain controlling.	PRESERVE
VM554-22-02	22	ESPER	Esper	RESONATES	UPSTREAM-DIRECT	The person treats potential as a system to understand, coordinate, optimize, and deliberately rebuild.	data/factions.json#/factions/ESPER/affinity/drawn_to; docs/architecture/colors/esper/identity.md#operator-translation-signals	OFF-COLOR-INDEX; OFF-THREE-COLOR	The guide resonates statement is a bounded paraphrase of the controlling Vox Mana philosophy, affinity, tension, or false-positive fields. Official review found no direct contradiction; project-synthesis caveats in upstream remain controlling.	PRESERVE
VM554-22-03	22	ESPER	Esper	CONNECTS	SUPPORTED-SYNTHESIS	It shares ordered procedure with Azorius, information leverage with Dimir, and control/obligation texture with Orzhov, while remaining a distinct Alaran shard centered on Blue-led perfectibility.	data/factions.json#/factions/ESPER/affinity/not_to_be_confused_with; data/factions.json#/factions/ESPER/raw_enrichment/views_on_other_factions; docs/architecture/colors/esper/identity.md#false-positive-risks-and-neighbor-boundaries	OFF-COLOR-INDEX; OFF-THREE-COLOR	Corrected wording treats the guilds as bounded comparison textures and preserves Esper as a distinct Alaran shard.	PRESERVE_WITH_SYNTHESIS_LABEL
VM554-22-04	22	ESPER	Esper	PUSHES_BACK	UPSTREAM-DIRECT	It rejects Red impulse and Green acceptance as final answers; internally it must keep improvement from turning the unoptimized into an error to erase.	data/factions.json#/factions/ESPER/affinity/repelled_by; data/factions.json#/factions/ESPER/core_tension; docs/architecture/colors/esper/identity.md#inhibitors-or-false-positive-risks	OFF-COLOR-INDEX; OFF-THREE-COLOR	The guide pushes_back statement is a bounded paraphrase of the controlling Vox Mana philosophy, affinity, tension, or false-positive fields. Official review found no direct contradiction; project-synthesis caveats in upstream remain controlling.	PRESERVE
VM554-22-05	22	ESPER	Esper	REJECTS	UPSTREAM-DIRECT	Generic control, artifacts as decoration, or power without an applied-knowledge improvement project is not Esper.	data/factions.json#/factions/ESPER/affinity/not_to_be_confused_with; docs/architecture/colors/esper/identity.md#false-positive-risks	OFF-COLOR-INDEX; OFF-THREE-COLOR	The guide rejects statement is a bounded paraphrase of the controlling Vox Mana philosophy, affinity, tension, or false-positive fields. Official review found no direct contradiction; project-synthesis caveats in upstream remain controlling.	PRESERVE
VM554-23-01	23	GRIXIS	Grixis	CENTER	UPSTREAM-DIRECT	Grixis (UBR) - Black-led survival through analysis and urgent action.	data/factions.json#/factions/GRIXIS/philosophy; docs/architecture/colors/grixis/identity.md#identity-overview-or-core-drive; docs/architecture/colors/grixis/metaphysics.md#metaphysical-thesis	OFF-COLOR-INDEX; OFF-THREE-COLOR	The guide center statement is a bounded paraphrase of the controlling Vox Mana philosophy, affinity, tension, or false-positive fields. Official review found no direct contradiction; project-synthesis caveats in upstream remain controlling.	PRESERVE
VM554-23-02	23	GRIXIS	Grixis	RESONATES	UPSTREAM-DIRECT	The person names survival first, maps the weakness, creates leverage, and moves before a hostile opening closes.	data/factions.json#/factions/GRIXIS/affinity/drawn_to; docs/architecture/colors/grixis/identity.md#operator-translation-signals	OFF-COLOR-INDEX; OFF-THREE-COLOR	The guide resonates statement is a bounded paraphrase of the controlling Vox Mana philosophy, affinity, tension, or false-positive fields. Official review found no direct contradiction; project-synthesis caveats in upstream remain controlling.	PRESERVE
VM554-23-03	23	GRIXIS	Grixis	CONNECTS	SUPPORTED-SYNTHESIS	It shares analysis with Dimir, pressure with Rakdos, and experiment/action texture with Izzet, while remaining a distinct Alaran shard centered on Black-led self-advocating survival.	data/factions.json#/factions/GRIXIS/affinity/not_to_be_confused_with; data/factions.json#/factions/GRIXIS/raw_enrichment/views_on_other_factions; docs/architecture/colors/grixis/identity.md#false-positive-risks-and-neighbor-boundaries	OFF-COLOR-INDEX; OFF-THREE-COLOR	Corrected wording treats the guilds as bounded comparison textures and preserves Grixis as a distinct Alaran shard.	PRESERVE_WITH_SYNTHESIS_LABEL
VM554-23-04	23	GRIXIS	Grixis	PUSHES_BACK	UPSTREAM-DIRECT	It rejects White moral/order permission and Green renewal/acceptance as governing constraints; internally it risks treating every weakness as exploitable.	data/factions.json#/factions/GRIXIS/affinity/repelled_by; data/factions.json#/factions/GRIXIS/core_tension; docs/architecture/colors/grixis/identity.md#inhibitors-or-false-positive-risks	OFF-COLOR-INDEX; OFF-THREE-COLOR	The guide pushes_back statement is a bounded paraphrase of the controlling Vox Mana philosophy, affinity, tension, or false-positive fields. Official review found no direct contradiction; project-synthesis caveats in upstream remain controlling.	PRESERVE
VM554-23-05	23	GRIXIS	Grixis	REJECTS	UPSTREAM-DIRECT	Generic evil, villain aesthetics, spellslinger, control, graveyards, or aggression are not Grixis without calculated survival and urgent leverage.	data/factions.json#/factions/GRIXIS/affinity/not_to_be_confused_with; docs/architecture/colors/grixis/identity.md#false-positive-risks	OFF-COLOR-INDEX; OFF-THREE-COLOR	The guide rejects statement is a bounded paraphrase of the controlling Vox Mana philosophy, affinity, tension, or false-positive fields. Official review found no direct contradiction; project-synthesis caveats in upstream remain controlling.	PRESERVE
VM554-24-01	24	JUND	Jund	CENTER	UPSTREAM-DIRECT	Jund (BRG) - Red-led instinct, appetite, and consequence.	data/factions.json#/factions/JUND/philosophy; docs/architecture/colors/jund/identity.md#identity-overview-or-core-drive; docs/architecture/colors/jund/metaphysics.md#metaphysical-thesis	OFF-COLOR-INDEX; OFF-THREE-COLOR	The guide center statement is a bounded paraphrase of the controlling Vox Mana philosophy, affinity, tension, or false-positive fields. Official review found no direct contradiction; project-synthesis caveats in upstream remain controlling.	PRESERVE
VM554-24-02	24	JUND	Jund	RESONATES	UPSTREAM-DIRECT	The person treats gut feeling as honest information, accepts appetite and consequence, and acts without polite permission.	data/factions.json#/factions/JUND/affinity/drawn_to; docs/architecture/colors/jund/identity.md#operator-translation-signals	OFF-COLOR-INDEX; OFF-THREE-COLOR	The guide resonates statement is a bounded paraphrase of the controlling Vox Mana philosophy, affinity, tension, or false-positive fields. Official review found no direct contradiction; project-synthesis caveats in upstream remain controlling.	PRESERVE
VM554-24-03	24	JUND	Jund	CONNECTS	SUPPORTED-SYNTHESIS	It shares appetite with Rakdos, material survival with Golgari, and instinct with Gruul, while remaining a distinct Alaran shard centered on Red-led self-truth in motion.	data/factions.json#/factions/JUND/affinity/not_to_be_confused_with; data/factions.json#/factions/JUND/raw_enrichment/views_on_other_factions; docs/architecture/colors/jund/identity.md#false-positive-risks-and-neighbor-boundaries	OFF-COLOR-INDEX; OFF-THREE-COLOR	Corrected wording treats the guilds as bounded comparison textures and preserves Jund as a distinct Alaran shard.	PRESERVE_WITH_SYNTHESIS_LABEL
VM554-24-04	24	JUND	Jund	PUSHES_BACK	UPSTREAM-DIRECT	It rejects White order and Blue overthinking; internally it must distinguish honest instinct from overconsumption.	data/factions.json#/factions/JUND/affinity/repelled_by; data/factions.json#/factions/JUND/core_tension; docs/architecture/colors/jund/identity.md#inhibitors-or-false-positive-risks	OFF-COLOR-INDEX; OFF-THREE-COLOR	The guide pushes_back statement is a bounded paraphrase of the controlling Vox Mana philosophy, affinity, tension, or false-positive fields. Official review found no direct contradiction; project-synthesis caveats in upstream remain controlling.	PRESERVE
VM554-24-05	24	JUND	Jund	REJECTS	UPSTREAM-DIRECT	Generic violence, monsters, sacrifice, devour, or competitive "Jund" play is not the shard identity without Red-led self-truth fed by Black appetite and Green instinct.	data/factions.json#/factions/JUND/affinity/not_to_be_confused_with; docs/architecture/colors/jund/identity.md#false-positive-risks	OFF-COLOR-INDEX; OFF-THREE-COLOR	The guide rejects statement is a bounded paraphrase of the controlling Vox Mana philosophy, affinity, tension, or false-positive fields. Official review found no direct contradiction; project-synthesis caveats in upstream remain controlling.	PRESERVE
VM554-25-01	25	NAYA	Naya	CENTER	UPSTREAM-DIRECT	Naya (RGW) - Green-led abundance, care, and instinctive belonging.	data/factions.json#/factions/NAYA/philosophy; docs/architecture/colors/naya/identity.md#identity-overview-or-core-drive; docs/architecture/colors/naya/metaphysics.md#metaphysical-thesis	OFF-COLOR-INDEX; OFF-THREE-COLOR	The guide center statement is a bounded paraphrase of the controlling Vox Mana philosophy, affinity, tension, or false-positive fields. Official review found no direct contradiction; project-synthesis caveats in upstream remain controlling.	PRESERVE
VM554-25-02	25	NAYA	Naya	RESONATES	UPSTREAM-DIRECT	The person experiences life, creatures, place, scale, loyalty, and growth as membership in a larger living whole.	data/factions.json#/factions/NAYA/affinity/drawn_to; docs/architecture/colors/naya/identity.md#operator-translation-signals	OFF-COLOR-INDEX; OFF-THREE-COLOR	The guide resonates statement is a bounded paraphrase of the controlling Vox Mana philosophy, affinity, tension, or false-positive fields. Official review found no direct contradiction; project-synthesis caveats in upstream remain controlling.	PRESERVE
VM554-25-03	25	NAYA	Naya	CONNECTS	SUPPORTED-SYNTHESIS	It shares instinct with Gruul, community with Selesnya, and urgent loyalty with Boros, while remaining a distinct Alaran shard centered on Green-led abundance and living relation.	data/factions.json#/factions/NAYA/affinity/not_to_be_confused_with; data/factions.json#/factions/NAYA/raw_enrichment/views_on_other_factions; docs/architecture/colors/naya/identity.md#false-positive-risks-and-neighbor-boundaries	OFF-COLOR-INDEX; OFF-THREE-COLOR	Corrected wording treats the guilds as bounded comparison textures and preserves Naya as a distinct Alaran shard.	PRESERVE_WITH_SYNTHESIS_LABEL
VM554-25-04	25	NAYA	Naya	PUSHES_BACK	UPSTREAM-DIRECT	It rejects Blue control and Black extraction; internally it must keep abundance from becoming mere size or overgrowth.	data/factions.json#/factions/NAYA/affinity/repelled_by; data/factions.json#/factions/NAYA/core_tension; docs/architecture/colors/naya/identity.md#inhibitors-or-false-positive-risks	OFF-COLOR-INDEX; OFF-THREE-COLOR	The guide pushes_back statement is a bounded paraphrase of the controlling Vox Mana philosophy, affinity, tension, or false-positive fields. Official review found no direct contradiction; project-synthesis caveats in upstream remain controlling.	PRESERVE
VM554-25-05	25	NAYA	Naya	REJECTS	UPSTREAM-DIRECT	Big creatures, tokens, go-wide play, or nature aesthetics are not Naya without care, bond, place, and Green-centered belonging.	data/factions.json#/factions/NAYA/affinity/not_to_be_confused_with; docs/architecture/colors/naya/identity.md#false-positive-risks	OFF-COLOR-INDEX; OFF-THREE-COLOR	The guide rejects statement is a bounded paraphrase of the controlling Vox Mana philosophy, affinity, tension, or false-positive fields. Official review found no direct contradiction; project-synthesis caveats in upstream remain controlling.	PRESERVE
VM554-26-01	26	ABZAN	Abzan Houses	CENTER	UPSTREAM-DIRECT	Abzan Houses (WBG) - White-led endurance through family and ancestor duty.	data/factions.json#/factions/ABZAN/philosophy; docs/architecture/colors/abzan/identity.md#identity-overview-or-core-drive; docs/architecture/colors/abzan/metaphysics.md#metaphysical-thesis	OFF-COLOR-INDEX; OFF-THREE-COLOR	The guide center statement is a bounded paraphrase of the controlling Vox Mana philosophy, affinity, tension, or false-positive fields. Official review found no direct contradiction; project-synthesis caveats in upstream remain controlling.	PRESERVE
VM554-26-02	26	ABZAN	Abzan Houses	RESONATES	UPSTREAM-DIRECT	The person values kinship, intergenerational protection, ancestor memory, defensive patience, and continuity that survives real cost.	data/factions.json#/factions/ABZAN/affinity/drawn_to; docs/architecture/colors/abzan/identity.md#operator-translation-signals	OFF-COLOR-INDEX; OFF-THREE-COLOR	The guide resonates statement is a bounded paraphrase of the controlling Vox Mana philosophy, affinity, tension, or false-positive fields. Official review found no direct contradiction; project-synthesis caveats in upstream remain controlling.	PRESERVE
VM554-26-03	26	ABZAN	Abzan Houses	CONNECTS	SUPPORTED-SYNTHESIS	It shares obligation with Orzhov, community with Selesnya, and continuity with Golgari, while remaining a distinct Tarkir clan centered on White-led house and ancestor duty.	data/factions.json#/factions/ABZAN/affinity/not_to_be_confused_with; data/factions.json#/factions/ABZAN/raw_enrichment/views_on_other_factions; docs/architecture/colors/abzan/identity.md#false-positive-risks-and-neighbor-boundaries	OFF-COLOR-INDEX; OFF-THREE-COLOR	Corrected wording treats the guilds as bounded comparison textures and preserves Abzan as a distinct Tarkir clan.	PRESERVE_WITH_SYNTHESIS_LABEL
VM554-26-04	26	ABZAN	Abzan Houses	PUSHES_BACK	UPSTREAM-DIRECT	It rejects Red immediacy; internally it must keep inherited duty from becoming exclusion, rigidity, or obligation without consent.	data/factions.json#/factions/ABZAN/affinity/repelled_by; data/factions.json#/factions/ABZAN/core_tension; docs/architecture/colors/abzan/identity.md#inhibitors-or-false-positive-risks	OFF-COLOR-INDEX; OFF-THREE-COLOR	The guide pushes_back statement is a bounded paraphrase of the controlling Vox Mana philosophy, affinity, tension, or false-positive fields. Official review found no direct contradiction; project-synthesis caveats in upstream remain controlling.	PRESERVE
VM554-26-05	26	ABZAN	Abzan Houses	REJECTS	UPSTREAM-DIRECT	Toughness, counters, recursion, family language, or same-color goodstuff is not Abzan without White-led house continuity and ancestor responsibility.	data/factions.json#/factions/ABZAN/affinity/not_to_be_confused_with; docs/architecture/colors/abzan/identity.md#false-positive-risks	OFF-COLOR-INDEX; OFF-THREE-COLOR	The guide rejects statement is a bounded paraphrase of the controlling Vox Mana philosophy, affinity, tension, or false-positive fields. Official review found no direct contradiction; project-synthesis caveats in upstream remain controlling.	PRESERVE
VM554-27-01	27	TEMUR	Temur Frontier	CENTER	UPSTREAM-DIRECT	Temur Frontier (GUR) - Green-led survival through attunement and earned strength.	data/factions.json#/factions/TEMUR/philosophy; docs/architecture/colors/temur/identity.md#identity-overview-or-core-drive; docs/architecture/colors/temur/metaphysics.md#metaphysical-thesis	OFF-COLOR-INDEX; OFF-THREE-COLOR	The guide center statement is a bounded paraphrase of the controlling Vox Mana philosophy, affinity, tension, or false-positive fields. Official review found no direct contradiction; project-synthesis caveats in upstream remain controlling.	PRESERVE
VM554-27-02	27	TEMUR	Temur Frontier	RESONATES	UPSTREAM-DIRECT	The person listens to terrain, body, instinct, elemental memory, and pattern before taking decisive action.	data/factions.json#/factions/TEMUR/affinity/drawn_to; docs/architecture/colors/temur/identity.md#operator-translation-signals	OFF-COLOR-INDEX; OFF-THREE-COLOR	The guide resonates statement is a bounded paraphrase of the controlling Vox Mana philosophy, affinity, tension, or false-positive fields. Official review found no direct contradiction; project-synthesis caveats in upstream remain controlling.	PRESERVE
VM554-27-03	27	TEMUR	Temur Frontier	CONNECTS	SUPPORTED-SYNTHESIS	It shares instinct with Gruul, living-system attention with Simic, and perception/action texture with Izzet, while remaining a distinct Tarkir clan centered on Green-led attunement and survival.	data/factions.json#/factions/TEMUR/affinity/not_to_be_confused_with; data/factions.json#/factions/TEMUR/raw_enrichment/views_on_other_factions; docs/architecture/colors/temur/identity.md#false-positive-risks-and-neighbor-boundaries	OFF-COLOR-INDEX; OFF-THREE-COLOR	Corrected wording treats the guilds as bounded comparison textures and preserves Temur as a distinct Tarkir clan.	PRESERVE_WITH_SYNTHESIS_LABEL
VM554-27-04	27	TEMUR	Temur Frontier	PUSHES_BACK	UPSTREAM-DIRECT	It rejects White imposed order and Black opportunism; internally it must keep hard-earned strength from becoming isolation or force without wisdom.	data/factions.json#/factions/TEMUR/affinity/repelled_by; data/factions.json#/factions/TEMUR/core_tension; docs/architecture/colors/temur/identity.md#inhibitors-or-false-positive-risks	OFF-COLOR-INDEX; OFF-THREE-COLOR	The guide pushes_back statement is a bounded paraphrase of the controlling Vox Mana philosophy, affinity, tension, or false-positive fields. Official review found no direct contradiction; project-synthesis caveats in upstream remain controlling.	PRESERVE
VM554-27-05	27	TEMUR	Temur Frontier	REJECTS	UPSTREAM-DIRECT	Monsters, ferocity, elements, ramp, or same-color goodstuff is not Temur without Green-led attunement, mental fortitude, and action after listening.	data/factions.json#/factions/TEMUR/affinity/not_to_be_confused_with; docs/architecture/colors/temur/identity.md#false-positive-risks	OFF-COLOR-INDEX; OFF-THREE-COLOR	The guide rejects statement is a bounded paraphrase of the controlling Vox Mana philosophy, affinity, tension, or false-positive fields. Official review found no direct contradiction; project-synthesis caveats in upstream remain controlling.	PRESERVE
VM554-28-01	28	SULTAI	Sultai Brood	CENTER	UPSTREAM-DIRECT	Sultai Brood (BGU) - Black-led opportunity through calculated resource conversion.	data/factions.json#/factions/SULTAI/philosophy; docs/architecture/colors/sultai/identity.md#identity-overview-or-core-drive; docs/architecture/colors/sultai/metaphysics.md#metaphysical-thesis	OFF-COLOR-INDEX; OFF-THREE-COLOR	The guide center statement is a bounded paraphrase of the controlling Vox Mana philosophy, affinity, tension, or false-positive fields. Official review found no direct contradiction; project-synthesis caveats in upstream remain controlling.	PRESERVE
VM554-28-02	28	SULTAI	Sultai Brood	RESONATES	UPSTREAM-DIRECT	The person sees secrets, bodies, graveyards, costs, and openings as material that can be selectively converted into power.	data/factions.json#/factions/SULTAI/affinity/drawn_to; docs/architecture/colors/sultai/identity.md#operator-translation-signals	OFF-COLOR-INDEX; OFF-THREE-COLOR	The guide resonates statement is a bounded paraphrase of the controlling Vox Mana philosophy, affinity, tension, or false-positive fields. Official review found no direct contradiction; project-synthesis caveats in upstream remain controlling.	PRESERVE
VM554-28-03	28	SULTAI	Sultai Brood	CONNECTS	SUPPORTED-SYNTHESIS	It shares secrecy with Dimir, material-cycle texture with Golgari, and adaptation with Simic, while remaining a distinct Tarkir clan centered on Black-led ruthless opportunity and conversion.	data/factions.json#/factions/SULTAI/affinity/not_to_be_confused_with; data/factions.json#/factions/SULTAI/raw_enrichment/views_on_other_factions; docs/architecture/colors/sultai/identity.md#false-positive-risks-and-neighbor-boundaries	OFF-COLOR-INDEX; OFF-THREE-COLOR	Corrected wording treats the guilds as bounded comparison textures and preserves Sultai as a distinct Tarkir clan.	PRESERVE_WITH_SYNTHESIS_LABEL
VM554-28-04	28	SULTAI	Sultai Brood	PUSHES_BACK	UPSTREAM-DIRECT	It rejects White moral order and Red impulsive release; internally it must stop calculation and ambition from becoming domination.	data/factions.json#/factions/SULTAI/affinity/repelled_by; data/factions.json#/factions/SULTAI/core_tension; docs/architecture/colors/sultai/identity.md#inhibitors-or-false-positive-risks	OFF-COLOR-INDEX; OFF-THREE-COLOR	The guide pushes_back statement is a bounded paraphrase of the controlling Vox Mana philosophy, affinity, tension, or false-positive fields. Official review found no direct contradiction; project-synthesis caveats in upstream remain controlling.	PRESERVE
VM554-28-05	28	SULTAI	Sultai Brood	REJECTS	UPSTREAM-DIRECT	Graveyard value, ramp, control, poison, or same-color goodstuff is not Sultai without Black-led opportunism and planned conversion.	data/factions.json#/factions/SULTAI/affinity/not_to_be_confused_with; docs/architecture/colors/sultai/identity.md#false-positive-risks	OFF-COLOR-INDEX; OFF-THREE-COLOR	The guide rejects statement is a bounded paraphrase of the controlling Vox Mana philosophy, affinity, tension, or false-positive fields. Official review found no direct contradiction; project-synthesis caveats in upstream remain controlling.	PRESERVE
VM554-29-01	29	MARDU	Mardu Horde	CENTER	UPSTREAM-DIRECT	Mardu Horde (RWB) - Red-led speed bound to martial oath.	data/factions.json#/factions/MARDU/philosophy; docs/architecture/colors/mardu/identity.md#identity-overview-or-core-drive; docs/architecture/colors/mardu/metaphysics.md#metaphysical-thesis	OFF-COLOR-INDEX; OFF-THREE-COLOR	The guide center statement is a bounded paraphrase of the controlling Vox Mana philosophy, affinity, tension, or false-positive fields. Official review found no direct contradiction; project-synthesis caveats in upstream remain controlling.	PRESERVE
VM554-29-02	29	MARDU	Mardu Horde	RESONATES	UPSTREAM-DIRECT	The person values total commitment, coordinated attack, war names, oaths, and taking the opening while it exists.	data/factions.json#/factions/MARDU/affinity/drawn_to; docs/architecture/colors/mardu/identity.md#operator-translation-signals	OFF-COLOR-INDEX; OFF-THREE-COLOR	The guide resonates statement is a bounded paraphrase of the controlling Vox Mana philosophy, affinity, tension, or false-positive fields. Official review found no direct contradiction; project-synthesis caveats in upstream remain controlling.	PRESERVE
VM554-29-03	29	MARDU	Mardu Horde	CONNECTS	SUPPORTED-SYNTHESIS	It shares formation with Boros, obligation with Orzhov, and appetite with Rakdos, while remaining a distinct Tarkir clan centered on Red-led speed under Horde code.	data/factions.json#/factions/MARDU/affinity/not_to_be_confused_with; data/factions.json#/factions/MARDU/raw_enrichment/views_on_other_factions; docs/architecture/colors/mardu/identity.md#false-positive-risks-and-neighbor-boundaries	OFF-COLOR-INDEX; OFF-THREE-COLOR	Corrected wording treats the guilds as bounded comparison textures and preserves Mardu as a distinct Tarkir clan.	PRESERVE_WITH_SYNTHESIS_LABEL
VM554-29-04	29	MARDU	Mardu Horde	PUSHES_BACK	UPSTREAM-DIRECT	It rejects Blue delay; internally it must keep speed from outrunning oath into conquest, cruelty, or overextension.	data/factions.json#/factions/MARDU/affinity/repelled_by; data/factions.json#/factions/MARDU/core_tension; docs/architecture/colors/mardu/identity.md#inhibitors-or-false-positive-risks	OFF-COLOR-INDEX; OFF-THREE-COLOR	The guide pushes_back statement is a bounded paraphrase of the controlling Vox Mana philosophy, affinity, tension, or false-positive fields. Official review found no direct contradiction; project-synthesis caveats in upstream remain controlling.	PRESERVE
VM554-29-05	29	MARDU	Mardu Horde	REJECTS	UPSTREAM-DIRECT	Aggro, warriors, tokens, sacrifice, or same-color goodstuff is not Mardu without Red-led commitment disciplined by martial identity.	data/factions.json#/factions/MARDU/affinity/not_to_be_confused_with; docs/architecture/colors/mardu/identity.md#false-positive-risks	OFF-COLOR-INDEX; OFF-THREE-COLOR	The guide rejects statement is a bounded paraphrase of the controlling Vox Mana philosophy, affinity, tension, or false-positive fields. Official review found no direct contradiction; project-synthesis caveats in upstream remain controlling.	PRESERVE
VM554-30-01	30	JESKAI	Jeskai Way	CENTER	UPSTREAM-DIRECT	Jeskai Way (URW) - Blue-led insight trained into responsible action.	data/factions.json#/factions/JESKAI/philosophy; docs/architecture/colors/jeskai/identity.md#identity-overview-or-core-drive; docs/architecture/colors/jeskai/metaphysics.md#metaphysical-thesis	OFF-COLOR-INDEX; OFF-THREE-COLOR	The guide center statement is a bounded paraphrase of the controlling Vox Mana philosophy, affinity, tension, or false-positive fields. Official review found no direct contradiction; project-synthesis caveats in upstream remain controlling.	PRESERVE
VM554-30-02	30	JESKAI	Jeskai Way	RESONATES	UPSTREAM-DIRECT	The person values practice, breath, timing, cunning, precision, compassion, and action that has been trained before release.	data/factions.json#/factions/JESKAI/affinity/drawn_to; docs/architecture/colors/jeskai/identity.md#operator-translation-signals	OFF-COLOR-INDEX; OFF-THREE-COLOR	The guide resonates statement is a bounded paraphrase of the controlling Vox Mana philosophy, affinity, tension, or false-positive fields. Official review found no direct contradiction; project-synthesis caveats in upstream remain controlling.	PRESERVE
VM554-30-03	30	JESKAI	Jeskai Way	CONNECTS	SUPPORTED-SYNTHESIS	It shares insight with Izzet, formal discipline with Azorius, and decisive action with Boros, while remaining a distinct Tarkir clan centered on Blue-led trained action and restraint.	data/factions.json#/factions/JESKAI/affinity/not_to_be_confused_with; data/factions.json#/factions/JESKAI/raw_enrichment/views_on_other_factions; docs/architecture/colors/jeskai/identity.md#false-positive-risks-and-neighbor-boundaries	OFF-COLOR-INDEX; OFF-THREE-COLOR	Corrected wording treats the guilds as bounded comparison textures and preserves Jeskai as a distinct Tarkir clan.	PRESERVE_WITH_SYNTHESIS_LABEL
VM554-30-04	30	JESKAI	Jeskai Way	PUSHES_BACK	UPSTREAM-DIRECT	It rejects Green acceptance; internally it must keep discipline from becoming empty delay that never serves the moment.	data/factions.json#/factions/JESKAI/affinity/repelled_by; data/factions.json#/factions/JESKAI/core_tension; docs/architecture/colors/jeskai/identity.md#inhibitors-or-false-positive-risks	OFF-COLOR-INDEX; OFF-THREE-COLOR	The guide pushes_back statement is a bounded paraphrase of the controlling Vox Mana philosophy, affinity, tension, or false-positive fields. Official review found no direct contradiction; project-synthesis caveats in upstream remain controlling.	PRESERVE
VM554-30-05	30	JESKAI	Jeskai Way	REJECTS	UPSTREAM-DIRECT	Prowess, spells, monks, control, martial aesthetics, or same-color goodstuff is not Jeskai without Blue-led trained action and restraint.	data/factions.json#/factions/JESKAI/affinity/not_to_be_confused_with; docs/architecture/colors/jeskai/identity.md#false-positive-risks	OFF-COLOR-INDEX; OFF-THREE-COLOR	The guide rejects statement is a bounded paraphrase of the controlling Vox Mana philosophy, affinity, tension, or false-positive fields. Official review found no direct contradiction; project-synthesis caveats in upstream remain controlling.	PRESERVE
VM554-31-01	31	YORE	Yore / Artifice	CENTER	UPSTREAM-DIRECT	Yore / Artifice (WUBR, no Green) - agency through constructed intervention.	data/factions.json#/factions/YORE/philosophy; docs/architecture/colors/yore/identity.md#identity-overview-or-core-drive; docs/architecture/colors/yore/metaphysics.md#metaphysical-thesis	OFF-CMD2016-FOUR-COLOR	The guide center statement is a bounded paraphrase of the controlling Vox Mana philosophy, affinity, tension, or false-positive fields. Official review found no direct contradiction; project-synthesis caveats in upstream remain controlling.	PRESERVE
VM554-31-02	31	YORE	Yore / Artifice	RESONATES	UPSTREAM-DIRECT	The person rebuilds systems, bodies, archives, contracts, or machines rather than accepting inherited limits as destiny.	data/factions.json#/factions/YORE/affinity/drawn_to; docs/architecture/colors/yore/identity.md#operator-translation-signals	OFF-CMD2016-FOUR-COLOR	The guide resonates statement is a bounded paraphrase of the controlling Vox Mana philosophy, affinity, tension, or false-positive fields. Official review found no direct contradiction; project-synthesis caveats in upstream remain controlling.	PRESERVE
VM554-31-03	31	YORE	Yore / Artifice	CONNECTS	SUPPORTED-SYNTHESIS	Yore is near Esper's design, Grixis's refusal to be erased, Izzet's invention, and Orzhov's durable structure, but adds all four into engineered continuity.	data/factions.json#/factions/YORE/affinity/not_to_be_confused_with; data/factions.json#/factions/YORE/raw_enrichment/views_on_other_factions; docs/architecture/colors/yore/identity.md#false-positive-risks-and-neighbor-boundaries	OFF-CMD2016-FOUR-COLOR	The comparison conservatively converts explicit upstream near-match boundaries into relationship language and is consistent with the official Commander 2016 four-color faction frame. Nearness remains shaping guidance, not identity proof.	PRESERVE_WITH_SYNTHESIS_LABEL
VM554-31-04	31	YORE	Yore / Artifice	PUSHES_BACK	UPSTREAM-DIRECT	Green asks Yore to respect cycles, organic belonging, and limits that may contain wisdom; Yore replies that nature is not the final blueprint.	data/factions.json#/factions/YORE/affinity/repelled_by; data/factions.json#/factions/YORE/core_tension; docs/architecture/colors/yore/identity.md#inhibitors-or-false-positive-risks	OFF-CMD2016-FOUR-COLOR	The guide pushes_back statement is a bounded paraphrase of the controlling Vox Mana philosophy, affinity, tension, or false-positive fields. Official review found no direct contradiction; project-synthesis caveats in upstream remain controlling.	PRESERVE
VM554-31-05	31	YORE	Yore / Artifice	REJECTS	UPSTREAM-DIRECT	Generic artifacts, recursion, optimization, or four-color breadth is not Yore without a deliberate missing-Green commitment to constructed agency over natural acceptance.	data/factions.json#/factions/YORE/affinity/not_to_be_confused_with; docs/architecture/colors/yore/identity.md#false-positive-risks	OFF-CMD2016-FOUR-COLOR	The guide rejects statement is a bounded paraphrase of the controlling Vox Mana philosophy, affinity, tension, or false-positive fields. Official review found no direct contradiction; project-synthesis caveats in upstream remain controlling.	PRESERVE
VM554-32-01	32	GLINT	Glint / Chaos	CENTER	UPSTREAM-DIRECT	Glint / Chaos (UBRG, no White) - adaptive power without civic restraint.	data/factions.json#/factions/GLINT/philosophy; docs/architecture/colors/glint/identity.md#identity-overview-or-core-drive; docs/architecture/colors/glint/metaphysics.md#metaphysical-thesis	OFF-CMD2016-FOUR-COLOR	The guide center statement is a bounded paraphrase of the controlling Vox Mana philosophy, affinity, tension, or false-positive fields. Official review found no direct contradiction; project-synthesis caveats in upstream remain controlling.	PRESERVE
VM554-32-02	32	GLINT	Glint / Chaos	RESONATES	UPSTREAM-DIRECT	The person learns, feeds, improvises, escalates, and stays alive in the storm without asking public order to authorize the outcome.	data/factions.json#/factions/GLINT/affinity/drawn_to; docs/architecture/colors/glint/identity.md#operator-translation-signals	OFF-CMD2016-FOUR-COLOR	The guide resonates statement is a bounded paraphrase of the controlling Vox Mana philosophy, affinity, tension, or false-positive fields. Official review found no direct contradiction; project-synthesis caveats in upstream remain controlling.	PRESERVE
VM554-32-03	32	GLINT	Glint / Chaos	CONNECTS	SUPPORTED-SYNTHESIS	Glint touches Grixis leverage, Jund appetite, Temur vitality, and Sultai adaptation, but refuses to let any White-style common order stabilize them.	data/factions.json#/factions/GLINT/affinity/not_to_be_confused_with; data/factions.json#/factions/GLINT/raw_enrichment/views_on_other_factions; docs/architecture/colors/glint/identity.md#false-positive-risks-and-neighbor-boundaries	OFF-CMD2016-FOUR-COLOR	The comparison conservatively converts explicit upstream near-match boundaries into relationship language and is consistent with the official Commander 2016 four-color faction frame. Nearness remains shaping guidance, not identity proof.	PRESERVE_WITH_SYNTHESIS_LABEL
VM554-32-04	32	GLINT	Glint / Chaos	PUSHES_BACK	UPSTREAM-DIRECT	White asks who protects the public from appetite and power; Glint asks whether civic safety has become a cage around honest possibility.	data/factions.json#/factions/GLINT/affinity/repelled_by; data/factions.json#/factions/GLINT/core_tension; docs/architecture/colors/glint/identity.md#inhibitors-or-false-positive-risks	OFF-CMD2016-FOUR-COLOR	The guide pushes_back statement is a bounded paraphrase of the controlling Vox Mana philosophy, affinity, tension, or false-positive fields. Official review found no direct contradiction; project-synthesis caveats in upstream remain controlling.	PRESERVE
VM554-32-05	32	GLINT	Glint / Chaos	REJECTS	UPSTREAM-DIRECT	Chaos, cascade, value, or four-color goodstuff is not Glint without a deliberate missing-White rejection of peace-through-law, duty, and civic restraint.	data/factions.json#/factions/GLINT/affinity/not_to_be_confused_with; docs/architecture/colors/glint/identity.md#false-positive-risks	OFF-CMD2016-FOUR-COLOR	The guide rejects statement is a bounded paraphrase of the controlling Vox Mana philosophy, affinity, tension, or false-positive fields. Official review found no direct contradiction; project-synthesis caveats in upstream remain controlling.	PRESERVE
VM554-33-01	33	DUNE	Dune / Aggression	CENTER	UPSTREAM-DIRECT	Dune / Aggression (BRGW, no Blue) - embodied presence claiming ground.	data/factions.json#/factions/DUNE/philosophy; docs/architecture/colors/dune/identity.md#identity-overview-or-core-drive; docs/architecture/colors/dune/metaphysics.md#metaphysical-thesis	OFF-CMD2016-FOUR-COLOR	The guide center statement is a bounded paraphrase of the controlling Vox Mana philosophy, affinity, tension, or false-positive fields. Official review found no direct contradiction; project-synthesis caveats in upstream remain controlling.	PRESERVE
VM554-33-02	33	DUNE	Dune / Aggression	RESONATES	UPSTREAM-DIRECT	The person trusts bodies already moving, territorial solidarity, formation, multiplication, and pressure applied before contemplation cools the opening.	data/factions.json#/factions/DUNE/affinity/drawn_to; docs/architecture/colors/dune/identity.md#operator-translation-signals	OFF-CMD2016-FOUR-COLOR	The guide resonates statement is a bounded paraphrase of the controlling Vox Mana philosophy, affinity, tension, or false-positive fields. Official review found no direct contradiction; project-synthesis caveats in upstream remain controlling.	PRESERVE
VM554-33-03	33	DUNE	Dune / Aggression	CONNECTS	SUPPORTED-SYNTHESIS	Dune touches Mardu's charge, Naya's bodies, Abzan's line, and Jund's appetite, but removes Blue's detached analysis from the common front.	data/factions.json#/factions/DUNE/affinity/not_to_be_confused_with; data/factions.json#/factions/DUNE/raw_enrichment/views_on_other_factions; docs/architecture/colors/dune/identity.md#false-positive-risks-and-neighbor-boundaries	OFF-CMD2016-FOUR-COLOR	The comparison conservatively converts explicit upstream near-match boundaries into relationship language and is consistent with the official Commander 2016 four-color faction frame. Nearness remains shaping guidance, not identity proof.	PRESERVE_WITH_SYNTHESIS_LABEL
VM554-33-04	33	DUNE	Dune / Aggression	PUSHES_BACK	UPSTREAM-DIRECT	Blue asks for distance, models, and scenario mapping; Dune answers that presence and coordinated motion can themselves establish truth.	data/factions.json#/factions/DUNE/affinity/repelled_by; data/factions.json#/factions/DUNE/core_tension; docs/architecture/colors/dune/identity.md#inhibitors-or-false-positive-risks	OFF-CMD2016-FOUR-COLOR	The guide pushes_back statement is a bounded paraphrase of the controlling Vox Mana philosophy, affinity, tension, or false-positive fields. Official review found no direct contradiction; project-synthesis caveats in upstream remain controlling.	PRESERVE
VM554-33-05	33	DUNE	Dune / Aggression	REJECTS	UPSTREAM-DIRECT	Tokens, combat, go-wide pressure, or four-color goodstuff is not Dune without a deliberate missing-Blue commitment to embodied action over detached contemplation.	data/factions.json#/factions/DUNE/affinity/not_to_be_confused_with; docs/architecture/colors/dune/identity.md#false-positive-risks	OFF-CMD2016-FOUR-COLOR	The guide rejects statement is a bounded paraphrase of the controlling Vox Mana philosophy, affinity, tension, or false-positive fields. Official review found no direct contradiction; project-synthesis caveats in upstream remain controlling.	PRESERVE
VM554-34-01	34	INK	Ink / Altruism	CENTER	UPSTREAM-DIRECT	Ink / Altruism (RGWU, no Black) - abundance circulating through a defended commons.	data/factions.json#/factions/INK/philosophy; docs/architecture/colors/ink/identity.md#identity-overview-or-core-drive; docs/architecture/colors/ink/metaphysics.md#metaphysical-thesis	OFF-CMD2016-FOUR-COLOR	The guide center statement is a bounded paraphrase of the controlling Vox Mana philosophy, affinity, tension, or false-positive fields. Official review found no direct contradiction; project-synthesis caveats in upstream remain controlling.	PRESERVE
VM554-34-02	34	INK	Ink / Altruism	RESONATES	UPSTREAM-DIRECT	The person wants resources, care, knowledge, memory, and prosperity to move through a community with consent and protection from capture.	data/factions.json#/factions/INK/affinity/drawn_to; docs/architecture/colors/ink/identity.md#operator-translation-signals	OFF-CMD2016-FOUR-COLOR	The guide resonates statement is a bounded paraphrase of the controlling Vox Mana philosophy, affinity, tension, or false-positive fields. Official review found no direct contradiction; project-synthesis caveats in upstream remain controlling.	PRESERVE
VM554-34-03	34	INK	Ink / Altruism	CONNECTS	SUPPORTED-SYNTHESIS	Ink touches Selesnya belonging, Bant public trust, Naya abundance, and Blue open knowledge, but refuses Black-style private leverage as the center.	data/factions.json#/factions/INK/affinity/not_to_be_confused_with; data/factions.json#/factions/INK/raw_enrichment/views_on_other_factions; docs/architecture/colors/ink/identity.md#false-positive-risks-and-neighbor-boundaries	OFF-CMD2016-FOUR-COLOR	The comparison conservatively converts explicit upstream near-match boundaries into relationship language and is consistent with the official Commander 2016 four-color faction frame. Nearness remains shaping guidance, not identity proof.	PRESERVE_WITH_SYNTHESIS_LABEL
VM554-34-04	34	INK	Ink / Altruism	PUSHES_BACK	UPSTREAM-DIRECT	Black asks whether the individual may keep enough power to remain free; Ink asks when private accumulation breaks the living circuit of the commons.	data/factions.json#/factions/INK/affinity/repelled_by; data/factions.json#/factions/INK/core_tension; docs/architecture/colors/ink/identity.md#inhibitors-or-false-positive-risks	OFF-CMD2016-FOUR-COLOR	The guide pushes_back statement is a bounded paraphrase of the controlling Vox Mana philosophy, affinity, tension, or false-positive fields. Official review found no direct contradiction; project-synthesis caveats in upstream remain controlling.	PRESERVE
VM554-34-05	34	INK	Ink / Altruism	REJECTS	UPSTREAM-DIRECT	Group hug, friendliness, generosity, politics, or four-color goodstuff is not Ink without a deliberate missing-Black resistance to hoarding and self-first leverage.	data/factions.json#/factions/INK/affinity/not_to_be_confused_with; docs/architecture/colors/ink/identity.md#false-positive-risks	OFF-CMD2016-FOUR-COLOR	The guide rejects statement is a bounded paraphrase of the controlling Vox Mana philosophy, affinity, tension, or false-positive fields. Official review found no direct contradiction; project-synthesis caveats in upstream remain controlling.	PRESERVE
VM554-35-01	35	WITCH	Witch / Growth	CENTER	UPSTREAM-DIRECT	Witch / Growth (GWUB, no Red) - inevitability through patient cultivation.	data/factions.json#/factions/WITCH/philosophy; docs/architecture/colors/witch/identity.md#identity-overview-or-core-drive; docs/architecture/colors/witch/metaphysics.md#metaphysical-thesis	OFF-CMD2016-FOUR-COLOR	The guide center statement is a bounded paraphrase of the controlling Vox Mana philosophy, affinity, tension, or false-positive fields. Official review found no direct contradiction; project-synthesis caveats in upstream remain controlling.	PRESERVE
VM554-35-02	35	WITCH	Witch / Growth	RESONATES	UPSTREAM-DIRECT	The person protects small investments, compounds knowledge and resources, and trusts disciplined systems to become overwhelming over time.	data/factions.json#/factions/WITCH/affinity/drawn_to; docs/architecture/colors/witch/identity.md#operator-translation-signals	OFF-CMD2016-FOUR-COLOR	The guide resonates statement is a bounded paraphrase of the controlling Vox Mana philosophy, affinity, tension, or false-positive fields. Official review found no direct contradiction; project-synthesis caveats in upstream remain controlling.	PRESERVE
VM554-35-03	35	WITCH	Witch / Growth	CONNECTS	SUPPORTED-SYNTHESIS	Witch touches Abzan endurance, Esper planning, Bant structure, and Sultai ambition, but removes Red impulse from the engine.	data/factions.json#/factions/WITCH/affinity/not_to_be_confused_with; data/factions.json#/factions/WITCH/raw_enrichment/views_on_other_factions; docs/architecture/colors/witch/identity.md#false-positive-risks-and-neighbor-boundaries	OFF-CMD2016-FOUR-COLOR	The comparison conservatively converts explicit upstream near-match boundaries into relationship language and is consistent with the official Commander 2016 four-color faction frame. Nearness remains shaping guidance, not identity proof.	PRESERVE_WITH_SYNTHESIS_LABEL
VM554-35-04	35	WITCH	Witch / Growth	PUSHES_BACK	UPSTREAM-DIRECT	Red asks whether the plan is still alive if it cannot answer the present moment; Witch asks why a momentary feeling should be allowed to burn the future.	data/factions.json#/factions/WITCH/affinity/repelled_by; data/factions.json#/factions/WITCH/core_tension; docs/architecture/colors/witch/identity.md#inhibitors-or-false-positive-risks	OFF-CMD2016-FOUR-COLOR	The guide pushes_back statement is a bounded paraphrase of the controlling Vox Mana philosophy, affinity, tension, or false-positive fields. Official review found no direct contradiction; project-synthesis caveats in upstream remain controlling.	PRESERVE
VM554-35-05	35	WITCH	Witch / Growth	REJECTS	UPSTREAM-DIRECT	Counters, proliferate, control, value, or four-color goodstuff is not Witch without a deliberate missing-Red commitment to patient, calculated cultivation.	data/factions.json#/factions/WITCH/affinity/not_to_be_confused_with; docs/architecture/colors/witch/identity.md#false-positive-risks	OFF-CMD2016-FOUR-COLOR	The guide rejects statement is a bounded paraphrase of the controlling Vox Mana philosophy, affinity, tension, or false-positive fields. Official review found no direct contradiction; project-synthesis caveats in upstream remain controlling.	PRESERVE
VM554-36-01	36	COLORLESS	Colorless	CENTER	UPSTREAM-DIRECT	Colorless - deliberate outside-WUBRG constraint.	data/factions.json#/factions/COLORLESS/philosophy; docs/architecture/colors/colorless/identity.md#identity-overview-or-core-drive; docs/architecture/colors/colorless/metaphysics.md#metaphysical-thesis	OFF-COLORLESS	The guide center statement is a bounded paraphrase of the controlling Vox Mana philosophy, affinity, tension, or false-positive fields. Official review found no direct contradiction; project-synthesis caveats in upstream remain controlling.	PRESERVE
VM554-36-02	36	COLORLESS	Colorless	RESONATES	UPSTREAM-DIRECT	The person is drawn to strict non-color construction, precise mana distinctions, artifact machinery, Wastes austerity, alien scale, or an outside perspective kept in clearly separate branches.	data/factions.json#/factions/COLORLESS/affinity/drawn_to; docs/architecture/colors/colorless/identity.md#operator-translation-signals	OFF-COLORLESS	The guide resonates statement is a bounded paraphrase of the controlling Vox Mana philosophy, affinity, tension, or false-positive fields. Official review found no direct contradiction; project-synthesis caveats in upstream remain controlling.	PRESERVE
VM554-36-03	36	COLORLESS	Colorless	CONNECTS	PROJECT-SYNTHESIS	It can resemble Yore through machinery or Blue through detachment, but it is not another color philosophy and does not inherit those value commitments automatically.	docs/architecture/colors/colorless/identity.md#false-positive-risks	OFF-COLORLESS	The Yore-machinery and Blue-detachment resemblance is not an explicit controlling positive neighbor assertion and is not official colorless philosophy. The caveat that Colorless inherits neither philosophy keeps it useful as a project-only comparison.	PRESERVE_WITH_EXPLICIT_PROJECT_LABEL
VM554-36-04	36	COLORLESS	Colorless	PUSHES_BACK	UPSTREAM-DIRECT	Every color asks which value guides the answer; Colorless asks whether the answer must be expressed in that value grammar at all.	data/factions.json#/factions/COLORLESS/affinity/repelled_by; data/factions.json#/factions/COLORLESS/core_tension; docs/architecture/colors/colorless/identity.md#inhibitors-or-false-positive-risks	OFF-COLORLESS	The guide pushes_back statement is a bounded paraphrase of the controlling Vox Mana philosophy, affinity, tension, or false-positive fields. Official review found no direct contradiction; project-synthesis caveats in upstream remain controlling.	PRESERVE
VM554-36-05	36	COLORLESS	Colorless	REJECTS	UPSTREAM-DIRECT	Generic artifacts, generic mana, Eldrazi, Devoid, Phyrexia, or lack of colored pips do not prove Colorless; superiority over WUBRG is an explicit false fit.	data/factions.json#/factions/COLORLESS/affinity/not_to_be_confused_with; docs/architecture/colors/colorless/identity.md#false-positive-risks	OFF-COLORLESS	The guide rejects statement is a bounded paraphrase of the controlling Vox Mana philosophy, affinity, tension, or false-positive fields. Official review found no direct contradiction; project-synthesis caveats in upstream remain controlling.	PRESERVE
VM554-37-01	37	WUBRG	Five-Color / WUBRG	CENTER	UPSTREAM-DIRECT	Five-Color / WUBRG - every color given a meaningful voice.	data/factions.json#/factions/WUBRG/philosophy; data/raw-factions/wubrg/wubrg.profile.json; data/raw-factions/wubrg/wubrg.placement.json	NONE-WUBRG-PHILOSOPHY-NOT-OFFICIALLY-ESTABLISHED	The guide center statement is a bounded paraphrase of the controlling Vox Mana philosophy, affinity, tension, or false-positive fields. Official review found no direct contradiction; project-synthesis caveats in upstream remain controlling.	PRESERVE
VM554-37-02	37	WUBRG	Five-Color / WUBRG	RESONATES	UPSTREAM-DIRECT	The person wants coalition, synthesis, broad tools, and real negotiation among structure, knowledge, agency, motion, and belonging.	data/factions.json#/factions/WUBRG/affinity/drawn_to; data/raw-factions/wubrg/wubrg.profile.json	NONE-WUBRG-PHILOSOPHY-NOT-OFFICIALLY-ESTABLISHED	The guide resonates statement is a bounded paraphrase of the controlling Vox Mana philosophy, affinity, tension, or false-positive fields. Official review found no direct contradiction; project-synthesis caveats in upstream remain controlling.	PRESERVE
VM554-37-03	37	WUBRG	Five-Color / WUBRG	CONNECTS	PROJECT-SYNTHESIS	WUBRG brings all five color philosophies into one frame and omits none of them. That does not automatically make every guild, college, shard, wedge, four-color identity, or Colorless perspective present.	data/factions.json#/factions/WUBRG/affinity/not_to_be_confused_with; data/factions.json#/factions/WUBRG/raw_enrichment/views_on_other_factions; data/raw-factions/wubrg/wubrg.profile.json	NONE-WUBRG-PHILOSOPHY-NOT-OFFICIALLY-ESTABLISHED	Corrected wording preserves the upstream project synthesis of five-color integration while explicitly rejecting automatic containment of every setting identity or Colorless.	PRESERVE_WITH_PROJECT_SYNTHESIS_LABEL
VM554-37-04	37	WUBRG	Five-Color / WUBRG	PUSHES_BACK	UPSTREAM-DIRECT	Each color must accept limits imposed by the other four: order must listen, knowledge must act, agency must coexist, freedom must take responsibility, and belonging must permit change.	data/factions.json#/factions/WUBRG/affinity/repelled_by; data/factions.json#/factions/WUBRG/core_tension; data/raw-factions/wubrg/wubrg.placement.json	NONE-WUBRG-PHILOSOPHY-NOT-OFFICIALLY-ESTABLISHED	The guide pushes_back statement is a bounded paraphrase of the controlling Vox Mana philosophy, affinity, tension, or false-positive fields. Official review found no direct contradiction; project-synthesis caveats in upstream remain controlling.	PRESERVE
VM554-37-05	37	WUBRG	Five-Color / WUBRG	REJECTS	UPSTREAM-DIRECT	Generic goodstuff, access for its own sake, accumulation, superiority, or a deck where one color is decorative rather than meaningful is not the Five-Color synthesis.	data/factions.json#/factions/WUBRG/affinity/not_to_be_confused_with; data/raw-factions/wubrg/wubrg.placement.json	NONE-WUBRG-PHILOSOPHY-NOT-OFFICIALLY-ESTABLISHED	The guide rejects statement is a bounded paraphrase of the controlling Vox Mana philosophy, affinity, tension, or false-positive fields. Official review found no direct contradiction; project-synthesis caveats in upstream remain controlling.	PRESERVE
