proposal_id	identity_key	canonical_card_name	canonical_card_id	exact_excerpt	relationship_class	certified_identity_claim_ids	why_voice_belongs	relationship_bridge	false_positive_analysis	adjacent_identity_confusion_risk	agent_recommendation	source	limitations
packet1_voice_abzan_3d02ee2f_b7bd_40b0_b9be_2420991b2be0_2	ABZAN	Abzan Devotee	3d02ee2f-b7bd-40b0-b9be-2420991b2be0	The Kin-Trees rediscovered after Dromoka's fall are tended by carefully chosen wardens.	GENERIC_THEMATIC_ANALOGY		The excerpt is authentic, but the prior heuristic assignment does not establish a specific relationship to the certified identity.	No certified claim authorizes this candidate strongly enough. Name, color, product, mechanic, or broad theme overlap cannot supply the missing bridge.	This candidate can sound plausible through broad mood or theme alone. Without the selected identity-specific bridge, it could be reassigned by intuition to Bant, Selesnya, and Golgari can also sound enduring or communal; the Kin-Tree and ancestor-continuity frame is the bounded Abzan bridge.	Bant, Selesnya, and Golgari can also sound enduring or communal; the Kin-Tree and ancestor-continuity frame is the bounded Abzan bridge.	REJECTED	data/scryfall/indexes/card-flavor-index.json#oracle_id=3d02ee2f-b7bd-40b0-b9be-2420991b2be0	Rejected from owner decision workload because exact text provenance alone does not establish a source-complete identity relationship.
packet1_voice_abzan_46535f8e_1bcd_4588_ac6c_a4bc89c379c8_1	ABZAN	Abzan Banner	46535f8e-1bcd-4588-ac6c-a4bc89c379c8	Stone to endure, roots to remember.	NATIVE_FIGURE_OR_LOCATION	abzan_claim_0003 | abzan_claim_0008	Abzan Banner's exact excerpt provides a bounded voice echo of endurance joined to roots, memory, and Kin-Tree continuity.	The excerpt is admissible for owner review only because its language corresponds to certified claims abzan_claim_0003, abzan_claim_0008; the relationship does not arise from card color, product membership, tags, or mechanics.	Bant, Selesnya, and Golgari can also sound enduring or communal; the Kin-Tree and ancestor-continuity frame is the bounded Abzan bridge.	Bant, Selesnya, and Golgari can also sound enduring or communal; the Kin-Tree and ancestor-continuity frame is the bounded Abzan bridge.	REVIEW_REQUIRED	data/scryfall/indexes/card-flavor-index.json#oracle_id=46535f8e-1bcd-4588-ac6c-a4bc89c379c8	Exact card text is verified, but public use remains owner-gated. Bant, Selesnya, and Golgari can also sound enduring or communal; the Kin-Tree and ancestor-continuity frame is the bounded Abzan bridge.
packet1_voice_abzan_85b2fb89_5ebe_4c13_bc12_38d1417e5880_3	ABZAN	Abzan Guide	85b2fb89-5ebe-4c13-bc12-38d1417e5880	"These roads are desolate and changeable. Follow me, or die in the wastes."	GENERIC_THEMATIC_ANALOGY		The excerpt is authentic, but the prior heuristic assignment does not establish a specific relationship to the certified identity.	No certified claim authorizes this candidate strongly enough. Name, color, product, mechanic, or broad theme overlap cannot supply the missing bridge.	This candidate can sound plausible through broad mood or theme alone. Without the selected identity-specific bridge, it could be reassigned by intuition to Bant, Selesnya, and Golgari can also sound enduring or communal; the Kin-Tree and ancestor-continuity frame is the bounded Abzan bridge.	Bant, Selesnya, and Golgari can also sound enduring or communal; the Kin-Tree and ancestor-continuity frame is the bounded Abzan bridge.	REJECTED	data/scryfall/indexes/card-flavor-index.json#oracle_id=85b2fb89-5ebe-4c13-bc12-38d1417e5880	Rejected from owner decision workload because exact text provenance alone does not establish a source-complete identity relationship.
packet1_voice_b_20d0df30_013c_47c0_b70b_d628d427d30b_2	B	Jerren, Corrupted Bishop // Ormendahl, the Corrupter	20d0df30-013c-47c0-b70b-d628d427d30b	"Ah, Jerren. You've been such a faithful, useful insect."	GENERIC_THEMATIC_ANALOGY		The excerpt is authentic, but the prior heuristic assignment does not establish a specific relationship to the certified identity.	No certified claim authorizes this candidate strongly enough. Name, color, product, mechanic, or broad theme overlap cannot supply the missing bridge.	This candidate can sound plausible through broad mood or theme alone. Without the selected identity-specific bridge, it could be reassigned by intuition to Blue and Dimir also value knowledge, while Orzhov values payment; this echo belongs here only because the line makes sacrifice the price of access rather than secrecy or institutional debt.	Blue and Dimir also value knowledge, while Orzhov values payment; this echo belongs here only because the line makes sacrifice the price of access rather than secrecy or institutional debt.	REJECTED	data/scryfall/indexes/commander-index.json#oracle_id=20d0df30-013c-47c0-b70b-d628d427d30b	Rejected from owner decision workload because exact text provenance alone does not establish a source-complete identity relationship.
packet1_voice_b_388168b3_ec68_4af2_b88c_6a5ec88c15f6_1	B	Ayara, First of Locthwain	388168b3-ec68-4af2-b88c-6a5ec88c15f6	Mourning shifts seamlessly to celebration as she chooses her next suitor.	GENERIC_THEMATIC_ANALOGY		The excerpt is authentic, but the prior heuristic assignment does not establish a specific relationship to the certified identity.	No certified claim authorizes this candidate strongly enough. Name, color, product, mechanic, or broad theme overlap cannot supply the missing bridge.	This candidate can sound plausible through broad mood or theme alone. Without the selected identity-specific bridge, it could be reassigned by intuition to Blue and Dimir also value knowledge, while Orzhov values payment; this echo belongs here only because the line makes sacrifice the price of access rather than secrecy or institutional debt.	Blue and Dimir also value knowledge, while Orzhov values payment; this echo belongs here only because the line makes sacrifice the price of access rather than secrecy or institutional debt.	REJECTED	data/scryfall/indexes/commander-index.json#oracle_id=388168b3-ec68-4af2-b88c-6a5ec88c15f6	Rejected from owner decision workload because exact text provenance alone does not establish a source-complete identity relationship.
packet1_voice_b_78725353_9274_420a_b722_add0f43c444e_replacement	B	Ancient Craving	78725353-9274-420a-b722-add0f43c444e	Knowledge demands sacrifice.	CERTIFIED_SEMANTIC_ECHO	black_claim_0003 | black_claim_0004	Ancient Craving's exact excerpt provides a bounded voice echo of knowledge made available through an explicit sacrifice.	The excerpt is admissible for owner review only because its language corresponds to certified claims black_claim_0003, black_claim_0004; the relationship does not arise from card color, product membership, tags, or mechanics.	Blue and Dimir also value knowledge, while Orzhov values payment; this echo belongs here only because the line makes sacrifice the price of access rather than secrecy or institutional debt.	Blue and Dimir also value knowledge, while Orzhov values payment; this echo belongs here only because the line makes sacrifice the price of access rather than secrecy or institutional debt.	REVIEW_REQUIRED	data/scryfall/indexes/card-flavor-index.json#oracle_id=78725353-9274-420a-b722-add0f43c444e	Exact card text is verified, but public use remains owner-gated. Blue and Dimir also value knowledge, while Orzhov values payment; this echo belongs here only because the line makes sacrifice the price of access rather than secrecy or institutional debt.
packet1_voice_b_8fa7bd8f_f712_4dd1_9ffb_e30dfe744389_3	B	Egon, God of Death // Throne of Death	8fa7bd8f-f712-4dd1-9ffb-e30dfe744389	Egon ages backward, his wisdom soured by youthful spite.	GENERIC_THEMATIC_ANALOGY		The excerpt is authentic, but the prior heuristic assignment does not establish a specific relationship to the certified identity.	No certified claim authorizes this candidate strongly enough. Name, color, product, mechanic, or broad theme overlap cannot supply the missing bridge.	This candidate can sound plausible through broad mood or theme alone. Without the selected identity-specific bridge, it could be reassigned by intuition to Blue and Dimir also value knowledge, while Orzhov values payment; this echo belongs here only because the line makes sacrifice the price of access rather than secrecy or institutional debt.	Blue and Dimir also value knowledge, while Orzhov values payment; this echo belongs here only because the line makes sacrifice the price of access rather than secrecy or institutional debt.	REJECTED	data/scryfall/indexes/commander-index.json#oracle_id=8fa7bd8f-f712-4dd1-9ffb-e30dfe744389	Rejected from owner decision workload because exact text provenance alone does not establish a source-complete identity relationship.
packet1_voice_bant_610adb2b_9d52_4b70_92d1_0c7adeb93552_3	BANT	Bant Sureblade	610adb2b-9d52-4b70-92d1-0c7adeb93552	Soldiers who fought through Grixis learned to hit first, recite the prayer of Asha later.	GENERIC_THEMATIC_ANALOGY		The excerpt is authentic, but the prior heuristic assignment does not establish a specific relationship to the certified identity.	No certified claim authorizes this candidate strongly enough. Name, color, product, mechanic, or broad theme overlap cannot supply the missing bridge.	This candidate can sound plausible through broad mood or theme alone. Without the selected identity-specific bridge, it could be reassigned by intuition to Azorius and Selesnya can also sound orderly or communal; the explicit Bant reference and its idealized public-honor frame prevent a generic WUG inference.	Azorius and Selesnya can also sound orderly or communal; the explicit Bant reference and its idealized public-honor frame prevent a generic WUG inference.	REJECTED	data/scryfall/indexes/card-flavor-index.json#oracle_id=610adb2b-9d52-4b70-92d1-0c7adeb93552	Rejected from owner decision workload because exact text provenance alone does not establish a source-complete identity relationship.
packet1_voice_bant_67ceffa4_2fdb_499c_88cd_49fb5eb9be59_2	BANT	Bant Sojourners	67ceffa4-2fdb-499c-88cd-49fb5eb9be59	"We must spread Bant's light before we are shadowed over."	EXPLICIT_IDENTITY_REFERENCE	bant_claim_0004 | bant_claim_0007	Bant Sojourners's exact excerpt provides a bounded voice echo of Bant named directly through an idealized light meant to extend beyond the shard.	The excerpt is admissible for owner review only because its language corresponds to certified claims bant_claim_0004, bant_claim_0007; the relationship does not arise from card color, product membership, tags, or mechanics.	Azorius and Selesnya can also sound orderly or communal; the explicit Bant reference and its idealized public-honor frame prevent a generic WUG inference.	Azorius and Selesnya can also sound orderly or communal; the explicit Bant reference and its idealized public-honor frame prevent a generic WUG inference.	REVIEW_REQUIRED	data/scryfall/indexes/card-flavor-index.json#oracle_id=67ceffa4-2fdb-499c-88cd-49fb5eb9be59	Exact card text is verified, but public use remains owner-gated. Azorius and Selesnya can also sound orderly or communal; the explicit Bant reference and its idealized public-honor frame prevent a generic WUG inference.
packet1_voice_bant_92d8b956_87db_43e4_bbb5_436ba01b5714_1	BANT	Bant Battlemage	92d8b956-87db-43e4-bbb5-436ba01b5714	"A night attack will be easy. We'll make an air raid over the Akrasan border. Just get me some flint to light the war...	GENERIC_THEMATIC_ANALOGY		The excerpt is authentic, but the prior heuristic assignment does not establish a specific relationship to the certified identity.	No certified claim authorizes this candidate strongly enough. Name, color, product, mechanic, or broad theme overlap cannot supply the missing bridge.	This candidate can sound plausible through broad mood or theme alone. Without the selected identity-specific bridge, it could be reassigned by intuition to Azorius and Selesnya can also sound orderly or communal; the explicit Bant reference and its idealized public-honor frame prevent a generic WUG inference.	Azorius and Selesnya can also sound orderly or communal; the explicit Bant reference and its idealized public-honor frame prevent a generic WUG inference.	REJECTED	data/scryfall/indexes/card-flavor-index.json#oracle_id=92d8b956-87db-43e4-bbb5-436ba01b5714	Rejected from owner decision workload because exact text provenance alone does not establish a source-complete identity relationship.
packet1_voice_bg_06fa6719_aa4f_4857_8029_e42d01232645_3	BG	Awaken the Erstwhile	06fa6719-aa4f-4857-8029-e42d01232645	In preparation for the conflict all foresaw, the Golgari called upon an army that had slept for millennia beneath the...	GENERIC_THEMATIC_ANALOGY		The excerpt is authentic, but the prior heuristic assignment does not establish a specific relationship to the certified identity.	No certified claim authorizes this candidate strongly enough. Name, color, product, mechanic, or broad theme overlap cannot supply the missing bridge.	This candidate can sound plausible through broad mood or theme alone. Without the selected identity-specific bridge, it could be reassigned by intuition to Witherbloom and generic graveyard decks also join life and death; the explicit Golgari reclamation-and-service frame is required.	Witherbloom and generic graveyard decks also join life and death; the explicit Golgari reclamation-and-service frame is required.	REJECTED	data/scryfall/indexes/card-flavor-index.json#oracle_id=06fa6719-aa4f-4857-8029-e42d01232645	Rejected from owner decision workload because exact text provenance alone does not establish a source-complete identity relationship.
packet1_voice_bg_55e04860_f4f5_445b_81f2_b500fa9b456a_2	BG	Contaminated Ground	55e04860-f4f5-445b-81f2-b500fa9b456a	"No one cares about pollution until they can see it." —Gurras, Golgari rot farmer	GENERIC_THEMATIC_ANALOGY		The excerpt is authentic, but the prior heuristic assignment does not establish a specific relationship to the certified identity.	No certified claim authorizes this candidate strongly enough. Name, color, product, mechanic, or broad theme overlap cannot supply the missing bridge.	This candidate can sound plausible through broad mood or theme alone. Without the selected identity-specific bridge, it could be reassigned by intuition to Witherbloom and generic graveyard decks also join life and death; the explicit Golgari reclamation-and-service frame is required.	Witherbloom and generic graveyard decks also join life and death; the explicit Golgari reclamation-and-service frame is required.	REJECTED	data/scryfall/indexes/card-flavor-index.json#oracle_id=55e04860-f4f5-445b-81f2-b500fa9b456a	Rejected from owner decision workload because exact text provenance alone does not establish a source-complete identity relationship.
packet1_voice_bg_fc17d8dd_887f_405e_a195_777aa3da36f5_1	BG	Bloodbond March	fc17d8dd-887f-405e-a195-777aa3da36f5	The Golgari support a vast army because death never ends its soldiers' service.	EXPLICIT_IDENTITY_REFERENCE	golgari_swarm_claim_001 | golgari_swarm_claim_007 | golgari_swarm_claim_0018	Bloodbond March's exact excerpt provides a bounded voice echo of the Golgari named directly through death continuing as useful service.	The excerpt is admissible for owner review only because its language corresponds to certified claims golgari_swarm_claim_001, golgari_swarm_claim_007, golgari_swarm_claim_0018; the relationship does not arise from card color, product membership, tags, or mechanics.	Witherbloom and generic graveyard decks also join life and death; the explicit Golgari reclamation-and-service frame is required.	Witherbloom and generic graveyard decks also join life and death; the explicit Golgari reclamation-and-service frame is required.	REVIEW_REQUIRED	data/scryfall/indexes/card-flavor-index.json#oracle_id=fc17d8dd-887f-405e-a195-777aa3da36f5	Exact card text is verified, but public use remains owner-gated. Witherbloom and generic graveyard decks also join life and death; the explicit Golgari reclamation-and-service frame is required.
packet1_voice_br_3f806353_592e_431c_a7dd_a4c64034f94d_1	BR	Avatar of Discord	3f806353-592e-431c-a7dd-a4c64034f94d	Such is the power of Rakdos that even his shadow takes on a cruel life of its own.	EXPLICIT_IDENTITY_REFERENCE	cult_of_rakdos_claim_001 | cult_of_rakdos_claim_002 | cult_of_rakdos_claim_006	Avatar of Discord's exact excerpt provides a bounded voice echo of Rakdos named directly through cruelty made vivid and performative.	The excerpt is admissible for owner review only because its language corresponds to certified claims cult_of_rakdos_claim_001, cult_of_rakdos_claim_002, cult_of_rakdos_claim_006; the relationship does not arise from card color, product membership, tags, or mechanics.	Mono-Red, Black, and Gruul can express danger or cruelty; only the explicit Rakdos spectacle/transgression frame supports this relationship.	Mono-Red, Black, and Gruul can express danger or cruelty; only the explicit Rakdos spectacle/transgression frame supports this relationship.	REVIEW_REQUIRED	data/scryfall/indexes/card-flavor-index.json#oracle_id=3f806353-592e-431c-a7dd-a4c64034f94d	Exact card text is verified, but public use remains owner-gated. Mono-Red, Black, and Gruul can express danger or cruelty; only the explicit Rakdos spectacle/transgression frame supports this relationship.
packet1_voice_br_a6496440_dc0c_4d9b_bf37_f537b6f0187b_3	BR	Blightning	a6496440-dc0c-4d9b-bf37-f537b6f0187b	While the smell of burning flesh is common in Grixis, the odor of smoldering brain matter is a rare treat.	GENERIC_THEMATIC_ANALOGY		The excerpt is authentic, but the prior heuristic assignment does not establish a specific relationship to the certified identity.	No certified claim authorizes this candidate strongly enough. Name, color, product, mechanic, or broad theme overlap cannot supply the missing bridge.	This candidate can sound plausible through broad mood or theme alone. Without the selected identity-specific bridge, it could be reassigned by intuition to Mono-Red, Black, and Gruul can express danger or cruelty; only the explicit Rakdos spectacle/transgression frame supports this relationship.	Mono-Red, Black, and Gruul can express danger or cruelty; only the explicit Rakdos spectacle/transgression frame supports this relationship.	REJECTED	data/scryfall/indexes/card-flavor-index.json#oracle_id=a6496440-dc0c-4d9b-bf37-f537b6f0187b	Rejected from owner decision workload because exact text provenance alone does not establish a source-complete identity relationship.
packet1_voice_br_c01516e0_eec3_4370_b935_7674982e8850_2	BR	Judith, the Scourge Diva	c01516e0-eec3-4370-b935-7674982e8850	At the end of the show, she stands alone on a stage brilliant with blood.	GENERIC_THEMATIC_ANALOGY		The excerpt is authentic, but the prior heuristic assignment does not establish a specific relationship to the certified identity.	No certified claim authorizes this candidate strongly enough. Name, color, product, mechanic, or broad theme overlap cannot supply the missing bridge.	This candidate can sound plausible through broad mood or theme alone. Without the selected identity-specific bridge, it could be reassigned by intuition to Mono-Red, Black, and Gruul can express danger or cruelty; only the explicit Rakdos spectacle/transgression frame supports this relationship.	Mono-Red, Black, and Gruul can express danger or cruelty; only the explicit Rakdos spectacle/transgression frame supports this relationship.	REJECTED	data/scryfall/indexes/commander-index.json#oracle_id=c01516e0-eec3-4370-b935-7674982e8850	Rejected from owner decision workload because exact text provenance alone does not establish a source-complete identity relationship.
packet1_voice_colorless_14693689_d087_43b6_9c3f_63ab0648fc20_1	COLORLESS	All Is Dust	14693689-d087-43b6-9c3f-63ab0648fc20	"The emergence of the Eldrazi isn't necessarily a bad thing, as long as you've already lived a fulfilling and complet...	CERTIFIED_SEMANTIC_ECHO	colorless_claim_0004 | colorless_claim_0005 | colorless_claim_0006	All Is Dust's exact excerpt provides a bounded voice echo of Eldrazi-scale emergence and an outside-WUBRG sense of completion and erasure.	The excerpt is admissible for owner review only because its language corresponds to certified claims colorless_claim_0004, colorless_claim_0005, colorless_claim_0006; the relationship does not arise from card color, product membership, tags, or mechanics.	Eldrazi flavor can also occur in Five-Color or Devoid decks. This is a bounded Eldrazi branch, not proof that every Eldrazi card or artifact belongs to Colorless.	Eldrazi flavor can also occur in Five-Color or Devoid decks. This is a bounded Eldrazi branch, not proof that every Eldrazi card or artifact belongs to Colorless.	REVIEW_REQUIRED	data/scryfall/indexes/card-flavor-index.json#oracle_id=14693689-d087-43b6-9c3f-63ab0648fc20	Exact card text is verified, but public use remains owner-gated. Eldrazi flavor can also occur in Five-Color or Devoid decks. This is a bounded Eldrazi branch, not proof that every Eldrazi card or artifact belongs to Colorless.
packet1_voice_colorless_38839894_1706_4e11_8310_5ea8dd8866d9_3	COLORLESS	Bane of Bala Ged	38839894-1706-4e11-8310-5ea8dd8866d9	The continent of Bala Ged was ravaged by massive Eldrazi of Ulamog's lineage, its lush jungles and cascading rivers r...	GENERIC_THEMATIC_ANALOGY		The excerpt is authentic, but the prior heuristic assignment does not establish a specific relationship to the certified identity.	No certified claim authorizes this candidate strongly enough. Name, color, product, mechanic, or broad theme overlap cannot supply the missing bridge.	This candidate can sound plausible through broad mood or theme alone. Without the selected identity-specific bridge, it could be reassigned by intuition to Eldrazi flavor can also occur in Five-Color or Devoid decks. This is a bounded Eldrazi branch, not proof that every Eldrazi card or artifact belongs to Colorless.	Eldrazi flavor can also occur in Five-Color or Devoid decks. This is a bounded Eldrazi branch, not proof that every Eldrazi card or artifact belongs to Colorless.	REJECTED	data/scryfall/indexes/card-flavor-index.json#oracle_id=38839894-1706-4e11-8310-5ea8dd8866d9	Rejected from owner decision workload because exact text provenance alone does not establish a source-complete identity relationship.
packet1_voice_colorless_bd372a53_48f9_4e9a_ab00_0f9c4606d452_2	COLORLESS	Adarkar Sentinel	bd372a53-48f9-4e9a-ab00-0f9c4606d452	"We encountered the sentinels in the wastes, near no living thing. Their purpose was inscrutable." —Disa the Restless...	GENERIC_THEMATIC_ANALOGY		The excerpt is authentic, but the prior heuristic assignment does not establish a specific relationship to the certified identity.	No certified claim authorizes this candidate strongly enough. Name, color, product, mechanic, or broad theme overlap cannot supply the missing bridge.	This candidate can sound plausible through broad mood or theme alone. Without the selected identity-specific bridge, it could be reassigned by intuition to Eldrazi flavor can also occur in Five-Color or Devoid decks. This is a bounded Eldrazi branch, not proof that every Eldrazi card or artifact belongs to Colorless.	Eldrazi flavor can also occur in Five-Color or Devoid decks. This is a bounded Eldrazi branch, not proof that every Eldrazi card or artifact belongs to Colorless.	REJECTED	data/scryfall/indexes/card-flavor-index.json#oracle_id=bd372a53-48f9-4e9a-ab00-0f9c4606d452	Rejected from owner decision workload because exact text provenance alone does not establish a source-complete identity relationship.
packet1_voice_dune_0f5a3a09_2f07_4774_9e0f_e99d9a444166_1	DUNE	Aurelia, the Warleader	0f5a3a09-2f07-4774-9e0f-e99d9a444166	Where Razia was aloof and untouchable, Aurelia is on the frontlines, calling for war.	CERTIFIED_SEMANTIC_ECHO	dune_claim_0005	Aurelia, the Warleader's exact excerpt provides a bounded voice echo of front-line leadership, immediate action, and organized force.	The excerpt is admissible for owner review only because its language corresponds to certified claims dune_claim_0005; the relationship does not arise from card color, product membership, tags, or mechanics.	This excerpt is canonically Boros and therefore carries a high Boros/Mardu confusion risk. It is only a cross-identity voice echo for Dune's bounded direct-action frame.	This excerpt is canonically Boros and therefore carries a high Boros/Mardu confusion risk. It is only a cross-identity voice echo for Dune's bounded direct-action frame.	REVIEW_REQUIRED	data/scryfall/indexes/card-flavor-index.json#oracle_id=0f5a3a09-2f07-4774-9e0f-e99d9a444166	Exact card text is verified, but public use remains owner-gated. This excerpt is canonically Boros and therefore carries a high Boros/Mardu confusion risk. It is only a cross-identity voice echo for Dune's bounded direct-action frame.
packet1_voice_dune_40d6e1ff_995b_42fc_8146_8d5e5f1adcd9_2	DUNE	Apprentice Sharpshooter	40d6e1ff-995b-42fc-8146-8d5e5f1adcd9	Innistrad's best archers are trained by the Quiver of Kessig, an order of cathars who specialize in ranged combat.	GENERIC_THEMATIC_ANALOGY		The excerpt is authentic, but the prior heuristic assignment does not establish a specific relationship to the certified identity.	No certified claim authorizes this candidate strongly enough. Name, color, product, mechanic, or broad theme overlap cannot supply the missing bridge.	This candidate can sound plausible through broad mood or theme alone. Without the selected identity-specific bridge, it could be reassigned by intuition to This excerpt is canonically Boros and therefore carries a high Boros/Mardu confusion risk. It is only a cross-identity voice echo for Dune's bounded direct-action frame.	This excerpt is canonically Boros and therefore carries a high Boros/Mardu confusion risk. It is only a cross-identity voice echo for Dune's bounded direct-action frame.	REJECTED	data/scryfall/indexes/card-flavor-index.json#oracle_id=40d6e1ff-995b-42fc-8146-8d5e5f1adcd9	Rejected from owner decision workload because exact text provenance alone does not establish a source-complete identity relationship.
packet1_voice_dune_a80a1f84_ea49_4c8d_912d_c7036b814a6c_3	DUNE	Augusta, Order Returned	a80a1f84-ea49-4c8d-912d-c7036b814a6c	"I won't leave my students without a guide."	GENERIC_THEMATIC_ANALOGY		The excerpt is authentic, but the prior heuristic assignment does not establish a specific relationship to the certified identity.	No certified claim authorizes this candidate strongly enough. Name, color, product, mechanic, or broad theme overlap cannot supply the missing bridge.	This candidate can sound plausible through broad mood or theme alone. Without the selected identity-specific bridge, it could be reassigned by intuition to This excerpt is canonically Boros and therefore carries a high Boros/Mardu confusion risk. It is only a cross-identity voice echo for Dune's bounded direct-action frame.	This excerpt is canonically Boros and therefore carries a high Boros/Mardu confusion risk. It is only a cross-identity voice echo for Dune's bounded direct-action frame.	REJECTED	data/scryfall/indexes/card-flavor-index.json#oracle_id=a80a1f84-ea49-4c8d-912d-c7036b814a6c	Rejected from owner decision workload because exact text provenance alone does not establish a source-complete identity relationship.
packet1_voice_esper_518115c9_0f0f_4249_81ff_e79b27dda1be_2	ESPER	Aven Trailblazer	518115c9-0f0f-4249-81ff-e79b27dda1be	"The bird wore the form of a man, bereft of filigree. Why do the Texts not speak of it?" —Belator of Esper	GENERIC_THEMATIC_ANALOGY		The excerpt is authentic, but the prior heuristic assignment does not establish a specific relationship to the certified identity.	No certified claim authorizes this candidate strongly enough. Name, color, product, mechanic, or broad theme overlap cannot supply the missing bridge.	This candidate can sound plausible through broad mood or theme alone. Without the selected identity-specific bridge, it could be reassigned by intuition to Blue, Dimir, Azorius, and Grixis also use information or control; the excerpt explicitly contrasts Esper's surgical precision with Grixis.	Blue, Dimir, Azorius, and Grixis also use information or control; the excerpt explicitly contrasts Esper's surgical precision with Grixis.	REJECTED	data/scryfall/indexes/card-flavor-index.json#oracle_id=518115c9-0f0f-4249-81ff-e79b27dda1be	Rejected from owner decision workload because exact text provenance alone does not establish a source-complete identity relationship.
packet1_voice_esper_60d591f6_6d84_45d2_9d78_a2ef07a3e403_1	ESPER	Desperate Farmer // Depraved Harvester	60d591f6-6d84-45d2-9d78-a2ef07a3e403	A tragic moment pushed him to a blasphemous act.	GENERIC_THEMATIC_ANALOGY		The excerpt is authentic, but the prior heuristic assignment does not establish a specific relationship to the certified identity.	No certified claim authorizes this candidate strongly enough. Name, color, product, mechanic, or broad theme overlap cannot supply the missing bridge.	This candidate can sound plausible through broad mood or theme alone. Without the selected identity-specific bridge, it could be reassigned by intuition to Blue, Dimir, Azorius, and Grixis also use information or control; the excerpt explicitly contrasts Esper's surgical precision with Grixis.	Blue, Dimir, Azorius, and Grixis also use information or control; the excerpt explicitly contrasts Esper's surgical precision with Grixis.	REJECTED	data/scryfall/indexes/card-flavor-index.json#oracle_id=60d591f6-6d84-45d2-9d78-a2ef07a3e403	Rejected from owner decision workload because exact text provenance alone does not establish a source-complete identity relationship.
packet1_voice_esper_fef94125_aa8d_4147_a609_1e990961bde2_3	ESPER	Brainbite	fef94125-aa8d-4147-a609-1e990961bde2	An Esper mage will leave a hole in your memory with surgical precision. A Grixis mage sees no reason to be so kind.	EXPLICIT_IDENTITY_REFERENCE	esper_claim_0003 | esper_claim_0004 | esper_claim_0006	Brainbite's exact excerpt provides a bounded voice echo of Esper named directly through precise, controlled use of information.	The excerpt is admissible for owner review only because its language corresponds to certified claims esper_claim_0003, esper_claim_0004, esper_claim_0006; the relationship does not arise from card color, product membership, tags, or mechanics.	Blue, Dimir, Azorius, and Grixis also use information or control; the excerpt explicitly contrasts Esper's surgical precision with Grixis.	Blue, Dimir, Azorius, and Grixis also use information or control; the excerpt explicitly contrasts Esper's surgical precision with Grixis.	REVIEW_REQUIRED	data/scryfall/indexes/card-flavor-index.json#oracle_id=fef94125-aa8d-4147-a609-1e990961bde2	Exact card text is verified, but public use remains owner-gated. Blue, Dimir, Azorius, and Grixis also use information or control; the excerpt explicitly contrasts Esper's surgical precision with Grixis.
packet1_voice_g_6c2c8bf3_9bf8_4a86_89d3_3bb36260dc51_1	G	Azusa, Lost but Seeking	6c2c8bf3-9bf8-4a86-89d3-3bb36260dc51	"I do not miss Jukai Forest. It is not my home. My home is Kamigawa, its people my family. Wherever I set my pack and rest my head, I am home."	GENERIC_THEMATIC_ANALOGY		The excerpt is authentic, but the prior heuristic assignment does not establish a specific relationship to the certified identity.	No certified claim authorizes this candidate strongly enough. Name, color, product, mechanic, or broad theme overlap cannot supply the missing bridge.	This candidate can sound plausible through broad mood or theme alone. Without the selected identity-specific bridge, it could be reassigned by intuition to Gruul, Naya, and Temur also use primal nature; this is a mono-Green voice echo only, not proof from creature size or card color.	Gruul, Naya, and Temur also use primal nature; this is a mono-Green voice echo only, not proof from creature size or card color.	REJECTED	data/scryfall/indexes/commander-index.json#oracle_id=6c2c8bf3-9bf8-4a86-89d3-3bb36260dc51	Rejected from owner decision workload because exact text provenance alone does not establish a source-complete identity relationship.
packet1_voice_g_b0b6be0c_41cf_4757_9f0e_87227b6ba6b3_3	G	Ghalta, Primal Hunger	b0b6be0c-41cf-4757-9f0e-87227b6ba6b3	The earth walks, strongest of all.	CERTIFIED_SEMANTIC_ECHO	green_claim_0002 | green_claim_0004 | green_claim_0006	Ghalta, Primal Hunger's exact excerpt provides a bounded voice echo of the earth itself embodied as primal strength.	The excerpt is admissible for owner review only because its language corresponds to certified claims green_claim_0002, green_claim_0004, green_claim_0006; the relationship does not arise from card color, product membership, tags, or mechanics.	Gruul, Naya, and Temur also use primal nature; this is a mono-Green voice echo only, not proof from creature size or card color.	Gruul, Naya, and Temur also use primal nature; this is a mono-Green voice echo only, not proof from creature size or card color.	REVIEW_REQUIRED	data/scryfall/indexes/commander-index.json#oracle_id=b0b6be0c-41cf-4757-9f0e-87227b6ba6b3	Exact card text is verified, but public use remains owner-gated. Gruul, Naya, and Temur also use primal nature; this is a mono-Green voice echo only, not proof from creature size or card color.
packet1_voice_g_befb211f_37ca_4083_98d4_9ff1f28be3f2_2	G	Goreclaw, Terror of Qal Sisma	befb211f-37ca-4083-98d4-9ff1f28be3f2	You don't want to know how she got that name.	GENERIC_THEMATIC_ANALOGY		The excerpt is authentic, but the prior heuristic assignment does not establish a specific relationship to the certified identity.	No certified claim authorizes this candidate strongly enough. Name, color, product, mechanic, or broad theme overlap cannot supply the missing bridge.	This candidate can sound plausible through broad mood or theme alone. Without the selected identity-specific bridge, it could be reassigned by intuition to Gruul, Naya, and Temur also use primal nature; this is a mono-Green voice echo only, not proof from creature size or card color.	Gruul, Naya, and Temur also use primal nature; this is a mono-Green voice echo only, not proof from creature size or card color.	REJECTED	data/scryfall/indexes/commander-index.json#oracle_id=befb211f-37ca-4083-98d4-9ff1f28be3f2	Rejected from owner decision workload because exact text provenance alone does not establish a source-complete identity relationship.
packet1_voice_glint_0a56e2ad_684d_45a7_9145_479d1505bba2_2	GLINT	Adaptive Snapjaw	0a56e2ad-684d-45a7-9145-479d1505bba2	"Eh, needs more toad." —Gulistan, Simic biomancer	GENERIC_THEMATIC_ANALOGY		The excerpt is authentic, but the prior heuristic assignment does not establish a specific relationship to the certified identity.	No certified claim authorizes this candidate strongly enough. Name, color, product, mechanic, or broad theme overlap cannot supply the missing bridge.	This candidate can sound plausible through broad mood or theme alone. Without the selected identity-specific bridge, it could be reassigned by intuition to Prismari, Izzet, Rakdos, and Red can also sound volatile. The excerpt reaches only Glint's bounded volatility/force edge, not its appetite or anti-order boundary.	Prismari, Izzet, Rakdos, and Red can also sound volatile. The excerpt reaches only Glint's bounded volatility/force edge, not its appetite or anti-order boundary.	REJECTED	data/scryfall/indexes/card-flavor-index.json#oracle_id=0a56e2ad-684d-45a7-9145-479d1505bba2	Rejected from owner decision workload because exact text provenance alone does not establish a source-complete identity relationship.
packet1_voice_glint_3a92b235_196b_4f46_9d20_06f4d3653d36_replacement	GLINT	Aberrant Return	3a92b235-196b-4f46-9d20-06f4d3653d36	Shadowmoor is rife with wild magic—powerful but as volatile as the plane itself.	CERTIFIED_SEMANTIC_ECHO	glint_claim_0005	Aberrant Return's exact excerpt provides a bounded voice echo of wild magic described as powerful and volatile.	The excerpt is admissible for owner review only because its language corresponds to certified claims glint_claim_0005; the relationship does not arise from card color, product membership, tags, or mechanics.	Prismari, Izzet, Rakdos, and Red can also sound volatile. The excerpt reaches only Glint's bounded volatility/force edge, not its appetite or anti-order boundary.	Prismari, Izzet, Rakdos, and Red can also sound volatile. The excerpt reaches only Glint's bounded volatility/force edge, not its appetite or anti-order boundary.	REVIEW_REQUIRED	data/scryfall/indexes/card-flavor-index.json#oracle_id=3a92b235-196b-4f46-9d20-06f4d3653d36	Exact card text is verified, but public use remains owner-gated. Prismari, Izzet, Rakdos, and Red can also sound volatile. The excerpt reaches only Glint's bounded volatility/force edge, not its appetite or anti-order boundary.
packet1_voice_glint_638ecc20_a275_4810_9669_89a0730c5362_1	GLINT	Cyclops Electromancer	638ecc20-a275-4810-9669-89a0730c5362	Every storm has an eye.	GENERIC_THEMATIC_ANALOGY		The excerpt is authentic, but the prior heuristic assignment does not establish a specific relationship to the certified identity.	No certified claim authorizes this candidate strongly enough. Name, color, product, mechanic, or broad theme overlap cannot supply the missing bridge.	This candidate can sound plausible through broad mood or theme alone. Without the selected identity-specific bridge, it could be reassigned by intuition to Prismari, Izzet, Rakdos, and Red can also sound volatile. The excerpt reaches only Glint's bounded volatility/force edge, not its appetite or anti-order boundary.	Prismari, Izzet, Rakdos, and Red can also sound volatile. The excerpt reaches only Glint's bounded volatility/force edge, not its appetite or anti-order boundary.	REJECTED	data/scryfall/indexes/card-flavor-index.json#oracle_id=638ecc20-a275-4810-9669-89a0730c5362	Rejected from owner decision workload because exact text provenance alone does not establish a source-complete identity relationship.
packet1_voice_glint_ff4297d3_3d96_4bd6_a606_1bdc20a6df2b_3	GLINT	Aether Storm	ff4297d3-3d96-4bd6-a606-1bdc20a6df2b	"I do love the rain . . . but this storm feels somehow wrong, Taysir." —Daria	GENERIC_THEMATIC_ANALOGY		The excerpt is authentic, but the prior heuristic assignment does not establish a specific relationship to the certified identity.	No certified claim authorizes this candidate strongly enough. Name, color, product, mechanic, or broad theme overlap cannot supply the missing bridge.	This candidate can sound plausible through broad mood or theme alone. Without the selected identity-specific bridge, it could be reassigned by intuition to Prismari, Izzet, Rakdos, and Red can also sound volatile. The excerpt reaches only Glint's bounded volatility/force edge, not its appetite or anti-order boundary.	Prismari, Izzet, Rakdos, and Red can also sound volatile. The excerpt reaches only Glint's bounded volatility/force edge, not its appetite or anti-order boundary.	REJECTED	data/scryfall/indexes/card-flavor-index.json#oracle_id=ff4297d3-3d96-4bd6-a606-1bdc20a6df2b	Rejected from owner decision workload because exact text provenance alone does not establish a source-complete identity relationship.
packet1_voice_grixis_8a5e3c8e_8e22_49b9_8ee5_4a36361f0da6_2	GRIXIS	Nekusar, the Mindrazer	8a5e3c8e-8e22-49b9-8ee5-4a36361f0da6	His enemies wondered if the lich king's brutal death and unnatural rebirth had been his plan all along.	GENERIC_THEMATIC_ANALOGY		The excerpt is authentic, but the prior heuristic assignment does not establish a specific relationship to the certified identity.	No certified claim authorizes this candidate strongly enough. Name, color, product, mechanic, or broad theme overlap cannot supply the missing bridge.	This candidate can sound plausible through broad mood or theme alone. Without the selected identity-specific bridge, it could be reassigned by intuition to Esper and Dimir share precision and information leverage; the explicit Esper/Grixis contrast makes the Grixis ruthlessness distinction visible.	Esper and Dimir share precision and information leverage; the explicit Esper/Grixis contrast makes the Grixis ruthlessness distinction visible.	REJECTED	data/scryfall/indexes/commander-index.json#oracle_id=8a5e3c8e-8e22-49b9-8ee5-4a36361f0da6	Rejected from owner decision workload because exact text provenance alone does not establish a source-complete identity relationship.
packet1_voice_grixis_f5092c14_eec4_472c_999c_ba96c36b2fbb_1	GRIXIS	Kess, Dissident Mage	f5092c14-eec4-472c-999c-ba96c36b2fbb	"Loss has no meaning here. You cannot take from those who have nothing."	GENERIC_THEMATIC_ANALOGY		The excerpt is authentic, but the prior heuristic assignment does not establish a specific relationship to the certified identity.	No certified claim authorizes this candidate strongly enough. Name, color, product, mechanic, or broad theme overlap cannot supply the missing bridge.	This candidate can sound plausible through broad mood or theme alone. Without the selected identity-specific bridge, it could be reassigned by intuition to Esper and Dimir share precision and information leverage; the explicit Esper/Grixis contrast makes the Grixis ruthlessness distinction visible.	Esper and Dimir share precision and information leverage; the explicit Esper/Grixis contrast makes the Grixis ruthlessness distinction visible.	REJECTED	data/scryfall/indexes/commander-index.json#oracle_id=f5092c14-eec4-472c-999c-ba96c36b2fbb	Rejected from owner decision workload because exact text provenance alone does not establish a source-complete identity relationship.
packet1_voice_grixis_fef94125_aa8d_4147_a609_1e990961bde2_3	GRIXIS	Brainbite	fef94125-aa8d-4147-a609-1e990961bde2	An Esper mage will leave a hole in your memory with surgical precision. A Grixis mage sees no reason to be so kind.	EXPLICIT_IDENTITY_REFERENCE	grixis_claim_0003 | grixis_claim_0004 | grixis_claim_0006	Brainbite's exact excerpt provides a bounded voice echo of Grixis named directly as harsher than Esper in its use of information and harm.	The excerpt is admissible for owner review only because its language corresponds to certified claims grixis_claim_0003, grixis_claim_0004, grixis_claim_0006; the relationship does not arise from card color, product membership, tags, or mechanics.	Esper and Dimir share precision and information leverage; the explicit Esper/Grixis contrast makes the Grixis ruthlessness distinction visible.	Esper and Dimir share precision and information leverage; the explicit Esper/Grixis contrast makes the Grixis ruthlessness distinction visible.	REVIEW_REQUIRED	data/scryfall/indexes/card-flavor-index.json#oracle_id=fef94125-aa8d-4147-a609-1e990961bde2	Exact card text is verified, but public use remains owner-gated. Esper and Dimir share precision and information leverage; the explicit Esper/Grixis contrast makes the Grixis ruthlessness distinction visible.
packet1_voice_ink_0895c9b7_ae7d_4bb3_af17_3b75deb50a25_replacement	INK	Command Tower	0895c9b7-ae7d-4bb3-af17-3b75deb50a25	Knowledge is wasted if not shared.	CERTIFIED_SEMANTIC_ECHO	ink_claim_0005	Command Tower's exact excerpt provides a bounded voice echo of knowledge treated as wasted unless it is shared.	The excerpt is admissible for owner review only because its language corresponds to certified claims ink_claim_0005; the relationship does not arise from card color, product membership, tags, or mechanics.	White, Blue, Selesnya, and Five-Color can all value sharing. This proposal is limited to Ink's certified open-knowledge and community-benefit frame and does not prove the four-color identity.	White, Blue, Selesnya, and Five-Color can all value sharing. This proposal is limited to Ink's certified open-knowledge and community-benefit frame and does not prove the four-color identity.	REVIEW_REQUIRED	data/scryfall/indexes/card-flavor-index.json#oracle_id=0895c9b7-ae7d-4bb3-af17-3b75deb50a25	Exact card text is verified, but public use remains owner-gated. White, Blue, Selesnya, and Five-Color can all value sharing. This proposal is limited to Ink's certified open-knowledge and community-benefit frame and does not prove the four-color identity.
packet1_voice_ink_353dd446_2ea6_41c9_a10f_5a03e4de19b4_2	INK	Access Denied	353dd446-2ea6-41c9-a10f-5a03e4de19b4	The Saiba Futurists guard their secret experiments with ever-evolving networks of cutting-edge defensive technology.	GENERIC_THEMATIC_ANALOGY		The excerpt is authentic, but the prior heuristic assignment does not establish a specific relationship to the certified identity.	No certified claim authorizes this candidate strongly enough. Name, color, product, mechanic, or broad theme overlap cannot supply the missing bridge.	This candidate can sound plausible through broad mood or theme alone. Without the selected identity-specific bridge, it could be reassigned by intuition to White, Blue, Selesnya, and Five-Color can all value sharing. This proposal is limited to Ink's certified open-knowledge and community-benefit frame and does not prove the four-color identity.	White, Blue, Selesnya, and Five-Color can all value sharing. This proposal is limited to Ink's certified open-knowledge and community-benefit frame and does not prove the four-color identity.	REJECTED	data/scryfall/indexes/card-flavor-index.json#oracle_id=353dd446-2ea6-41c9-a10f-5a03e4de19b4	Rejected from owner decision workload because exact text provenance alone does not establish a source-complete identity relationship.
packet1_voice_ink_a0657586_0404_4bb0_a92d_25f040d560c1_1	INK	Aberrant Manawurm	a0657586-0404-4bb0-a92d-25f040d560c1	"What is the equation for terror?" —Lost research note, Paradox Gardens	GENERIC_THEMATIC_ANALOGY		The excerpt is authentic, but the prior heuristic assignment does not establish a specific relationship to the certified identity.	No certified claim authorizes this candidate strongly enough. Name, color, product, mechanic, or broad theme overlap cannot supply the missing bridge.	This candidate can sound plausible through broad mood or theme alone. Without the selected identity-specific bridge, it could be reassigned by intuition to White, Blue, Selesnya, and Five-Color can all value sharing. This proposal is limited to Ink's certified open-knowledge and community-benefit frame and does not prove the four-color identity.	White, Blue, Selesnya, and Five-Color can all value sharing. This proposal is limited to Ink's certified open-knowledge and community-benefit frame and does not prove the four-color identity.	REJECTED	data/scryfall/indexes/card-flavor-index.json#oracle_id=a0657586-0404-4bb0-a92d-25f040d560c1	Rejected from owner decision workload because exact text provenance alone does not establish a source-complete identity relationship.
packet1_voice_ink_e0828e8d_f01f_4088_9123_6d923ddb3242_3	INK	Ancestral Anger	e0828e8d-f01f-4088-9123-6d923ddb3242	An incautious Lorehold student may learn more about the unbound rage of the Blood Age than they wanted to.	GENERIC_THEMATIC_ANALOGY		The excerpt is authentic, but the prior heuristic assignment does not establish a specific relationship to the certified identity.	No certified claim authorizes this candidate strongly enough. Name, color, product, mechanic, or broad theme overlap cannot supply the missing bridge.	This candidate can sound plausible through broad mood or theme alone. Without the selected identity-specific bridge, it could be reassigned by intuition to White, Blue, Selesnya, and Five-Color can all value sharing. This proposal is limited to Ink's certified open-knowledge and community-benefit frame and does not prove the four-color identity.	White, Blue, Selesnya, and Five-Color can all value sharing. This proposal is limited to Ink's certified open-knowledge and community-benefit frame and does not prove the four-color identity.	REJECTED	data/scryfall/indexes/card-flavor-index.json#oracle_id=e0828e8d-f01f-4088-9123-6d923ddb3242	Rejected from owner decision workload because exact text provenance alone does not establish a source-complete identity relationship.
packet1_voice_jeskai_341cf654_faf7_4db9_bd9a_70783f1ccff0_2	JESKAI	Bloodfire Expert	341cf654-faf7-4db9-bd9a-70783f1ccff0	Some efreet abandon their homes in the volcanic Fire Rim to embrace the Jeskai Way and discipline their innate flames.	EXPLICIT_IDENTITY_REFERENCE	jeskai_claim_0002 | jeskai_claim_0004 | jeskai_claim_0005	Bloodfire Expert's exact excerpt provides a bounded voice echo of the Jeskai Way named directly through discipline applied to innate flame.	The excerpt is admissible for owner review only because its language corresponds to certified claims jeskai_claim_0002, jeskai_claim_0004, jeskai_claim_0005; the relationship does not arise from card color, product membership, tags, or mechanics.	Prismari and Izzet also join Blue and Red through technique; the explicit Jeskai discipline, monastery, and bloodfire context supplies the bridge.	Prismari and Izzet also join Blue and Red through technique; the explicit Jeskai discipline, monastery, and bloodfire context supplies the bridge.	REVIEW_REQUIRED	data/scryfall/indexes/card-flavor-index.json#oracle_id=341cf654-faf7-4db9-bd9a-70783f1ccff0	Exact card text is verified, but public use remains owner-gated. Prismari and Izzet also join Blue and Red through technique; the explicit Jeskai discipline, monastery, and bloodfire context supplies the bridge.
packet1_voice_jeskai_40ed32a6_ad56_48c7_aecf_b4238c34c212_1	JESKAI	Shiko and Narset, Unified	40ed32a6-ad56-48c7-aecf-b4238c34c212	For peace, lead by example.	GENERIC_THEMATIC_ANALOGY		The excerpt is authentic, but the prior heuristic assignment does not establish a specific relationship to the certified identity.	No certified claim authorizes this candidate strongly enough. Name, color, product, mechanic, or broad theme overlap cannot supply the missing bridge.	This candidate can sound plausible through broad mood or theme alone. Without the selected identity-specific bridge, it could be reassigned by intuition to Prismari and Izzet also join Blue and Red through technique; the explicit Jeskai discipline, monastery, and bloodfire context supplies the bridge.	Prismari and Izzet also join Blue and Red through technique; the explicit Jeskai discipline, monastery, and bloodfire context supplies the bridge.	REJECTED	data/scryfall/indexes/commander-index.json#oracle_id=40ed32a6-ad56-48c7-aecf-b4238c34c212	Rejected from owner decision workload because exact text provenance alone does not establish a source-complete identity relationship.
packet1_voice_jeskai_d92725de_ead0_4a6c_83db_55ec3acc7184_3	JESKAI	Narset, Enlightened Exile	d92725de-ead0-4a6c-83db-55ec3acc7184	They called her unique insight a "gift." Then she saw the truth, and suddenly it was a "threat."	GENERIC_THEMATIC_ANALOGY		The excerpt is authentic, but the prior heuristic assignment does not establish a specific relationship to the certified identity.	No certified claim authorizes this candidate strongly enough. Name, color, product, mechanic, or broad theme overlap cannot supply the missing bridge.	This candidate can sound plausible through broad mood or theme alone. Without the selected identity-specific bridge, it could be reassigned by intuition to Prismari and Izzet also join Blue and Red through technique; the explicit Jeskai discipline, monastery, and bloodfire context supplies the bridge.	Prismari and Izzet also join Blue and Red through technique; the explicit Jeskai discipline, monastery, and bloodfire context supplies the bridge.	REJECTED	data/scryfall/indexes/commander-index.json#oracle_id=d92725de-ead0-4a6c-83db-55ec3acc7184	Rejected from owner decision workload because exact text provenance alone does not establish a source-complete identity relationship.
packet1_voice_jund_4a430fa3_e693_424b_9981_d7d8193445e3_2	JUND	Charnelhoard Wurm	4a430fa3-e693-424b-9981-d7d8193445e3	Jund's dragons hoard only sangrite crystals. Its wurms aren't so picky.	GENERIC_THEMATIC_ANALOGY		The excerpt is authentic, but the prior heuristic assignment does not establish a specific relationship to the certified identity.	No certified claim authorizes this candidate strongly enough. Name, color, product, mechanic, or broad theme overlap cannot supply the missing bridge.	This candidate can sound plausible through broad mood or theme alone. Without the selected identity-specific bridge, it could be reassigned by intuition to Gruul, Naya, and Grixis can share force or survival; the explicit Jund predatory-world framing prevents generic BRG inference.	Gruul, Naya, and Grixis can share force or survival; the explicit Jund predatory-world framing prevents generic BRG inference.	REJECTED	data/scryfall/indexes/card-flavor-index.json#oracle_id=4a430fa3-e693-424b-9981-d7d8193445e3	Rejected from owner decision workload because exact text provenance alone does not establish a source-complete identity relationship.
packet1_voice_jund_7020dc51_8271_40a3_9c4c_ebd40c0b08b2_3	JUND	Algae Gharial	7020dc51-8271-40a3-9c4c-ebd40c0b08b2	It lurks just under the surface, using the algae-choked tar pits of Jund as both home and hunting blind.	GENERIC_THEMATIC_ANALOGY		The excerpt is authentic, but the prior heuristic assignment does not establish a specific relationship to the certified identity.	No certified claim authorizes this candidate strongly enough. Name, color, product, mechanic, or broad theme overlap cannot supply the missing bridge.	This candidate can sound plausible through broad mood or theme alone. Without the selected identity-specific bridge, it could be reassigned by intuition to Gruul, Naya, and Grixis can share force or survival; the explicit Jund predatory-world framing prevents generic BRG inference.	Gruul, Naya, and Grixis can share force or survival; the explicit Jund predatory-world framing prevents generic BRG inference.	REJECTED	data/scryfall/indexes/card-flavor-index.json#oracle_id=7020dc51-8271-40a3-9c4c-ebd40c0b08b2	Rejected from owner decision workload because exact text provenance alone does not establish a source-complete identity relationship.
packet1_voice_jund_9b984236_39cf_4552_827b_e81c26cfb388_1	JUND	Broodmate Tyrant	9b984236-39cf-4552-827b-e81c26cfb388	Karrthus was not the first Tyrant of Jund, nor will he be the last.	EXPLICIT_IDENTITY_REFERENCE	jund_claim_0003 | jund_claim_0005 | jund_claim_0007	Broodmate Tyrant's exact excerpt provides a bounded voice echo of Jund named directly through embodied succession, dominance, and survival.	The excerpt is admissible for owner review only because its language corresponds to certified claims jund_claim_0003, jund_claim_0005, jund_claim_0007; the relationship does not arise from card color, product membership, tags, or mechanics.	Gruul, Naya, and Grixis can share force or survival; the explicit Jund predatory-world framing prevents generic BRG inference.	Gruul, Naya, and Grixis can share force or survival; the explicit Jund predatory-world framing prevents generic BRG inference.	REVIEW_REQUIRED	data/scryfall/indexes/card-flavor-index.json#oracle_id=9b984236-39cf-4552-827b-e81c26cfb388	Exact card text is verified, but public use remains owner-gated. Gruul, Naya, and Grixis can share force or survival; the explicit Jund predatory-world framing prevents generic BRG inference.
packet1_voice_lorehold_7c4bbb1b_29c4_4e06_aed0_b361293a585b_3	LOREHOLD	Arabella, Abandoned Doll	7c4bbb1b-29c4-4e06-aed0-b361293a585b	Every night, Cori threw the unsettling doll away. Every morning, it was back on the shelf, its eyes following her every move.	GENERIC_THEMATIC_ANALOGY		The excerpt is authentic, but the prior heuristic assignment does not establish a specific relationship to the certified identity.	No certified claim authorizes this candidate strongly enough. Name, color, product, mechanic, or broad theme overlap cannot supply the missing bridge.	This candidate can sound plausible through broad mood or theme alone. Without the selected identity-specific bridge, it could be reassigned by intuition to White, Red, and generic artifact recursion can preserve objects; the explicit Lorehold historical-reconstruction purpose is required.	White, Red, and generic artifact recursion can preserve objects; the explicit Lorehold historical-reconstruction purpose is required.	REJECTED	data/scryfall/indexes/commander-index.json#oracle_id=7c4bbb1b-29c4-4e06-aed0-b361293a585b	Rejected from owner decision workload because exact text provenance alone does not establish a source-complete identity relationship.
packet1_voice_lorehold_d34a3b58_a905_4e90_b35c_9f5c21149b04_1	LOREHOLD	Campus Renovation	d34a3b58-a905-4e90-b35c-9f5c21149b04	Reconstructing the past is Lorehold's specialty.	EXPLICIT_IDENTITY_REFERENCE	claim_lorehold_placement_0001 | claim_lorehold_placement_0002 | claim_lorehold_placement_0009	Campus Renovation's exact excerpt provides a bounded voice echo of Lorehold named directly through reconstructing and actively using the past.	The excerpt is admissible for owner review only because its language corresponds to certified claims claim_lorehold_placement_0001, claim_lorehold_placement_0002, claim_lorehold_placement_0009; the relationship does not arise from card color, product membership, tags, or mechanics.	White, Red, and generic artifact recursion can preserve objects; the explicit Lorehold historical-reconstruction purpose is required.	White, Red, and generic artifact recursion can preserve objects; the explicit Lorehold historical-reconstruction purpose is required.	REVIEW_REQUIRED	data/scryfall/indexes/card-flavor-index.json#oracle_id=d34a3b58-a905-4e90-b35c-9f5c21149b04	Exact card text is verified, but public use remains owner-gated. White, Red, and generic artifact recursion can preserve objects; the explicit Lorehold historical-reconstruction purpose is required.
packet1_voice_lorehold_e0828e8d_f01f_4088_9123_6d923ddb3242_2	LOREHOLD	Ancestral Anger	e0828e8d-f01f-4088-9123-6d923ddb3242	An incautious Lorehold student may learn more about the unbound rage of the Blood Age than they wanted to.	GENERIC_THEMATIC_ANALOGY		The excerpt is authentic, but the prior heuristic assignment does not establish a specific relationship to the certified identity.	No certified claim authorizes this candidate strongly enough. Name, color, product, mechanic, or broad theme overlap cannot supply the missing bridge.	This candidate can sound plausible through broad mood or theme alone. Without the selected identity-specific bridge, it could be reassigned by intuition to White, Red, and generic artifact recursion can preserve objects; the explicit Lorehold historical-reconstruction purpose is required.	White, Red, and generic artifact recursion can preserve objects; the explicit Lorehold historical-reconstruction purpose is required.	REJECTED	data/scryfall/indexes/card-flavor-index.json#oracle_id=e0828e8d-f01f-4088-9123-6d923ddb3242	Rejected from owner decision workload because exact text provenance alone does not establish a source-complete identity relationship.
packet1_voice_mardu_5a96b93b_bae6_48fb_87f5_05f3ffcf7ba9_2	MARDU	Defibrillating Current	5a96b93b-bae6-48fb-87f5-05f3ffcf7ba9	A small shock to save a life, a large one to take it away. —Mardu healer's adage	GENERIC_THEMATIC_ANALOGY		The excerpt is authentic, but the prior heuristic assignment does not establish a specific relationship to the certified identity.	No certified claim authorizes this candidate strongly enough. Name, color, product, mechanic, or broad theme overlap cannot supply the missing bridge.	This candidate can sound plausible through broad mood or theme alone. Without the selected identity-specific bridge, it could be reassigned by intuition to Rakdos, Jund, and Black also speak in violent or death-facing terms; the explicit Mardu honor-and-action context is the bridge.	Rakdos, Jund, and Black also speak in violent or death-facing terms; the explicit Mardu honor-and-action context is the bridge.	REJECTED	data/scryfall/indexes/card-flavor-index.json#oracle_id=5a96b93b-bae6-48fb-87f5-05f3ffcf7ba9	Rejected from owner decision workload because exact text provenance alone does not establish a source-complete identity relationship.
packet1_voice_mardu_6969a7e2_6866_4001_a139_24b3be13deae_1	MARDU	Alesha, Who Smiles at Death	6969a7e2-6866-4001-a139-24b3be13deae	"Greet death with sword in hand."	GENERIC_THEMATIC_ANALOGY		The excerpt is authentic, but the prior heuristic assignment does not establish a specific relationship to the certified identity.	No certified claim authorizes this candidate strongly enough. Name, color, product, mechanic, or broad theme overlap cannot supply the missing bridge.	This candidate can sound plausible through broad mood or theme alone. Without the selected identity-specific bridge, it could be reassigned by intuition to Rakdos, Jund, and Black also speak in violent or death-facing terms; the explicit Mardu honor-and-action context is the bridge.	Rakdos, Jund, and Black also speak in violent or death-facing terms; the explicit Mardu honor-and-action context is the bridge.	REJECTED	data/scryfall/indexes/commander-index.json#oracle_id=6969a7e2-6866-4001-a139-24b3be13deae	Rejected from owner decision workload because exact text provenance alone does not establish a source-complete identity relationship.
packet1_voice_mardu_cad09970_14c8_4d80_82fe_6c855efb0191_3	MARDU	Bloodsoaked Champion	cad09970-14c8-4d80-82fe-6c855efb0191	"Death is merely another foe the Mardu will overcome."	EXPLICIT_IDENTITY_REFERENCE	mardu_claim_0002 | mardu_claim_0003 | mardu_claim_0005	Bloodsoaked Champion's exact excerpt provides a bounded voice echo of the Mardu named directly through meeting death as another opponent.	The excerpt is admissible for owner review only because its language corresponds to certified claims mardu_claim_0002, mardu_claim_0003, mardu_claim_0005; the relationship does not arise from card color, product membership, tags, or mechanics.	Rakdos, Jund, and Black also speak in violent or death-facing terms; the explicit Mardu honor-and-action context is the bridge.	Rakdos, Jund, and Black also speak in violent or death-facing terms; the explicit Mardu honor-and-action context is the bridge.	REVIEW_REQUIRED	data/scryfall/indexes/card-flavor-index.json#oracle_id=cad09970-14c8-4d80-82fe-6c855efb0191	Exact card text is verified, but public use remains owner-gated. Rakdos, Jund, and Black also speak in violent or death-facing terms; the explicit Mardu honor-and-action context is the bridge.
packet1_voice_naya_2f47661e_a107_4d98_8773_0a068a63df49_3	NAYA	Ajani's Mantra	2f47661e-a107-4d98-8773-0a068a63df49	"He hasn't returned to the Cloud Forest. But I can still sense his calming presence." —Zaliki of Naya	GENERIC_THEMATIC_ANALOGY		The excerpt is authentic, but the prior heuristic assignment does not establish a specific relationship to the certified identity.	No certified claim authorizes this candidate strongly enough. Name, color, product, mechanic, or broad theme overlap cannot supply the missing bridge.	This candidate can sound plausible through broad mood or theme alone. Without the selected identity-specific bridge, it could be reassigned by intuition to Selesnya and Green share growth and community; the explicit Naya ecosystem and abundance context prevents generic token or lifegain inference.	Selesnya and Green share growth and community; the explicit Naya ecosystem and abundance context prevents generic token or lifegain inference.	REJECTED	data/scryfall/indexes/card-flavor-index.json#oracle_id=2f47661e-a107-4d98-8773-0a068a63df49	Rejected from owner decision workload because exact text provenance alone does not establish a source-complete identity relationship.
packet1_voice_naya_956250da_532a_4457_8696_73915be56943_2	NAYA	Cradle of Vitality	956250da-532a-4457-8696-73915be56943	Naya's trees grow tall and sturdy. Their foliage intertwines to form dewcups, rainwater pools where the elves gather...	EXPLICIT_IDENTITY_REFERENCE	naya_claim_0003 | naya_claim_0004 | naya_claim_0007	Cradle of Vitality's exact excerpt provides a bounded voice echo of Naya named directly through abundant natural growth and gathering.	The excerpt is admissible for owner review only because its language corresponds to certified claims naya_claim_0003, naya_claim_0004, naya_claim_0007; the relationship does not arise from card color, product membership, tags, or mechanics.	Selesnya and Green share growth and community; the explicit Naya ecosystem and abundance context prevents generic token or lifegain inference.	Selesnya and Green share growth and community; the explicit Naya ecosystem and abundance context prevents generic token or lifegain inference.	REVIEW_REQUIRED	data/scryfall/indexes/card-flavor-index.json#oracle_id=956250da-532a-4457-8696-73915be56943	Exact card text is verified, but public use remains owner-gated. Selesnya and Green share growth and community; the explicit Naya ecosystem and abundance context prevents generic token or lifegain inference.
packet1_voice_naya_e7604cd9_d00d_4957_82c9_46a7cdb88209_1	NAYA	Shalai and Hallar	e7604cd9-d00d-4957-82c9-46a7cdb88209	Between the angel's blade and the elf's bow, few Phyrexians made it as far as Llanowar's canopy.	GENERIC_THEMATIC_ANALOGY		The excerpt is authentic, but the prior heuristic assignment does not establish a specific relationship to the certified identity.	No certified claim authorizes this candidate strongly enough. Name, color, product, mechanic, or broad theme overlap cannot supply the missing bridge.	This candidate can sound plausible through broad mood or theme alone. Without the selected identity-specific bridge, it could be reassigned by intuition to Selesnya and Green share growth and community; the explicit Naya ecosystem and abundance context prevents generic token or lifegain inference.	Selesnya and Green share growth and community; the explicit Naya ecosystem and abundance context prevents generic token or lifegain inference.	REJECTED	data/scryfall/indexes/commander-index.json#oracle_id=e7604cd9-d00d-4957-82c9-46a7cdb88209	Rejected from owner decision workload because exact text provenance alone does not establish a source-complete identity relationship.
packet1_voice_prismari_0e25faa2_efb0_4ca5_b280_18c38faa860c_3	PRISMARI	Coastal Peak	0e25faa2-efb0-4ca5-b280-18c38faa860c	Hidden across Arcavios are great sculptures chiseled by the claws of Galazeth Prismari himself.	GENERIC_THEMATIC_ANALOGY		The excerpt is authentic, but the prior heuristic assignment does not establish a specific relationship to the certified identity.	No certified claim authorizes this candidate strongly enough. Name, color, product, mechanic, or broad theme overlap cannot supply the missing bridge.	This candidate can sound plausible through broad mood or theme alone. Without the selected identity-specific bridge, it could be reassigned by intuition to Izzet, Quandrix, and Blue also pursue improvement; Prismari's technique-in-service-of-expression is the required distinction.	Izzet, Quandrix, and Blue also pursue improvement; Prismari's technique-in-service-of-expression is the required distinction.	REJECTED	data/scryfall/indexes/card-flavor-index.json#oracle_id=0e25faa2-efb0-4ca5-b280-18c38faa860c	Rejected from owner decision workload because exact text provenance alone does not establish a source-complete identity relationship.
packet1_voice_prismari_348c67ef_9ccc_4651_9038_efdf1ad1b36a_2	PRISMARI	Rootha, Mastering the Moment	348c67ef-9ccc-4651-9038-efdf1ad1b36a	"The great thrill of perfection is that we'll always be chasing it."	NATIVE_FIGURE_OR_LOCATION	prismari_claim_002 | prismari_claim_004 | prismari_claim_006 | prismari_claim_0025	Rootha, Mastering the Moment's exact excerpt provides a bounded voice echo of a certified Prismari figure voicing perfection as an endless artistic pursuit.	The excerpt is admissible for owner review only because its language corresponds to certified claims prismari_claim_002, prismari_claim_004, prismari_claim_006, prismari_claim_0025; the relationship does not arise from card color, product membership, tags, or mechanics.	Izzet, Quandrix, and Blue also pursue improvement; Prismari's technique-in-service-of-expression is the required distinction.	Izzet, Quandrix, and Blue also pursue improvement; Prismari's technique-in-service-of-expression is the required distinction.	REVIEW_REQUIRED	data/scryfall/indexes/commander-index.json#oracle_id=348c67ef-9ccc-4651-9038-efdf1ad1b36a	Exact card text is verified, but public use remains owner-gated. Izzet, Quandrix, and Blue also pursue improvement; Prismari's technique-in-service-of-expression is the required distinction.
packet1_voice_prismari_47ee6837_2e2f_4344_ab9f_6b8887874f77_1	PRISMARI	Colorstorm Stallion	47ee6837-2e2f-4344-ab9f-6b8887874f77	Prismari students are never afraid to let their imaginations run wild.	GENERIC_THEMATIC_ANALOGY		The excerpt is authentic, but the prior heuristic assignment does not establish a specific relationship to the certified identity.	No certified claim authorizes this candidate strongly enough. Name, color, product, mechanic, or broad theme overlap cannot supply the missing bridge.	This candidate can sound plausible through broad mood or theme alone. Without the selected identity-specific bridge, it could be reassigned by intuition to Izzet, Quandrix, and Blue also pursue improvement; Prismari's technique-in-service-of-expression is the required distinction.	Izzet, Quandrix, and Blue also pursue improvement; Prismari's technique-in-service-of-expression is the required distinction.	REJECTED	data/scryfall/indexes/card-flavor-index.json#oracle_id=47ee6837-2e2f-4344-ab9f-6b8887874f77	Rejected from owner decision workload because exact text provenance alone does not establish a source-complete identity relationship.
packet1_voice_quandrix_977f9390_e01d_4e9d_8e9c_e543b1266972_1	QUANDRIX	Zimone, Infinite Analyst	977f9390-e01d-4e9d-8e9c-e543b1266972	"The best answers leave you with more questions."	GENERIC_THEMATIC_ANALOGY		The excerpt is authentic, but the prior heuristic assignment does not establish a specific relationship to the certified identity.	No certified claim authorizes this candidate strongly enough. Name, color, product, mechanic, or broad theme overlap cannot supply the missing bridge.	This candidate can sound plausible through broad mood or theme alone. Without the selected identity-specific bridge, it could be reassigned by intuition to Simic and Green also scale living systems; the explicit mathematical/natural synthesis makes this Quandrix rather than generic growth.	Simic and Green also scale living systems; the explicit mathematical/natural synthesis makes this Quandrix rather than generic growth.	REJECTED	data/scryfall/indexes/commander-index.json#oracle_id=977f9390-e01d-4e9d-8e9c-e543b1266972	Rejected from owner decision workload because exact text provenance alone does not establish a source-complete identity relationship.
packet1_voice_quandrix_9c83979a_b354_4e20_9638_85e8f354da81_2	QUANDRIX	Aether Helix	9c83979a-b354-4e20-9638-85e8f354da81	Some Quandrix mages prefer to study at twilight, watching their experimental equations trace glowing trails against t...	GENERIC_THEMATIC_ANALOGY		The excerpt is authentic, but the prior heuristic assignment does not establish a specific relationship to the certified identity.	No certified claim authorizes this candidate strongly enough. Name, color, product, mechanic, or broad theme overlap cannot supply the missing bridge.	This candidate can sound plausible through broad mood or theme alone. Without the selected identity-specific bridge, it could be reassigned by intuition to Simic and Green also scale living systems; the explicit mathematical/natural synthesis makes this Quandrix rather than generic growth.	Simic and Green also scale living systems; the explicit mathematical/natural synthesis makes this Quandrix rather than generic growth.	REJECTED	data/scryfall/indexes/card-flavor-index.json#oracle_id=9c83979a-b354-4e20-9638-85e8f354da81	Rejected from owner decision workload because exact text provenance alone does not establish a source-complete identity relationship.
packet1_voice_quandrix_ce1a6c1f_6b4e_4d19_b256_48d073b359b7_3	QUANDRIX	Additive Evolution	ce1a6c1f-6b4e-4d19-b256-48d073b359b7	"Numbers have no limits. Why should nature?" —Emil, Quandrix fourth-year	EXPLICIT_IDENTITY_REFERENCE	quandrix_claim_002 | quandrix_claim_006 | quandrix_claim_0019 | quandrix_claim_0020	Additive Evolution's exact excerpt provides a bounded voice echo of a Quandrix student explicitly joining unbounded numbers to living nature.	The excerpt is admissible for owner review only because its language corresponds to certified claims quandrix_claim_002, quandrix_claim_006, quandrix_claim_0019, quandrix_claim_0020; the relationship does not arise from card color, product membership, tags, or mechanics.	Simic and Green also scale living systems; the explicit mathematical/natural synthesis makes this Quandrix rather than generic growth.	Simic and Green also scale living systems; the explicit mathematical/natural synthesis makes this Quandrix rather than generic growth.	REVIEW_REQUIRED	data/scryfall/indexes/card-flavor-index.json#oracle_id=ce1a6c1f-6b4e-4d19-b256-48d073b359b7	Exact card text is verified, but public use remains owner-gated. Simic and Green also scale living systems; the explicit mathematical/natural synthesis makes this Quandrix rather than generic growth.
packet1_voice_r_68418069_f615_40ef_ae0d_764192acae00_2	R	Krenko, Mob Boss	68418069-f615-40ef-ae0d-764192acae00	"Threats? Extortion? Good sir, you have me all wrong. I am a legitimate businessman; my colleagues and I are simply here to conduct legitimate business."	GENERIC_THEMATIC_ANALOGY		The excerpt is authentic, but the prior heuristic assignment does not establish a specific relationship to the certified identity.	No certified claim authorizes this candidate strongly enough. Name, color, product, mechanic, or broad theme overlap cannot supply the missing bridge.	This candidate can sound plausible through broad mood or theme alone. Without the selected identity-specific bridge, it could be reassigned by intuition to Black, Rakdos, Gruul, and Jund also express anger or grievance. This is a bounded mono-Red emotional-intensity echo, not identity proof from the card's color.	Black, Rakdos, Gruul, and Jund also express anger or grievance. This is a bounded mono-Red emotional-intensity echo, not identity proof from the card's color.	REJECTED	data/scryfall/indexes/commander-index.json#oracle_id=68418069-f615-40ef-ae0d-764192acae00	Rejected from owner decision workload because exact text provenance alone does not establish a source-complete identity relationship.
packet1_voice_r_8c3495bf_02e7_4ad9_949d_92eb3d2b662a_1	R	Torbran, Thane of Red Fell	8c3495bf-02e7-4ad9-949d-92eb3d2b662a	A dwarf's grudge runs deeper than the mountains' roots.	CERTIFIED_SEMANTIC_ECHO	red_claim_0002 | red_claim_0004 | red_claim_0006	Torbran, Thane of Red Fell's exact excerpt provides a bounded voice echo of emotion held as a deep, active grudge rather than suppressed.	The excerpt is admissible for owner review only because its language corresponds to certified claims red_claim_0002, red_claim_0004, red_claim_0006; the relationship does not arise from card color, product membership, tags, or mechanics.	Black, Rakdos, Gruul, and Jund also express anger or grievance. This is a bounded mono-Red emotional-intensity echo, not identity proof from the card's color.	Black, Rakdos, Gruul, and Jund also express anger or grievance. This is a bounded mono-Red emotional-intensity echo, not identity proof from the card's color.	REVIEW_REQUIRED	data/scryfall/indexes/commander-index.json#oracle_id=8c3495bf-02e7-4ad9-949d-92eb3d2b662a	Exact card text is verified, but public use remains owner-gated. Black, Rakdos, Gruul, and Jund also express anger or grievance. This is a bounded mono-Red emotional-intensity echo, not identity proof from the card's color.
packet1_voice_r_da1c1c70_c2fa_4ba7_89fe_d9af3fb353b9_3	R	General Kreat, the Boltbringer	da1c1c70-c2fa-4ba7-89fe-d9af3fb353b9	To cross swords with her is a shockingly bad idea.	GENERIC_THEMATIC_ANALOGY		The excerpt is authentic, but the prior heuristic assignment does not establish a specific relationship to the certified identity.	No certified claim authorizes this candidate strongly enough. Name, color, product, mechanic, or broad theme overlap cannot supply the missing bridge.	This candidate can sound plausible through broad mood or theme alone. Without the selected identity-specific bridge, it could be reassigned by intuition to Black, Rakdos, Gruul, and Jund also express anger or grievance. This is a bounded mono-Red emotional-intensity echo, not identity proof from the card's color.	Black, Rakdos, Gruul, and Jund also express anger or grievance. This is a bounded mono-Red emotional-intensity echo, not identity proof from the card's color.	REJECTED	data/scryfall/indexes/commander-index.json#oracle_id=da1c1c70-c2fa-4ba7-89fe-d9af3fb353b9	Rejected from owner decision workload because exact text provenance alone does not establish a source-complete identity relationship.
packet1_voice_rg_327d9679_0049_4401_8dab_e0fb362306bd_2	RG	Burning-Tree Emissary	327d9679-0049-4401-8dab-e0fb362306bd	Those who regard the Gruul as savage simpletons underestimate the subtle power of their shamans.	EXPLICIT_IDENTITY_REFERENCE	claim_gruul_clans_core_identity_0002 | claim_gruul_clans_philosophy_0004 | claim_gruul_clans_placement_0001	Burning-Tree Emissary's exact excerpt provides a bounded voice echo of the Gruul named directly while rejecting the assumption that their wildness lacks subtle power.	The excerpt is admissible for owner review only because its language corresponds to certified claims claim_gruul_clans_core_identity_0002, claim_gruul_clans_philosophy_0004, claim_gruul_clans_placement_0001; the relationship does not arise from card color, product membership, tags, or mechanics.	Red, Green, and Temur can sound instinctive or wild; the explicit Gruul anti-civilization and shaman context supplies the relationship.	Red, Green, and Temur can sound instinctive or wild; the explicit Gruul anti-civilization and shaman context supplies the relationship.	REVIEW_REQUIRED	data/scryfall/indexes/card-flavor-index.json#oracle_id=327d9679-0049-4401-8dab-e0fb362306bd	Exact card text is verified, but public use remains owner-gated. Red, Green, and Temur can sound instinctive or wild; the explicit Gruul anti-civilization and shaman context supplies the relationship.
packet1_voice_rg_8593e899_8e6f_4d40_96ab_98788b3d9486_3	RG	Burning-Tree Shaman	8593e899-8e6f-4d40-96ab-98788b3d9486	Gruul shamans are bent on punishing the civilized. Any act more complex than rubbing sticks together or eating with u...	GENERIC_THEMATIC_ANALOGY		The excerpt is authentic, but the prior heuristic assignment does not establish a specific relationship to the certified identity.	No certified claim authorizes this candidate strongly enough. Name, color, product, mechanic, or broad theme overlap cannot supply the missing bridge.	This candidate can sound plausible through broad mood or theme alone. Without the selected identity-specific bridge, it could be reassigned by intuition to Red, Green, and Temur can sound instinctive or wild; the explicit Gruul anti-civilization and shaman context supplies the relationship.	Red, Green, and Temur can sound instinctive or wild; the explicit Gruul anti-civilization and shaman context supplies the relationship.	REJECTED	data/scryfall/indexes/card-flavor-index.json#oracle_id=8593e899-8e6f-4d40-96ab-98788b3d9486	Rejected from owner decision workload because exact text provenance alone does not establish a source-complete identity relationship.
packet1_voice_rg_dbfa5409_5706_4de8_8152_e74b8d93910a_1	RG	Bolrac-Clan Crusher	dbfa5409-5706-4de8-8152-e74b8d93910a	Jaharg discovered that the shapes and symmetries so pleasing to the sculptor's eye also yielded a well-balanced bludg...	GENERIC_THEMATIC_ANALOGY		The excerpt is authentic, but the prior heuristic assignment does not establish a specific relationship to the certified identity.	No certified claim authorizes this candidate strongly enough. Name, color, product, mechanic, or broad theme overlap cannot supply the missing bridge.	This candidate can sound plausible through broad mood or theme alone. Without the selected identity-specific bridge, it could be reassigned by intuition to Red, Green, and Temur can sound instinctive or wild; the explicit Gruul anti-civilization and shaman context supplies the relationship.	Red, Green, and Temur can sound instinctive or wild; the explicit Gruul anti-civilization and shaman context supplies the relationship.	REJECTED	data/scryfall/indexes/card-flavor-index.json#oracle_id=dbfa5409-5706-4de8-8152-e74b8d93910a	Rejected from owner decision workload because exact text provenance alone does not establish a source-complete identity relationship.
packet1_voice_silverquill_96cb97ca_4ce0_4d33_86fb_4db4ce1956be_3	SILVERQUILL	Edgar, Charmed Groom // Edgar Markov's Coffin	96cb97ca-4ce0-4d33-86fb-4db4ce1956be	"Our kind has taken my gift for granted. It is time to correct that folly."	GENERIC_THEMATIC_ANALOGY		The excerpt is authentic, but the prior heuristic assignment does not establish a specific relationship to the certified identity.	No certified claim authorizes this candidate strongly enough. Name, color, product, mechanic, or broad theme overlap cannot supply the missing bridge.	This candidate can sound plausible through broad mood or theme alone. Without the selected identity-specific bridge, it could be reassigned by intuition to Prismari and mono-White can also value expression or confidence; Silverquill requires word/social influence and power-awareness rather than art alone.	Prismari and mono-White can also value expression or confidence; Silverquill requires word/social influence and power-awareness rather than art alone.	REJECTED	data/scryfall/indexes/commander-index.json#oracle_id=96cb97ca-4ce0-4d33-86fb-4db4ce1956be	Rejected from owner decision workload because exact text provenance alone does not establish a source-complete identity relationship.
packet1_voice_silverquill_e25b516c_bf95_42bc_8b1e_04617a3d28df_2	SILVERQUILL	Baron Bertram Graywater	e25b516c-bf95-42bc-8b1e-04617a3d28df	"Of course the law's on my side. I wrote it."	GENERIC_THEMATIC_ANALOGY		The excerpt is authentic, but the prior heuristic assignment does not establish a specific relationship to the certified identity.	No certified claim authorizes this candidate strongly enough. Name, color, product, mechanic, or broad theme overlap cannot supply the missing bridge.	This candidate can sound plausible through broad mood or theme alone. Without the selected identity-specific bridge, it could be reassigned by intuition to Prismari and mono-White can also value expression or confidence; Silverquill requires word/social influence and power-awareness rather than art alone.	Prismari and mono-White can also value expression or confidence; Silverquill requires word/social influence and power-awareness rather than art alone.	REJECTED	data/scryfall/indexes/commander-index.json#oracle_id=e25b516c-bf95-42bc-8b1e-04617a3d28df	Rejected from owner decision workload because exact text provenance alone does not establish a source-complete identity relationship.
packet1_voice_silverquill_f88eeb04_4b8e_4c76_a8c6_90887b94d518_1	SILVERQUILL	Beaming Defiance	f88eeb04-4b8e-4c76-a8c6-90887b94d518	"I've lived too long in my father's shadow. It's time to find my own light." —Killian, Silverquill mage-student	EXPLICIT_IDENTITY_REFERENCE	silverquill_claim_0019 | silverquill_claim_0020 | silverquill_claim_0021	Beaming Defiance's exact excerpt provides a bounded voice echo of a Silverquill student using language of shadow, light, self-definition, and visible presence.	The excerpt is admissible for owner review only because its language corresponds to certified claims silverquill_claim_0019, silverquill_claim_0020, silverquill_claim_0021; the relationship does not arise from card color, product membership, tags, or mechanics.	Prismari and mono-White can also value expression or confidence; Silverquill requires word/social influence and power-awareness rather than art alone.	Prismari and mono-White can also value expression or confidence; Silverquill requires word/social influence and power-awareness rather than art alone.	REVIEW_REQUIRED	data/scryfall/indexes/card-flavor-index.json#oracle_id=f88eeb04-4b8e-4c76-a8c6-90887b94d518	Exact card text is verified, but public use remains owner-gated. Prismari and mono-White can also value expression or confidence; Silverquill requires word/social influence and power-awareness rather than art alone.
packet1_voice_sultai_88ce2017_83a6_4b55_afba_371875bf2172_1	SULTAI	Blinding Spray	88ce2017-83a6-4b55-afba-371875bf2172	"The stronger our enemies seem, the more vulnerable they are." —Sultai secret	GENERIC_THEMATIC_ANALOGY		The excerpt is authentic, but the prior heuristic assignment does not establish a specific relationship to the certified identity.	No certified claim authorizes this candidate strongly enough. Name, color, product, mechanic, or broad theme overlap cannot supply the missing bridge.	This candidate can sound plausible through broad mood or theme alone. Without the selected identity-specific bridge, it could be reassigned by intuition to Black, Dimir, Grixis, and Orzhov can all sound calculating; the explicit Sultai ruthlessness and instrumental alliance frame is required.	Black, Dimir, Grixis, and Orzhov can all sound calculating; the explicit Sultai ruthlessness and instrumental alliance frame is required.	REJECTED	data/scryfall/indexes/card-flavor-index.json#oracle_id=88ce2017-83a6-4b55-afba-371875bf2172	Rejected from owner decision workload because exact text provenance alone does not establish a source-complete identity relationship.
packet1_voice_sultai_c469133e_174d_476b_b135_bbf15e415e72_2	SULTAI	Aggressive Negotiations	c469133e-174d-476b-b135-bbf15e415e72	"When an alliance outlasts its usefulness it's best to end it quickly." —Heng, Sultai ambassador	EXPLICIT_IDENTITY_REFERENCE	sultai_claim_0002 | sultai_claim_0004 | sultai_claim_0007	Aggressive Negotiations's exact excerpt provides a bounded voice echo of a Sultai ambassador explicitly treating alliances as tools with an expiration point.	The excerpt is admissible for owner review only because its language corresponds to certified claims sultai_claim_0002, sultai_claim_0004, sultai_claim_0007; the relationship does not arise from card color, product membership, tags, or mechanics.	Black, Dimir, Grixis, and Orzhov can all sound calculating; the explicit Sultai ruthlessness and instrumental alliance frame is required.	Black, Dimir, Grixis, and Orzhov can all sound calculating; the explicit Sultai ruthlessness and instrumental alliance frame is required.	REVIEW_REQUIRED	data/scryfall/indexes/card-flavor-index.json#oracle_id=c469133e-174d-476b-b135-bbf15e415e72	Exact card text is verified, but public use remains owner-gated. Black, Dimir, Grixis, and Orzhov can all sound calculating; the explicit Sultai ruthlessness and instrumental alliance frame is required.
packet1_voice_sultai_c527eb80_ccac_40b8_8377_c31121613128_3	SULTAI	Dark Deal	c527eb80-ccac-40b8-8377-c31121613128	The first khans of the Sultai relied on the magic of the rakshasa to ensure the survival of the clan.	GENERIC_THEMATIC_ANALOGY		The excerpt is authentic, but the prior heuristic assignment does not establish a specific relationship to the certified identity.	No certified claim authorizes this candidate strongly enough. Name, color, product, mechanic, or broad theme overlap cannot supply the missing bridge.	This candidate can sound plausible through broad mood or theme alone. Without the selected identity-specific bridge, it could be reassigned by intuition to Black, Dimir, Grixis, and Orzhov can all sound calculating; the explicit Sultai ruthlessness and instrumental alliance frame is required.	Black, Dimir, Grixis, and Orzhov can all sound calculating; the explicit Sultai ruthlessness and instrumental alliance frame is required.	REJECTED	data/scryfall/indexes/card-flavor-index.json#oracle_id=c527eb80-ccac-40b8-8377-c31121613128	Rejected from owner decision workload because exact text provenance alone does not establish a source-complete identity relationship.
packet1_voice_temur_511d3de9_076b_4811_bddf_00623f98993f_3	TEMUR	Auroral Procession	511d3de9-076b-4811-bddf-00623f98993f	The Temur celebrate the end of the Unbroken Night with stories, dances, and feasts. They gather to witness the first...	GENERIC_THEMATIC_ANALOGY		The excerpt is authentic, but the prior heuristic assignment does not establish a specific relationship to the certified identity.	No certified claim authorizes this candidate strongly enough. Name, color, product, mechanic, or broad theme overlap cannot supply the missing bridge.	This candidate can sound plausible through broad mood or theme alone. Without the selected identity-specific bridge, it could be reassigned by intuition to Gruul and Green also use physical force; the explicit Temur synthesis of terrain, problem solving, and direct action is the bridge.	Gruul and Green also use physical force; the explicit Temur synthesis of terrain, problem solving, and direct action is the bridge.	REJECTED	data/scryfall/indexes/card-flavor-index.json#oracle_id=511d3de9-076b-4811-bddf-00623f98993f	Rejected from owner decision workload because exact text provenance alone does not establish a source-complete identity relationship.
packet1_voice_temur_bf84a598_12d3_406d_8eeb_40592e782b87_2	TEMUR	Ainok Tracker	bf84a598-12d3-406d-8eeb-40592e782b87	Some ainok of the mountains are accepted among the Temur as trusted hunt-mates.	GENERIC_THEMATIC_ANALOGY		The excerpt is authentic, but the prior heuristic assignment does not establish a specific relationship to the certified identity.	No certified claim authorizes this candidate strongly enough. Name, color, product, mechanic, or broad theme overlap cannot supply the missing bridge.	This candidate can sound plausible through broad mood or theme alone. Without the selected identity-specific bridge, it could be reassigned by intuition to Gruul and Green also use physical force; the explicit Temur synthesis of terrain, problem solving, and direct action is the bridge.	Gruul and Green also use physical force; the explicit Temur synthesis of terrain, problem solving, and direct action is the bridge.	REJECTED	data/scryfall/indexes/card-flavor-index.json#oracle_id=bf84a598-12d3-406d-8eeb-40592e782b87	Rejected from owner decision workload because exact text provenance alone does not establish a source-complete identity relationship.
packet1_voice_temur_ccad8b03_5ff1_4895_94e0_0c96883cb875_1	TEMUR	Avalanche Tusker	ccad8b03-5ff1-4895-94e0-0c96883cb875	"Hold the high ground, then bring it to your enemy." —Surrak, khan of the Temur	EXPLICIT_IDENTITY_REFERENCE	temur_claim_0002 | temur_claim_0003 | temur_claim_0004	Avalanche Tusker's exact excerpt provides a bounded voice echo of a Temur khan joining tactical knowledge to literal natural force.	The excerpt is admissible for owner review only because its language corresponds to certified claims temur_claim_0002, temur_claim_0003, temur_claim_0004; the relationship does not arise from card color, product membership, tags, or mechanics.	Gruul and Green also use physical force; the explicit Temur synthesis of terrain, problem solving, and direct action is the bridge.	Gruul and Green also use physical force; the explicit Temur synthesis of terrain, problem solving, and direct action is the bridge.	REVIEW_REQUIRED	data/scryfall/indexes/card-flavor-index.json#oracle_id=ccad8b03-5ff1-4895-94e0-0c96883cb875	Exact card text is verified, but public use remains owner-gated. Gruul and Green also use physical force; the explicit Temur synthesis of terrain, problem solving, and direct action is the bridge.
packet1_voice_u_0f8b97fe_3e5e_47c2_9a9d_7f77482aa159_2	U	Azami, Lady of Scrolls	0f8b97fe-3e5e-47c2-9a9d-7f77482aa159	"Choices belong to those with the luxuries of time and distance. We have neither. I recommend we proceed with the plan to destroy all shrines of the kami." —Lady Azami, letter t...	CERTIFIED_SEMANTIC_ECHO	blue_claim_0002 | blue_claim_0003 | blue_claim_0006	Azami, Lady of Scrolls's exact excerpt provides a bounded voice echo of a constrained decision answered with information, planning, and a deliberate course.	The excerpt is admissible for owner review only because its language corresponds to certified claims blue_claim_0002, blue_claim_0003, blue_claim_0006; the relationship does not arise from card color, product membership, tags, or mechanics.	Azorius, Esper, Dimir, and Jeskai also plan; this is a mono-Blue knowledge-and-deliberation echo without secrecy, law, or faction doctrine.	Azorius, Esper, Dimir, and Jeskai also plan; this is a mono-Blue knowledge-and-deliberation echo without secrecy, law, or faction doctrine.	REVIEW_REQUIRED	data/scryfall/indexes/commander-index.json#oracle_id=0f8b97fe-3e5e-47c2-9a9d-7f77482aa159	Exact card text is verified, but public use remains owner-gated. Azorius, Esper, Dimir, and Jeskai also plan; this is a mono-Blue knowledge-and-deliberation echo without secrecy, law, or faction doctrine.
packet1_voice_u_4900c157_8d9f_4f92_aaca_5246b6e2832e_3	U	April O'Neil, Live on the Scene	4900c157-8d9f-4f92-aaca-5246b6e2832e	"This is great! I must really be onto something hot if they're trying to kill me!"	GENERIC_THEMATIC_ANALOGY		The excerpt is authentic, but the prior heuristic assignment does not establish a specific relationship to the certified identity.	No certified claim authorizes this candidate strongly enough. Name, color, product, mechanic, or broad theme overlap cannot supply the missing bridge.	This candidate can sound plausible through broad mood or theme alone. Without the selected identity-specific bridge, it could be reassigned by intuition to Azorius, Esper, Dimir, and Jeskai also plan; this is a mono-Blue knowledge-and-deliberation echo without secrecy, law, or faction doctrine.	Azorius, Esper, Dimir, and Jeskai also plan; this is a mono-Blue knowledge-and-deliberation echo without secrecy, law, or faction doctrine.	REJECTED	data/scryfall/indexes/commander-index.json#oracle_id=4900c157-8d9f-4f92-aaca-5246b6e2832e	Rejected from owner decision workload because exact text provenance alone does not establish a source-complete identity relationship.
packet1_voice_u_ea1eb902_a23c_44ff_9169_19baf71de238_1	U	Talrand, Sky Summoner	ea1eb902-a23c-44ff-9169-19baf71de238	"The seas are vast, but the skies are even more so. Why be content with one kingdom when I can rule them both?"	GENERIC_THEMATIC_ANALOGY		The excerpt is authentic, but the prior heuristic assignment does not establish a specific relationship to the certified identity.	No certified claim authorizes this candidate strongly enough. Name, color, product, mechanic, or broad theme overlap cannot supply the missing bridge.	This candidate can sound plausible through broad mood or theme alone. Without the selected identity-specific bridge, it could be reassigned by intuition to Azorius, Esper, Dimir, and Jeskai also plan; this is a mono-Blue knowledge-and-deliberation echo without secrecy, law, or faction doctrine.	Azorius, Esper, Dimir, and Jeskai also plan; this is a mono-Blue knowledge-and-deliberation echo without secrecy, law, or faction doctrine.	REJECTED	data/scryfall/indexes/commander-index.json#oracle_id=ea1eb902-a23c-44ff-9169-19baf71de238	Rejected from owner decision workload because exact text provenance alone does not establish a source-complete identity relationship.
packet1_voice_ub_c010d833_1873_4132_b4ff_8d78b3d7c2d7_3	UB	Bontu's Last Reckoning	c010d833-1873-4132-b4ff-8d78b3d7c2d7	To the last, Bontu wanted only to be first among the God-Pharaoh's subjects.	GENERIC_THEMATIC_ANALOGY		The excerpt is authentic, but the prior heuristic assignment does not establish a specific relationship to the certified identity.	No certified claim authorizes this candidate strongly enough. Name, color, product, mechanic, or broad theme overlap cannot supply the missing bridge.	This candidate can sound plausible through broad mood or theme alone. Without the selected identity-specific bridge, it could be reassigned by intuition to Azorius and Orzhov also use hierarchy, while Blue/Black use information; the hidden backroom delivery is the Dimir distinction.	Azorius and Orzhov also use hierarchy, while Blue/Black use information; the hidden backroom delivery is the Dimir distinction.	REJECTED	data/scryfall/indexes/card-flavor-index.json#oracle_id=c010d833-1873-4132-b4ff-8d78b3d7c2d7	Rejected from owner decision workload because exact text provenance alone does not establish a source-complete identity relationship.
packet1_voice_ub_c9edddb4_0d60_4d21_8887_51d943c6a31f_2	UB	Consult the Necrosages	c9edddb4-0d60-4d21-8887-51d943c6a31f	Dimir rank and file never see nor hear their guildmaster. All orders are given through mysterious necrosages who appe...	EXPLICIT_IDENTITY_REFERENCE	house_dimir_claim_0017 | house_dimir_claim_0018 | house_dimir_claim_0019	Consult the Necrosages's exact excerpt provides a bounded voice echo of Dimir named directly through unseen hierarchy and orders delivered by mysterious intermediaries.	The excerpt is admissible for owner review only because its language corresponds to certified claims house_dimir_claim_0017, house_dimir_claim_0018, house_dimir_claim_0019; the relationship does not arise from card color, product membership, tags, or mechanics.	Azorius and Orzhov also use hierarchy, while Blue/Black use information; the hidden backroom delivery is the Dimir distinction.	Azorius and Orzhov also use hierarchy, while Blue/Black use information; the hidden backroom delivery is the Dimir distinction.	REVIEW_REQUIRED	data/scryfall/indexes/card-flavor-index.json#oracle_id=c9edddb4-0d60-4d21-8887-51d943c6a31f	Exact card text is verified, but public use remains owner-gated. Azorius and Orzhov also use hierarchy, while Blue/Black use information; the hidden backroom delivery is the Dimir distinction.
packet1_voice_ub_edc193bf_2987_4c7b_9cf3_69089ff13764_1	UB	Artful Takedown	edc193bf-2987-4c7b-9cf3-69089ff13764	Dimir assassinations are choreographed like dance routines. Each challenge is anticipated and countered with graceful...	GENERIC_THEMATIC_ANALOGY		The excerpt is authentic, but the prior heuristic assignment does not establish a specific relationship to the certified identity.	No certified claim authorizes this candidate strongly enough. Name, color, product, mechanic, or broad theme overlap cannot supply the missing bridge.	This candidate can sound plausible through broad mood or theme alone. Without the selected identity-specific bridge, it could be reassigned by intuition to Azorius and Orzhov also use hierarchy, while Blue/Black use information; the hidden backroom delivery is the Dimir distinction.	Azorius and Orzhov also use hierarchy, while Blue/Black use information; the hidden backroom delivery is the Dimir distinction.	REJECTED	data/scryfall/indexes/card-flavor-index.json#oracle_id=edc193bf-2987-4c7b-9cf3-69089ff13764	Rejected from owner decision workload because exact text provenance alone does not establish a source-complete identity relationship.
packet1_voice_ug_69fd4ddf_9ed8_4c56_bef3_9944daf05e4f_3	UG	Coiling Oracle	69fd4ddf-9ed8-4c56-bef3-9944daf05e4f	Snaking remnants of nature directed by a body of thought and progress, the oracles embody all that is Simic.	EXPLICIT_IDENTITY_REFERENCE	simic_combine_claim_001 | simic_combine_claim_002 | simic_combine_claim_007	Coiling Oracle's exact excerpt provides a bounded voice echo of Simic named directly as nature directed by thought and progress.	The excerpt is admissible for owner review only because its language corresponds to certified claims simic_combine_claim_001, simic_combine_claim_002, simic_combine_claim_007; the relationship does not arise from card color, product membership, tags, or mechanics.	Quandrix and generic Blue-Green also join nature and intellect; the explicit Simic biological-improvement context supplies the bridge.	Quandrix and generic Blue-Green also join nature and intellect; the explicit Simic biological-improvement context supplies the bridge.	REVIEW_REQUIRED	data/scryfall/indexes/card-flavor-index.json#oracle_id=69fd4ddf-9ed8-4c56-bef3-9944daf05e4f	Exact card text is verified, but public use remains owner-gated. Quandrix and generic Blue-Green also join nature and intellect; the explicit Simic biological-improvement context supplies the bridge.
packet1_voice_ug_8049dbff_6b57_454a_a2e6_7e2ae39bb606_1	UG	Assault Zeppelid	8049dbff-6b57-454a-a2e6-7e2ae39bb606	"Show them to Razia and then to the Azorius sky marshals. We could create a fine bidding war—enough to fund the final...	GENERIC_THEMATIC_ANALOGY		The excerpt is authentic, but the prior heuristic assignment does not establish a specific relationship to the certified identity.	No certified claim authorizes this candidate strongly enough. Name, color, product, mechanic, or broad theme overlap cannot supply the missing bridge.	This candidate can sound plausible through broad mood or theme alone. Without the selected identity-specific bridge, it could be reassigned by intuition to Quandrix and generic Blue-Green also join nature and intellect; the explicit Simic biological-improvement context supplies the bridge.	Quandrix and generic Blue-Green also join nature and intellect; the explicit Simic biological-improvement context supplies the bridge.	REJECTED	data/scryfall/indexes/card-flavor-index.json#oracle_id=8049dbff-6b57-454a-a2e6-7e2ae39bb606	Rejected from owner decision workload because exact text provenance alone does not establish a source-complete identity relationship.
packet1_voice_ug_9110339d_72ba_4132_801f_cd2fd738b71d_2	UG	Augmenter Pugilist // Echoing Equation	9110339d-72ba-4132-801f-cd2fd738b71d	"Hold still. I have a theory about what's going to happen to your face."	GENERIC_THEMATIC_ANALOGY		The excerpt is authentic, but the prior heuristic assignment does not establish a specific relationship to the certified identity.	No certified claim authorizes this candidate strongly enough. Name, color, product, mechanic, or broad theme overlap cannot supply the missing bridge.	This candidate can sound plausible through broad mood or theme alone. Without the selected identity-specific bridge, it could be reassigned by intuition to Quandrix and generic Blue-Green also join nature and intellect; the explicit Simic biological-improvement context supplies the bridge.	Quandrix and generic Blue-Green also join nature and intellect; the explicit Simic biological-improvement context supplies the bridge.	REJECTED	data/scryfall/indexes/card-flavor-index.json#oracle_id=9110339d-72ba-4132-801f-cd2fd738b71d	Rejected from owner decision workload because exact text provenance alone does not establish a source-complete identity relationship.
packet1_voice_ur_2b08e5f7_c771_4e03_8560_15de6a8bec71_2	UR	Cloven Casting	2b08e5f7-c771-4e03-8560-15de6a8bec71	"Let us flee to the deep jungle. Our city is no longer safe—and I suspect neither is the fallback retreat."	GENERIC_THEMATIC_ANALOGY		The excerpt is authentic, but the prior heuristic assignment does not establish a specific relationship to the certified identity.	No certified claim authorizes this candidate strongly enough. Name, color, product, mechanic, or broad theme overlap cannot supply the missing bridge.	This candidate can sound plausible through broad mood or theme alone. Without the selected identity-specific bridge, it could be reassigned by intuition to Prismari and Quandrix also experiment; Izzet requires invention, technical outcomes, or infrastructure rather than art or proof as the purpose.	Prismari and Quandrix also experiment; Izzet requires invention, technical outcomes, or infrastructure rather than art or proof as the purpose.	REJECTED	data/scryfall/indexes/card-flavor-index.json#oracle_id=2b08e5f7-c771-4e03-8560-15de6a8bec71	Rejected from owner decision workload because exact text provenance alone does not establish a source-complete identity relationship.
packet1_voice_ur_8b96c334_82c7_4511_805e_f04c27514d7c_3	UR	Desperate Ravings	8b96c334-82c7-4511-805e-f04c27514d7c	Her mind was quite gone, yet she spoke nothing but truth.	GENERIC_THEMATIC_ANALOGY		The excerpt is authentic, but the prior heuristic assignment does not establish a specific relationship to the certified identity.	No certified claim authorizes this candidate strongly enough. Name, color, product, mechanic, or broad theme overlap cannot supply the missing bridge.	This candidate can sound plausible through broad mood or theme alone. Without the selected identity-specific bridge, it could be reassigned by intuition to Prismari and Quandrix also experiment; Izzet requires invention, technical outcomes, or infrastructure rather than art or proof as the purpose.	Prismari and Quandrix also experiment; Izzet requires invention, technical outcomes, or infrastructure rather than art or proof as the purpose.	REJECTED	data/scryfall/indexes/card-flavor-index.json#oracle_id=8b96c334-82c7-4511-805e-f04c27514d7c	Rejected from owner decision workload because exact text provenance alone does not establish a source-complete identity relationship.
packet1_voice_ur_fa09e18c_e7cf_4f08_9cc4_324e36594063_1	UR	Beamsplitter Mage	fa09e18c-e7cf-4f08-9cc4-324e36594063	The Izzet love replicating results.	EXPLICIT_IDENTITY_REFERENCE	claim_izzet_league_0001 | claim_izzet_league_0003 | claim_izzet_league_0004 | claim_izzet_league_0006	Beamsplitter Mage's exact excerpt provides a bounded voice echo of the Izzet named directly through delight in replicating experimental results.	The excerpt is admissible for owner review only because its language corresponds to certified claims claim_izzet_league_0001, claim_izzet_league_0003, claim_izzet_league_0004, claim_izzet_league_0006; the relationship does not arise from card color, product membership, tags, or mechanics.	Prismari and Quandrix also experiment; Izzet requires invention, technical outcomes, or infrastructure rather than art or proof as the purpose.	Prismari and Quandrix also experiment; Izzet requires invention, technical outcomes, or infrastructure rather than art or proof as the purpose.	REVIEW_REQUIRED	data/scryfall/indexes/card-flavor-index.json#oracle_id=fa09e18c-e7cf-4f08-9cc4-324e36594063	Exact card text is verified, but public use remains owner-gated. Prismari and Quandrix also experiment; Izzet requires invention, technical outcomes, or infrastructure rather than art or proof as the purpose.
packet1_voice_w_48e6d3d8_2f27_4017_acdd_40bce8cdbc02_1	W	Giada, Font of Hope	48e6d3d8-2f27-4017-acdd-40bce8cdbc02	Now she is New Capenna's greatest hope.	GENERIC_THEMATIC_ANALOGY		The excerpt is authentic, but the prior heuristic assignment does not establish a specific relationship to the certified identity.	No certified claim authorizes this candidate strongly enough. Name, color, product, mechanic, or broad theme overlap cannot supply the missing bridge.	This candidate can sound plausible through broad mood or theme alone. Without the selected identity-specific bridge, it could be reassigned by intuition to Selesnya, Boros, Azorius, and Ink also coordinate groups; this is a broad mono-White community-and-organization echo, not proof of any institution.	Selesnya, Boros, Azorius, and Ink also coordinate groups; this is a broad mono-White community-and-organization echo, not proof of any institution.	REJECTED	data/scryfall/indexes/commander-index.json#oracle_id=48e6d3d8-2f27-4017-acdd-40bce8cdbc02	Rejected from owner decision workload because exact text provenance alone does not establish a source-complete identity relationship.
packet1_voice_w_ae61b2ef_2e60_499a_8708_e37b9bd5620e_replacement	W	Aligned Heart	ae61b2ef-2e60-499a-8708-e37b9bd5620e	When hearts and minds align, so too do actions.	CERTIFIED_SEMANTIC_ECHO	white_claim_0002 | white_claim_0004 | white_claim_0006	Aligned Heart's exact excerpt provides a bounded voice echo of hearts and minds coordinating into shared action.	The excerpt is admissible for owner review only because its language corresponds to certified claims white_claim_0002, white_claim_0004, white_claim_0006; the relationship does not arise from card color, product membership, tags, or mechanics.	Selesnya, Boros, Azorius, and Ink also coordinate groups; this is a broad mono-White community-and-organization echo, not proof of any institution.	Selesnya, Boros, Azorius, and Ink also coordinate groups; this is a broad mono-White community-and-organization echo, not proof of any institution.	REVIEW_REQUIRED	data/scryfall/indexes/card-flavor-index.json#oracle_id=ae61b2ef-2e60-499a-8708-e37b9bd5620e	Exact card text is verified, but public use remains owner-gated. Selesnya, Boros, Azorius, and Ink also coordinate groups; this is a broad mono-White community-and-organization echo, not proof of any institution.
packet1_voice_w_b4c27c89_fa50_4cf0_bf37_039732d16fef_3	W	Toby, Beastie Befriender	b4c27c89-fa50-4cf0-bf37-039732d16fef	"Sure, I'm pretty small, but Gribble isn't, so I don't get scared."	GENERIC_THEMATIC_ANALOGY		The excerpt is authentic, but the prior heuristic assignment does not establish a specific relationship to the certified identity.	No certified claim authorizes this candidate strongly enough. Name, color, product, mechanic, or broad theme overlap cannot supply the missing bridge.	This candidate can sound plausible through broad mood or theme alone. Without the selected identity-specific bridge, it could be reassigned by intuition to Selesnya, Boros, Azorius, and Ink also coordinate groups; this is a broad mono-White community-and-organization echo, not proof of any institution.	Selesnya, Boros, Azorius, and Ink also coordinate groups; this is a broad mono-White community-and-organization echo, not proof of any institution.	REJECTED	data/scryfall/indexes/commander-index.json#oracle_id=b4c27c89-fa50-4cf0-bf37-039732d16fef	Rejected from owner decision workload because exact text provenance alone does not establish a source-complete identity relationship.
packet1_voice_w_d12cfd46_73c2_4206_9a10_0d2e7d6ac87e_2	W	Balan, Wandering Knight	d12cfd46-73c2-4206-9a10-0d2e7d6ac87e	"What weapon will you bear against one who's mastered them all?"	GENERIC_THEMATIC_ANALOGY		The excerpt is authentic, but the prior heuristic assignment does not establish a specific relationship to the certified identity.	No certified claim authorizes this candidate strongly enough. Name, color, product, mechanic, or broad theme overlap cannot supply the missing bridge.	This candidate can sound plausible through broad mood or theme alone. Without the selected identity-specific bridge, it could be reassigned by intuition to Selesnya, Boros, Azorius, and Ink also coordinate groups; this is a broad mono-White community-and-organization echo, not proof of any institution.	Selesnya, Boros, Azorius, and Ink also coordinate groups; this is a broad mono-White community-and-organization echo, not proof of any institution.	REJECTED	data/scryfall/indexes/commander-index.json#oracle_id=d12cfd46-73c2-4206-9a10-0d2e7d6ac87e	Rejected from owner decision workload because exact text provenance alone does not establish a source-complete identity relationship.
packet1_voice_wb_05501e88_d4c3_4474_92a9_c02ab15b107b_1	WB	Afterlife Insurance	05501e88-d4c3-4474-92a9-c02ab15b107b	As far as the Orzhov Syndicate is concerned, it is the height of irresponsibility not to have a plan for your own ghost.	EXPLICIT_IDENTITY_REFERENCE	orzhov_syndicate_claim_001 | orzhov_syndicate_claim_002 | orzhov_syndicate_claim_007 | orzhov_syndicate_claim_0018	Afterlife Insurance's exact excerpt provides a bounded voice echo of the Orzhov named directly through a businesslike obligation extending beyond death.	The excerpt is admissible for owner review only because its language corresponds to certified claims orzhov_syndicate_claim_001, orzhov_syndicate_claim_002, orzhov_syndicate_claim_007, orzhov_syndicate_claim_0018; the relationship does not arise from card color, product membership, tags, or mechanics.	White/Black, Golgari, and Witherbloom also use death; the insurance/debt/business frame makes the Orzhov relationship specific.	White/Black, Golgari, and Witherbloom also use death; the insurance/debt/business frame makes the Orzhov relationship specific.	REVIEW_REQUIRED	data/scryfall/indexes/card-flavor-index.json#oracle_id=05501e88-d4c3-4474-92a9-c02ab15b107b	Exact card text is verified, but public use remains owner-gated. White/Black, Golgari, and Witherbloom also use death; the insurance/debt/business frame makes the Orzhov relationship specific.
packet1_voice_wb_6130f22d_7901_4f9f_b777_27bb0dacc063_3	WB	Debt to the Deathless	6130f22d-7901-4f9f-b777-27bb0dacc063	Some of Orzhov's cruelest collectors remember their debtors by taste alone.	GENERIC_THEMATIC_ANALOGY		The excerpt is authentic, but the prior heuristic assignment does not establish a specific relationship to the certified identity.	No certified claim authorizes this candidate strongly enough. Name, color, product, mechanic, or broad theme overlap cannot supply the missing bridge.	This candidate can sound plausible through broad mood or theme alone. Without the selected identity-specific bridge, it could be reassigned by intuition to White/Black, Golgari, and Witherbloom also use death; the insurance/debt/business frame makes the Orzhov relationship specific.	White/Black, Golgari, and Witherbloom also use death; the insurance/debt/business frame makes the Orzhov relationship specific.	REJECTED	data/scryfall/indexes/card-flavor-index.json#oracle_id=6130f22d-7901-4f9f-b777-27bb0dacc063	Rejected from owner decision workload because exact text provenance alone does not establish a source-complete identity relationship.
packet1_voice_wb_dd69ef80_d30c_4b15_aec8_4154dc20cb25_2	WB	Covetous Elegy	dd69ef80-d30c-4b15-aec8-4154dc20cb25	Wealthier than ever thanks to exorbitant interest on wartime loans, the Orzhov only grew hungrier for more.	GENERIC_THEMATIC_ANALOGY		The excerpt is authentic, but the prior heuristic assignment does not establish a specific relationship to the certified identity.	No certified claim authorizes this candidate strongly enough. Name, color, product, mechanic, or broad theme overlap cannot supply the missing bridge.	This candidate can sound plausible through broad mood or theme alone. Without the selected identity-specific bridge, it could be reassigned by intuition to White/Black, Golgari, and Witherbloom also use death; the insurance/debt/business frame makes the Orzhov relationship specific.	White/Black, Golgari, and Witherbloom also use death; the insurance/debt/business frame makes the Orzhov relationship specific.	REJECTED	data/scryfall/indexes/card-flavor-index.json#oracle_id=dd69ef80-d30c-4b15-aec8-4154dc20cb25	Rejected from owner decision workload because exact text provenance alone does not establish a source-complete identity relationship.
packet1_voice_wg_9aab386c_d48c_4611_b757_aa69b26cc1b1_1	WG	Camaraderie	9aab386c-d48c-4611-b757-aa69b26cc1b1	"Within the song of Mat'Selesnya, one becomes all." —Heruj, Selesnya hierophant	EXPLICIT_IDENTITY_REFERENCE	selesnya_conclave_claim_001 | selesnya_conclave_claim_002 | selesnya_conclave_claim_007	Camaraderie's exact excerpt provides a bounded voice echo of Mat'Selesnya named directly through the individual becoming part of a communal voice.	The excerpt is admissible for owner review only because its language corresponds to certified claims selesnya_conclave_claim_001, selesnya_conclave_claim_002, selesnya_conclave_claim_007; the relationship does not arise from card color, product membership, tags, or mechanics.	White, Green, Bant, and Ink also value community; the explicit Worldsoul/conclave unity frame is the Selesnya bridge.	White, Green, Bant, and Ink also value community; the explicit Worldsoul/conclave unity frame is the Selesnya bridge.	REVIEW_REQUIRED	data/scryfall/indexes/card-flavor-index.json#oracle_id=9aab386c-d48c-4611-b757-aa69b26cc1b1	Exact card text is verified, but public use remains owner-gated. White, Green, Bant, and Ink also value community; the explicit Worldsoul/conclave unity frame is the Selesnya bridge.
packet1_voice_wg_e94ef397_f5c5_4b8d_ae27_528352fa1d1e_3	WG	Trostani, Selesnya's Voice	e94ef397-f5c5-4b8d-ae27-528352fa1d1e	There are no soloists in the chorus of Selesnya.	GENERIC_THEMATIC_ANALOGY		The excerpt is authentic, but the prior heuristic assignment does not establish a specific relationship to the certified identity.	No certified claim authorizes this candidate strongly enough. Name, color, product, mechanic, or broad theme overlap cannot supply the missing bridge.	This candidate can sound plausible through broad mood or theme alone. Without the selected identity-specific bridge, it could be reassigned by intuition to White, Green, Bant, and Ink also value community; the explicit Worldsoul/conclave unity frame is the Selesnya bridge.	White, Green, Bant, and Ink also value community; the explicit Worldsoul/conclave unity frame is the Selesnya bridge.	REJECTED	data/scryfall/indexes/commander-index.json#oracle_id=e94ef397-f5c5-4b8d-ae27-528352fa1d1e	Rejected from owner decision workload because exact text provenance alone does not establish a source-complete identity relationship.
packet1_voice_wg_eb62aa4b_c11b_4195_ae85_cff8f78ce17b_2	WG	Advent of the Wurm	eb62aa4b-c11b-4195-ae85-cff8f78ce17b	The consciousness of Mat'Selesnya does not always spread in peaceful ways.	GENERIC_THEMATIC_ANALOGY		The excerpt is authentic, but the prior heuristic assignment does not establish a specific relationship to the certified identity.	No certified claim authorizes this candidate strongly enough. Name, color, product, mechanic, or broad theme overlap cannot supply the missing bridge.	This candidate can sound plausible through broad mood or theme alone. Without the selected identity-specific bridge, it could be reassigned by intuition to White, Green, Bant, and Ink also value community; the explicit Worldsoul/conclave unity frame is the Selesnya bridge.	White, Green, Bant, and Ink also value community; the explicit Worldsoul/conclave unity frame is the Selesnya bridge.	REJECTED	data/scryfall/indexes/card-flavor-index.json#oracle_id=eb62aa4b-c11b-4195-ae85-cff8f78ce17b	Rejected from owner decision workload because exact text provenance alone does not establish a source-complete identity relationship.
packet1_voice_witch_668a6a9d_80fc_437b_99b8_6807e92eabca_2	WITCH	Agent of Horizons	668a6a9d-80fc-437b-99b8-6807e92eabca	The light in the woods just before dawn reveals a glimmering network of branches, roots, and spiderwebs. The acolytes...	GENERIC_THEMATIC_ANALOGY		The excerpt is authentic, but the prior heuristic assignment does not establish a specific relationship to the certified identity.	No certified claim authorizes this candidate strongly enough. Name, color, product, mechanic, or broad theme overlap cannot supply the missing bridge.	This candidate can sound plausible through broad mood or theme alone. Without the selected identity-specific bridge, it could be reassigned by intuition to Yore, Esper, Simic, and Blue can also connect design to progress. This echo is limited to Witch's systematic-accumulation branch and cannot establish the four-color identity alone.	Yore, Esper, Simic, and Blue can also connect design to progress. This echo is limited to Witch's systematic-accumulation branch and cannot establish the four-color identity alone.	REJECTED	data/scryfall/indexes/card-flavor-index.json#oracle_id=668a6a9d-80fc-437b-99b8-6807e92eabca	Rejected from owner decision workload because exact text provenance alone does not establish a source-complete identity relationship.
packet1_voice_witch_68cc5065_0514_4adf_885f_da554e1db00a_1	WITCH	Abyssal Harvester	68cc5065-0514-4adf-885f-da554e1db00a	"Till the soil, spare no soul. / Neath the darkness, nightmares grow." —Children's nursery rhyme	GENERIC_THEMATIC_ANALOGY		The excerpt is authentic, but the prior heuristic assignment does not establish a specific relationship to the certified identity.	No certified claim authorizes this candidate strongly enough. Name, color, product, mechanic, or broad theme overlap cannot supply the missing bridge.	This candidate can sound plausible through broad mood or theme alone. Without the selected identity-specific bridge, it could be reassigned by intuition to Yore, Esper, Simic, and Blue can also connect design to progress. This echo is limited to Witch's systematic-accumulation branch and cannot establish the four-color identity alone.	Yore, Esper, Simic, and Blue can also connect design to progress. This echo is limited to Witch's systematic-accumulation branch and cannot establish the four-color identity alone.	REJECTED	data/scryfall/indexes/card-flavor-index.json#oracle_id=68cc5065-0514-4adf-885f-da554e1db00a	Rejected from owner decision workload because exact text provenance alone does not establish a source-complete identity relationship.
packet1_voice_witch_ac10d218_f9a6_4058_9cda_a15ca1b0b7b5_3	WITCH	Assassin's Trophy	ac10d218-f9a6-4058-9cda-a15ca1b0b7b5	"Not just any floriculturist can grow this caliber of nightbloom. We're looking for a rooftop hothouse with quite par...	GENERIC_THEMATIC_ANALOGY		The excerpt is authentic, but the prior heuristic assignment does not establish a specific relationship to the certified identity.	No certified claim authorizes this candidate strongly enough. Name, color, product, mechanic, or broad theme overlap cannot supply the missing bridge.	This candidate can sound plausible through broad mood or theme alone. Without the selected identity-specific bridge, it could be reassigned by intuition to Yore, Esper, Simic, and Blue can also connect design to progress. This echo is limited to Witch's systematic-accumulation branch and cannot establish the four-color identity alone.	Yore, Esper, Simic, and Blue can also connect design to progress. This echo is limited to Witch's systematic-accumulation branch and cannot establish the four-color identity alone.	REJECTED	data/scryfall/indexes/card-flavor-index.json#oracle_id=ac10d218-f9a6-4058-9cda-a15ca1b0b7b5	Rejected from owner decision workload because exact text provenance alone does not establish a source-complete identity relationship.
packet1_voice_witch_af42079b_a3c0_448c_9bb2_b915252e87a9_replacement	WITCH	Animation Module	af42079b-a3c0-448c-9bb2-b915252e87a9	Design leads to progress.	CERTIFIED_SEMANTIC_ECHO	witch_claim_0005	Animation Module's exact excerpt provides a bounded voice echo of design producing progress through a modular object associated with counters and repeated accumulation.	The excerpt is admissible for owner review only because its language corresponds to certified claims witch_claim_0005; the relationship does not arise from card color, product membership, tags, or mechanics.	Yore, Esper, Simic, and Blue can also connect design to progress. This echo is limited to Witch's systematic-accumulation branch and cannot establish the four-color identity alone.	Yore, Esper, Simic, and Blue can also connect design to progress. This echo is limited to Witch's systematic-accumulation branch and cannot establish the four-color identity alone.	REVIEW_REQUIRED	data/scryfall/indexes/card-flavor-index.json#oracle_id=af42079b-a3c0-448c-9bb2-b915252e87a9	Exact card text is verified, but public use remains owner-gated. Yore, Esper, Simic, and Blue can also connect design to progress. This echo is limited to Witch's systematic-accumulation branch and cannot establish the four-color identity alone.
packet1_voice_witherbloom_30f3c3be_0fe9_463d_a245_e44701aec7f2_3	WITHERBLOOM	Blossoming Bogbeast	30f3c3be-0fe9-463d-a245-e44701aec7f2	As subtle as a bogbeast —Witherbloom expression meaning "crude and clumsy"	GENERIC_THEMATIC_ANALOGY		The excerpt is authentic, but the prior heuristic assignment does not establish a specific relationship to the certified identity.	No certified claim authorizes this candidate strongly enough. Name, color, product, mechanic, or broad theme overlap cannot supply the missing bridge.	This candidate can sound plausible through broad mood or theme alone. Without the selected identity-specific bridge, it could be reassigned by intuition to Golgari and Green also frame death as renewal. Witherbloom requires embodied life/death exchange and practical essence craft; the excerpt alone does not establish the college.	Golgari and Green also frame death as renewal. Witherbloom requires embodied life/death exchange and practical essence craft; the excerpt alone does not establish the college.	REJECTED	data/scryfall/indexes/card-flavor-index.json#oracle_id=30f3c3be-0fe9-463d-a245-e44701aec7f2	Rejected from owner decision workload because exact text provenance alone does not establish a source-complete identity relationship.
packet1_voice_witherbloom_53e86135_3b24_4618_bcc0_af4d81e672dd_replacement	WITHERBLOOM	Death Begets Life	53e86135-3b24-4618-bcc0-af4d81e672dd	"You need not mourn. Their life essence has returned to the earth, where it will eventually bloom into a new form." —...	CERTIFIED_SEMANTIC_ECHO	witherbloom_claim_0019 | witherbloom_claim_0020 | witherbloom_claim_0023	Death Begets Life's exact excerpt provides a bounded voice echo of life essence returning to the earth and blooming into another form.	The excerpt is admissible for owner review only because its language corresponds to certified claims witherbloom_claim_0019, witherbloom_claim_0020, witherbloom_claim_0023; the relationship does not arise from card color, product membership, tags, or mechanics.	Golgari and Green also frame death as renewal. Witherbloom requires embodied life/death exchange and practical essence craft; the excerpt alone does not establish the college.	Golgari and Green also frame death as renewal. Witherbloom requires embodied life/death exchange and practical essence craft; the excerpt alone does not establish the college.	REVIEW_REQUIRED	data/scryfall/indexes/card-flavor-index.json#oracle_id=53e86135-3b24-4618-bcc0-af4d81e672dd	Exact card text is verified, but public use remains owner-gated. Golgari and Green also frame death as renewal. Witherbloom requires embodied life/death exchange and practical essence craft; the excerpt alone does not establish the college.
packet1_voice_witherbloom_607425ac_9e90_4c9e_88bf_72f8a76cce97_2	WITHERBLOOM	Big Play	607425ac-9e90-4c9e-88bf-72f8a76cce97	"Quandrix is running out of time. If they're going to capture the Witherbloom mascot, they need something big here."...	GENERIC_THEMATIC_ANALOGY		The excerpt is authentic, but the prior heuristic assignment does not establish a specific relationship to the certified identity.	No certified claim authorizes this candidate strongly enough. Name, color, product, mechanic, or broad theme overlap cannot supply the missing bridge.	This candidate can sound plausible through broad mood or theme alone. Without the selected identity-specific bridge, it could be reassigned by intuition to Golgari and Green also frame death as renewal. Witherbloom requires embodied life/death exchange and practical essence craft; the excerpt alone does not establish the college.	Golgari and Green also frame death as renewal. Witherbloom requires embodied life/death exchange and practical essence craft; the excerpt alone does not establish the college.	REJECTED	data/scryfall/indexes/card-flavor-index.json#oracle_id=607425ac-9e90-4c9e-88bf-72f8a76cce97	Rejected from owner decision workload because exact text provenance alone does not establish a source-complete identity relationship.
packet1_voice_witherbloom_c1bdd361_c7f2_4aa2_8d07_b582775551ff_1	WITHERBLOOM	Blech, Loafing Pest	c1bdd361-c7f2-4aa2-8d07-b582775551ff	Despite Blex's passing, Witherbloom students still continued the tradition of a yearly search in his honor. His son,...	GENERIC_THEMATIC_ANALOGY		The excerpt is authentic, but the prior heuristic assignment does not establish a specific relationship to the certified identity.	No certified claim authorizes this candidate strongly enough. Name, color, product, mechanic, or broad theme overlap cannot supply the missing bridge.	This candidate can sound plausible through broad mood or theme alone. Without the selected identity-specific bridge, it could be reassigned by intuition to Golgari and Green also frame death as renewal. Witherbloom requires embodied life/death exchange and practical essence craft; the excerpt alone does not establish the college.	Golgari and Green also frame death as renewal. Witherbloom requires embodied life/death exchange and practical essence craft; the excerpt alone does not establish the college.	REJECTED	data/scryfall/indexes/card-flavor-index.json#oracle_id=c1bdd361-c7f2-4aa2-8d07-b582775551ff	Rejected from owner decision workload because exact text provenance alone does not establish a source-complete identity relationship.
packet1_voice_wr_30b20932_0d9a_447f_b934_1daa8c44a678_2	WR	Boros Strike-Captain	30b20932-0d9a-447f-b934-1daa8c44a678	"Keep up with me, comrades, or I cannot guarantee you a fair share of the fracas."	EXPLICIT_IDENTITY_REFERENCE	boros_legion_claim_001 | boros_legion_claim_004 | boros_legion_claim_007 | boros_legion_claim_012	Boros Strike-Captain's exact excerpt provides a bounded voice echo of a Boros commander explicitly addressing comrades through coordinated front-line action.	The excerpt is admissible for owner review only because its language corresponds to certified claims boros_legion_claim_001, boros_legion_claim_004, boros_legion_claim_007, boros_legion_claim_012; the relationship does not arise from card color, product membership, tags, or mechanics.	Mardu and mono-Red also coordinate attacks; Boros requires public duty, teamwork, and accountable martial action.	Mardu and mono-Red also coordinate attacks; Boros requires public duty, teamwork, and accountable martial action.	REVIEW_REQUIRED	data/scryfall/indexes/card-flavor-index.json#oracle_id=30b20932-0d9a-447f-b934-1daa8c44a678	Exact card text is verified, but public use remains owner-gated. Mardu and mono-Red also coordinate attacks; Boros requires public duty, teamwork, and accountable martial action.
packet1_voice_wr_92e2f982_f8b9_4c3b_ab50_14c025370e5c_3	WR	Blaze Commando	92e2f982-f8b9-4c3b-ab50-14c025370e5c	A true Boros commando only calls for reinforcements so they can clean up the mess.	GENERIC_THEMATIC_ANALOGY		The excerpt is authentic, but the prior heuristic assignment does not establish a specific relationship to the certified identity.	No certified claim authorizes this candidate strongly enough. Name, color, product, mechanic, or broad theme overlap cannot supply the missing bridge.	This candidate can sound plausible through broad mood or theme alone. Without the selected identity-specific bridge, it could be reassigned by intuition to Mardu and mono-Red also coordinate attacks; Boros requires public duty, teamwork, and accountable martial action.	Mardu and mono-Red also coordinate attacks; Boros requires public duty, teamwork, and accountable martial action.	REJECTED	data/scryfall/indexes/card-flavor-index.json#oracle_id=92e2f982-f8b9-4c3b-ab50-14c025370e5c	Rejected from owner decision workload because exact text provenance alone does not establish a source-complete identity relationship.
packet1_voice_wr_cf5bf1ef_e40b_4fb5_8148_d4ca7a307501_1	WR	Boros Battleshaper	cf5bf1ef-e40b-4fb5-8148-d4ca7a307501	Leaders shape the minds of their allies. It takes a master to shape the minds of enemies.	GENERIC_THEMATIC_ANALOGY		The excerpt is authentic, but the prior heuristic assignment does not establish a specific relationship to the certified identity.	No certified claim authorizes this candidate strongly enough. Name, color, product, mechanic, or broad theme overlap cannot supply the missing bridge.	This candidate can sound plausible through broad mood or theme alone. Without the selected identity-specific bridge, it could be reassigned by intuition to Mardu and mono-Red also coordinate attacks; Boros requires public duty, teamwork, and accountable martial action.	Mardu and mono-Red also coordinate attacks; Boros requires public duty, teamwork, and accountable martial action.	REJECTED	data/scryfall/indexes/card-flavor-index.json#oracle_id=cf5bf1ef-e40b-4fb5-8148-d4ca7a307501	Rejected from owner decision workload because exact text provenance alone does not establish a source-complete identity relationship.
packet1_voice_wu_12971527_aa8e_4517_9b00_71474caebfd0_1	WU	Azorius Aethermage	12971527-aa8e-4517-9b00-71474caebfd0	In her single metasphere are bound the records of every Ætheric transaction since the time of Azor.	GENERIC_THEMATIC_ANALOGY		The excerpt is authentic, but the prior heuristic assignment does not establish a specific relationship to the certified identity.	No certified claim authorizes this candidate strongly enough. Name, color, product, mechanic, or broad theme overlap cannot supply the missing bridge.	This candidate can sound plausible through broad mood or theme alone. Without the selected identity-specific bridge, it could be reassigned by intuition to White, Blue, and Esper also use systems and records; the explicit civic/legal institution makes this Azorius.	White, Blue, and Esper also use systems and records; the explicit civic/legal institution makes this Azorius.	REJECTED	data/scryfall/indexes/card-flavor-index.json#oracle_id=12971527-aa8e-4517-9b00-71474caebfd0	Rejected from owner decision workload because exact text provenance alone does not establish a source-complete identity relationship.
packet1_voice_wu_27e04c41_f42c_4d60_8a71_ec2d7c326f64_2	WU	Azorius Cluestone	27e04c41-f42c-4d60-8a71-ec2d7c326f64	Its three sides represent the Sova, judges and arbitrators; the Jelenn, scribes and elocutors; and the Lyev, lawmages...	EXPLICIT_IDENTITY_REFERENCE	azorius_senate_claim_001 | azorius_senate_claim_002 | azorius_senate_claim_003 | azorius_senate_claim_007	Azorius Cluestone's exact excerpt provides a bounded voice echo of Azorius named directly through its judges, scribes, and lawmages.	The excerpt is admissible for owner review only because its language corresponds to certified claims azorius_senate_claim_001, azorius_senate_claim_002, azorius_senate_claim_003, azorius_senate_claim_007; the relationship does not arise from card color, product membership, tags, or mechanics.	White, Blue, and Esper also use systems and records; the explicit civic/legal institution makes this Azorius.	White, Blue, and Esper also use systems and records; the explicit civic/legal institution makes this Azorius.	REVIEW_REQUIRED	data/scryfall/indexes/card-flavor-index.json#oracle_id=27e04c41-f42c-4d60-8a71-ec2d7c326f64	Exact card text is verified, but public use remains owner-gated. White, Blue, and Esper also use systems and records; the explicit civic/legal institution makes this Azorius.
packet1_voice_wu_ad1712d8_809f_410c_8b91_ffe6fb8a69a1_3	WU	Azorius Guildgate	ad1712d8-809f-410c-8b91-ffe6fb8a69a1	Enter the Senate, the seat of justice and the foundation of Ravnican society.	GENERIC_THEMATIC_ANALOGY		The excerpt is authentic, but the prior heuristic assignment does not establish a specific relationship to the certified identity.	No certified claim authorizes this candidate strongly enough. Name, color, product, mechanic, or broad theme overlap cannot supply the missing bridge.	This candidate can sound plausible through broad mood or theme alone. Without the selected identity-specific bridge, it could be reassigned by intuition to White, Blue, and Esper also use systems and records; the explicit civic/legal institution makes this Azorius.	White, Blue, and Esper also use systems and records; the explicit civic/legal institution makes this Azorius.	REJECTED	data/scryfall/indexes/card-flavor-index.json#oracle_id=ad1712d8-809f-410c-8b91-ffe6fb8a69a1	Rejected from owner decision workload because exact text provenance alone does not establish a source-complete identity relationship.
packet1_voice_wubrg_0895c9b7_ae7d_4bb3_af17_3b75deb50a25_2	WUBRG	Command Tower	0895c9b7-ae7d-4bb3-af17-3b75deb50a25	Knowledge is wasted if not shared.	GENERIC_THEMATIC_ANALOGY		The excerpt is authentic, but the prior heuristic assignment does not establish a specific relationship to the certified identity.	No certified claim authorizes this candidate strongly enough. Name, color, product, mechanic, or broad theme overlap cannot supply the missing bridge.	This candidate can sound plausible through broad mood or theme alone. Without the selected identity-specific bridge, it could be reassigned by intuition to Artifacts, Yore, and modular engines can also sound like assembled machines. This is only an integration metaphor for Five-Color access and must not become mastery, completion, or faction lore.	Artifacts, Yore, and modular engines can also sound like assembled machines. This is only an integration metaphor for Five-Color access and must not become mastery, completion, or faction lore.	REJECTED	data/scryfall/indexes/card-flavor-index.json#oracle_id=0895c9b7-ae7d-4bb3-af17-3b75deb50a25	Rejected from owner decision workload because exact text provenance alone does not establish a source-complete identity relationship.
packet1_voice_wubrg_9f2f12cc_0adb_482d_bbce_05e4ce8850c4_3	WUBRG	Heroes in a Half Shell	9f2f12cc-0adb-482d-bbce-05e4ce8850c4	They're the world's most fearsome fighting team!	GENERIC_THEMATIC_ANALOGY		The excerpt is authentic, but the prior heuristic assignment does not establish a specific relationship to the certified identity.	No certified claim authorizes this candidate strongly enough. Name, color, product, mechanic, or broad theme overlap cannot supply the missing bridge.	This candidate can sound plausible through broad mood or theme alone. Without the selected identity-specific bridge, it could be reassigned by intuition to Artifacts, Yore, and modular engines can also sound like assembled machines. This is only an integration metaphor for Five-Color access and must not become mastery, completion, or faction lore.	Artifacts, Yore, and modular engines can also sound like assembled machines. This is only an integration metaphor for Five-Color access and must not become mastery, completion, or faction lore.	REJECTED	data/scryfall/indexes/commander-index.json#oracle_id=9f2f12cc-0adb-482d-bbce-05e4ce8850c4	Rejected from owner decision workload because exact text provenance alone does not establish a source-complete identity relationship.
packet1_voice_wubrg_e9e25800_9ee7_40c9_b22d_611c7281c125_1	WUBRG	Coalition Victory	e9e25800-9ee7-40c9-b22d-611c7281c125	"You can build a perfect machine out of imperfect parts." —Urza	CERTIFIED_SEMANTIC_ECHO	wubrg_claim_0002 | wubrg_claim_0003 | wubrg_claim_0004 | wubrg_claim_0007	Coalition Victory's exact excerpt provides a bounded voice echo of a complete construction made from distinct imperfect parts.	The excerpt is admissible for owner review only because its language corresponds to certified claims wubrg_claim_0002, wubrg_claim_0003, wubrg_claim_0004, wubrg_claim_0007; the relationship does not arise from card color, product membership, tags, or mechanics.	Artifacts, Yore, and modular engines can also sound like assembled machines. This is only an integration metaphor for Five-Color access and must not become mastery, completion, or faction lore.	Artifacts, Yore, and modular engines can also sound like assembled machines. This is only an integration metaphor for Five-Color access and must not become mastery, completion, or faction lore.	REVIEW_REQUIRED	data/scryfall/indexes/card-flavor-index.json#oracle_id=e9e25800-9ee7-40c9-b22d-611c7281c125	Exact card text is verified, but public use remains owner-gated. Artifacts, Yore, and modular engines can also sound like assembled machines. This is only an integration metaphor for Five-Color access and must not become mastery, completion, or faction lore.
packet1_voice_yore_353dd446_2ea6_41c9_a10f_5a03e4de19b4_3	YORE	Access Denied	353dd446-2ea6-41c9-a10f-5a03e4de19b4	The Saiba Futurists guard their secret experiments with ever-evolving networks of cutting-edge defensive technology.	GENERIC_THEMATIC_ANALOGY		The excerpt is authentic, but the prior heuristic assignment does not establish a specific relationship to the certified identity.	No certified claim authorizes this candidate strongly enough. Name, color, product, mechanic, or broad theme overlap cannot supply the missing bridge.	This candidate can sound plausible through broad mood or theme alone. Without the selected identity-specific bridge, it could be reassigned by intuition to Esper, Izzet, Blue, and Witch also use technology or progress. This proposal echoes Yore's bounded artifice frame but cannot make Yore behaviorally nameable or establish a faction.	Esper, Izzet, Blue, and Witch also use technology or progress. This proposal echoes Yore's bounded artifice frame but cannot make Yore behaviorally nameable or establish a faction.	REJECTED	data/scryfall/indexes/card-flavor-index.json#oracle_id=353dd446-2ea6-41c9-a10f-5a03e4de19b4	Rejected from owner decision workload because exact text provenance alone does not establish a source-complete identity relationship.
packet1_voice_yore_a051dee0_60c8_4f58_84cb_55460c097115_2	YORE	Abandoned Sarcophagus	a051dee0-60c8-4f58-84cb-55460c097115	Although long since dead, the banished dissenters finally took their vengeance.	GENERIC_THEMATIC_ANALOGY		The excerpt is authentic, but the prior heuristic assignment does not establish a specific relationship to the certified identity.	No certified claim authorizes this candidate strongly enough. Name, color, product, mechanic, or broad theme overlap cannot supply the missing bridge.	This candidate can sound plausible through broad mood or theme alone. Without the selected identity-specific bridge, it could be reassigned by intuition to Esper, Izzet, Blue, and Witch also use technology or progress. This proposal echoes Yore's bounded artifice frame but cannot make Yore behaviorally nameable or establish a faction.	Esper, Izzet, Blue, and Witch also use technology or progress. This proposal echoes Yore's bounded artifice frame but cannot make Yore behaviorally nameable or establish a faction.	REJECTED	data/scryfall/indexes/card-flavor-index.json#oracle_id=a051dee0-60c8-4f58-84cb-55460c097115	Rejected from owner decision workload because exact text provenance alone does not establish a source-complete identity relationship.
packet1_voice_yore_ed10bb4c_f7ef_4046_8dde_465041b55078_replacement	YORE	Artificer's Epiphany	ed10bb4c-f7ef-4046-8dde-465041b55078	The artificers of Kaladesh strive ceaselessly for perfection, progress, and the ultimate expression of elegance.	CERTIFIED_SEMANTIC_ECHO	yore_claim_0002 | yore_claim_0004	Artificer's Epiphany's exact excerpt provides a bounded voice echo of artificers pursuing perfection, progress, and designed elegance.	The excerpt is admissible for owner review only because its language corresponds to certified claims yore_claim_0002, yore_claim_0004; the relationship does not arise from card color, product membership, tags, or mechanics.	Esper, Izzet, Blue, and Witch also use technology or progress. This proposal echoes Yore's bounded artifice frame but cannot make Yore behaviorally nameable or establish a faction.	Esper, Izzet, Blue, and Witch also use technology or progress. This proposal echoes Yore's bounded artifice frame but cannot make Yore behaviorally nameable or establish a faction.	REVIEW_REQUIRED	data/scryfall/indexes/card-flavor-index.json#oracle_id=ed10bb4c-f7ef-4046-8dde-465041b55078	Exact card text is verified, but public use remains owner-gated. Esper, Izzet, Blue, and Witch also use technology or progress. This proposal echoes Yore's bounded artifice frame but cannot make Yore behaviorally nameable or establish a faction.
packet1_voice_yore_f9ef90b9_a2b4_4a5b_92fb_2268ea7d709f_1	YORE	Ayara, Widow of the Realm // Ayara, Furnace Queen	f9ef90b9-a2b4-4a5b-92fb-2268ea7d709f	Ayara cherished her new machine servitors just as much as she once did her many suitors: not at all.	GENERIC_THEMATIC_ANALOGY		The excerpt is authentic, but the prior heuristic assignment does not establish a specific relationship to the certified identity.	No certified claim authorizes this candidate strongly enough. Name, color, product, mechanic, or broad theme overlap cannot supply the missing bridge.	This candidate can sound plausible through broad mood or theme alone. Without the selected identity-specific bridge, it could be reassigned by intuition to Esper, Izzet, Blue, and Witch also use technology or progress. This proposal echoes Yore's bounded artifice frame but cannot make Yore behaviorally nameable or establish a faction.	Esper, Izzet, Blue, and Witch also use technology or progress. This proposal echoes Yore's bounded artifice frame but cannot make Yore behaviorally nameable or establish a faction.	REJECTED	data/scryfall/indexes/card-flavor-index.json#oracle_id=f9ef90b9-a2b4-4a5b-92fb-2268ea7d709f	Rejected from owner decision workload because exact text provenance alone does not establish a source-complete identity relationship.
